{"name":"@sveltejs/acorn-typescript","version":"1.0.5","requiresBuild":false,"files":{"index.js":{"checkedAt":1768031007426,"integrity":"sha512-uH+zq6Jd6ty4QnpBYYkyLS+QfWSAyBMABUE2nCjyF7EIBlY5AJmGdUtk8Ekvoi7EY9kolNzeBYoCF5GfMw0W2Q==","mode":420,"size":192465},"package.json":{"checkedAt":1768031007427,"integrity":"sha512-rYQk4USOp6bFX/mVPoDXGzZI6BV3zXmVfESsj3SNmF8kt2C33vTT6xztxSbUfsXcO7BkPGvOztlAIL69IkEtNQ==","mode":420,"size":1709},"LICENSE.md":{"checkedAt":1768031007427,"integrity":"sha512-5NMJdqPXe3a91k4Em5inx/TPNL1LCF8oGatmz+5OmYcorEzwyJJGCmgK3d7xiEJqMWC4fOKWfqqV2x0EIL5Cgg==","mode":420,"size":1101},"README.md":{"checkedAt":1768031007428,"integrity":"sha512-Ff5taupb5JA1c5/gUqDbjDjihwc7KMt0CAByMvwuMq5xm4C4l3lx2dnzu43s2yjPlf2mhJnCF9C0+aBANuLm8Q==","mode":420,"size":1918},"index.d.ts":{"checkedAt":1768031007428,"integrity":"sha512-BKttxGfll83A61JcJbRUIdK1OrAq7vjFAr5eT+cd1OobC9yzK6Bui529dhcxFIwgt9irxausrM7nmFiWtoDXmA==","mode":420,"size":283}}}