{"name":"stringify-entities","version":"4.0.4","requiresBuild":false,"files":{"license":{"checkedAt":1768031009221,"integrity":"sha512-/K09pNWImuBVTJ2A+gUfekgh9tJOuoTRLfingHc68N+KlN6BuDnrqk0Jf4wtnKQF3dYLYjZOWI4xcGjGHKIu7w==","mode":420,"size":1106},"lib/core.js":{"checkedAt":1768031009344,"integrity":"sha512-6D4fxhnH02FTtOsUB5eJHS0s5mrGAF5HIVgBZOV33KsHxl9e0jI72sl6LjPDiw/KRInvLljeLITL2yOUXYZ+1A==","mode":420,"size":3040},"lib/constant/dangerous.js":{"checkedAt":1768031009345,"integrity":"sha512-V1YEHg/yJYn6WcrMqgqyrJNOiF7ZOPltnfYs5D73eR6vRLQnVqgmIZw26IicRA3e08HzO438aP91d8LxpFDH/A==","mode":420,"size":290},"lib/util/format-basic.js":{"checkedAt":1768031009345,"integrity":"sha512-ElqMbvpW2+HoEtqWZNJBqvPMoGj5dS0O8txcxe4deI4Gj9ws7tyCwFXW+sLe78jfmpC6AvlBJMXZAw38dT4rqg==","mode":420,"size":192},"lib/util/format-smart.js":{"checkedAt":1768031009346,"integrity":"sha512-FdTM3+COTq2Ri6l99j4tK8MqGv6ZsSuS2BUrKzFgB8dS6DB1A2SQEzcGrEsLpMhECHdg38JdOleertlTyT8p5g==","mode":420,"size":2478},"index.js":{"checkedAt":1768031009346,"integrity":"sha512-WE2X5BDeH/9rsX20Lk944vXqBtUc2PWv4jWfkMQ6Ti6KIxY8fmuqNRseHEEZQm0hmZx1lEpR+zeIm+4BUFb9ww==","mode":420,"size":160},"lib/index.js":{"checkedAt":1768031009347,"integrity":"sha512-zgVTpZSYnWdS2jCL0lnEWDs5TEPB9XTaVjPu9wwLpOOaSqh5UvrxD9EQRpJD35khZEn3L2qwSMGVjKbdZ5Ns5Q==","mode":420,"size":961},"lib/util/to-decimal.js":{"checkedAt":1768031009348,"integrity":"sha512-DkXbsltcfn6JNvFmI8EQNSVdlxNi2Mv+BGs1kuSrCfYlg8Rv3cuwu7sI4tS2RdwAhrry13YYy0h/X7swSHTKGg==","mode":420,"size":392},"lib/util/to-hexadecimal.js":{"checkedAt":1768031009348,"integrity":"sha512-wL9pMG6l95cttwemZczfwVuO0lEEfbP9VTRffiEpXF3g4IHqiGWtKABGVXqYYR9qYoQw8raaSZVWh7FAwBDxWQ==","mode":420,"size":436},"lib/util/to-named.js":{"checkedAt":1768031009349,"integrity":"sha512-VD3/YNQV79n6a9C1syySvyO7YYdxKcq6BbOALJY58POlrTB7VJJ7Nr7Yl8wRP7Sh6So4acjLVNpkG6KlqxEXkA==","mode":420,"size":1290},"package.json":{"checkedAt":1768031009350,"integrity":"sha512-lBIqwnutzwUavVwHVvCxLEAIkUULzyGMDU+7SAyVzo+ztdGX77PDhwzD7DROu3vvCppAXSoOWQgl0Up3mdZ/sg==","mode":420,"size":2238},"readme.md":{"checkedAt":1768031009351,"integrity":"sha512-3AbfL6ESU51n8DwcW19XqWwOApdPanZel8doksvFyU83p9PQQC7/14qpnvAwpNdKOafCYfRbPA7AM1e1ZRvsUQ==","mode":420,"size":6960},"lib/core.d.ts":{"checkedAt":1768031009354,"integrity":"sha512-BhliFndGwhBbwk8YL4OOpkaU/Btsv15wk7oCkLRSnI/cJ3C7MqPn+HNxawOUrlenPQq51hzLeGYe2Nku5/z9TA==","mode":420,"size":808},"lib/constant/dangerous.d.ts":{"checkedAt":1768031009355,"integrity":"sha512-EO+TihlWSUnYHpApMX0KOoQH8qvuvtN4eMjthKaKg8gFBdrlsfE0aguwYVhAB67xXOpcE8vZDpMgT1AUsnboAQ==","mode":420,"size":223},"lib/util/format-basic.d.ts":{"checkedAt":1768031009356,"integrity":"sha512-qBCYkFrA1zuaN3VkPTbByk3NrzF5RvErXW9JoEierADHkFbTwzzwn+4UXxfZ1VvuHt5TV3cO/JjqjCbtrqCr1Q==","mode":420,"size":150},"lib/util/format-smart.d.ts":{"checkedAt":1768031009357,"integrity":"sha512-YnupTlvKCBsc6gsem1CWsxTzBZxd5FnvZU8cR0+JsTRUWIGH0Bi99INBEK1r+NYDYeAULF3o37mDoTicqjToDw==","mode":420,"size":1239},"index.d.ts":{"checkedAt":1768031009357,"integrity":"sha512-szeQJxBcQSCvO2JGulEorC7FW/jMdgTqaBuILxUP6W7bpJr0a7hcFwXvFIBO4DhvBIm/TAD304Kwjhca3Q4NlA==","mode":420,"size":154},"lib/index.d.ts":{"checkedAt":1768031009358,"integrity":"sha512-G0oM8jSw4tHBggfJRmmgAijYgXGtpzQ+kSraq3hyBDsmj502WE03hScHUjEmtjV6OXy5x+1dTEABGhOQDydEZA==","mode":420,"size":777},"lib/util/to-decimal.d.ts":{"checkedAt":1768031009358,"integrity":"sha512-iGZT37ma7EfByT22wGwckADqiOmOMhus8Eso5IjleAn1kDAmkcOSU306v25Jb5KvMjumQ8N2jKsUVC148yZ91Q==","mode":420,"size":270},"lib/util/to-hexadecimal.d.ts":{"checkedAt":1768031009359,"integrity":"sha512-1ti9ttT8LF8xfR6Qzlu/4VBbF0NxS+wK6jJDCtvAKDvdM0ceT/dQowODUbObtpL1BIRfizv8PJEyuBfZFoumqA==","mode":420,"size":278},"lib/util/to-named.d.ts":{"checkedAt":1768031009359,"integrity":"sha512-E1b7qdNRw8/9noUROZzYxqR0Z/tNQrEEo0d7IUJgVOSjC69enXpHagnPxv91N3UKXvly1mjpIUelnVRN1d27tg==","mode":420,"size":338}}}