{"name":"esrap","version":"2.1.0","requiresBuild":false,"files":{"LICENSE":{"checkedAt":1768031007450,"integrity":"sha512-PDFMRMM0aneT4Y6rEh0pbkgGu3wMBswpD0qVZzroleqHcM/xPf1VjlrorC1pWgFK5SwJCN9CaUs6T+9QPeBYcA==","mode":420,"size":1118},"src/context.js":{"checkedAt":1768031007450,"integrity":"sha512-IxpK9QG8hUbTVHsnzr+EHOZY4vhgQtapq95ktDN3CC9AYqkCEqfhx9qUGoxT/T76kN3OY5XchyVoAzZw0eW4HA==","mode":420,"size":2839},"src/index.js":{"checkedAt":1768031007451,"integrity":"sha512-Mrk9rvolcvr/eRc4CQXsfnAunRUzvd9kd0xZOEYh7DDTjGSVJgG2IIjS9xik2zfzsgHAUMejLTJd88G8riZBkw==","mode":420,"size":3943},"src/languages/ts/index.js":{"checkedAt":1768031007451,"integrity":"sha512-LExha88uyqps9jv+w6urAXepkGbhS5XdHuFKVfG4dKzG3zFIm/3kRzY0PKP/7nKM8VmaoA21afoo75bzAXRk6w==","mode":420,"size":44127},"src/languages/tsx/index.js":{"checkedAt":1768031007452,"integrity":"sha512-d+RIj/iPZn1Q8Em5T7X1gqDGieIwuWbGgCZyd5TbA6uziHTFZdMugNgUXSz2Nt9Lw8AppVABR+opV0ecpvNlUw==","mode":420,"size":2454},"package.json":{"checkedAt":1768031007452,"integrity":"sha512-pNich3xNNlFQFJ8vtcQcSXqqHy6GtMA8siFuts0BHiRETBs343jtoM6ZiOk2EVRAmCtBTsIQ75+342MeDPQvpA==","mode":420,"size":1318},"types/index.d.ts.map":{"checkedAt":1768031007452,"integrity":"sha512-wKbCqvSpRUw6pA2Q1G7tDY/IVgNkwASXjGtOnsYrbGj15YRRMW7r1A6Vdl1S9+VyS2cZhGGExUtNnM17BUIbIg==","mode":420,"size":1073},"README.md":{"checkedAt":1768031007453,"integrity":"sha512-d/8Mj/Z1f4jEAwlmqvwHvUJq+k99TAWKxikC46cRSroPBGSP6a/vfNMv9IZG97YDRs+JO1VfWzO6ss1CtsVANg==","mode":420,"size":4750},"types/index.d.ts":{"checkedAt":1768031007453,"integrity":"sha512-aNPxOC53VA8u7k042sbI0FTn2RyhbG9+49wtHWR02e8H60LuAdyuVE+4afh2xxMtaPcAnMwH4gdZU/Inc7RScQ==","mode":420,"size":4160},"src/languages/ts/public.d.ts":{"checkedAt":1768031007453,"integrity":"sha512-4IBhtNzOykQx12+IJtZjghR02a7BBqRYChpadu8IWE3uveSYiL8EXvx7fIm8WDDQ3u7WSxb+x8TBeM8Q0A+56g==","mode":420,"size":61},"src/languages/tsx/public.d.ts":{"checkedAt":1768031007453,"integrity":"sha512-4IBhtNzOykQx12+IJtZjghR02a7BBqRYChpadu8IWE3uveSYiL8EXvx7fIm8WDDQ3u7WSxb+x8TBeM8Q0A+56g==","mode":420,"size":61},"src/public.d.ts":{"checkedAt":1768031007454,"integrity":"sha512-xc5qR916M0bbGuxlgGmradAvnJbVTaMZ5C4brAfITaRN1Ny9dKAL7c9jWZrF5NWz6th2TytXUhb4rC9H+u3DOw==","mode":420,"size":75},"src/languages/types.d.ts":{"checkedAt":1768031007454,"integrity":"sha512-fu5j2DWZhQP2LERqsxzoaarJaDH1Sas2tbhbkS8GCAhw/zSC2M8Q3H6Awz2sOM7uKontnTvrnF8RDxdR8qP57w==","mode":420,"size":393},"src/types.d.ts":{"checkedAt":1768031007455,"integrity":"sha512-zo3Zbi3o/+1/CvtlwyiAMUzU4YiSgRBMe7ChnUwLgIMbCHuQAUhUmEk0C3KG6+PWH8TXOBSZXYYtzwrUF/F6WA==","mode":420,"size":1536}}}