{"name":"natural-compare","version":"1.4.0","requiresBuild":false,"files":{"package.json":{"checkedAt":1768031006939,"integrity":"sha512-Zkj2zqSNFWw8jNvBPm1PKrqFLjHj3cWrZDoMxdftZS8c6bLfvwuxPbkgQi8mkNThu8+MEjJ778OAKCbllOKGGA==","mode":436,"size":992},"README.md":{"checkedAt":1768031006940,"integrity":"sha512-NIJxLrGlabNm6NvuHFBmruxbtuCM4wT9nwEUXgTWSF9MvtXPQpJzj4T1s27BJKiwyGbghfoP7v1ypYIpyX1fEg==","mode":436,"size":3352},"index.js":{"checkedAt":1768031006940,"integrity":"sha512-4IVCVk/PbyfM/W7Vi3qNkQSHpxYWIh/JN9ZYfFQmPJ/zNurZlSpt5Y/ojrbMmXa/yaAy1pYVp6IJ9fi4AaMS+g==","mode":436,"size":1303}}}