{"name":"@shikijs/engine-oniguruma","version":"3.21.0","requiresBuild":false,"files":{"package.json":{"checkedAt":1768031075103,"integrity":"sha512-t5WRUGSFfvUHqc7HrHA6Xm9eotgGlRpfwZGLBY0RHSR1cCBgixulRFKdmoAWzLuCWb0GO9FYtnInVWKIcv/npQ==","mode":420,"size":1050},"README.md":{"checkedAt":1768031075103,"integrity":"sha512-qLuavyHTKH3sh5ZxlY3s0BagMzpMZDTKYx9TxwY11QUKspZ0WFh4vzxHC0+nCOJSiqD5deWxSWonaRHce83Plw==","mode":420,"size":167},"dist/index.mjs":{"checkedAt":1768031075104,"integrity":"sha512-r51UkUTgvM1hKxs87j4Bl9WPwvrWZj2j0T9YWTPuaePWCKvJodT2UAqW0ucVj/eVh0SdXEshKXPQG8G9Ll2+pQ==","mode":420,"size":15976},"dist/wasm-inlined.mjs":{"checkedAt":1768031075108,"integrity":"sha512-gfqxgjFXY9njYU/u+dn4Pe9GDbx0HJokVULGUB3OhuoZmiTtfW4d+wicg8meqE+rbqCyL/0dAbUe+9wEDzQriA==","mode":420,"size":622442},"dist/chunk-index.d.d.mts":{"checkedAt":1768031075109,"integrity":"sha512-dkeYhOqqagz5U79tj/ojYSniFnvF6PIAeaTs1ZmmFLXLY2PDMWMIE3zT+Vx7PsE/g8ghIjiIFkKVoVqbdcMSuw==","mode":420,"size":2178},"dist/index.d.mts":{"checkedAt":1768031075109,"integrity":"sha512-8SjS4USMvrLzZiKKpKFLxK4YlechLOha3ERl9SyrepEbEqnDov3cePMHuAsKrIwvakCd0UjFsph0BCo331n21g==","mode":420,"size":563},"dist/onig.d.mts":{"checkedAt":1768031075110,"integrity":"sha512-2xuQWyaQ0snCyGRLUjTzxmbpy1lCKsXq96kfMgzn6X865F3csf2y/t8Lp+UdvD+uEZOeAG6fYCj7H9WZF+IX7Q==","mode":420,"size":57},"dist/wasm-inlined.d.mts":{"checkedAt":1768031075110,"integrity":"sha512-RgRUk093gfkp3MmKgXk43SJ2OtjVLHMgbFlyLhagMWosWXW1QrLep4sFzUEwZRjtpHxeyk5Fpx7/mbZahbliIw==","mode":420,"size":233},"LICENSE":{"checkedAt":1768031075110,"integrity":"sha512-5Oyi8HU/tGbhNDzTBpEbXlDP/g0HnJ+Apx3ZgV/SLjr25kzEDWWBkjuJ9jA1oOpl9+t7JW3RLaiSrWU9mz8XIg==","mode":420,"size":1121}}}