{"name":"acorn-jsx","version":"5.3.2","requiresBuild":false,"files":{"LICENSE":{"checkedAt":1768031005908,"integrity":"sha512-4BYu/TPNEpWxboEanyF3hLzBwliS+O6kd9yYg7id7e8IABMDUJK0RIFC+5yQJEzS1QQjX3bxLBKDqm+T50rtWA==","mode":420,"size":1068},"index.js":{"checkedAt":1768031005909,"integrity":"sha512-v40h5gYawlH0a0MYbNA27XcB1P4/eHXT8apcmVtC1oxBMY3uq41O/k9Izyrkq6Uz8na0RwRLpyceeg7PFNQ6GA==","mode":420,"size":15827},"xhtml.js":{"checkedAt":1768031005910,"integrity":"sha512-JvB5z+Q+VfxT/TSns3ir2SeAa1hB7/ftoISNdGsoRwKNflbwd5/Yu8GV3iBpHKjlC2XUCYjSRrM/I/STRUTuuA==","mode":420,"size":4718},"package.json":{"checkedAt":1768031005910,"integrity":"sha512-k+zstxTsg4YYByvz6MUAti9jniRbFi0yLuwD45YftfSZLYNSaXRtClh2p63d09JJp0an5FBDNaxTQNbhoKTRzA==","mode":420,"size":581},"README.md":{"checkedAt":1768031005911,"integrity":"sha512-XvhifVCJ1p5h1Cj8yHbbFLz3gAWa0rVF71CM4tbKG+h+WMp1xdj5rm5lY4c8gsbT/QPxMw2BpYdclejeWGsoJQ==","mode":420,"size":1929},"index.d.ts":{"checkedAt":1768031005911,"integrity":"sha512-pzqcNvzREXWRP4RKm9ZXfAeTssJgQoTDXdti2T/IIonansZ85pRR3qHioV8VuR8dR901eskWsWEUq8Y0gS5OBw==","mode":420,"size":262}}}