{"name":"totalist","version":"3.0.1","requiresBuild":false,"files":{"license":{"checkedAt":1768031007975,"integrity":"sha512-LbHCVS6fVjLVsjN/qfzzpl8E/Kyt6J7TssYbnq/1iV+QoD7PWt5zm3ZLSVE5kOnDFIX7fVVI4/VgkcyqYOGA1g==","mode":420,"size":1114},"dist/index.js":{"checkedAt":1768031008089,"integrity":"sha512-CixV1INekNMDdjyfb7Clv+DqLFCdwp6s/pbXS3Itp1Vp6Ur4xkRzsXSbgKx82OZVH70TjODHoLzVObNREv6FbA==","mode":420,"size":593},"sync/index.js":{"checkedAt":1768031008089,"integrity":"sha512-J0860RQNkfIYiIFSsTlZSbFbX23f7Z+RabHo0K2aLXGHIIpxeiGAIgWsOA21YSmSwrnMTDUwbYhwwORgJ4nbkQ==","mode":420,"size":446},"package.json":{"checkedAt":1768031008090,"integrity":"sha512-cPnZ/34h1ie5dEutmTzQni+Q5DH4CP/VH965GAZh8wyPuVimEh91XU/GPtTA2HSCq7fT7MNhYveFKj25aub8kg==","mode":420,"size":1108},"readme.md":{"checkedAt":1768031008090,"integrity":"sha512-/yQe1Sv02tK20LXiQI+hdJ4zfo5iKINWgFLWI1en/+OOFNKGc0DSFor7c3DPV3l3uizZtWgiUBYmQGqFV/tYGA==","mode":420,"size":2847},"dist/index.mjs":{"checkedAt":1768031008091,"integrity":"sha512-q6Bh/jXD7t8gLA0T8fTj8FtR6M65eabhiycNz+Nr6sUP0Us4kDhNcZ5xwn7fqMqr+yTAQ0iiEzIksN/CgKujEA==","mode":420,"size":556},"sync/index.mjs":{"checkedAt":1768031008092,"integrity":"sha512-9/yOm+RHoxljnOm9zq+hD09Kjf2z0ty0Sfvku7PZwcJU33OaJpHG3CTzBorbZenlIp8+EviWE0Z0PLegozCDOw==","mode":420,"size":414},"index.d.ts":{"checkedAt":1768031008092,"integrity":"sha512-9pEB0IWkp0dJDtfofTCfr2ebOQ0UaME81DM4njNlNzv2+T20lrvpYK3CRDFZsNwKnMbDWJDWXAyKr9ia8f+JFA==","mode":420,"size":195},"sync/index.d.ts":{"checkedAt":1768031008093,"integrity":"sha512-YflfEusOH51PahwnoGIYOMMwFR41UC0PthLfR0oTxtlmM01vLmrlwrD9ltiBqyTQLogKlomrpAdun2jbkdkjAw==","mode":420,"size":186}}}