{"name":"@humanwhocodes/retry","version":"0.3.1","requiresBuild":false,"files":{"LICENSE":{"checkedAt":1768031005294,"integrity":"sha512-3Gto0TuM+VlkS5NfEZKwLHGqelz2U71DtEgPqJ7sjU0/FqInjsjDtAqx/bIzsxc6eP2DWQ1vc54Mno/1bCglVw==","mode":420,"size":11357},"dist/retrier.cjs":{"checkedAt":1768031006162,"integrity":"sha512-Z00ZY/tqOtWk/fgXHNWJvWMuklgkxeavBNpjcKLCNNIsUZcKEMiPqXfOQK7xtigD9simY/jKBHpi6svtgfJMUw==","mode":420,"size":8540},"dist/retrier.d.cts":{"checkedAt":1768031006163,"integrity":"sha512-v3nrRaOLEo0riQgXTPdZsn5EQjDa++iXjqJ2hWQvxa2K+MPeY2SKbUano+XpEl6ADzsojsa42CF1nR33jacpgg==","mode":420,"size":1019},"dist/retrier.js":{"checkedAt":1768031006164,"integrity":"sha512-g4WtVHKUAQOeGszv6veeutVtU6B0tS8UEbW3DgbWO7LOnFsMoIkDdYT0jy1VIQVN0U3ZWcs7kn1P1pKiQB81Fw==","mode":420,"size":8553},"dist/retrier.min.js":{"checkedAt":1768031006165,"integrity":"sha512-7uYdmoACGlufm9rPL4kY/y01CJLzzOQUULu3YL1CqKALdQdxwLo0U2klO8fxwyIVtNKUIxh8bQm2sIzzFHrPqg==","mode":420,"size":1494},"package.json":{"checkedAt":1768031006166,"integrity":"sha512-IrH9KXuAoXiiK2vI6n/RioPk6nTFteD1hb8E7bBf0xvIGPiHEJ3/2fzMptECAWTtJwdmY3zu4BDSNXOXyTB/zw==","mode":420,"size":1917},"README.md":{"checkedAt":1768031006166,"integrity":"sha512-5LvW3KWMocHJbWLo7wb/88JD3ZKGXpSY8XJszQQQchByzW4BDafTe5ccXp9PDlULtmth9pb0chrCQStv2RuEgA==","mode":420,"size":3012},"dist/retrier.mjs":{"checkedAt":1768031006167,"integrity":"sha512-DxWIXg8H7ScmJMAQgNbYBkhvuP8rdBAyw/u7CcwweVXSn3Pm8t5sFYa/HQ5tFPoSVz4EVl7F7XWGwZ8yN95cmg==","mode":420,"size":8518},"dist/retrier.d.ts":{"checkedAt":1768031006163,"integrity":"sha512-v3nrRaOLEo0riQgXTPdZsn5EQjDa++iXjqJ2hWQvxa2K+MPeY2SKbUano+XpEl6ADzsojsa42CF1nR33jacpgg==","mode":420,"size":1019}}}