{"name":"known-css-properties","version":"0.37.0","requiresBuild":false,"files":{".nvmrc":{"checkedAt":1768031008433,"integrity":"sha512-gAEEClPlA9qRYYXmK7DLDyeKWa9CBpe8AFq6Jn0OxeeC4H64U3S2Uu5P8G8Rn+tKKdJHB5NO6IBEj4q9sSrzdA==","mode":420,"size":4},"LICENSE":{"checkedAt":1768031008433,"integrity":"sha512-kxV5cWnNNO6N2czn/Kc6k34eyPhd0mXXlQiksNpfomMRwIFzhnmzuiZGMdzZd1dbX3w7JFu7VSDlS/rfkqSACg==","mode":420,"size":1076},"index.js":{"checkedAt":1768031008434,"integrity":"sha512-wcnZJK9lK1nGdm1nY+pqygKlvFm/ofDAsANbWdVZ6TwwcGhXp6enzIfdOsuODGsYBfD3NFsNpMou4qXJ4iDpfQ==","mode":420,"size":60},"data/all.json":{"checkedAt":1768031008434,"integrity":"sha512-rvgKCZGEBbGUAl6kndO+x+jkQ85faX3ikjl9siqFQTo/5INgYCVc9Hwbxsq2Rwgd6bsH6GI95dq6J7jWqL4dmw==","mode":420,"size":33548},"package.json":{"checkedAt":1768031008434,"integrity":"sha512-2BN56pk23XE5OIeWANgAKINSyuvweHxRdndDuLC4tVFJJr2RtQ+4hardDTK/71Ym4Rj0UJActY8an3LIGPZzWg==","mode":420,"size":1359},"README.md":{"checkedAt":1768031008434,"integrity":"sha512-9M6jOAGhQFRk5LIu4DnsN9vDUzQgkgV7EIyp5jYyzRBo+ZOViZ74DrQZfNDywFK7EWWNdxaZHxSqjPBp6n8IqA==","mode":420,"size":2073},"index.d.ts":{"checkedAt":1768031008435,"integrity":"sha512-xlPGCLHV69lfSoazLMUlHQNY5+jwnVPBgS5zSm8broGAykAcfVue3mP3YHJBsUorL+/JVix4Xiot/KUDaAWkYg==","mode":420,"size":72}}}