{"name":"@typescript-eslint/type-utils","version":"8.52.0","requiresBuild":false,"files":{"LICENSE":{"checkedAt":1768031079663,"integrity":"sha512-C59tYrPCcukZUKudOlNlwkk+oggDACbctqCFOGzU7huYdFircnSRFq/oruzaRASlFVQcXWIxVk8cPJoVukEbQQ==","mode":420,"size":1097},"dist/builtinSymbolLikes.js":{"checkedAt":1768031079664,"integrity":"sha512-KQhWwlIO2NmJLlu3O6JEqP79mwCYtSZiFsjLvsc/JxKZaC2PSyssEq7neQgjAd5NagVk4ITZrsQSI/7EY3GhCA==","mode":420,"size":5489},"dist/containsAllTypesByName.js":{"checkedAt":1768031079665,"integrity":"sha512-H/2PgCOyYT2c9uUvDYsSga+yD4xS5OcBSGuOZpIb98DimO/Okvt2rW3F/W0cNNAfY3eoIbNDeM015NxYBKGLjg==","mode":420,"size":2922},"dist/discriminateAnyType.js":{"checkedAt":1768031079666,"integrity":"sha512-XPPzH8jinvupN58EeQazjzeMbteMzMNgf1Y38Sfm8wp5SNVdi1iUvY4TU7jwtadlNTj2SIKkxLO3DNz4TAbG3Q==","mode":420,"size":3105},"dist/getConstrainedTypeAtLocation.js":{"checkedAt":1768031079667,"integrity":"sha512-9iZHJxDW9K0wGTyJEZOkKSxREiRhW4XJHJCG4Be9FkkwlNYAdH1BnTKzRQxBPjFNPBGOJEVILnfLFG3v0JZZTA==","mode":420,"size":821},"dist/getContextualType.js":{"checkedAt":1768031079667,"integrity":"sha512-UaTY6bmGZPqv8DmC3jAbQCs/EiYb5dHwQ9SwcEuz1h5mZIr1djW0DPaZ/bBwoliswUk1n0Kw0UhxqcVVfq6Blg==","mode":420,"size":3069},"dist/getDeclaration.js":{"checkedAt":1768031079668,"integrity":"sha512-0r0shiKpLb5pPAmg4qpf/5HKZfyD6CZHYX0P/Rc9Z2aAnJPSPUXupk+bgse3Cp+5Kg+N5ypvSbJH27/e3FBo4g==","mode":420,"size":407},"dist/getSourceFileOfNode.js":{"checkedAt":1768031079668,"integrity":"sha512-0m6+3/vbyZscMIiS8rT32tIAJ299TvvKYll7E99GeyowSYpo0wJzSkS1FOpailTQgLjYJR+v6kYJ+Tnmdoj74g==","mode":420,"size":1742},"dist/getTypeName.js":{"checkedAt":1768031079670,"integrity":"sha512-bbdgPoKMogiqSO23jMdGVq5wMRbVntxeG53UFfx1nDcLXiFoP9R/rJsmT1HeKTI96aX9rRnnkK/u/POJZvySWQ==","mode":420,"size":3440},"dist/index.js":{"checkedAt":1768031079671,"integrity":"sha512-NP7PWqhtCrHeCexsSUPnC4pZQ/Fi13FCvO+cueNGRkP5uCBTvVkOl7Jqx8Zbj6OqVgOQuSgoxdW3afvJfTlrlw==","mode":420,"size":2300},"dist/isSymbolFromDefaultLibrary.js":{"checkedAt":1768031079671,"integrity":"sha512-1V4AgmFXolntviaXth56U4vV/ETPHwQ8yR7EpYfSIiEY6gq8R9TfV4R17jxmmfqtYOyq7IvNmZc8fTb1ZfzpSA==","mode":420,"size":526},"dist/isTypeBrandedLiteralLike.js":{"checkedAt":1768031079672,"integrity":"sha512-YcpvOSHWkTxWOTCF9wCeoFYEln3UthYPdQ8iyoI5l54FOgYWPjC4y1HdDBsDGgrcAXqPDJc5hXUG1aJ2UePmIQ==","mode":420,"size":2703},"dist/isTypeReadonly.js":{"checkedAt":1768031079673,"integrity":"sha512-d+2RQ5P2u45mt7+C9cmvmIkdLUPC49Ei40Z3sqy55ia6lgI1JrXefNpHBjR0jjQlk1roO1Tp7SKy6DiHXQnMxA==","mode":420,"size":10604},"dist/isUnsafeAssignment.js":{"checkedAt":1768031079673,"integrity":"sha512-3o2RLDbziPUVPuessu4PkK681cX43mb1P94fAofmb1EBwjeXTMEtnhMMBVC3we2EQRUL6ELUF9LM7D22Lm7gFA==","mode":420,"size":4711},"dist/predicates.js":{"checkedAt":1768031079674,"integrity":"sha512-r1xx8A1LX/idd9ywNb0sJBQK9hoWEC2XiEHTqhrlP/nH53zT9b+OLTkm8aDhIk1i6M1u509Mg9HOTKiKTvP2uA==","mode":420,"size":5655},"dist/propertyTypes.js":{"checkedAt":1768031079674,"integrity":"sha512-ziJ+OTDHZJzECfAeghiBOGH+QXJkl4iwjEsiDibt+I6GfwqDlWcJ1MYvVLi6zTcUdWGA7FpNsD4AaUNhQd8exQ==","mode":420,"size":1675},"dist/requiresQuoting.js":{"checkedAt":1768031079674,"integrity":"sha512-etgPboXVfB/NBXbZbepMWqSgOpKr2afZ/oyCrCK3FUyd8m/ATFxsWRO+xbQDvDKnF+UBGYnjiSCcALCxsjiEJw==","mode":420,"size":2036},"dist/typeOrValueSpecifiers/specifierNameMatches.js":{"checkedAt":1768031079675,"integrity":"sha512-AoqTqMO6LJC72iLhe+zEpRHIeuL8wSzub9f0aafUYnXjI6DrXAhJ1SjIyRYUZ45p3qXZQI1pms/qjhbrvR/65w==","mode":420,"size":525},"dist/typeOrValueSpecifiers/typeDeclaredInFile.js":{"checkedAt":1768031079675,"integrity":"sha512-MPiRsiB/7kkjYg2kpKLBOTqlRYQQCO8MBRNFPTMmkABeIgFnpnaxhTObbf+Qihzm/EtiA+QJuH5uRR6pOA/gZA==","mode":420,"size":1026},"dist/typeOrValueSpecifiers/typeDeclaredInLib.js":{"checkedAt":1768031079675,"integrity":"sha512-GuC7qP12rrialQQrjjGAQEmR4kske1LIQaL7sk8HHXUzuOLdglMYZmfo7/F20EBYx71s3j53enH6IKy0D1fXSQ==","mode":420,"size":487},"dist/typeOrValueSpecifiers/typeDeclaredInPackageDeclarationFile.js":{"checkedAt":1768031079676,"integrity":"sha512-gCNqtmobeO9fdAn3ZTFxiX7iv1Ec7C0XFCVJjab6d4MXEPSL+MZeb8t+XOXldU/ri3LrU5K3PNGtiwmg6H0Abw==","mode":420,"size":3112},"dist/typeFlagUtils.js":{"checkedAt":1768031079677,"integrity":"sha512-oQdLz/z8U5egXk0TEULHVpVB1BG8O4eOKj7qoniNt5oC5ss2Fhw5Kt3JD0yniV0iXqfljA0qYEkJQZNojRpsoA==","mode":420,"size":2806},"dist/TypeOrValueSpecifier.js":{"checkedAt":1768031079678,"integrity":"sha512-Rh92OPCz/jaSHhc8fbtJHXZlkm9SEtk3ANqpIlOosM1pu6aDKt5xzzYm1GY/auPiBpNkFp5hWC3ARINNayBI7A==","mode":420,"size":8479},"package.json":{"checkedAt":1768031079678,"integrity":"sha512-tpFpkBXSZ/aWXAboxaHXqjSgNnzktmeWkoMO3ZChGthyd2tm6ZzxY1986RbQhrzmWKlyemp56FDJVzTRUsDWlA==","mode":420,"size":1915},"README.md":{"checkedAt":1768031079678,"integrity":"sha512-xCF+eu57+48hMcQ5oRXxtV4feMM1OOfHDnNR3AO4Bg4GvFZQ5iLX2VaFrVq1Feu7Dh9m0+PW73k3QMXW2YFiQg==","mode":420,"size":769},"dist/builtinSymbolLikes.d.ts":{"checkedAt":1768031079679,"integrity":"sha512-2ggquVUCa2VnPRrQ6olaBj0GuonHzH2jIwyWpTdnyGjzrPxVLZoeY2YyLoM4T0sw0EBxPu3XuSWYa+D1uXj5Vg==","mode":420,"size":1603},"dist/containsAllTypesByName.d.ts":{"checkedAt":1768031079679,"integrity":"sha512-Nc1ajb3pUMArq+g4EqBDresrMIeOdkTV3hB3Zg06etfSbCfwtYkRNGYmlQ6SLKm5JA7X6SvkgmUwHWTybbVFKw==","mode":420,"size":589},"dist/discriminateAnyType.d.ts":{"checkedAt":1768031079680,"integrity":"sha512-698hHZJ6/H7H1LwjI+nvdCWkaZwqSKLiA2yGptgJWiyTfIwDQGh62AiWeqpYKLlC/e8dhCd356/HKwDQw/1Alg==","mode":420,"size":487},"dist/getConstrainedTypeAtLocation.d.ts":{"checkedAt":1768031079680,"integrity":"sha512-FNiqWw0SUwm/indR0wYvXp+Mqk7bxdWRwaEqJEF686FooH/4GbxSssirw8wADMQOAO2t1F3J0Lo6Q8wdtQgo/w==","mode":420,"size":688},"dist/getContextualType.d.ts":{"checkedAt":1768031079681,"integrity":"sha512-cmHnIUkP/qBFHk8tdaCGzMfu7jGpPwE2VL32iiUA/H5Y2+kh1aYPjHtzPYqgbO+acon/IsEexOfmM4x9W4Hj/Q==","mode":420,"size":366},"dist/getDeclaration.d.ts":{"checkedAt":1768031079682,"integrity":"sha512-eOkTtCvHrPQH4VCNYefYAhDh5a80+IHzpubyEa2bz3hDM6rrLrrFmWC55SG6JN8DTjRr0yUWmtjpjVsHgqKKgg==","mode":420,"size":328},"dist/getSourceFileOfNode.d.ts":{"checkedAt":1768031079682,"integrity":"sha512-8sfJh6LgAqyYjCXHo4fJI/P24sx7bY/CX042beUepUIQWBykRVnoA/e6TIQxcaqpAwPV3ssMt40mJsHQB6EuNQ==","mode":420,"size":173},"dist/getTypeName.d.ts":{"checkedAt":1768031079682,"integrity":"sha512-zmYMH9xZLfNQjk87bnLGVmawrPgafUDDCti/h2Ws7zXQfYviZ6RXknCqi32PbnFfdCVHiXW8+GCKE9qJg82iwA==","mode":420,"size":281},"dist/index.d.ts":{"checkedAt":1768031079683,"integrity":"sha512-utnMX7eWkO7iXlATlw6bHcbYeSYi3RxPeaTkx++AzeAcNYKotDSlN77j3s8K6lbirlDybgivq4s0iSqBYZHs2Q==","mode":420,"size":754},"dist/isSymbolFromDefaultLibrary.d.ts":{"checkedAt":1768031079683,"integrity":"sha512-ZbOfFucGdByf6raLROQehy2TgO4epbYESvIlU46DpK9A2d1VUeoiLXJntwClYol84A3tmpIml9xpOpO8PYGrDg==","mode":420,"size":152},"dist/isTypeBrandedLiteralLike.d.ts":{"checkedAt":1768031079683,"integrity":"sha512-UJJ43tlxbFxQnd3waQye1XzZC4Iz79hXX/mZ42XHh0qWy2ekaygqThyRqW5TE2cluZvcHf3LGgQUFKFfytlS0Q==","mode":420,"size":108},"dist/isTypeReadonly.d.ts":{"checkedAt":1768031079683,"integrity":"sha512-XwssNP9+oZIHzUerJVl9kPzi3i71U1VhdaDx6QPiLzp0X7+Dh9o579mLPME1fUC2kQvVgAw4JdHqYfxD/nGBsg==","mode":420,"size":4064},"dist/isUnsafeAssignment.d.ts":{"checkedAt":1768031079684,"integrity":"sha512-woL5oFOoDDHUXvh7I36xAMsgD+ODKZVoehqpFzN+ltoa/P536medufewlVlueQNV8iMd+/kLhgaFsg4u1IG7YA==","mode":420,"size":688},"dist/predicates.d.ts":{"checkedAt":1768031079684,"integrity":"sha512-c5rgeamZ34ltvh8Lsx4V9k1TDpmqvoJh0svWVHiD63UEDsM7kzyKrJBkpNPvxqTWwB3m77/xlZPb7oEkgc78Pg==","mode":420,"size":1480},"dist/propertyTypes.d.ts":{"checkedAt":1768031079684,"integrity":"sha512-Mmd//JiIheM4PAsmZEeuPkHnNWhBRc3p9jJFWBPw+avwClXW7h5GHs/N14pC3WGHpMqZMN8WPwGPxxOIdMeqaQ==","mode":420,"size":321},"dist/requiresQuoting.d.ts":{"checkedAt":1768031079684,"integrity":"sha512-0WqmD+Ik2LcSVJKZTSuHnmNI3ulhBn4ZzBlwank6rwaS/y5995hyACsHrpJ5nxc9aC5tshhBZI1Li25gIkR+og==","mode":420,"size":251},"dist/typeOrValueSpecifiers/specifierNameMatches.d.ts":{"checkedAt":1768031079684,"integrity":"sha512-WRog0wfbLFjRPg8gR5vGtCjpG4DrslE2oYwCrJ7Aga5DZ30fD4rBy9C6GcXydxwZOZc1Q8HkoXgW3GAPnaVu1w==","mode":420,"size":135},"dist/typeOrValueSpecifiers/typeDeclaredInFile.d.ts":{"checkedAt":1768031079685,"integrity":"sha512-PV3dXaUAt01DJ1rHwQqBg390+vSi7VUKGTYNv7eYO3DJH7FCLGqUmlONrAaAAOuzp/H4IYizOVQ1du6IBnPV7Q==","mode":420,"size":182},"dist/typeOrValueSpecifiers/typeDeclaredInLib.d.ts":{"checkedAt":1768031079685,"integrity":"sha512-3MyyZNCRyxXUv+Tu9bR5fGbSSd43cI+03qSmKq+ECJXTpu50h0FfgsBj+dnAGoZsERt9mTUN68PJMVeuI7wgHQ==","mode":420,"size":147},"dist/typeOrValueSpecifiers/typeDeclaredInPackageDeclarationFile.d.ts":{"checkedAt":1768031079685,"integrity":"sha512-kML2sUztga/kpEp4QQNStZxu32UzogrNXyOzPv6AWaeP8HQIUMx/e0FncIcaHHgw77rNy0kYp45lzWStinaOZQ==","mode":420,"size":207},"dist/typeFlagUtils.d.ts":{"checkedAt":1768031079685,"integrity":"sha512-J82MjKErpCKAHh4ONUijR2yL3KDUynhxRHAL7P59YZS6pJG4N8sgDVYjXfewDTdDvRG5C1IBoOnhQTRc1kfQKQ==","mode":420,"size":786},"dist/TypeOrValueSpecifier.d.ts":{"checkedAt":1768031079686,"integrity":"sha512-IYq1Jlp74Oq66ZbMI/Z3lMGmECcYUvu/GKpeYg+8BgeJ4KCKR+zTmeK9sA+o6vyt48A0kFR2ErhpTl1N6K2m9w==","mode":420,"size":4916}}}