{"name":"@sveltejs/kit","version":"2.49.4","requiresBuild":false,"files":{"src/core/config/default-error.html":{"checkedAt":1768031072243,"integrity":"sha512-Yc2nEFdodz9rtJzShPf5s8iSrWX2lDhWFb0LGTza3xyrzJ33htaZUoBT++MIqHn87ELM4whsMKaeoG39LGoa8g==","mode":420,"size":1364},"src/runtime/server/page/actions.js":{"checkedAt":1768031072246,"integrity":"sha512-CG1OIHA4UpSrL1/+JV+nPxL/Wsvef5zfxKvYSvJdo82fnFRZIaDr9pu0Tkw2uhbDvXqsGppqiMxlMr4zCUchYA==","mode":420,"size":9448},"src/core/postbuild/analyse.js":{"checkedAt":1768031072248,"integrity":"sha512-7hfM/hGTDF2HybrC/hlvXt8g1yLPb4EsOpAUofeXtTmjSZSC4V/S/i11r79o6myhri9AM+EtmoCjPy2mdGiVWQ==","mode":420,"size":8249},"src/runtime/server/app.js":{"checkedAt":1768031072260,"integrity":"sha512-qgEFHiv6FTLW7stzhfaQJJ2IpB7vIL3PgMidNAY7+wqFhO7YWfSmpT2v22oXZED7G0bbEPVCpbYZL4l5u2581g==","mode":420,"size":205},"src/utils/array.js":{"checkedAt":1768031072261,"integrity":"sha512-Cu3O818LdaJ/vUscecZfjMtOTnFTy63BrrOseEny5gkb/QGEazXDLy2SBiBa7XYH6M9qN+gSiwxKB33D9Qp3cg==","mode":420,"size":207},"src/exports/vite/build/build_server.js":{"checkedAt":1768031072262,"integrity":"sha512-oVfepiKjP+Wpi2FLToiQG+beXuajmdhbVZBtyveMnaY/cPG79PLTlLNuYRpcDQa6SUXNXgdecKPwmW2pqkAtJA==","mode":420,"size":7804},"src/exports/vite/build/build_service_worker.js":{"checkedAt":1768031072329,"integrity":"sha512-TloqWOkJDgOO9CwuPTtMDqpz+VeVU6gZdCYaFLCTZ15gJBWs/MAxcX56jMLi9fvhr7XQi5zwOWBhZDc5P1BE6g==","mode":420,"size":4126},"src/core/adapt/builder.js":{"checkedAt":1768031072329,"integrity":"sha512-uaYGVFAuGRMZEvxESvgIS5cwV1EcWoIjqqGmfeuY1TO+gXM0vaF6w5Jtt5V10DlF23yDNPFHLbmkg91NaGPGWA==","mode":420,"size":10242},"src/runtime/client/bundle.js":{"checkedAt":1768031072330,"integrity":"sha512-cE1KIQWCWKqponJgX7WMY4irGE6b8x76IUgGYJnFwj9kLlZxAZYeCDhotZ2zx9OcaDDoswatdlJLf4TDGCN1jw==","mode":420,"size":391},"src/cli.js":{"checkedAt":1768031072331,"integrity":"sha512-X58svUcjd3/cIp4tpo+HUaw+NPnkUC0BBmV8RO1TjT4E1yqnL3YqjDrQhWOf3KTgE9ATYgVRS+S0KQaST37WcQ==","mode":420,"size":1390},"src/runtime/app/paths/client.js":{"checkedAt":1768031072332,"integrity":"sha512-O+LC23bq+ImCqoHfL8xIyGjW3/SPlWpTa7NwwfhB02Gjz/+tRCXXLnUZyEOEUsS1wwfMusLqKbhEfOI/tdfwTQ==","mode":420,"size":1987},"src/runtime/app/paths/internal/client.js":{"checkedAt":1768031072333,"integrity":"sha512-JpNazE2EnR5YHhbR1Y8TFNLweuqP1n80VXUGxdCJa+okSX78jz8Wiwp3R/t18VOA1Hr8RwDbjm8N7iEXC4rrRw==","mode":420,"size":270},"src/runtime/app/state/client.js":{"checkedAt":1768031072334,"integrity":"sha512-dAGc0i6UJPQlGRr+NJo/ukTDi954vQksVvzNazkgR4obUWwGwsYIbL7KiiDq/rs7phD2GW/hZicC1Cx9+/MEGA==","mode":420,"size":1361},"src/runtime/client/client.js":{"checkedAt":1768031072336,"integrity":"sha512-FrYthcTT5TYqRP2JyqhmYOD5c3iCXZ1aQqbm6k9P4QVCE9n0BQAOJsdv2qsNtgH6HQda65QBFmlCeXfH6V7qFA==","mode":420,"size":93122},"src/runtime/app/server/remote/command.js":{"checkedAt":1768031072337,"integrity":"sha512-jPV1Il9nfnSGIN1xteIlpKWDFpGjwOMS/rcenKiPniTyQtrm4N07SIJZKZWzqG3cje1isulHDY8hH8T/vy01JQ==","mode":420,"size":3211},"src/runtime/client/remote-functions/command.svelte.js":{"checkedAt":1768031072338,"integrity":"sha512-6XY/sAiA9ZV+7F7AHs6gMmja3TNDG/71ipdgGaiRnfXpZIYB9/sQjwy7HLvgfqY/V/cXSmOwG/dZLptBrttK3g==","mode":420,"size":3173},"src/core/sync/create_manifest_data/conflict.js":{"checkedAt":1768031072339,"integrity":"sha512-z4PhNX7vuL3xVChQ1m2AB9Yg5AULVxXcg/SpIdNs6c5H0NE8XYXysP+DGNKHfuwvY7kxvUdBeoGlODJ6+SfaPg==","mode":420,"size":0},"src/constants.js":{"checkedAt":1768031072339,"integrity":"sha512-xFXlMZgYK0AvpSoTQWS0t0mOomYcCG9ZCsaBWtgL0RDMcF+nhuyzxlH19tdsgIuEAmvG5FRJCiwhqhsKiu2I2g==","mode":420,"size":447},"src/runtime/client/constants.js":{"checkedAt":1768031072339,"integrity":"sha512-6NUwC/KVD+qWD65Z4PAYVNlIw3EDWWAA83LFJg6oah/5WUcXRhWr3fi/Bz9b+lxMVL5S+CB16PufApJvj9Y5Jw==","mode":420,"size":427},"src/runtime/server/constants.js":{"checkedAt":1768031072340,"integrity":"sha512-1K6hqaIYDR8f/tkPFvic73rJEPz6nkAVZudqWbeTcemgeqT1yhxIKBmzzNcvOQBKRYc8QYwd1z9kmUokOxgDcg==","mode":420,"size":189},"src/runtime/server/cookie.js":{"checkedAt":1768031072341,"integrity":"sha512-EwGn49DDcViENdRUwvrlTAz33A/2+TuYgrJ1l6E6vPTp3kI3HtFSW28QNG3qLlh9rdRWF/+E3KiH5D01g4q/Kw==","mode":420,"size":10063},"src/core/postbuild/crawl.js":{"checkedAt":1768031072342,"integrity":"sha512-LTQyNojNjSPDLn5+kI7p6tVpid6nksiUj3T/cajkxljumSTE/o2HXJBVrGXBE5jiFuJM6CDEaEpsTRy9d2ZBuQ==","mode":420,"size":4956},"src/runtime/server/page/crypto.js":{"checkedAt":1768031072343,"integrity":"sha512-+/3QFMutiZQulpxfswHt1oVCWIadeaYomlgo9aVZjFkBn7pbBhFpxVxkqGcKcRMA/uKMZl8ONR8q+VIwfqaGRg==","mode":420,"size":4252},"src/runtime/server/page/csp.js":{"checkedAt":1768031072345,"integrity":"sha512-goHp5FdUA2kX+hRe+/9ECi/KaBqJOGQ1XTEdtp0FqH4r19PXPUz1bYt3nfDxMyFE5AusKnLkAOzdTj7VRKxLkA==","mode":420,"size":10242},"src/runtime/server/page/data_serializer.js":{"checkedAt":1768031072346,"integrity":"sha512-L09MRTywHfRefGlt1ucfeh37sXQIs2dj0BEqTF2iHqag7VHRiiE66ZoglLeEhS6WgtHuewQerBZnzAqVmp2zRQ==","mode":420,"size":5667},"src/runtime/server/endpoint.js":{"checkedAt":1768031072348,"integrity":"sha512-sFQ9iJNTuzN9ANg7zU08sWq4kwt6NaRlZgfN7bDLp7Y6pp9BUja1uxMMH4HeK6jDpOV8ZYN4Lztq/rwkjOi6Qg==","mode":420,"size":3706},"src/core/postbuild/entities.js":{"checkedAt":1768031072351,"integrity":"sha512-2a5Dj8efcmjb4PHM3X9+0ol9tpGlbzdJqJC7wDHiqM241k5EFTeNMnGs6w9glta4RITqXx1zQ/h0awcuZK4WMw==","mode":420,"size":43483},"src/runtime/client/entry.js":{"checkedAt":1768031072358,"integrity":"sha512-ov+B10jE2Dcgbs2wAr5uMPMOJM8fg9ZwEtEIL9fVdXhi6vEpfJc8XmnlgBd33wnhabv8RxOocL8X6a4Vi02n8w==","mode":420,"size":213},"src/runtime/server/env_module.js":{"checkedAt":1768031072359,"integrity":"sha512-ai6dzB/K4kT1Z33b0aZm8bLDuVFFnnocmHdF3dvlSTr/uWqZTlI17qgCWjyXBIJOakKkLL7kG9cEfMFUqe+YIA==","mode":420,"size":604},"src/core/env.js":{"checkedAt":1768031072360,"integrity":"sha512-zkPS2SL/pN6y2Oui3mqeesqTfRkn8XTg6VSlLnkdrjceVXX6zbBMRZ+4Bmzw1ZMrDP2iMp3/SU3qkYOBYpykKA==","mode":420,"size":3145},"src/utils/env.js":{"checkedAt":1768031072362,"integrity":"sha512-Dn+E+TaUo+oB/Y79uUwUDOy1mK2HrSCPm51M3YBpXnyE/lP39o3GZQsxhh8B4hseXB+CQcnvD5BY+VEa+Af6ug==","mode":420,"size":350},"src/utils/error.js":{"checkedAt":1768031072363,"integrity":"sha512-RwW0FRVR5VhT4r2RcToPiQpSkns30CXSUv4zlcLcIQkboe0LiOGTyYxrKqj8kA9KMVUPQHXXhQFOaG88fmJV5w==","mode":420,"size":1035},"src/utils/escape.js":{"checkedAt":1768031072364,"integrity":"sha512-75K+xgWwZ5+b4OGo5UwqpLC+ETad/5Z543Z67bSs2jFqLfIC49zLKPA9XR7g7EIouyWLMC0f2BKmxkj0FAHYbg==","mode":420,"size":1991},"src/exports/internal/event.js":{"checkedAt":1768031072365,"integrity":"sha512-Atd/5iDEXkjUTMfF5ns0toL2WtuFOFOxQUyQ0ii8JiBNVLhDhiczqbG0oTpFsKt7p46HwkMGhOWJSRd3sRE7Vg==","mode":420,"size":2599},"src/utils/exports.js":{"checkedAt":1768031072366,"integrity":"sha512-0q1Gn2yB5bZhuy+8qNxC6Mx6W2h0+d3wW83tEMhf3F4tj0ar8GKEVmZtoQMTmhXAYswb7+srQ3U5iNj8Sg+tdg==","mode":420,"size":2347},"src/core/postbuild/fallback.js":{"checkedAt":1768031072367,"integrity":"sha512-slZb0xojT84M5ARwQ7t9QUQ3NVn9NXIM0LWT+1zajzp9wHghrSZHFFd2wCp5Xk7+2Wuq7+5T7Xk7bzn6SJnGyw==","mode":420,"size":1687},"src/utils/features.js":{"checkedAt":1768031072368,"integrity":"sha512-E81y3t6um1zgb21Q6bNi/rbNLM/1QgQEm8R/jnq+9gnYl64KioJLbAipL5Ttq83mos3VTHZzkOPGl6G3jwP4Lg==","mode":420,"size":614},"src/runtime/server/fetch.js":{"checkedAt":1768031072368,"integrity":"sha512-o7Bbloy6s0tSrO+vgW/T9Y7diSuQTXeRq8yk48RhoGT9zyTLZETuz1/RT/zvOO1WGcNJU3cF+BxH2NzzYYVzmA==","mode":420,"size":8199},"src/runtime/client/fetcher.js":{"checkedAt":1768031072370,"integrity":"sha512-8IxeFaFFEDSNWnoF3jlcDkHkqLVODkZtdmWAMyO/dwiP3T2nap0Da+puQzoUxuiw3N0uMeLPr7tqnLeQ6Fb54g==","mode":420,"size":5543},"src/utils/filesystem.js":{"checkedAt":1768031072371,"integrity":"sha512-rQLl10Vj4ge0pRVlHuSgstuduBNp1VLC6/uTnzHe2Kpm7xLoxA/nKA2AJ04KqAu3ZRECuPxriYs1+uYVwZ18fA==","mode":420,"size":4870},"src/core/generate_manifest/find_server_assets.js":{"checkedAt":1768031072371,"integrity":"sha512-1EBCenKqdFQt5HJHxLmsBPgFE4g9S9eY+c3HxbmI6/h6o3VO9MAOLH1lZXFFD+4w76cMgG+13EIEw2GH6Cjjsg==","mode":420,"size":1494},"src/utils/fork.js":{"checkedAt":1768031072371,"integrity":"sha512-eBK6URJnE6dLjEkc5sd4+IqQinYBToXsaeE56veMU+W8Rz/I4aC0wVHpaUSBo/aFllKvIlDxNYRMQ/qwIpxREQ==","mode":420,"size":1779},"src/runtime/form-utils.js":{"checkedAt":1768031072373,"integrity":"sha512-tt69ayAfuzEhFYjVNgllM6AdQcuHmZp49HbW9RAnpCeVRBwcszoL0cGBLLqWDFU7o2k7eo56cqGAMGb74wsWqg==","mode":420,"size":22534},"src/runtime/app/server/remote/form.js":{"checkedAt":1768031072373,"integrity":"sha512-POIMQbvRYFY0jgUkv87hMCvfT1KocDUdZuqh46WKvP0O3ZdueVF2eqGGt2hO5C6rk2AJjOJSSxgpI4d2wQzgQw==","mode":420,"size":10536},"src/runtime/client/remote-functions/form.svelte.js":{"checkedAt":1768031072375,"integrity":"sha512-GJFuSbBv4vb/P1a0+YBqo1LBOkHTwqNTH+IuvBUTb/Fu02BxZWrWMDnI0L1feZX2Fz5Gl31LbfMJvSVdRhBeng==","mode":420,"size":18656},"src/runtime/app/forms.js":{"checkedAt":1768031072376,"integrity":"sha512-gPokU1RgBb8aX9z8Qn4bN+NOYCSn3tkWeSakr2g0ypjNMCsaWAvb5EZlfUIDaF2RTU5f6xy7FZYphSarlgIr0w==","mode":420,"size":7705},"src/utils/functions.js":{"checkedAt":1768031072377,"integrity":"sha512-NDd818mEPdT57RuKUzyglDw8/9FxpIUhRlERdfKdsvC6C4q6Cwx4iWT+H5zqGvHjDZoN7DoT0hUPzDA+eUr+WA==","mode":420,"size":213},"src/utils/hash.js":{"checkedAt":1768031072377,"integrity":"sha512-lzws0NcYqPeWt4MvxcaDbNtJyWrFL09FUqKKnCuulzrN0NEEPmWPIhKy+6ssuX02idTi5J2N1HqaU76OqqnPXg==","mode":420,"size":595},"src/utils/http.js":{"checkedAt":1768031072378,"integrity":"sha512-Wi6oDDuYu9LXjiWGFdc75yVOhUtxV+pPc+TGVaT9VnbSJilpSSJWgszPun0AeyO8b53p7aE42cRVcHkHNFcLog==","mode":420,"size":2056},"src/utils/import.js":{"checkedAt":1768031072379,"integrity":"sha512-vJc+xd8fANbzEciBBtslxPbq8UTnI1Er2Zyu4o3kXQrl2lvKhRz5eZ2Pd4yLwyQr6daeYcJzce/DyIuHyxxOpg==","mode":420,"size":1473},"src/core/adapt/index.js":{"checkedAt":1768031072380,"integrity":"sha512-4oKY/3rIyQ+sxT47NNyiNeOgYB0lB39xiHwGnwY5mZCLuZbTVnLTI0zwqxmDa1fc6owdeEfOBNaaFniLDrOP+w==","mode":420,"size":1134},"src/core/config/index.js":{"checkedAt":1768031072380,"integrity":"sha512-S8Db8/j1pM573zkLcsOhwPFI0/XyAlVUn8SzwO1ho6OtDkwM6ufHVN2Jsu/JK8St545M5ZVCa9/O9dnedfoUrw==","mode":420,"size":4978},"src/core/generate_manifest/index.js":{"checkedAt":1768031072381,"integrity":"sha512-jnLiEe5DxdADCzhZvVeIusvEZK46j40ZMqg6IMZWx1c8lnEv548d+M+aL4eSvBIYiZMkb7eko7+0oWHgp2D9cg==","mode":420,"size":4988},"src/core/sync/create_manifest_data/index.js":{"checkedAt":1768031072382,"integrity":"sha512-PJobfoWKpQxWvYja8n+syO9+0qYZTcXDDXouNdoAJoBMGmSFkdGx6rqFDXgGajM4MZz6Ufo1JxTONfPuCmdQCw==","mode":420,"size":16928},"src/core/sync/write_types/index.js":{"checkedAt":1768031072383,"integrity":"sha512-JByRkuXCitW6JzTyD9kqCA94XhXx/4qbKY74bv3mbyEONIbACZwPOaNebIlltNIUq38yokXsL+wJxz6Bkw2FjA==","mode":420,"size":28161},"src/exports/hooks/index.js":{"checkedAt":1768031072383,"integrity":"sha512-KbM8jUpMQ3iJXu0B2sQPIVbo+BqUW4Fc7l4/za0MxaA5mw5g1EXqwM2Kdeg4JL71yjSa1WTCuEyoqinPpm7GYQ==","mode":420,"size":42},"src/exports/index.js":{"checkedAt":1768031072384,"integrity":"sha512-sZH26Lo/x4cIlLEo4fRD+bQv60NqbUnNkcd0ZTmTD9EzSP43ruQ9ELjDuqaWfdYMU4Nyb4ZqVYpHFHpfx5hWdA==","mode":420,"size":12009},"src/exports/internal/index.js":{"checkedAt":1768031072384,"integrity":"sha512-PJtf3Iarh/Bx9K0h46T8ErHRl/7zq8QHhbccEnbKoadEWIXDgEtsTxGxhVOnxNMkb1Ri7SGTqqOD+t1qPgpeRw==","mode":420,"size":1722},"src/exports/node/index.js":{"checkedAt":1768031072385,"integrity":"sha512-iR1wtIkRhJKr0OjNWZoFzEk2NGdAxM7bgLgJoD3NaNEBDPKGs/sIgcMs0neIiitAqunbHf/AsKp9CG8cThHuWA==","mode":420,"size":5997},"src/exports/vite/dev/index.js":{"checkedAt":1768031072387,"integrity":"sha512-kVnu7pWlRqMl059RUWuNH1lquv7BADHOanj+p6TdKWQ0eY936XJs9F2uzgk1QDp9hKVgq105oyoXtvOoDxsqQA==","mode":420,"size":20976},"src/exports/vite/index.js":{"checkedAt":1768031072388,"integrity":"sha512-Q0KZ3R/Y4mjKzSm4TRq9MOauoXUfFIhdbB5eICiEIQ7YsQTxxuWgL8mfRqKQG+ieye6xMygHXf6LuOb1lUantw==","mode":420,"size":45289},"src/exports/vite/preview/index.js":{"checkedAt":1768031072390,"integrity":"sha512-6cAIxI22vDxcgAeMAjpWG3NLJfjPR/zgOckPi7rO7jTkb63tw/ytnmFuZqaBS/+kBbl29GDqgrWXnoqtg2ghxg==","mode":420,"size":7266},"src/exports/vite/static_analysis/index.js":{"checkedAt":1768031072390,"integrity":"sha512-Rvvw60tBPDFnh66F0YQV/GI7/hsZDyn+xSH7W9fkFPbsqvD2WSlugJhwQvs8Imfmoh3Nnn6FxUm8IS3BdpKAvw==","mode":420,"size":8206},"src/runtime/app/environment/index.js":{"checkedAt":1768031072391,"integrity":"sha512-ULv2fwOeCKk3mEXgoZ+yGIluTjgEvHxjxlcX89qVgF4TV/iIitgEB4i+KROy0W8gOaiR5z+1aPM+5zZxSjRq5Q==","mode":420,"size":159},"src/runtime/app/paths/index.js":{"checkedAt":1768031072391,"integrity":"sha512-/C2YXYd0LaMttoX6Ti4a8FhxbkwuvgcEd3mMThvAKImTYHZdrlCdj4beobkKsmprj0MbpdMgUMnTc0ivGqlCYA==","mode":420,"size":28},"src/runtime/app/server/index.js":{"checkedAt":1768031072392,"integrity":"sha512-5ITSB3SHNRYbZTViJFJ5XakFpdQ/Y0FemOcQP70Ih0oDl0GfaB26OVhE8D0Lj8CJ4+p7pOmAmIqxgJV8e6a60w==","mode":420,"size":2024},"src/runtime/app/server/remote/index.js":{"checkedAt":1768031072393,"integrity":"sha512-o9ntArNj3TNtMFpxPgmal/a/Z606QUkvOmkJtY65vcAtmBbH1YzSV/5+fa0jj74kVFuCSiMGqb0vmekj++NfQQ==","mode":420,"size":154},"src/runtime/app/state/index.js":{"checkedAt":1768031072394,"integrity":"sha512-a7j4Jjooz7BgEoogWDKGlVRu1VJTqJ3EfZEtF56s8Arv0Iyyl/lF9Llf6i9PlW8Kd8GI6PDeyVeYcwpFbS2xhQ==","mode":420,"size":2949},"src/runtime/client/remote-functions/index.js":{"checkedAt":1768031072395,"integrity":"sha512-+TyqDulHxGSu87AkQIXypkhc0KjtLASbPduXsJmdgqIpj4mhfSV1AcxsWlH7lNR6yCQ+mgCj6anygKdmHGevqg==","mode":420,"size":195},"src/runtime/server/data/index.js":{"checkedAt":1768031072395,"integrity":"sha512-Ukwb2MYGW/tAuEz8H2V3Jwt04EXCBk1/v0YoQLYr/2J4ugJlsoHdiIvyNWRIkXtSFp148+l9Qy9dCS7zsnYP+w==","mode":420,"size":5094},"src/runtime/server/index.js":{"checkedAt":1768031072396,"integrity":"sha512-4uFAqL1WvVh2jGksFMsYo6UWmOl/jUjoKR5lTfiWm1Dro4h3bv40zQYumiumQTfSjVK+Xxyj1ElPKuWkLShLJA==","mode":420,"size":5004},"src/runtime/server/page/index.js":{"checkedAt":1768031072397,"integrity":"sha512-jYdepVVUKMEdfThiyuso09EfSLwsaPbOWZWF4atMqU/rq5BIWjqAMSEAoET/bbqWBYK7RaXBZBjAeWVzecuubA==","mode":420,"size":10879},"src/runtime/server/page/load_data.js":{"checkedAt":1768031072398,"integrity":"sha512-bX+tUmkNBXP8ljdH7KBMm/NdA/7nl3HpfQJTbtem3zpbC8TZNnw6izJttpdgIyhlPv1wiRq/Y3DHWLMXsCy0Rg==","mode":420,"size":13993},"src/utils/misc.js":{"checkedAt":1768031072399,"integrity":"sha512-beNwEXIv8zVAr/aVQWRDFpHq2clEylGN4bMszQcEni6V1vJrS7qH7ZZT+cnsjb2/CP4z6iwBp+W+fuuOv4fWGA==","mode":420,"size":33},"src/exports/vite/module_ids.js":{"checkedAt":1768031072399,"integrity":"sha512-X6rGegx6SJtR0TYXfrfhuomTnGsx/qQUg+AU/Dvb4N2phDI789lsB0IsWwr6nYdWB/KSby0X1OaK5Jq6s893Ow==","mode":420,"size":677},"src/runtime/app/navigation.js":{"checkedAt":1768031072400,"integrity":"sha512-NbDqZSeYSPuLBydAeebCU3jp1wz0Ds++vIM3BgUfoBNw1dUd9bnEK4SHjwkmf776CDs6nkRgz/Lfu7+Y2plwlA==","mode":420,"size":212},"src/runtime/telemetry/noop.js":{"checkedAt":1768031072400,"integrity":"sha512-KAlffKXQKiagPne8mFCZ24fnnbv2KQEokFHlZn9/JH6z3Yu02d8MDoseOIqTfRyb9uvRL6lJ0nR2iRyxMwwXCA==","mode":420,"size":1216},"src/core/config/options.js":{"checkedAt":1768031072401,"integrity":"sha512-9x9erFnMD8RNKZL5gJYf2buDNxEmrFtc3SGl8kkdrLmNF4KsLnvTp8h/N3b1Vi7wo36ngd1Vml0dJZKGi1352w==","mode":420,"size":12923},"src/runtime/telemetry/otel.js":{"checkedAt":1768031072402,"integrity":"sha512-2n54nHk+NiIFwYtgvPqeG0Rnqu02FAL7cf3SmukuokbK/0AUaTEl/qB8rT4wsjO6gkhC1temm8BiJSXxUfGVVA==","mode":420,"size":945},"src/utils/page_nodes.js":{"checkedAt":1768031072404,"integrity":"sha512-+WbD47p5CEDKUtBzoABuM3AK7fRWPoB9YWi5qsZLoX4IvmInYHfb1Z9G4SnzLllHh7E2LxGkJ2p9p0qtCFoI+Q==","mode":420,"size":2326},"src/runtime/client/parse.js":{"checkedAt":1768031072404,"integrity":"sha512-jobvu4e3KfLuZR1q4eP5rjMzMdvN0EymC0oD6ky78jBfY7BG4MdqND/4ceZm+WcLq1YfTkAQgpqxmFoAB0TRRQ==","mode":420,"size":2761},"src/runtime/pathname.js":{"checkedAt":1768031072405,"integrity":"sha512-JQ1S8WzQXmGqqZLinn9kX+1lyzctm4OutjPBqkrc07qpvB9pPpOGDcaSpBQyJ7r6MAXChY0hYLs7EPwhVr1rXQ==","mode":420,"size":1306},"src/exports/node/polyfills.js":{"checkedAt":1768031072405,"integrity":"sha512-B8+9EMhQ+nV97TzfRCgtXQV6MTuf8pM36YMI3KcBEfN+nu6/RSI4QTG+MAax6CZPRRKaUO7f1qqAKml+Gawwxw==","mode":420,"size":711},"src/core/postbuild/prerender.js":{"checkedAt":1768031072406,"integrity":"sha512-3fxC+s4dT+J3tIEsHRlXGS3i1aGTJfdP+ZBhRVDA7A2iu1uT1X8KZiaTa33J+qKWWUYmlcX+S/ceGaAtuA9d1A==","mode":420,"size":18232},"src/runtime/app/server/remote/prerender.js":{"checkedAt":1768031072408,"integrity":"sha512-5nrRasAW/esixPkwjBG7GTAI4sAVBvPy5kLO73gjGkSCfY2lOBvpNiUznkniminksdEn7URAkfV8fz6MzpZnzQ==","mode":420,"size":5521},"src/runtime/client/remote-functions/prerender.svelte.js":{"checkedAt":1768031072409,"integrity":"sha512-LUndSjK4oD+eCjfcUKR3w1EhDdyh2eRNwZ2kG4xBOHUWcCCG6eIz+5kkoleJTBjCfDEl/uJf+s0NA+G2iEco1Q==","mode":420,"size":3811},"src/runtime/env/dynamic/private.js":{"checkedAt":1768031072410,"integrity":"sha512-EUx8Y1DkrftQ5vtVYkodk2f7gGf8H+HdUsLA194CUqRyZaFRlStP+nfdGsuHyCyzjv1JOwXdSv/7Fgtdd8v5TA==","mode":420,"size":61},"src/utils/promise.js":{"checkedAt":1768031072411,"integrity":"sha512-p79enfdlZfXS3NgjGudcfKWSg1EWhjIUKyTNz6/SszNnsLJLmRtEk+1bLB9X2DDk5GPJbHyZFUeMDuPTgd7bJA==","mode":420,"size":734},"src/runtime/env/dynamic/public.js":{"checkedAt":1768031072411,"integrity":"sha512-+KDafJwR8xxQEzgfzdwypnDMurcLfDbVFAmvEKGDtf9IUpeK4Vtk+PROUirip5BCC4/yiuAnONQdbRmqFKBNTA==","mode":420,"size":60},"src/runtime/app/server/remote/query.js":{"checkedAt":1768031072412,"integrity":"sha512-o6tYRjhFEIAaPw2K2U/n/QA1ZmNNXicNGDNhX2On83EXhccDt2Rcyf4C3L9OcW77sOlOm9OM8hxcYi3qHWSLVw==","mode":420,"size":9577},"src/runtime/client/remote-functions/query.svelte.js":{"checkedAt":1768031072413,"integrity":"sha512-edN5S5iSVn3eDN3Aw71mMepUvKFoOvOy9+K309C8mEDkUS+oMc2OIhEryedYjMsK6EbPBH0cFzYYN8wj7FDvUw==","mode":420,"size":7791},"src/core/postbuild/queue.js":{"checkedAt":1768031072414,"integrity":"sha512-Ce+q9Ul8W0hij5ODNBHz1XlYijqpJvLzKh8/lKGw0+mtBb25o/+2Oul22j4sZIL/AMXuZSM0UcST8xMHVHrzEA==","mode":420,"size":1445},"src/runtime/telemetry/record_span.js":{"checkedAt":1768031072415,"integrity":"sha512-Gbw+a6xbBJLwooU7p65eFs8ZhGHv2V6vdz0m8tF8Lwo9neT7oPK+cfmMuuCRrKVlbjELzANq7gF+bFQZxEZhHQ==","mode":420,"size":1674},"src/exports/internal/remote-functions.js":{"checkedAt":1768031072416,"integrity":"sha512-MJ2P90QqclduToZLa9gU31sYhOOZV9ephJo1YOdp1eOP/h9pf+03BAE+mPut1Ewl4nUB09B6FXGwlC8mYJiejw==","mode":420,"size":745},"src/runtime/server/remote.js":{"checkedAt":1768031072416,"integrity":"sha512-EyEhVt9vW3Gv8yL1V/qaXpTRHuu9XmWFG6uP6BaLPdntNkpw2fiYsGEFuroTCq63+NoZJwne1787QfOQW5yCxg==","mode":420,"size":9849},"src/runtime/server/page/render.js":{"checkedAt":1768031072417,"integrity":"sha512-knZd/Z77imD6EWkBmN4PPNVXNH9zQtoUfSx070t2zarJULIEpp+szR0RfWKpWWsz1Il6Ylk4nrCHKEPp9yw11Q==","mode":420,"size":20137},"src/runtime/server/page/respond_with_error.js":{"checkedAt":1768031072418,"integrity":"sha512-qz+8GztZUOh2NWO2yhwPQ1Tv9baaWFL5iEVklT7+S2Y7N2sZY6K7iI6Q4THyQGJDYdXRlHVKtTq5/dg1g4QzQg==","mode":420,"size":3044},"src/runtime/server/respond.js":{"checkedAt":1768031072419,"integrity":"sha512-sc3PuSUjvcj8OMRgsBTU4nWKyOFcadQIwQnV8YIIKUBFYPmyiiBqmTIXdEr4NLUYOIgZ4Wk88HS1s4dpTzq0vA==","mode":420,"size":24099},"src/utils/routing.js":{"checkedAt":1768031072420,"integrity":"sha512-y1Abz/SzIr2ZkK3OmLMaRK2CrtOvtazj3nOetMUYcZhbqYL73RUP63wFuplyW8l41vlfMZqanvbZCSLlHkTBlg==","mode":420,"size":7896},"src/exports/hooks/sequence.js":{"checkedAt":1768031072420,"integrity":"sha512-KGvExCIdYd1opKnMOLQu91UE4SzMQjsPWbIVOIeofbYzO/IOK7UpsgvRfyS/JG7ANARJYHvj9gYw9jv9tHilXQ==","mode":420,"size":4330},"src/runtime/server/page/serialize_data.js":{"checkedAt":1768031072422,"integrity":"sha512-z8xRpBfgSmJClh68Be+4fsSjjo6US1UasFnO+mPUa/i92DSXO2votoa5HrV/IzL8QqcdFyK194l58R/vyc9h2g==","mode":420,"size":3709},"src/runtime/server/page/server_routing.js":{"checkedAt":1768031072422,"integrity":"sha512-qgo2TiC2Xmtnk3oXeYdHmYrpicvbPY8/xkrDtPrxBN3dubTDYqVTGUKvoluxRzzh3p4Mq3pBpjAzq2e5IzSD7w==","mode":420,"size":4396},"src/exports/internal/server.js":{"checkedAt":1768031072423,"integrity":"sha512-zK0gGRStB+Sxpz/J5zfTEAF5It8zB3lnr4mT3SVEtnMJTLs7VcCF53XjCir05ooBHuNshh8LwbZbu9epvAc9kg==","mode":420,"size":492},"src/runtime/app/paths/internal/server.js":{"checkedAt":1768031072424,"integrity":"sha512-LU04tWtdg3v/k+ev+LXpPGgfNUd1cJ0XjfYCUcsTCiiSM+sz9r7Gv4Gb6u772x3ojT63JmYlk3fZKHaBYhD4mw==","mode":420,"size":715},"src/runtime/app/paths/server.js":{"checkedAt":1768031072425,"integrity":"sha512-XIg4PTKvp+xsjsVvAFj/FVf37jxFcR4+okai/x0QYHvc6JIxkB6tqOz6VS4tbBeJkidr8z0+BE6fXhwLD8M7ZA==","mode":420,"size":998},"src/runtime/app/state/server.js":{"checkedAt":1768031072426,"integrity":"sha512-cg2ONeAk2j+oXV7HDSkgi7kITITOd3RninX28PO1/cG8OT1XcngIs8bsMUbyZEi0h+SXT6oJPRfAXErc4VmFZw==","mode":420,"size":1544},"src/runtime/client/session-storage.js":{"checkedAt":1768031072426,"integrity":"sha512-RhyVMpOWs0OkwdjFsju9tMG4/hZO76QnSHP1bN90WPvR9EFxTXfcys5Zgo0g2C98aVmSdaeszJhDL3H++HjM4w==","mode":420,"size":557},"src/runtime/shared-server.js":{"checkedAt":1768031072427,"integrity":"sha512-rh8lcuEcCrmAX72BmVjaIdO+RZbgcMs/E+QXbQFwMWXqqN6t9qA7n8XmeR4b2UXy8Qp4jUwNOIzCHmPupC5TDQ==","mode":420,"size":671},"src/runtime/app/server/remote/shared.js":{"checkedAt":1768031072427,"integrity":"sha512-O9nKsA16PPiyblbqUPAm96779EQbacsV0dPlYMHPpTk645wscE1fMfj0T2BjI8D2xQTma9jUe+wjt7ErZylktw==","mode":420,"size":4793},"src/runtime/shared.js":{"checkedAt":1768031072428,"integrity":"sha512-XWT3LloAYE61KDrUpgUrS7ymCK8GUcxKTkDt5m0+e1PLfE0U0PBEbYJ4M06DGNsDI/K55YWxpVY6KyEIN38S5Q==","mode":420,"size":2843},"src/runtime/client/remote-functions/shared.svelte.js":{"checkedAt":1768031072459,"integrity":"sha512-HhPPqL/wdiv6PfETg7kcHVF2TgbHIpwUXawppvqDKEW6vTmpWyucs7efgO76siDEeeQusVwM26VofE+hUVSwRA==","mode":420,"size":3749},"src/core/sync/create_manifest_data/sort.js":{"checkedAt":1768031072461,"integrity":"sha512-wKQMAT3yI7v6Mw10XqzPWKqkFJ0XD7fapeu1TD6kW8Uo0b2TzrUjtocpDQu+FtZM3kPSA8hEDN5vTG3M9vwr0A==","mode":420,"size":4257},"src/runtime/client/state.svelte.js":{"checkedAt":1768031072463,"integrity":"sha512-aiPd/6JLXlCJ+gfFz2F4P19XRtkF7iIsoDuI5w2a2IQCcRjiWkv/jfGh9vnAM+IlibIwL8QlKoeDSNuBe/Q1Gg==","mode":420,"size":1331},"src/runtime/app/stores.js":{"checkedAt":1768031072463,"integrity":"sha512-s2V1fGzSGpmKrRhWOqGm48+GzgvSERgPPvj7yvrT7NYqRutxd4YYFBJEVza3618LyDFRYQGYAgJdsl2Gu+QozQ==","mode":420,"size":4007},"src/utils/streaming.js":{"checkedAt":1768031072465,"integrity":"sha512-jIrJiDCXWHRdQt3CDgZ2ziHfVaS4T+Q89JaEROd21oyhRlRXxdo2ytHVnmAafr8pXSBbGibL8Ib9Sq3hSEut2w==","mode":420,"size":944},"svelte-kit.js":{"checkedAt":1768031072466,"integrity":"sha512-7XdERvdgUZiFiwxODoubPtsp3ZIdGvGPMsuYGVqaTNa2i4lag0Q1GW2+vegyyGCPZGBfyKzmSedf7zTvgMPr4w==","mode":493,"size":43},"src/core/sync/sync.js":{"checkedAt":1768031072467,"integrity":"sha512-+G+zNsTLT+L1+OFAoqjivcxmndvRptwg+tAZTDFs3Aky2I5vO/FO7r/lUEAkSUsFGY39oMNRgcdUnQ8ZxQbtPw==","mode":420,"size":2553},"src/core/sync/ts.js":{"checkedAt":1768031072468,"integrity":"sha512-4sY0mW3oT+33C1J+9/gLOpvTtgdywJG8LFHvGTgsKrsUzK38jB+p2q3g+unlFGzzq0880nluY3ogSJmf0JD4JQ==","mode":420,"size":138},"src/utils/url.js":{"checkedAt":1768031072469,"integrity":"sha512-3mmRXdctjg2PVSr/7eWqSf3PcutVbOmLaTmHUPdaSvKBNQhF8FyZxHcRdVE67hApc0kNBp1SjEvrvTQiz22wNA==","mode":420,"size":4932},"src/core/sync/utils.js":{"checkedAt":1768031072471,"integrity":"sha512-juwPw06c5zGjAjroT69okVeX0nPI249mL7SjoMKi2Fx31YnxXhMest8lFce2e1n4IFes7aVpSjaykKHFH5GaFA==","mode":420,"size":1961},"src/core/utils.js":{"checkedAt":1768031072472,"integrity":"sha512-XOKf3hLfnO+/81sSMEsqJ78wOrTygz/O8vclO9jWSZacyD8He3QKlR3J/7K4zfELjHKb7FdRd1g5q79JRqoFZQ==","mode":420,"size":2553},"src/exports/vite/build/utils.js":{"checkedAt":1768031072473,"integrity":"sha512-S6GWn6/6bgxCyBiYPNvns0OBfXRuROho/KFkt5HnlrIj8S5VxOYL1zYPerhS+NqgoNUW4Fgk4+pOLCjYRqe2/Q==","mode":420,"size":3728},"src/exports/vite/static_analysis/utils.js":{"checkedAt":1768031072478,"integrity":"sha512-1725X7JvPeBAVb6AsEPOEZ+VeyoA2ekoMMT2cjQDiQhM5OLhi2OttXpaPej2cIHxf6GUuJ3bvaBt9csUSL4DTg==","mode":420,"size":2586},"src/exports/vite/utils.js":{"checkedAt":1768031072479,"integrity":"sha512-fWWihARGknyF0cpllcLc1XIIw2F7MZOaOcq1XXZkYQnSBSKMz/A+uw4SenDwhmhjLVWSJq058bxO9kWmmlO7Mw==","mode":420,"size":5432},"src/runtime/client/utils.js":{"checkedAt":1768031072482,"integrity":"sha512-99bBGgWPr9yDZHnBozVdhbdzJO5U+x6JNMSAu49TURbxiWTBjFvF1qUjsQuJTN6cjd6xH4N/XZXwoLyKlKBQTg==","mode":420,"size":8874},"src/runtime/server/utils.js":{"checkedAt":1768031072483,"integrity":"sha512-LpgBQsKX5qSZyAfGLrgsIn5yXGEigcKm9sZOJKUZ7x9XYs7Rh18oKqsDG16gAbY2ofFNo7Z4G7uogJhcqaeUpA==","mode":420,"size":7742},"src/runtime/utils.js":{"checkedAt":1768031072483,"integrity":"sha512-pWmIMiRrtHJswm1bYlOMiQdSw3ETQD6pzZcqf0b1D7Fl82srX38Hy0wJ4a141fyOVYXKaIhr1Udp7URwEYPQ3g==","mode":420,"size":1430},"src/runtime/server/validate-headers.js":{"checkedAt":1768031072484,"integrity":"sha512-MrWtEBqq6ibDseWGeKrlmhx1+UJPLm6bHEM3Y8QJqLAYMFXfPMl/eLI2CpqJOoUcG5LoZRYrZStYKtuGkZ5FQA==","mode":420,"size":1797},"src/version.js":{"checkedAt":1768031072485,"integrity":"sha512-miUXCjE57ppBeS7VuMdtd81je4JI1KPSpOLXXmW/ydVXP1GJQaUWIXBy0y/mcKNUUFADSP4+vuCuOSu2zvbTIA==","mode":420,"size":99},"src/core/sync/write_ambient.js":{"checkedAt":1768031072485,"integrity":"sha512-lEqsigMOgVU6/BEm2t/FQSeqB4kq3QTbvKnVZXAHiWJCFVT3MBlK7Hr4tk7OsIZCxn2tGBF3XrmTQP+Xv6s5qw==","mode":420,"size":1975},"src/core/sync/write_client_manifest.js":{"checkedAt":1768031072486,"integrity":"sha512-L+MFu3PbGegKpzJfsfB639EhfE8aYIEzokQ/oSV+wCH2aTAxR4RYba6qcHzOT4p7/pGiu3Bsz76E+50JSU8AJQ==","mode":420,"size":6470},"src/core/sync/write_non_ambient.js":{"checkedAt":1768031072486,"integrity":"sha512-us/kAc0qxTlidLinIeO2LmrYxlPHvMEA9NfnULdX1cap9HerpLB3mEHSXxIupwtLgBH9UTpPu9GrZOxBh+N+zQ==","mode":420,"size":4534},"src/core/sync/write_root.js":{"checkedAt":1768031072487,"integrity":"sha512-HfdMhsfe8vOuTJopzpKRPtSbKWiy7tlx3mQ7ZXqnyo5oBgb4VrchPSYSpmWlnqDQPV3umI/8SVd5aKQNFqyU/Q==","mode":420,"size":4391},"src/core/sync/write_server.js":{"checkedAt":1768031072487,"integrity":"sha512-2MsggzzCJoE7bSQmiC7eyBs7mLQ+ufI2luoTtZk+f8XcCqxdAFUCVwQciLAoZMogJSK+6K4NTWnVmlX76ttVzQ==","mode":420,"size":4860},"src/core/sync/write_tsconfig.js":{"checkedAt":1768031072489,"integrity":"sha512-yMTpWU2pRnOskniJZXHNOLWMrKicK/cZbX2omD8hyyti1G4TNR63bWfj/r9PCMXHeO62zqxTzmfX6t9gUvw1Lg==","mode":420,"size":7625},"package.json":{"checkedAt":1768031072489,"integrity":"sha512-TQXO/WJJrBFGf8A+0Ek3BemQPSGfQ0yf34rk7DljihoFDoDOTmca9ROoaXkbBG+lSK+E8EvEtDyALJpZ7Q8C4Q==","mode":420,"size":4469},"types/index.d.ts.map":{"checkedAt":1768031072491,"integrity":"sha512-s06OgRR9/NoiS1c9vky6oWTe1VHp1kDY2MiM/aYNN7JcKDWkHwz5g2p68q56rbWqoQmDT+nXonf1mFUX9Ncnsg==","mode":420,"size":9780},"src/types/synthetic/$env+dynamic+private.md":{"checkedAt":1768031072492,"integrity":"sha512-Q8ZHW8iap6XY5Jl3VJHsfMNkQrTHQWpkWkcsZgpCvFPjEgyBo2InA9cx9TmwT6ojRXTgvONGCVwiXJIUiZTjUg==","mode":420,"size":874},"src/types/synthetic/$env+dynamic+public.md":{"checkedAt":1768031072492,"integrity":"sha512-GW48qXSOtKY92yTL/SMbnYP6kSZa2kfCytNwltbCZqhxqFAwFVBWQPSzwO7/aSUtdDCKKwibyPV3zCZLE2dHZw==","mode":420,"size":587},"src/types/synthetic/$env+static+private.md":{"checkedAt":1768031072493,"integrity":"sha512-8fXeW4Dg4IybOjR0aSiC3RdByxPxNd3wbPXdNrUR9R1cQfsd/qw5+Ka6daPzdD+B6bzYv62uRVdeoCMr2d8SqQ==","mode":420,"size":1122},"src/types/synthetic/$env+static+public.md":{"checkedAt":1768031072494,"integrity":"sha512-aNl38FIS+MKxPtXKxjk0rb/9PjewoIrEnRzrVl2oUAsPfKPKKRCeVethgOVr9FGyukOzQY2gbGJ+ArF2xFgP9w==","mode":420,"size":431},"src/types/synthetic/$lib.md":{"checkedAt":1768031072494,"integrity":"sha512-LnieIMO+JR3jDAnlwqflFIQcBRyO0GHaELxK6lVStUeIjcGEKmDvTrZu41DXB8ikk0/mpU/MzcTe2TshCfam/w==","mode":420,"size":461},"README.md":{"checkedAt":1768031072495,"integrity":"sha512-7lZN4l+vuahI5RbEWVVT0dRKMh9QfilgdjNFLuPByzN31AQad6DCm20DfOaYHGamrqH4sY+/+7kvVQtiVKjEBg==","mode":420,"size":476},"src/runtime/components/svelte-4/error.svelte":{"checkedAt":1768031072496,"integrity":"sha512-mG1GMtabZxrpg7Rf9l1gRitDSmyaAws2fyj7jMklQ8MENTVbjqvbZRdJXKwrQIbK5WxNd6aKXCQ0+9kPvEKxqA==","mode":420,"size":111},"src/runtime/components/svelte-5/error.svelte":{"checkedAt":1768031072497,"integrity":"sha512-OfIyGluDl/Q6LHjrWaEEzqfkHzvWJ06wXEnmRrGvZsRa2Ckfg33ThR4LzWKfeae8OvPpgLyHXv6qNHE/8GWosA==","mode":420,"size":108},"src/runtime/components/svelte-4/layout.svelte":{"checkedAt":1768031072497,"integrity":"sha512-Z4lLiazQ2EJYuyHGBNhn+T77ITGE2CUCgxNQ4zQVHp8lM7lgNVQI2oJBBoeoGXVrgU+o5G38i4vvFe6/vqBQhQ==","mode":420,"size":9},"src/runtime/components/svelte-5/layout.svelte":{"checkedAt":1768031072497,"integrity":"sha512-t1Kh1bXJQm3evOH2wWCvgzfmZ2mbfTMbol4LpTvh6DZuV/NFYEjorXryNcPXRlECkLSEfDz+EuY+emmEDMNgLg==","mode":420,"size":72},"src/types/ambient-private.d.ts":{"checkedAt":1768031072497,"integrity":"sha512-a74yB7Lob57gtytQYzZ7UJem0lBQ/Msn/ziyMwKHdCUQoqKTuAwtzcwlJH/YgJQqukDTqpg2RmHIK/2wtihOYw==","mode":420,"size":1069},"src/runtime/server/ambient.d.ts":{"checkedAt":1768031072498,"integrity":"sha512-A57bmi1K4HqAeIkGVzy1BFgfbpL7vIPuIv+FF/786SO9LUpR5jf3/QZd3ntSteZykfYNDcHYfYCnLXpSmzilQw==","mode":420,"size":173},"src/types/ambient.d.ts":{"checkedAt":1768031072499,"integrity":"sha512-LEXw9Vpeu8LcI0Fi00ULmRNO0X4rBsAJpYIWZmsrEqNjr/X9E2yD/xokjLsdU9Ni1KCdwriclTXMMfvpCZIhBA==","mode":420,"size":5859},"src/types/global-private.d.ts":{"checkedAt":1768031072499,"integrity":"sha512-V8ih4aELe995MUTjRxBqdveWZzPu4HrYahoxL3t2ZZy2KhgDKJZJFVu09E7q6LoK3AuHtzr02ZtXZCrxUQJd3Q==","mode":420,"size":2909},"types/index.d.ts":{"checkedAt":1768031072500,"integrity":"sha512-0jMVAFjlmG3rjkJwJPFQqDskVzm2IXFpdnzaBZPVpZZlPTw6NGu2v7IR43cUK/dMtEjj9X5QqZMXotM4iLHowA==","mode":420,"size":146409},"src/types/internal.d.ts":{"checkedAt":1768031072502,"integrity":"sha512-+471qPIpCZ+KukJkTCIHIsIFF0m9KLnOt3e1HNqik9HXYFRdxqr3rAr82YjErDCv9fvDYT+A3LdlW/eUYxJlUA==","mode":420,"size":16556},"src/types/private.d.ts":{"checkedAt":1768031072502,"integrity":"sha512-7lNbw/dBY8mnYhAsCrjA7gvqY5CK51VmNLetJY0J5Tu9L/9MR5eOv/wAPEAbVH+lhgIVrDOYWzao/6/mvFDv8Q==","mode":420,"size":7818},"src/exports/public.d.ts":{"checkedAt":1768031072504,"integrity":"sha512-zJ1Wn6spK/EryNOttusGlUuls/DbMVTK3VHXWXBCC4nv/OFLHcJyVYTPAGHUCTDkJNohkHPlgPFd46Ic7j0h7g==","mode":420,"size":89284},"src/runtime/app/paths/public.d.ts":{"checkedAt":1768031072505,"integrity":"sha512-Ir2/3G17PI5qxlb/Mt+4Whgw1GqF0inQuOEVHK3ZRQZb2V+YiCIRc/Kbz+PQ+QHEFgPLNyBRfFQRwNrX9j+oSg==","mode":420,"size":1175},"src/core/config/types.d.ts":{"checkedAt":1768031072506,"integrity":"sha512-rXH9eve6rbF0mUQXSgkW/AAi6bQroASQOHSD1ppJ7ICd5EGPnlQCBEay8WU4hZ6s5tD4JlAfsJZtuL+3XP9BpQ==","mode":420,"size":67},"src/core/sync/create_manifest_data/types.d.ts":{"checkedAt":1768031072507,"integrity":"sha512-C5S0IsPtezH8xfr1+S3wSl9N5wfeo9v/o8RltyQbSGdLwvGXLXut3YepwKC08ZJKiKH08hL2jUZTebhkJGm//g==","mode":420,"size":682},"src/exports/vite/types.d.ts":{"checkedAt":1768031072509,"integrity":"sha512-zkzsYnMClxWSXaCK2I1n9vurGZKz83yxrSuMJdDAkLuRDqF3zxCBBcBysBFvXrm+vNliVSBPIYE67qr5hAlfMQ==","mode":420,"size":75},"src/runtime/app/environment/types.d.ts":{"checkedAt":1768031072511,"integrity":"sha512-dnlPNun+wWtUznjqnSc+0k8WSBgN7gL7Wg37YM0HFclpPN6LRItjdEWxiAOXZIQ4zglk4sEs7iaPzzEZbTh2Cg==","mode":420,"size":498},"src/runtime/app/paths/types.d.ts":{"checkedAt":1768031072512,"integrity":"sha512-yra+3BFX9rpDG3rfRaYPzD8u3VqCTR6dKSSpOzp9PJmmeSZr8vAyWHeHA3ut00/GetRge8XyKOCpy90f7xoppQ==","mode":420,"size":253},"src/runtime/client/types.d.ts":{"checkedAt":1768031072514,"integrity":"sha512-s4DwjvV32FiYJ9VzwQcJ8Z87L6xrdIU5JPxagjcxvm4ULMhear5lQ2CAXeP0ILdT1i5kGOZnRU4T9cKWQXktQg==","mode":420,"size":3765},"src/runtime/server/page/types.d.ts":{"checkedAt":1768031072515,"integrity":"sha512-+79Yb6ZeyIEINp2ZYr5tnxH11qUVX7+wZd4HSI82W+D9os4keCigAqHKJapfBPzWRCMYhIuWOsg6SgWq8iUM+w==","mode":420,"size":1286},"LICENSE":{"checkedAt":1768031072515,"integrity":"sha512-210J9JZYxIbSu5A9LA9wPZRHe0jrYUb1WkiBcb+YcNZN0iLmnA9pX36av2pZQ8/OHUSDfCYYZN3qjo4U8SrYxg==","mode":420,"size":1110}}}