{"name":"@rollup/rollup-linux-x64-musl","version":"4.55.1","requiresBuild":false,"files":{"package.json":{"checkedAt":1768031076861,"integrity":"sha512-SOQbt9n8h1NzEyL78gSQqxre+0CASRibdNCkdq5UwBNHYCxSr2K/AwgaRlsPiXfPOrjo0eEWZnRAI2oTas0Pyw==","mode":420,"size":482},"README.md":{"checkedAt":1768031076862,"integrity":"sha512-5w0clYQzWCpPCMzdiw6R3wJDz9Xxt/3KdT5wZVKCz70lV7VB8JZ1W1n7kCcsC2/P+zGQxwmdlqbLWiAt92hzjw==","mode":420,"size":97},"rollup.linux-x64-musl.node":{"checkedAt":1768031076869,"integrity":"sha512-WEkAk9wHL3Py0EaU8ITtZ/BtTCTJlDT2HV3q/c/zTECSMxrQ7hgU21O5AoJtQybRDTIPf7deh4DndVcoy9hjpw==","mode":420,"size":2061024}}}