{"name":"html-void-elements","version":"3.0.0","requiresBuild":false,"files":{"license":{"checkedAt":1768031009004,"integrity":"sha512-cQvy4TvDNGTww5W7wo7SHRjv/0G8g3u/v8V2BhwwrAM+M5M2Z7W8hy+cQrU+e4exnULY2LrZ0EQqBk6Fj/Sdrw==","mode":420,"size":1099},"index.js":{"checkedAt":1768031009115,"integrity":"sha512-3NUPZIpaZSXpP03QFFY4AnOhycY/N08IIDCgpBqmf5wdVT5sxMrK8wu82AWIDcAEu2vbzFfQpQSenwJMQWVvpA==","mode":420,"size":316},"package.json":{"checkedAt":1768031009116,"integrity":"sha512-QMuzir0AZcqconOlkThPrP2ccwGmBCIpPlC7YyjCGpHvFHkbw3UV9lPCSL9G3HDM5GLzN07JFSSrVMSz7FOssQ==","mode":420,"size":2018},"readme.md":{"checkedAt":1768031009117,"integrity":"sha512-3sAC9z9fy7Gpb8zDezLJqc53tIZ2vRHUZtreqZ7j67JWC/D7a2TWbcfkZ7nVYK/9KsO6IJVW9Tc24uZWYsNyBw==","mode":420,"size":3353},"index.d.ts":{"checkedAt":1768031009117,"integrity":"sha512-Tf7I9+owDowfPKhtQ4cHnz2aLSQQ2LhhOUBvyUFB8UtmsMN716A9LWB+jQv9f2R+e+Cbm6SwoTCOu1/Tz6ieqw==","mode":420,"size":113}}}