{"name":"@eslint/config-array","version":"0.21.1","requiresBuild":false,"files":{"LICENSE":{"checkedAt":1768031078601,"integrity":"sha512-3Gto0TuM+VlkS5NfEZKwLHGqelz2U71DtEgPqJ7sjU0/FqInjsjDtAqx/bIzsxc6eP2DWQ1vc54Mno/1bCglVw==","mode":420,"size":11357},"dist/cjs/index.cjs":{"checkedAt":1768031078602,"integrity":"sha512-8itt2qJyJlDUeVBYuyH9SXrzoAaGkKloHT3HbgEhQMLECdgzvO567nV6hQ9xjenWhJ/9pPQ5aDsKE+SGqWs9Ww==","mode":420,"size":43643},"dist/cjs/std__path/posix.cjs":{"checkedAt":1768031078602,"integrity":"sha512-apgJc/Rv1tDlPAyKHjQcx/NMD+x4mlRp76907yCdVsT0g44OG3rMye9Wwr6g/cX1c8ws7IaKpnRVaJ7o62Orcg==","mode":420,"size":42927},"dist/cjs/std__path/windows.cjs":{"checkedAt":1768031078603,"integrity":"sha512-t2CDbaiLU86429ogrtaHEF4vcDr71uIXzYzVdHxIxwTg5YU0IEP9dplvKlFofU94HJCmmMsfLcCz0hc6DELjAw==","mode":420,"size":54475},"dist/cjs/index.d.cts":{"checkedAt":1768031078604,"integrity":"sha512-IjkzgP38rDmXZgcgEiiP5cETSVUiEYlyQoGPLyYSlt6XbJeqb+zWa7t4IwS6AQSPKdL0F2zjkiqCGlP/u6zGyw==","mode":420,"size":6749},"dist/cjs/types.cts":{"checkedAt":1768031078604,"integrity":"sha512-KBxAwAphUAAtZtnY24g93UpJKse5xdvjTv10G1SSCa0tcMshcHoq8NH7n4bNfMEr/MqjAznM0JBLYgfM1Uoxzw==","mode":420,"size":447},"dist/esm/index.js":{"checkedAt":1768031078605,"integrity":"sha512-7ddvyi6ocPN0JdUMV94fnEffVi0zcHdvDU0hnSTJnzyqeQzmUdCG8x8DibcTjbf5u19/o6lryB7KQXmAteKDxQ==","mode":420,"size":42967},"dist/esm/std__path/posix.js":{"checkedAt":1768031078606,"integrity":"sha512-O7PofVVdWTqPBQb/U3PraZPOakm+eTkL/MHn9NAXoOAxejLzud/9kQA3neLgrqFAYnm5PlfVsBpc0EATf7MTCg==","mode":420,"size":42504},"dist/esm/std__path/windows.js":{"checkedAt":1768031078607,"integrity":"sha512-VmnWb+kwumQfY2/0Fz2H6Ma1yf48gRjofDGmWehMt6BOStgnt8kduBMwQSzCLfeztUb2nF9Knn3MRv/fAytVPQ==","mode":420,"size":54052},"package.json":{"checkedAt":1768031078607,"integrity":"sha512-OOeiRRabMpavtXPivHkedhT3Rwk0RwV1xL+aij91GjRR7/6RTsQdNZB3Rq7rSaB8lZGPt3gjnjmPnAfMgYVvjA==","mode":420,"size":1919},"README.md":{"checkedAt":1768031078608,"integrity":"sha512-Cha4/uWi8NvkbKIbLOpMoCZcLigdGDjmG9Av478dgxLlqJ9ZJlkT8jBky/TOL5FpcS/iBaQ8EnK+amYmOVwD1A==","mode":420,"size":17362},"dist/esm/index.d.ts":{"checkedAt":1768031078608,"integrity":"sha512-Xy5eZG9DlEtNFraoizz1SfN0S1BniHWy3aaU3V1ifPbV9RCi5MwEH75ZMeNFg2vPWjOBORlLBKiXPMzBwRja3w==","mode":420,"size":6748},"dist/esm/types.d.ts":{"checkedAt":1768031078609,"integrity":"sha512-Nmd2o9BGAaDsuBe8Ov9mKeTZ6cy0G5o1ifOZ7ys28XGtHL6CMNCMDaedBLJ77vxrdw5NTOzWI0ssISkjYhZIew==","mode":420,"size":444},"dist/esm/types.ts":{"checkedAt":1768031078609,"integrity":"sha512-KBxAwAphUAAtZtnY24g93UpJKse5xdvjTv10G1SSCa0tcMshcHoq8NH7n4bNfMEr/MqjAznM0JBLYgfM1Uoxzw==","mode":420,"size":447}}}