{"name":"@rollup/rollup-linux-x64-gnu","version":"4.55.1","requiresBuild":false,"files":{"package.json":{"checkedAt":1768031076895,"integrity":"sha512-x8mfHx7pJWEagpfiWEEH250WeQk2AoB7NWzfeTNPuHlWbmht7VHJRHupEipZBjgMzv5x2L3AajSGiDjisQsZVQ==","mode":420,"size":480},"README.md":{"checkedAt":1768031076896,"integrity":"sha512-JfylgMnN67sEVrDeTJWU9LPg41B+KsNLLvXH2JHHaqBNw6qpjnfNng//L52tyyS6mexyHlfUW7zF2U1HdfL0gw==","mode":420,"size":95},"rollup.linux-x64-gnu.node":{"checkedAt":1768031076901,"integrity":"sha512-OM7bGMAgD/ga1KmCCtFP6H5JLogDv7tHHB6xB3ZuJIvHpik4uZvlYNTrKm+yAS9ehExVQXKMczwvmhe5KtI0IQ==","mode":420,"size":2026648}}}