{"name":"json-stable-stringify-without-jsonify","version":"1.0.1","requiresBuild":false,"files":{"package.json":{"checkedAt":1768031006919,"integrity":"sha512-UrFTvH/IZUV8mIbAFrQkqz56kqBsf6cKowY/aVcydXcjpE2caRU5PJbjELTODghMc3dMgV9rystnE6hJVepwhg==","mode":420,"size":991},".npmignore":{"checkedAt":1768031006919,"integrity":"sha512-jWCdZNTj97kubLBHssQWkC9Z9ntxbPwbAw/0p0X3jiy2XKq4+jjTnPKOOZf+NczCTC5rHALeejnoIUZ73ucFYQ==","mode":420,"size":13},"LICENSE":{"checkedAt":1768031005312,"integrity":"sha512-UYETA37gNUDKrmMFiphSX5pKZ0Jb2MNZb2l77Vrh0gU/5292uFpO77gMxRn3sD02jPS0RSiMTKfKy151I/M5Yg==","mode":420,"size":1073},"index.js":{"checkedAt":1768031006920,"integrity":"sha512-KIrSBEFTXKpgHztQwNmLD2mySwR0uucZDsQ2Ifu0ijAQPv5NShHuVkF5xFBLhIGhWxo+kH6i0VIGQLln0jZtgg==","mode":420,"size":2792},"example/key_cmp.js":{"checkedAt":1768031005837,"integrity":"sha512-kaFuEpuTfDxjzdbP/4k/Qj3mNHJtx5gwSkQV9odAXpm0GpnLkLFhVhOiTzjMFJNWxJHJxd6TYEvfOpPpmNIJhA==","mode":420,"size":177},"example/nested.js":{"checkedAt":1768031005838,"integrity":"sha512-4JTylq2ZfShOHPgtWQBsjKIwOuW14nooTYIY6jEyPCeluT/DvOt6B0nU6Bge7TmcSps7njsQyZFa0M1Lx4wYGQ==","mode":420,"size":109},"example/str.js":{"checkedAt":1768031005839,"integrity":"sha512-SdpMkNQdBEFrQBm/2N6drT8GmS2ox8ZfYuao6UfCM8w+K7QWTeuxHMVqjhA9XAq0rbMSkzo696VK2SCzilhRIg==","mode":420,"size":97},"example/value_cmp.js":{"checkedAt":1768031005840,"integrity":"sha512-fA1LYtHFgcS0rOJ9lIuyEsA4e6GF1k/mqz2mSuQTiq0A28rHvuW/ZL/KAH9o++8QCMbXoriJsKLNP9JY7apt8A==","mode":420,"size":188},".travis.yml":{"checkedAt":1768031006921,"integrity":"sha512-G+4vN/bNPR0azSHZo1UnPVGWGpOvlA4p7IB/UtRUf1BGXLZpPHiBX4nQH25am3P3SN1wLxGWAjpWpnVOP/lmag==","mode":420,"size":48},"readme.markdown":{"checkedAt":1768031006921,"integrity":"sha512-U+SNFgHhDp32kY+hVXswk6UCECXXd610GEIsu3vcTVxvDf4vz4aKuxtAwlWtHN7lVEcpWyfL+zd0mAb9SsJd3Q==","mode":420,"size":2767},"test/cmp.js":{"checkedAt":1768031006921,"integrity":"sha512-Vdt2ysTGYETgITkoiFgV5+WJHVufJtCvaZQ3wzyccUNqgwh5AP/Icri+M0y6gyO/5Yc7XN8IRD1dnizL+hLScw==","mode":420,"size":335},"test/nested.js":{"checkedAt":1768031006922,"integrity":"sha512-oKjSqxduEPfzvknQVc7UHsDupr1eBC/bTQJN/nLMYqtODCrSHUEo7q90IU0BY/lAhyH0Vu12leJdjrMujLkm0A==","mode":420,"size":1124},"test/replacer.js":{"checkedAt":1768031006922,"integrity":"sha512-G6C72zWZ8ZpOo2Xa8abbUypEdrjPGfNTL1fADgJEa5Z4T0p+orrE0A43wk7R7W6CNEB4l0mfclBnWHE3IXjwnA==","mode":420,"size":1745},"test/space.js":{"checkedAt":1768031006923,"integrity":"sha512-8nU9erNc6ESxfBxCuFtCEqIuCKID9zQF+fqWva4VWEONyAxOhGP/p6LZ2Eoc4OVCVy/Vwl2IVvpxBnnIbkQhrg==","mode":420,"size":1433},"test/str.js":{"checkedAt":1768031006923,"integrity":"sha512-NrnGIiCT7iAl7r6naPDphKAULqtgIKlf4VZIAl/xhYt9g7Zzrb+XIanAku0LU3nmf7tGFBaKrxIvBz0dEqEleQ==","mode":420,"size":758},"test/to-json.js":{"checkedAt":1768031006924,"integrity":"sha512-DqmfTZNAtx1ISdYy0iaT/VOXf2oK8/0eSgH8D7SuZjqWsYtsj/4z2sX0qMlj58/1+qzWS43/lkiqh5xiSTX7Ag==","mode":420,"size":574}}}