{"name":"@esbuild/linux-x64","version":"0.27.2","requiresBuild":false,"files":{"bin/esbuild":{"checkedAt":1768031077262,"integrity":"sha512-NO0ILqkicL8EfezS/We49ImRfQxt9sBPGYp68p0BmCzCeYXNjylJ3lTihu+H5PoBRD6u/yy8+QvvS6m4+2OX6Q==","mode":493,"size":11100344},"package.json":{"checkedAt":1768031077263,"integrity":"sha512-zKSPWX2GQXTGxyG2KyFcjufYIG5u+0WlHbQtb0IaOV+15YnseQucaSiYrLiKNL8pc8iwEgEuh/v0lrllf3rAbg==","mode":420,"size":372},"README.md":{"checkedAt":1768031077264,"integrity":"sha512-qNBiKmnPN19z/Z+/lCWlQUHNdW/dUvbWf5vFnL6D/NigWWw0HAKYXtACpBYUaA3TvTVK/gkK+Cus4aW8HbBtdQ==","mode":420,"size":141}}}