{"name":"vfile","version":"6.0.3","requiresBuild":false,"files":{"license":{"checkedAt":1768031009272,"integrity":"sha512-ZotpKAIe5HmaXBvKi/aq3uIOzPEkR2cTMeTYcq2M04vOTjiQcZ20T3Dl+c1EryaxT0N5hlEkJg501CfmBUEqkQ==","mode":420,"size":1099},"index.js":{"checkedAt":1768031009273,"integrity":"sha512-2VVXs3v5n1ZxitNOo+kTYrkGv1hmj+bv7NKU9VwybFHBciFc16c9zVAtiLfWTBXlknoB0HFxbnKAclhaY/1p8g==","mode":420,"size":78},"lib/index.js":{"checkedAt":1768031009273,"integrity":"sha512-K3kmaApXnz1lu5P1gpxuN6cJhNiVKSOXlG2YjOVv3s+fHJG1MeRInmbATiuj/IQskdFZgZAYEQINu41xNlbqBA==","mode":420,"size":16952},"lib/minpath.browser.js":{"checkedAt":1768031009274,"integrity":"sha512-HyquafZn44vjQtw9tylSQqabBL03c/TT3QF5p/XUeceqySqBLGIXl4/HdFVOOPy1wCTGVGCylOBqNuUG7M4IcQ==","mode":420,"size":11416},"lib/minpath.js":{"checkedAt":1768031009275,"integrity":"sha512-sZlR9kiBAwbXredGi+0x4qpBwo4PAjvhYoTXoBTHYwIfKx+0GNj3B0d9yDDEpvUwcSLqFMu9YEe8xddf5n1PsA==","mode":420,"size":45},"lib/minproc.browser.js":{"checkedAt":1768031009276,"integrity":"sha512-L+xI4pXzyKWs3QJJ5sfDmg2pdgkdd/BfhZ4V5Y6S9mNliA6+LDSrtD+OxHl/TpmMfBaM1HLU1EXm5UJQUtQ00g==","mode":420,"size":229},"lib/minproc.js":{"checkedAt":1768031009276,"integrity":"sha512-CmZgJKkm2WV5MPtcqzW2+7ywtWi52VlPk0vnGm0M6te+h738xjg+oXnYdL2iF7r7iohxYAjD6WXrerA96GlBJQ==","mode":420,"size":48},"lib/minurl.browser.js":{"checkedAt":1768031009277,"integrity":"sha512-lRYuDV0cQl5i1POk62Tebo+U+6m1Xs7rjB8hgcrnd2gsgR7uKqpzOyPXRgSR/tcywNZRNHr10Do8EWTIB85Xgg==","mode":420,"size":1863},"lib/minurl.js":{"checkedAt":1768031009277,"integrity":"sha512-Fi4dpN0vGZL+N2aLpuNG2+qdNXAkKpAFPj6S5KQ0s1pfY8h4jmcAqok03DOgw3aYbfmdIznT+Rhbk10rS/brbQ==","mode":420,"size":93},"lib/minurl.shared.js":{"checkedAt":1768031009277,"integrity":"sha512-9mjcFcwMn/4T47EWYI29Nh1RCjx/F+HqOfVgM7FHzguM9IWhJhTlLH8q8MJ4zyJednAsiBd4N4K/EKAJzPIzpA==","mode":420,"size":1087},"package.json":{"checkedAt":1768031009278,"integrity":"sha512-eVSE7I3TdkHXrkMhHAUxturbTR4tYrQSMhyPUTkToe6YtHULwJX1T4PX2oRS+RSEMdM/vUfr8A7xYaBXlZ4bTA==","mode":420,"size":3205},"lib/index.d.ts.map":{"checkedAt":1768031009278,"integrity":"sha512-ohHnScstFM4AHbiAh0Kl7U4utAPKKXrHIF17VCrJb/8fCiO4W8EhxjjQphLIqf+BpkRM8/HiVJ4f/7i9BLyEHA==","mode":420,"size":4192},"lib/minpath.browser.d.ts.map":{"checkedAt":1768031009278,"integrity":"sha512-VONGRHZtXovlItSRKm58GK+YaTFNoiTqm/X7zCUKbBmQ7rTGzGeGskAJU/lnXuUXWF66nm2iQs1mpbt7zGVg0w==","mode":420,"size":368},"lib/minpath.d.ts.map":{"checkedAt":1768031009279,"integrity":"sha512-sQrO1R7K8EDJpY5ocQEBcH3LBAAf6Q1CxnzKMfZm9PWWGVnSo7RfYFmwtdEas0VbgHn462cVda407RCJWYc0Iw==","mode":420,"size":101},"lib/minproc.browser.d.ts.map":{"checkedAt":1768031009279,"integrity":"sha512-YxbmS9cRXRCxe5UGn6RcKHfGDkt0HlA6QdTkEWlOk1NJ8qozOoFtxxcckKAKZPuqfILrHys48TXySqpZ1+MWgQ==","mode":420,"size":130},"lib/minproc.d.ts.map":{"checkedAt":1768031009279,"integrity":"sha512-dJuZ4XnpFu5qSQVwa8ORzA+Bo/KqYncejtImRcsmJj/DsopsuAZzuWlr3HViwWS7sDKUzJLN9AwJklkWgV399g==","mode":420,"size":101},"lib/minurl.browser.d.ts.map":{"checkedAt":1768031009280,"integrity":"sha512-U8J7mcUKTVfwp/veKBxM3/2WYaJsyUIO3o05Ws1jwHY74ENij/p6HOY9E+dQlqOKQFUX1uvWnJEMrWFcsRb3ww==","mode":420,"size":171},"lib/minurl.d.ts.map":{"checkedAt":1768031009281,"integrity":"sha512-Dlqh0EZo/lnHmmgYFtFlKjFTnEbErQ0n5rL6z5CMVMUZXTe5vtAwfvYlyiFQPoB6t8lWUaQkVB1KJvQuoI5foQ==","mode":420,"size":99},"lib/minurl.shared.d.ts.map":{"checkedAt":1768031009283,"integrity":"sha512-+nt4Cv8JNMkn5InWwaeZzV9BdUfQFmBkGNFGCkrl4CsKziHrxJ0/6/OTWMxkfQznPSl/ahfgtIoUsnuLzlX+lA==","mode":420,"size":181},"readme.md":{"checkedAt":1768031009283,"integrity":"sha512-94bXfYVFj3IhXIzXZtkox12gtSEe+0wEpVcrtJlmjFh5pWOIFYX4Ap8GmfR24ieNXa27uI9RlGUZGU2YCRqSTw==","mode":420,"size":22615},"index.d.ts":{"checkedAt":1768031009284,"integrity":"sha512-YOtOJ96Tj01HntONHdeHeq82JLfSak3GfLwOXOXjnKmQ9iRUHhMnR00t13jKUEJ2TrnQ0FHsBZTL7BI5VFy5TA==","mode":420,"size":3359},"lib/index.d.ts":{"checkedAt":1768031009284,"integrity":"sha512-TDQhvQNV3ty/Ab8IjGogEBw6xq8LnyQIdCCghZjhJBohJEihb1rPefSnskgG0ux8+3vv2khGrl1lxE0MJy1x5Q==","mode":420,"size":51789},"lib/minpath.browser.d.ts":{"checkedAt":1768031009285,"integrity":"sha512-A3wM7kycT093AmgnFDIMTetRIv6iGvyWu/AgGSlGwlGYydQm1sU0ROYgut2bDbqrdG/mBJ+6/GbapaBBxqrP6Q==","mode":420,"size":1019},"lib/minpath.d.ts":{"checkedAt":1768031009286,"integrity":"sha512-n9uqedNbcSjgZDE/+QrtB7TKAAsD9Yw1UD5/sucMLEadvLSeFCdYaEFzXPwNIzq3sw9ZBiChwp71FF2phXXyuQ==","mode":420,"size":85},"lib/minproc.browser.d.ts":{"checkedAt":1768031009287,"integrity":"sha512-2Npmrm1dbGBRwFQd6YJfGKfOCsar0KjimZvI6hVDh5VhR4Ap9ab69yaJQONeEFJCsWRcrPKhbEv2KPpOXBoi4g==","mode":420,"size":137},"lib/minproc.d.ts":{"checkedAt":1768031009287,"integrity":"sha512-pZ3aY1QOSS1BIbaU3D20+um3o+DgBT6ycByUB+0BWUdHcZ3ERrM3Domp5/o2Yu7dIrjER40/uIZiDSJkZu//mA==","mode":420,"size":88},"lib/minurl.browser.d.ts":{"checkedAt":1768031009288,"integrity":"sha512-fWEIJhEM19NQZ/zV/1gZiPeS3DSPbdT7nMUDTs6XZsizFgminrohwyZgMZHCQ+mctc8Jjct9ZJa5F+GBd4AqMA==","mode":420,"size":232},"lib/minurl.d.ts":{"checkedAt":1768031009288,"integrity":"sha512-PN5ysBzJ04dWpIo4Vi8I/zhTwbQdcbYA2Q/KGbrNzlF5ONTbGmy+G2+B4OdIfmuShpPIBxOHUC1Tx6kmnvnI2g==","mode":420,"size":135},"lib/minurl.shared.d.ts":{"checkedAt":1768031009289,"integrity":"sha512-K60VxtgPH/SK5TdXWVNqcabrHXNDuAJVUNCQmP0dgVLAX21PkV8kQl0pCA32qO0BzMislvO9ai/SdJeA8s5hvw==","mode":420,"size":769}}}