{"name":"@jridgewell/resolve-uri","version":"3.1.2","requiresBuild":false,"files":{"LICENSE":{"checkedAt":1768031007393,"integrity":"sha512-wOwPpHtjnxygZkohTraXz1QrdoL1PWwEHVKEWJtpLlZVRg4jf0O3Dk7gUAaQ0iNEhd/1J3TuDeeC5M/yl+Jm1g==","mode":420,"size":1079},"dist/resolve-uri.umd.js":{"checkedAt":1768031007393,"integrity":"sha512-gTgySyQ0DmPFe2mNdIbEjRfhMUWz3Jo6zUoULy70y7QKAxoQmD5UgLbzWNNe++nVk9Zb50KifOUJBAN3koMLnw==","mode":420,"size":9866},"package.json":{"checkedAt":1768031007394,"integrity":"sha512-6MCx2HgSBvipgP3/i2HfjJAV6bIW/mj6YEFw3fKu72BqtBb1Q/txeWrJy1FDFSlCjtQuszh/iGBEmdmFWSMweg==","mode":420,"size":2063},"dist/resolve-uri.mjs.map":{"checkedAt":1768031007394,"integrity":"sha512-IsZGs5tpBiWvO4nQ6YNYHb2uF8tbpNrAUR46qeD9JdsLRzcx4DGuGvFsilAlQlmInr0z1xwSx5CcLTd1Nazw+Q==","mode":420,"size":14262},"dist/resolve-uri.umd.js.map":{"checkedAt":1768031007395,"integrity":"sha512-t1rHjiIsphkd2Km2JkV2fKsJQxK9nIr0ABGYtRiJG70GeMP4/KVTOf62qjBJGGFGLQFKPTTjYotu/Ou6JOW1tw==","mode":420,"size":14298},"README.md":{"checkedAt":1768031007396,"integrity":"sha512-p4MJJQWCeDdNMVSWtscCgd2a2DWB4tCBmaCNDtVfo3nVLdojdHAHWt6TMBc6bf1qASmE1psDpLdwAuCz98qUWw==","mode":420,"size":2826},"dist/resolve-uri.mjs":{"checkedAt":1768031007396,"integrity":"sha512-FcVCiCniVkWkviHWSwia/SGngje2PelKi6UAUAHyIL9lzukqZvmo7nlakylCg5hKkdfni3UEtgPioMMyevNFpQ==","mode":420,"size":8609},"dist/types/resolve-uri.d.ts":{"checkedAt":1768031007397,"integrity":"sha512-Q9+2KeIaGY5RvKRLAKw6QiDm7dYPV+m6ID1tQ58QE7IasEOGaXxDmiu0c5EesdbOlH88KjhDZxGAk/8PjPIIsA==","mode":420,"size":150}}}