{"name":"@humanwhocodes/retry","version":"0.4.3","requiresBuild":false,"files":{"LICENSE":{"checkedAt":1768031005294,"integrity":"sha512-3Gto0TuM+VlkS5NfEZKwLHGqelz2U71DtEgPqJ7sjU0/FqInjsjDtAqx/bIzsxc6eP2DWQ1vc54Mno/1bCglVw==","mode":420,"size":11357},"dist/retrier.cjs":{"checkedAt":1768031006170,"integrity":"sha512-eVjiSXL4W66/W7vzjKz7NJNTAEsqIw0mOCtGc+y7zSFufTUxJ/kiz/n5WMR87kcCRa+i8MbE8duQafsyBFJ8rA==","mode":420,"size":13766},"dist/retrier.d.cts":{"checkedAt":1768031006171,"integrity":"sha512-n7cCDC4kQWymKu/LJWnE6zVtIjXIw21y9UjFwmBn1NZ/RxbILICbZczk9POYH8zWpPGdLbEW0JMDW1kAwB0uLg==","mode":420,"size":1889},"dist/retrier.js":{"checkedAt":1768031006171,"integrity":"sha512-vxgXVn0KU2sXiV3dDQiGO0n2jMx1PNMCvvJODzU+T7MZkWhpPxCiklb6P1lvnzKy4swxZH561MYkmNc9CHl7Sg==","mode":420,"size":13779},"dist/retrier.min.js":{"checkedAt":1768031006172,"integrity":"sha512-danqGWQ7BOO2NdaZNgANZAxPb7+2sDmFdfwWZX8p+8NGte/H0BiDRm6RJX2Foz/W+3BO1IPsmi2lcdvPdjuSSQ==","mode":420,"size":3103},"package.json":{"checkedAt":1768031006172,"integrity":"sha512-Gzy5pQHDL6cLJkIhCc4kgL9FLOly+cdwstyyuXmAQHe6rsLNLVksPQdYdKYJKoyEznFltRq7w32g7561PRlkdg==","mode":420,"size":1917},"README.md":{"checkedAt":1768031006173,"integrity":"sha512-d5WbLKO00PHNik0MXEfGMBeRZs7HPtbm+8Y5bKMRjatD7SzKUEWHOoforc+l6cGKCizeo0o/R+jwyvV1BVCGOg==","mode":420,"size":4267},"dist/retrier.mjs":{"checkedAt":1768031006173,"integrity":"sha512-Wweq2u2UU0+3zmod7f4Aw75sVeQd0yxht/ZqowjQEH3qlq4nEFp3502B0U8nRn8cCvXFBO4MNMJyU1o4u4XhoA==","mode":420,"size":13744},"dist/retrier.d.ts":{"checkedAt":1768031006171,"integrity":"sha512-n7cCDC4kQWymKu/LJWnE6zVtIjXIw21y9UjFwmBn1NZ/RxbILICbZczk9POYH8zWpPGdLbEW0JMDW1kAwB0uLg==","mode":420,"size":1889}}}