{"name":"zwitch","version":"2.0.4","requiresBuild":false,"files":{"license":{"checkedAt":1768031009004,"integrity":"sha512-cQvy4TvDNGTww5W7wo7SHRjv/0G8g3u/v8V2BhwwrAM+M5M2Z7W8hy+cQrU+e4exnULY2LrZ0EQqBk6Fj/Sdrw==","mode":420,"size":1099},"index.js":{"checkedAt":1768031009366,"integrity":"sha512-qRB/q63FVb3/aXznxmBibAeMdOkg3kddHxZfrr2Y5Lphc1aPYkFtQ6JHjZp5BHqtztO4ChDJR2NvmJ8k3alKNg==","mode":420,"size":3787},"package.json":{"checkedAt":1768031009367,"integrity":"sha512-KALLWiX2hDIYTE8TXuQcKfYBznD7yqV77WL+ynxni1rPNOBcwcvwz9EYG2A1/DCe4cX5JwIZTd8tE+/k6TzLsA==","mode":420,"size":1767},"readme.md":{"checkedAt":1768031009368,"integrity":"sha512-b0mte1yP6lb3BOt7UrjYK7tpd1G6QNsovFAj4FuNfMvsQRKv5xriMLhu9oPhjzZKRDu94k9QQWFbRR+HyzgFyw==","mode":420,"size":4930},"index.d.ts":{"checkedAt":1768031009370,"integrity":"sha512-TySF8WjWaRAr+yFy6Y83nWPrOHm9XFJI2D7oAA+Tr4noIPDuvyd3GR3zvCMXkF9RepxaFrZPaa5On1pYdbZcCQ==","mode":420,"size":2169}}}