{"name":"locate-character","version":"3.0.0","requiresBuild":false,"files":{"src/index.js":{"checkedAt":1768031007482,"integrity":"sha512-wea2WWndwxAi5oclmo5KTedZRzNm//4m5V7RJoMlff4w8uhx02ouymGHhC0oNwoh/FY2iNYQFFP96BU/P+IeYQ==","mode":420,"size":1531},"package.json":{"checkedAt":1768031007483,"integrity":"sha512-CJgbArahs/i4cgvaOgH4vdA1sma24EXn+NuLBZCabXbwCF8/Qg/eRuVJ3XpJI5FYAR4gtbzlQWX4ZMe9Cl7mZQ==","mode":420,"size":1005},"types/index.d.ts.map":{"checkedAt":1768031007484,"integrity":"sha512-D9SrRutx/IqOGyBBfU0e1KjJRjDJeObvH3mHmMFeLTE3VwuwhAuGzN4Y64IyE1En1hLQDYAxu1xDYCoS8Iu87w==","mode":420,"size":282},"README.md":{"checkedAt":1768031007485,"integrity":"sha512-C90djVciJoE6ija6Hq3djc4KG25hVjf9CSeMI/TUZRcsb0YKbr6W9qGutG1a7wCSU22EJvkhHqIBahJ8HOzJsA==","mode":420,"size":1691},"types/index.d.ts":{"checkedAt":1768031007486,"integrity":"sha512-D2OJqkVqrJInEkdS5AT30kWijhjFrkg/e/G9OvN1oXwm69XK2cPhbHprIqyDE7bii3566kqxwPiRI678aG2ktw==","mode":420,"size":563},"src/types.d.ts":{"checkedAt":1768031007486,"integrity":"sha512-wYRFmYeqsa+otvq/iJ0Cd56yQrM9Ow3OiZ4uQKywL6G4vFm0dnhxDFcnAwZ3mfiXUyDH3bovkZFZf24kkGo10Q==","mode":420,"size":253}}}