{"name":"semver","version":"7.7.3","requiresBuild":false,"files":{"LICENSE":{"checkedAt":1768031073666,"integrity":"sha512-P6dI5Z+zrwxSk1MIRPqpYG2ScYNkidLIATQXd50QzBgBh/XmcEd/nsd9NB4O9k6rfc+4dsY5DwJ7xvhpoS0PRg==","mode":420,"size":765},"range.bnf":{"checkedAt":1768031073666,"integrity":"sha512-QFWaLEiQU1s/JlrBiOQMDjjkPPmcgrV2EXQZ398F8wdbGszuVgmkqJC/yPJ5zEDXGKsgFteRUnpGI4Ed4TLnGw==","mode":420,"size":619},"functions/clean.js":{"checkedAt":1768031073667,"integrity":"sha512-gCApMxb/hWvQO58ityxi/nz8r0uWAmgZ4y7UxMH7jahXXmtmicTbnqknYTihwJTJPb43hM4cn/VyeVjR9Y6gnA==","mode":420,"size":205},"functions/cmp.js":{"checkedAt":1768031073667,"integrity":"sha512-BcjOEvuOsRaQI3SSMITqb1n/sJRRqxNy8cvfeVlHOREw2G5VtgP/JIF303+0pHUdScSpP9+daljcfjVBAsX6bw==","mode":420,"size":961},"functions/coerce.js":{"checkedAt":1768031073667,"integrity":"sha512-t/N/6qDPjSviGC+CDJwiDNVUSKfRGvpKGxOsXwnt8YrS1GZbwjnVLoPuBzDCt5TZNY+vg2yRhXzMrp10Y9vV+A==","mode":420,"size":2004},"classes/comparator.js":{"checkedAt":1768031073668,"integrity":"sha512-hnEgT8dbplyFkFDANQZIh4LYarnjNCocVPV9ZWeUY8SOsAFi23v+gC53y8Xl6qoen54p9iFPgjVn9PHJsVpKQw==","mode":420,"size":3631},"functions/compare-build.js":{"checkedAt":1768031073669,"integrity":"sha512-caIliGcoecC3ncNbDWoteNZKDuPk5I7JDjzSV0Vw7mtazj1oSxRX6qK7CUzmqhfAvnvpi/FB8HQQLVG5T9GJfQ==","mode":420,"size":281},"functions/compare-loose.js":{"checkedAt":1768031073669,"integrity":"sha512-lYy20wRSsVj9NcsKx+sNjBq4IXPqFzMUNYhEVAHK0dWkhmMeB6uykl5bysT8SbYQCuNoOTFZLC+xFzz8XJUQhQ==","mode":420,"size":132},"functions/compare.js":{"checkedAt":1768031073670,"integrity":"sha512-RzVK5YVyDDiDcDb9OmdRo0lo61GQHtMjhO/5+eW/X3oscI5kNaesZVUGMamtOm9YVOCGKuahkbQedMFVoIDW9w==","mode":420,"size":170},"internal/constants.js":{"checkedAt":1768031073670,"integrity":"sha512-Sxhhf+3OPw6N12gwpowDGO2B8T0VFDLcd+OD0mMQarWM9gJLisXqXiJNshHmMPNM+dJVboRrH5m7jJll51e5xw==","mode":420,"size":873},"internal/debug.js":{"checkedAt":1768031073670,"integrity":"sha512-zYfR28mHg2BzN4ke9uP+/ibFOxxXnTxNj+39S4niVoKYaQp7IPp8LJjXGKKBsx5kMsCFca1d/Tprm+eqqL2lmA==","mode":420,"size":240},"functions/diff.js":{"checkedAt":1768031073671,"integrity":"sha512-Y0JzPt2PzQ9NnpkZssUvrtX5u6OHz/x7asU1ziO5+obcvB56oraLE51fKUTbLSEkErhZ2/cJtEGAeESncHfcnQ==","mode":420,"size":1421},"functions/eq.js":{"checkedAt":1768031073671,"integrity":"sha512-cEjVSPuDXesiuh5F8ai+PwTZ2kjrHol1a717AWt3fi6/11u6oxpfRiLoU8gVX2kUWe+ErwXNv0Z94qkbyaJKzg==","mode":420,"size":126},"functions/gt.js":{"checkedAt":1768031073671,"integrity":"sha512-ehur7taDiLNkky8oNR+pMEjLAgBNVlRO/Biww9BAmUmddnYZ6A2DThLL+cMp3B15ZmsKs35aFmxdatSd6rqnLQ==","mode":420,"size":124},"functions/gte.js":{"checkedAt":1768031073672,"integrity":"sha512-EyKIdcblt1OgNTg4f1VFG20pj9b2uzqwOajQwu/xrNr3OSMSbZLZD48c6FycQ1L0Nb5duHxx0PLoWnsoVIy6QQ==","mode":420,"size":127},"ranges/gtr.js":{"checkedAt":1768031073672,"integrity":"sha512-K1VGqF5JFbiYfZalUo/RRzzEqiJSNU+XN24VBJculC0OJMcukzkiRxON9bhAcdhjRQYDH3yMpcjEcucJXqOjgA==","mode":420,"size":231},"internal/identifiers.js":{"checkedAt":1768031073672,"integrity":"sha512-hlWorIKqQguzpjU86xZ0dYHjHiOcH9FUeQnALk9LvhLCNHX6vm2GKlJ5WZOAor6qYvkJehVxZYd2EHUXXCh0Fg==","mode":420,"size":525},"functions/inc.js":{"checkedAt":1768031073673,"integrity":"sha512-12jYs6Jd2t5KwrfajYJdlWSCzbsuQihchCPai68zGy807jokorz8VCPin3D0IRdP2DeM+UCafbom1iuc/WAMhA==","mode":420,"size":478},"classes/index.js":{"checkedAt":1768031073673,"integrity":"sha512-2AxqsNe5faRUGRfuAftiJ23KLHf7l5IRRe9hfBJ+AHLUNAeCOtVCmT5gN+CXFNU/q7u5EPCNUlfVUVLFmPpZIw==","mode":420,"size":143},"index.js":{"checkedAt":1768031073674,"integrity":"sha512-t2ztL1hKJXIABHuWC8cpLMRIezAg5ScEOc9uKxyVQC64mPW0xoiQJ7n/sJgqkbhQ9AjKmxw8RQqPrxYIaJmKvA==","mode":420,"size":2630},"ranges/intersects.js":{"checkedAt":1768031073674,"integrity":"sha512-y/REKgoLGYr2Hwe65BEm1NJspdSUcZUM8oa+GDVIrLj/0vdi0QLUfgPKRZ8quQI+1Mbwo12Z3KP/k4fP6ETNrQ==","mode":420,"size":224},"internal/lrucache.js":{"checkedAt":1768031073674,"integrity":"sha512-weXWL2iz+BAEPXzVyAS7rIpvGQiUwCGqdkE/4lZ4xG29NCfTTCywFBisM4faGtjU8TYkUY0tYdZim/Sd81UZnw==","mode":420,"size":802},"functions/lt.js":{"checkedAt":1768031073675,"integrity":"sha512-QNInc77RgrSVbsMHz9Smv8Bnc9k9Kx1D6FEp+t8wrTC37/cVIh86cHZVHRSfD2tvgjvdnCo5rNwVspyXbsF4RA==","mode":420,"size":124},"functions/lte.js":{"checkedAt":1768031073675,"integrity":"sha512-K43ZDR0Q+VuxtHeYjCQJ1JIhiZAGJHCyBai14nJjLM8iciNlCa0d5W/1O/KXdo2yzTV/5UY64NYHrQcXfyxkBw==","mode":420,"size":127},"ranges/ltr.js":{"checkedAt":1768031073675,"integrity":"sha512-Uy2+ASDu9AsM/2lDRhooy0QsxK8F8At7qpGGWgKmaVU06jSr9eC3CqP5YIxP5ccAXr45i+QjWYqP6yNJpkoq5Q==","mode":420,"size":227},"functions/major.js":{"checkedAt":1768031073676,"integrity":"sha512-r3gNSrW/sK1qfnli7AZaYQqGZjI4MiNQi2bG/tBhhgg9TUGoSQnCErJIoiSHdN8enR0h4ENZADW1xTEkd20AOQ==","mode":420,"size":136},"ranges/max-satisfying.js":{"checkedAt":1768031073676,"integrity":"sha512-Ugtg0fSqA1kUTcqTosQ8BHcoje61Pi4GEh08V7daWAso4u/GGXWmhldOQ4BP7ANaAGxi9wy4zoUUw7v5i66UJg==","mode":420,"size":593},"ranges/min-satisfying.js":{"checkedAt":1768031073676,"integrity":"sha512-QaX3w4x3ybti9svvS4eAULkd8H/rnAV+puTqxwO++UiCqgPv2JHMyDuUmnDiH5/PWUDPJj2W+fXVRLHMajUAQA==","mode":420,"size":591},"ranges/min-version.js":{"checkedAt":1768031073676,"integrity":"sha512-ZY522ww+YMTd/OVl8I4RJd5n3E5zkWwfWdP5PhlQI8sEYlfStmwWGQDPmyajwJe1PV2EATrkWnQmklZddfPR5A==","mode":420,"size":1514},"functions/minor.js":{"checkedAt":1768031073677,"integrity":"sha512-h2dBMH8XTj9YafS0knNPt2eeG7V+DERNEWKlKcNrDBATDt/qHirqlJoQusmG6IJngA/kKzCe0XUFSfAPsKz+8g==","mode":420,"size":136},"functions/neq.js":{"checkedAt":1768031073677,"integrity":"sha512-iORsXv/h+h4IieKKR9Sieyx5FOpGwEx7rj6tkUoZRHiWmeHYFqkzgl5+dJ13tCud3fvNbn+PHaBSURyypT6S4A==","mode":420,"size":128},"ranges/outside.js":{"checkedAt":1768031073678,"integrity":"sha512-bsI3WUG4WAXXEBsT290DqLYN7P+hih5GZ2V/nxBnHkpIAsPebmlF4Mbmc0nFf1sfmX8dfiuSRFgqhkozQXZAfA==","mode":420,"size":2204},"internal/parse-options.js":{"checkedAt":1768031073678,"integrity":"sha512-2ISkUBzKpPHl1CBqsyFLsgOPz25ZwWPnHXwfuoTJCYro8QjJoOF5TtTjTdOK2utJoTGKQ4tR1BXTWgs6SypEHw==","mode":420,"size":338},"functions/parse.js":{"checkedAt":1768031073678,"integrity":"sha512-g2gL8vJoq7IrK1sdNCHpIwGTymCnSsm06NuhckWT09Z1d9Kh/jz61H9mV/7UiE7TnogepFcEBhuhpKP0X6dvnQ==","mode":420,"size":331},"functions/patch.js":{"checkedAt":1768031073679,"integrity":"sha512-g0PKPUc90fWMymsnhDSzAg9tc/CeFZIBJNaYOJBxQLCk1Vqmp72/R29GrsBLC9lIkgDGX8Yy1xxrNZeNgklc6g==","mode":420,"size":136},"preload.js":{"checkedAt":1768031073679,"integrity":"sha512-nZjhFpoEctH4CIKcyty4FrAfjJgqhfY7SbRLQycz1E0e08dV+1/0gGawhF0Z2cItQeAboRceWEIuWzJzjhtSnQ==","mode":420,"size":83},"functions/prerelease.js":{"checkedAt":1768031073680,"integrity":"sha512-CCE430rQdLxtZeByMx24R0Sn73BbTNF7bdNdQ8PHVR/d10/ZxOOPpumzMKB6gt87ZN41IlCT9o3SdMvwSXP1RQ==","mode":420,"size":234},"classes/range.js":{"checkedAt":1768031073680,"integrity":"sha512-1xwOPypiMej9/K+OJKCyUy0oBUXH3p+3ODdXLia6OBcyvfTCmZRovxzwCGe2ECsTvJfOFcYK/bj399zBiXVlxA==","mode":420,"size":14977},"functions/rcompare.js":{"checkedAt":1768031073680,"integrity":"sha512-8HHUfPy0c1y+jXxXtPTuq63igjhnsq3TfKcTCO7/GCwZfRNXb8q3MOdvQhJJpfi4ZZz27UMzBv80xtzgegGo+A==","mode":420,"size":132},"internal/re.js":{"checkedAt":1768031073681,"integrity":"sha512-r7CdSX0cW/wNRrPYxZqMsm15hy6tCCZaLOAqfH3TN23iBggfBaqZYCBfMxKR5Cf/V11eYsgWq5pyCryXA2tmmw==","mode":420,"size":8141},"functions/rsort.js":{"checkedAt":1768031073682,"integrity":"sha512-Hx7C/tZqE8T7DPxzBGoyQJbR9tIigWN6XaLEEB+vX5DYdPYz5B8yjJgQzQyGkqmi5xiRCCZUkXe1bmxPj7D4Pw==","mode":420,"size":163},"functions/satisfies.js":{"checkedAt":1768031073682,"integrity":"sha512-ljTgsgm8gAcB2lFMwpBPr+JULmgfIn6MYNIT2mnTI4gINkJnBgjhnSUhVM4ydW+kUd34IdF4Cp1UigellTlE0g==","mode":420,"size":247},"bin/semver.js":{"checkedAt":1768031073683,"integrity":"sha512-Ofq5aQWil9JXH3LrdTuNblyhoU+LwkKZQjyQfOnZw6fBVW0YUfScN7ZR8626HWDtqbcOkxHNDoXfZEYJaizPQQ==","mode":493,"size":4739},"classes/semver.js":{"checkedAt":1768031073683,"integrity":"sha512-IuOasDlALtAZZGk3i5JIwXZ2ukbDZ4ajTmTzw1nGxVWx8Y+VXesDRI3w02NpsLMcxP2zxS8TCqB3qCQenY1k8g==","mode":420,"size":9480},"ranges/simplify.js":{"checkedAt":1768031073684,"integrity":"sha512-DF2ZKsvVAXh3tjuQs9yUprFe3sK/iTlYq0kLYkWlHiWI27l9dbpGJRztVc1K5cpcKR0plKRTxYSlKbRxH6g1fg==","mode":420,"size":1355},"functions/sort.js":{"checkedAt":1768031073684,"integrity":"sha512-PUFkRgBZzLDzIIAmPvqfLpuDovj3rCJ1fjEvHi9BZ0I2uYTgSQJ2LhTpGG3x3+kh9QsnOCrLRz/ukJv6eckZOg==","mode":420,"size":161},"ranges/subset.js":{"checkedAt":1768031073685,"integrity":"sha512-F+ChRdaBiHEM+WLuypGFm910G6VaQzcCqfsUK9/9hJMfamK0Gth1F8Bs/uwG728ET3LJv2mXm2Y6wn4GdC0FEw==","mode":420,"size":7524},"ranges/to-comparators.js":{"checkedAt":1768031073685,"integrity":"sha512-DFBs5/lQcOlE6WIxI4mQoNr44Ui0l8faE70XFAedjseEXEBoixYUisyRmSd1zxvsB1NoDZBSX9Rss4LurD27cQ==","mode":420,"size":282},"functions/valid.js":{"checkedAt":1768031073685,"integrity":"sha512-GkpKuVrHCcjbQkVdQwMEwDZMzT5a5556wFK/Ub8l3s+n7g7eckYvDajq78AAdlSN5zyJOzu5/PWKs9RkWABJdA==","mode":420,"size":176},"ranges/valid.js":{"checkedAt":1768031073686,"integrity":"sha512-+o7dVi8ph1N0dRRGx5NlUBoDb5vVNKhKlOMGGdVSZD/gce2EstCBQ1DuiGxrIrqcfHNdb4t8vr2qlwA223ZrQQ==","mode":420,"size":326},"package.json":{"checkedAt":1768031073686,"integrity":"sha512-YNmTAVB/5nrcTrRWDq8LSpKRaaMvO/qOwHjeALksICKCNgV9iJL8wF3rTzj5YRaOUE5MRHs+UbGFxtj9duPIuw==","mode":420,"size":1663},"README.md":{"checkedAt":1768031073687,"integrity":"sha512-1l2eH2gKMKnXknFRUr9kFSUQxlXpPXNYaWI9etabKhlF7q7uCmtgWNqD/2nnP6wL2HEpavat7PxW3PeqanO24g==","mode":420,"size":24763}}}