{"name":"svelte","version":"5.38.1","requiresBuild":false,"files":{"src/internal/server/abort-signal.js":{"checkedAt":1768031011442,"integrity":"sha512-ICp/F1m/AVFy7CMvxkdE6p395HsZ03IEzPDmf2h3L1jq+7vAmst0nqIUCmJdTfpTW3qe+WbBV/u/2dWuB3apbw==","mode":420,"size":292},"src/compiler/phases/1-parse/acorn.js":{"checkedAt":1768031011442,"integrity":"sha512-yjR1K6kYvtfF7G5AxfEQbSLK8QaI2fmBiMguj5/lfGlPrmteoiGrfUIkAA/ls1IbluvrAEXvj0QK7iDGj21q9w==","mode":420,"size":5797},"src/internal/client/dom/elements/actions.js":{"checkedAt":1768031011443,"integrity":"sha512-JIQXZhOksIEfhluCd5u92irQ9gvyJ11yGTZPM3WpfC+0jPq5iqAF9e+11tERSCsyF8uPokawuijto6B77VQLjw==","mode":420,"size":1366},"src/compiler/phases/3-transform/client/visitors/AnimateDirective.js":{"checkedAt":1768031011443,"integrity":"sha512-1BRhO7wNNNGbD/7eHGBIwQ94O2rtgmI/XFGyuXAARFZnptRS+/yvUOTBXFhsIufaz6IFiP+HBOQficIKpfGZIQ==","mode":420,"size":784},"src/compiler/phases/2-analyze/visitors/ArrowFunctionExpression.js":{"checkedAt":1768031011443,"integrity":"sha512-eLMObTRsK+4BYOfFJVpKB+5LcSCDHq3Wr4CrA1dPioDSRiXLlAvmlBOhYk4VjnlwacFzfHNSYtsbzR6KMqJEsw==","mode":420,"size":324},"src/compiler/phases/3-transform/client/visitors/ArrowFunctionExpression.js":{"checkedAt":1768031011444,"integrity":"sha512-8T0fSqG2HeTF204VIndCIOxiLIee1MuVHWECVYL2n4nMGBYY8yy1ryoykl+8/Aqrv0/zsZNF+/aQTWL/2y39pQ==","mode":420,"size":349},"src/compiler/utils/assert.js":{"checkedAt":1768031011445,"integrity":"sha512-5MqlipVhfx54emizpzK7FnMI/bb934kNwWSoVrKzlboc1VuT2z5QDfUPUVZN8w5WvKQJ68AzfiUOLH3DYOi11w==","mode":420,"size":210},"src/internal/client/dev/assign.js":{"checkedAt":1768031011446,"integrity":"sha512-W7TPtgPpGQonOQnaHwKrZ0SLhUeDgl7vDrVbW1O7CLsJU6/0hX+3Ir6BZt3RSvwPtFuwmABqs7eKen9AlIoJyQ==","mode":420,"size":1551},"src/compiler/phases/2-analyze/visitors/AssignmentExpression.js":{"checkedAt":1768031011446,"integrity":"sha512-AzzEZYV8iNbAeuLi9Zp2fg5wBjdPmwY3Kwn1ncS19/Tl1g2VRubAAAwL6YQ2pV3DJahGwxG9PpO53SOBR31emA==","mode":420,"size":864},"src/compiler/phases/3-transform/client/visitors/AssignmentExpression.js":{"checkedAt":1768031011447,"integrity":"sha512-TOwYZTCYsShoXCFZbrvF9mRPT+w06LXfNHV6n7IYHTaw3ip7tYJA2/eHMTUjGpJvqf1aYlnQKiwNBybp8AGqvw==","mode":420,"size":6388},"src/compiler/phases/3-transform/server/visitors/AssignmentExpression.js":{"checkedAt":1768031011447,"integrity":"sha512-Ij/gvpFaL+PwO49jkU+CEs9QeB8olFchdhW2ZHtYysKW60T4Sex4V/4rKEDjnraZkf/dU/VD4zuTxP738k52hg==","mode":420,"size":3054},"src/compiler/phases/3-transform/shared/assignments.js":{"checkedAt":1768031011447,"integrity":"sha512-5sVWDLR4VVijJzNAER3FVE/pzIdsyLQa2vZeSfWyCbPoNojqy9pJFlP7i2Oeka5UfEbecZLeXxn9uXnCFMO7PA==","mode":420,"size":2923},"src/compiler/utils/ast.js":{"checkedAt":1768031011447,"integrity":"sha512-LRdvrX8T+SyPx9XafC5CWKYFOZpwVXko0rxFIb4zXB3AfKnumRdMhOXU7Ndi7lEINxfoEHv3BHCCEMEU/dpYrA==","mode":420,"size":17888},"src/internal/client/dom/blocks/async.js":{"checkedAt":1768031011455,"integrity":"sha512-5Bn/XDH+Qk35j18AYGdqUvGcMnNyt4obdhrHpf7K/EPPK2nLXJdTD524g0UCtEBxl+B/x7RZBuUC6YlNpHWGoA==","mode":420,"size":718},"src/internal/client/reactivity/async.js":{"checkedAt":1768031011455,"integrity":"sha512-R6iSFeYq2UvcA5A+ssB6J/B3raXcrYrkiheL/37pGT6qxfD/z71UXiF9ZO1RPQqgEDVz1ozn0wIZ4HV/uLhfqw==","mode":420,"size":4798},"src/internal/flags/async.js":{"checkedAt":1768031011456,"integrity":"sha512-sX//gvZpuBm7vqt0+p1L1gShAbeGb65uEPcXhB2At3riMxgHlyRDqrIAEs1yCKY20/NopiL9Yjw5dbgDNc1FRw==","mode":420,"size":80},"src/internal/client/dom/elements/attachments.js":{"checkedAt":1768031011456,"integrity":"sha512-U5g+T/sR2cuL7I1m2kXowGouHrVz+9rWFmr4xLDNBWVuXaneboOpCQe64ThvGJqJiHxN3O4RhXJvM2MKazGmwQ==","mode":420,"size":806},"src/compiler/phases/2-analyze/visitors/AttachTag.js":{"checkedAt":1768031011456,"integrity":"sha512-PF13lm6tq2isLWNZQVbMoo3FLqLXXkMbnx1klFzHwVVLLoR1U0ocfZOFxFBz54R4rOpvcsBTSaOOuvs5qPA5aA==","mode":420,"size":370},"src/compiler/phases/3-transform/client/visitors/AttachTag.js":{"checkedAt":1768031011457,"integrity":"sha512-SbmQ5L9m77KX9k45RB3vOVEfP+smVaePMj9Al1uptDYqofjfW8izJXq0xW1WuvoqujBb6tHXpv7ZMcsIE7QIiQ==","mode":420,"size":522},"src/compiler/phases/2-analyze/visitors/Attribute.js":{"checkedAt":1768031011460,"integrity":"sha512-4+RJ13J2n6hCk6ik/R10TYOt/1Z1hBKIdw9wo1ePomThy4CiAjBHTTj8oqWO6Fce40lz/7k76R0WfCCQnNvdKw==","mode":420,"size":7361},"src/compiler/phases/2-analyze/visitors/shared/attribute.js":{"checkedAt":1768031011461,"integrity":"sha512-UsCT45bM5gjCWYmp9lYKzJg3y8x/TlDi188gEor1YiLsRkJyEOeknm+pxW2eaiWMXb8QNOrG60aTDJVqm4Od2Q==","mode":420,"size":3241},"src/compiler/phases/3-transform/client/visitors/Attribute.js":{"checkedAt":1768031011462,"integrity":"sha512-s8GvoMBr9d060IOQ1A1GLx/NU97POvCR4MwZ22RwPAq54phgQVma8aZbHy+gxEKfOYdXW2ggODy8URUQSKZ7dA==","mode":420,"size":413},"src/internal/client/dom/elements/attributes.js":{"checkedAt":1768031011463,"integrity":"sha512-dWqD3ugDaV81HfIKSnRtFYOavoMuoTFhZh4sAWvEI+k4sU/vy2dreHYoczVPegl7syuvUgbZT00/sc4uvx0PkQ==","mode":420,"size":19692},"src/internal/shared/attributes.js":{"checkedAt":1768031011464,"integrity":"sha512-3C/SMJ4+/R7owEDbdFBYDNT4qgA3Z7sAnB55isHFZmJHcA0tfChSsdZLCYN64F4Ro0R7tzO3ja1vUNx9dNFccw==","mode":420,"size":5134},"src/internal/client/dom/blocks/await.js":{"checkedAt":1768031011464,"integrity":"sha512-g/jnzYfoDYyhngHhNwmqNKXB20YWO3gHWDLLn1VbAdAa8uu+OhLk+vC78SBYFO5/2fPe92GEiO+ebZBcBqUvDQ==","mode":420,"size":5760},"src/compiler/phases/2-analyze/visitors/AwaitBlock.js":{"checkedAt":1768031011464,"integrity":"sha512-tzYHVLddmFlXShQqV6kTIv0soyXLUertTe7224wVKHw3EiXQZ0yuZCLAuHqq0dqnaWqfe8UZ0Hj8bB9yuCyh9w==","mode":420,"size":1509},"src/compiler/phases/3-transform/client/visitors/AwaitBlock.js":{"checkedAt":1768031011465,"integrity":"sha512-JV7duIRqLd/MvWDVnFlW/FfNDV0zT0XV7MSZqkE2+HohOKc1nn2nNs6Ac8IXX4xLHI0QsSzPu8A2+knOW+AOgg==","mode":420,"size":3352},"src/compiler/phases/3-transform/server/visitors/AwaitBlock.js":{"checkedAt":1768031011465,"integrity":"sha512-/CgRyM2GSFSkiNV6plb4sysKGMS1+8iru89uEzI2Bgz9z/5MNGOes1aM2ofKBzsG76Cazf/KV+CaEWxTKT1H0g==","mode":420,"size":857},"src/compiler/phases/2-analyze/visitors/AwaitExpression.js":{"checkedAt":1768031011466,"integrity":"sha512-5Wuo/q55kvCMtkZ/mSMaRpwLWT1rBxSHMwIfa+a0J/CZrXUcchv4Hjn+84+eyyWf8OVdjZC/bou6rCmZLZ0peQ==","mode":420,"size":990},"src/compiler/phases/3-transform/client/visitors/AwaitExpression.js":{"checkedAt":1768031011466,"integrity":"sha512-qbHTNRSBGQBAOkivv/4obT8mOcGquWZSj+56V467C1A5d9LbunR5Z2JI8ldyYXnJCIpJ/1pU43jsua40jMpOwA==","mode":420,"size":3146},"src/compiler/phases/3-transform/server/visitors/AwaitExpression.js":{"checkedAt":1768031011466,"integrity":"sha512-K9VyqYtu2gwLXHQCg8qJR5FWag2FKpPse1DVOIedq0jUwvMouTqBEa2ZZsKtWWXoDjFmlivIzYTjgUFWOmwzlA==","mode":420,"size":661},"src/internal/client/reactivity/batch.js":{"checkedAt":1768031011467,"integrity":"sha512-gghZY+R9B8ALvbsO7lGj9Bn+HKFD6iSbTbtB45nKk6y+8MVn21ya1/6vW6S5Uj6Yu8puk4XKWTJQjgf/mtLDIQ==","mode":420,"size":16425},"src/compiler/phases/3-transform/client/visitors/BinaryExpression.js":{"checkedAt":1768031011467,"integrity":"sha512-vmCcH5vg/+SKs0xFJ20KQMJjiRqnqrJuY1XLXW+yIcxKuSefYrSovimSWaGd1/bWI43PCPzr/Vq+ww2Ubc+TMA==","mode":420,"size":894},"src/compiler/phases/2-analyze/visitors/BindDirective.js":{"checkedAt":1768031011467,"integrity":"sha512-/o8DksygehxrQb1Op0r5BQIGAmQVlFlyuSxex09pCjp0K2VnwcoBdhBqGb3blTqVzRAj62tOHPSjx2ZU/shJig==","mode":420,"size":8051},"src/compiler/phases/3-transform/client/visitors/BindDirective.js":{"checkedAt":1768031011468,"integrity":"sha512-XGPJYs0s9aXJ86eVFdP47clhZ8WuMPtsRiVUeuad6ryAF/uWg89AUqLBj+oMYpu+D6ujPMcCRsK7VVs4Mu1ZzQ==","mode":420,"size":6839},"src/compiler/phases/bindings.js":{"checkedAt":1768031011469,"integrity":"sha512-G0qIhFZa1ZOKTXfH6NRlnNpdsJQzWBg+UFfSAC9Hf1+AgwUNuy4Kg62cp+TfPDKMD7lKErCEnV9SqBDBvK76bA==","mode":420,"size":4991},"src/compiler/phases/3-transform/client/visitors/BlockStatement.js":{"checkedAt":1768031011469,"integrity":"sha512-oGJccyLCIgufC8WtQ54RzQCevlK0TXveNuFsJ8HCtOPBQxovSyxTTJn8pR4fGPIVyZBskRU5E20dzAvaeAnE7A==","mode":420,"size":964},"src/internal/client/dom/blocks/boundary.js":{"checkedAt":1768031011469,"integrity":"sha512-7CszifLO/Ot1s4lsbxAPtMQ236x7fFG3ZgaKdRtpT345x7o6QN/Fj25NSJpNjY4EIHvmgdLoqu3b9bstKGecnA==","mode":420,"size":9488},"src/compiler/phases/1-parse/utils/bracket.js":{"checkedAt":1768031011470,"integrity":"sha512-SAQrWRMMp2MhVbNunLGoY8S9cj2DevFsntLSrTK1swKxTgIUkV2vhxjYaEreC/IBnJI5ojqvTlfibb8ObD/07g==","mode":420,"size":5461},"src/compiler/phases/3-transform/client/visitors/BreakStatement.js":{"checkedAt":1768031011470,"integrity":"sha512-RfHUqqAvm5wfo/Ct5S7E3H1Kdh5Hg3/1q2Swg5HfXU39CmMxW3MZi5lz0T9jTbKpnf6aOBz2p3BO556jhDIqJw==","mode":420,"size":533},"src/compiler/utils/builders.js":{"checkedAt":1768031011471,"integrity":"sha512-c+tDBJfIBG6zOnwmZdbdlKZwqf7AIdrUUCM+eMxVeWxFNQJsZ246ZeORIlBnIHgQwNz2D9P2wf6EG4M6EnZPdw==","mode":420,"size":16829},"src/compiler/phases/2-analyze/visitors/CallExpression.js":{"checkedAt":1768031011471,"integrity":"sha512-/yCg5queSggZskZo93AiS5G6PcaF940G0GHzCw5tc9IgMeWVmDetGtTT+1zqnba4ySd2HyTMOT/H6nsvPjwquQ==","mode":420,"size":9058},"src/compiler/phases/3-transform/client/visitors/CallExpression.js":{"checkedAt":1768031011471,"integrity":"sha512-sxzPB2Bw/X1LrUouKGxmIQd01cFlE14Lrzzl8ENB066knE5mxw243+wFVPhZF+hqwkzgIGhnzdYEEPJbtFs/pw==","mode":420,"size":2666},"src/compiler/phases/3-transform/server/visitors/CallExpression.js":{"checkedAt":1768031011472,"integrity":"sha512-3x1Rwqlmy4lKqQXMqWTb4PxkjEm2f2PFV3YTBew+TBScTSqo2uOCueVNtv05IdFhftwZmmjNGJW40IKLVkHRqw==","mode":420,"size":1458},"src/compiler/phases/2-analyze/utils/check_graph_for_cycles.js":{"checkedAt":1768031011472,"integrity":"sha512-hUaDgHAQv6i49i9poVWkQYO+Yo+t37dvrfS+qgMcd15aanVIn3yeK3Q7H6vHQpCPBnQv1t8k/mibAEdYEmPibw==","mode":420,"size":843},"src/internal/client/dom/elements/class.js":{"checkedAt":1768031011472,"integrity":"sha512-WyOs65XPbqS51RFCThoHekvArhpeQqjMFXcusI05W0CMZmeJhX7XFDEUNN6vJtVOJBo26V7LZtWwIPjCTUDwxA==","mode":420,"size":1622},"src/compiler/phases/2-analyze/visitors/ClassBody.js":{"checkedAt":1768031011473,"integrity":"sha512-2LDC78XPqT46yCSg2y8d/nVZqSc/mBwdf9h9/yzlT54Mojji81iNjA6BTO7GhZCLP+hhakq/+Xl8tCsgc7mnAQ==","mode":420,"size":4425},"src/compiler/phases/3-transform/client/visitors/ClassBody.js":{"checkedAt":1768031011473,"integrity":"sha512-WdtVt7UX9OobDCJJApqYVZc1a91JSNol8dCihnF2uJtBOovnEGkwVZR/xHyKacu8G9acs6mYvnMbS7gUFXS7tg==","mode":420,"size":3085},"src/compiler/phases/3-transform/server/visitors/ClassBody.js":{"checkedAt":1768031011473,"integrity":"sha512-XDvPFzRHy3gTm9cE+iQLUJNJmJvSkqpSnmu9mkeabjkMPpj+v2B00qOpL+g2/sWgsMGPpKh7v9T8FoGAxZyhNQ==","mode":420,"size":2315},"src/compiler/phases/2-analyze/visitors/ClassDeclaration.js":{"checkedAt":1768031011473,"integrity":"sha512-JjxQuQ+nATormP8UK/8U3hq6yLEXEpTw+P5NryeFtS8dCmb+qdfKepKqIK1pAAlGuO6cBguwt0no+C7+QI5SBw==","mode":420,"size":863},"src/compiler/phases/2-analyze/visitors/ClassDirective.js":{"checkedAt":1768031011474,"integrity":"sha512-0A3vDs5zDuk/lLaG6xfxEtcNcm+L4yQiSdp37zljEHk2hx9KYHhBTTJDl5ktkLy8lxZ3pbzpyL75E/rddiTTvw==","mode":420,"size":380},"src/internal/shared/clone.js":{"checkedAt":1768031011474,"integrity":"sha512-PmMF1tgGciBHy7wExyLW6YeHSLCWrkzBc6a8KN7y2QJtYnlUc1QrY02afGwBiKe5DOqjPE1KF0sE2VArThvw2Q==","mode":420,"size":3286},"src/compiler/phases/3-transform/client/visitors/Comment.js":{"checkedAt":1768031011475,"integrity":"sha512-ecTXXMXhiWbqwQfOPZlBXapWLUQ08LIEj9zeOhYQtH/Kk3Ulpl1KUvhleY3l5G0JJKvT1se0Vo4Ppp3rwVPDQg==","mode":420,"size":364},"src/compiler/utils/compile_diagnostic.js":{"checkedAt":1768031011475,"integrity":"sha512-dRZgd6peizbSEK87XAAawN7B+JE0xx85f5uTg0tJS6IX271dqygzBkAlY4drTGPKVpChs5erUMlBAndQhPOu+Q==","mode":420,"size":2381},"src/compiler/phases/2-analyze/visitors/Component.js":{"checkedAt":1768031011475,"integrity":"sha512-nn0+ckfwqGDJJYNvhGHW5/s+ovlDPGx3yiUqf8RziCMSC+uF2PLiVswUpC5sN85YLwD5E9TcRqsYFH7RcQhnAA==","mode":420,"size":626},"src/compiler/phases/2-analyze/visitors/shared/component.js":{"checkedAt":1768031011475,"integrity":"sha512-Xjbg3kfOo4BM495MPMGYdF68vB88mcOVzZSl/R+KR/+r66eg+9qEw+G2CrkeCtwQnOuphKrBgxgKf8qyim3qEg==","mode":420,"size":5384},"src/compiler/phases/3-transform/client/visitors/Component.js":{"checkedAt":1768031011483,"integrity":"sha512-/7wNetdq26M76so08zeUshSTWKP/92HZbEaT911SLXO9mFXSzUozeqblyQWlDdn+6h47t3n/YV+JOwn4maOd4A==","mode":420,"size":436},"src/compiler/phases/3-transform/client/visitors/shared/component.js":{"checkedAt":1768031011484,"integrity":"sha512-WKaU+uel/Iefr8Eu/X8KwRzINsW4EeGFZ1Ikh0/jEPHJSt916wOa4BO9uRn2BXataURAvZ6pQjhshITWbwwSuA==","mode":420,"size":15223},"src/compiler/phases/3-transform/server/visitors/Component.js":{"checkedAt":1768031011484,"integrity":"sha512-ppmkWrB7OoBIBFGHEEJZzbVbSaZJ/cBU9c+DzunwdZ4NGs/oERjyUmeDs0340PeooVoVj24jpukAjXZg4iO04g==","mode":420,"size":379},"src/compiler/phases/3-transform/server/visitors/shared/component.js":{"checkedAt":1768031011485,"integrity":"sha512-vGsTIc9lTCl+eS1fF+WtIVg2Iup68D4aVKDoA8FE5gDu82qOQFajXJWORjLly4SS3Kj924z1xwBt9C2+wZP7zg==","mode":420,"size":9370},"src/internal/client/dev/console-log.js":{"checkedAt":1768031011485,"integrity":"sha512-lBSts2bVYMsV1ji5qi4V51fSLlqiq0o1huIhLHemlwOS528+1Wg9ZnW+IccZThlwodEB88GH+wPsQDs05t5LPg==","mode":420,"size":801},"src/compiler/phases/2-analyze/visitors/shared/a11y/constants.js":{"checkedAt":1768031011485,"integrity":"sha512-XN4GWz7b5zD9iMb8Y+vBriEp21UWTRmKF74Ifbc6XqjyH42TY7FlE1V2ozo9eMW8DBLZz6ioIA4g/pGBO940Eg==","mode":420,"size":8310},"src/constants.js":{"checkedAt":1768031011486,"integrity":"sha512-49UBO0rTHq326/SPwEHTBvg0MCRXh2TB1rhQ1Z1MMqwS6Am1C/Qww2c14Q9z2QoDeBPiwIQlyGigHMGF0In2Cg==","mode":420,"size":2238},"src/internal/client/constants.js":{"checkedAt":1768031011486,"integrity":"sha512-USzi2/3WBIScO6jdsyZKKmjyf9Wtx5TSnGCO1FN3xAClnzU3F1CLqsVA6EIpvRiOeKa5LGMcPKavOju6X7AywQ==","mode":420,"size":1525},"src/compiler/phases/2-analyze/visitors/ConstTag.js":{"checkedAt":1768031011488,"integrity":"sha512-xerVi1qwmK/wrd6neMCS5DKkVsoptXO0PCxrXI90MN5ssfdp6h5SWN5zu8dchgbWFvXkPYjxA7257L0cDgzV/w==","mode":420,"size":1299},"src/compiler/phases/3-transform/client/visitors/ConstTag.js":{"checkedAt":1768031011489,"integrity":"sha512-Fmhg8z5+4J3l2ZFV8rVRwayKbjwVLjBftaKs8eEbSDX+/wpYD1oaHlqHSAqw5I7MgmvrLlwFDG4GGH+Uye7wIA==","mode":420,"size":2987},"src/compiler/phases/3-transform/server/visitors/ConstTag.js":{"checkedAt":1768031011489,"integrity":"sha512-uDLP/VSSXiyp4FCO8A0arhG9mu0bvLujtZjzadvRqqOMiT6kb1uy7J2orJap0v7Veq0rLXNemDUqPVLCXEQrvQ==","mode":420,"size":553},"src/compiler/phases/1-parse/read/context.js":{"checkedAt":1768031011489,"integrity":"sha512-GeC7wodMcBo16x0achqa2J9cNUj5AnoB+c5y+epS0az9DU67VELI6uhxfULXeXhcOixb+QwJFGkVl0F19HP/nQ==","mode":420,"size":3703},"src/internal/client/context.js":{"checkedAt":1768031011490,"integrity":"sha512-+7OROexqrkO2sJ+IMVklEWjHOG36EulT/EyxJ9ao/zL947c5ki2wb+AGn9cxdYujZcPlX4r1xn6M/nhX5j5CXQ==","mode":420,"size":5692},"src/internal/server/context.js":{"checkedAt":1768031011490,"integrity":"sha512-6ly4l32K26LzKUu6G74PZTvIlEl7AU2mRuJc0WzJxZ1SkLsunUV7p7feC+qJkOWAZD4N4eM3cUdkI1PJwpxyUg==","mode":420,"size":1949},"src/reactivity/create-subscriber.js":{"checkedAt":1768031011491,"integrity":"sha512-SVFyGC/Ve3qUxT7KgUKgesseIqaQt6akFxWhPJfV2InoJC5yRmij15pFo6a7t5Yilew3alwjXUxaNpaliVF1gw==","mode":420,"size":3397},"src/compiler/phases/1-parse/utils/create.js":{"checkedAt":1768031011491,"integrity":"sha512-/nFWq1IARSS+UztzVl4cz2xnPs4OKWIK5fpUh2GWk7j262mjpB33G+ruqB29K1MNVfmdJt7Edan/Jum4gw3rGQ==","mode":420,"size":281},"src/compiler/phases/2-analyze/css/css-analyze.js":{"checkedAt":1768031011491,"integrity":"sha512-VgHJ8+j6K3I9M9frs5Di8xjqe/3y64P0X24azE6ziqlYRhAXTNNmgv2UgLqN+YCFjJrnwdq1qlc/5249M6D2SQ==","mode":420,"size":10852},"src/internal/client/dom/blocks/css-props.js":{"checkedAt":1768031011492,"integrity":"sha512-P1oXF2f6Qala/skSxMxw3AzAPGBghGsiCwakR1NIM2APCpUBM7pHQabpPFGuN5RveahXwByjzolkRc3ZNAhG1g==","mode":420,"size":745},"src/compiler/phases/2-analyze/css/css-prune.js":{"checkedAt":1768031011492,"integrity":"sha512-n2hq89pM/fguKx1ThA3XoE8nTqon/ffVU5zfxH7PxKYrcklObGijda242OP9sM4sWBou4sGW17HZ9t/J7dgqRA==","mode":420,"size":31761},"src/compiler/phases/2-analyze/css/css-warn.js":{"checkedAt":1768031011492,"integrity":"sha512-me9dXvWU7rZtNR/V7iG2Zd7cNcTPirE6TQGKL7wmGSGoytkBH49TSc4tNJBiF/FRYGNklY6M7IwZe12Ycfbh+g==","mode":420,"size":1269},"src/compiler/phases/css.js":{"checkedAt":1768031011493,"integrity":"sha512-PVqOJ0z4aQ6uc3jtQkRRotXYAJAPJxndbd5c/qyEMFp0dfQ6tLaK5HtA4C/KPM6TCcqeO5ojRzi/SRWdnfLcsQ==","mode":420,"size":433},"src/internal/client/dev/css.js":{"checkedAt":1768031011494,"integrity":"sha512-6KmTMaAnEJjwvYtkeMCVQKXGo0h+aZdxV98Klk5e4TqTio1130hibZFSKtZUvlyT4X6zP9p1JKAmF58S9dwDUg==","mode":420,"size":537},"src/internal/client/dom/css.js":{"checkedAt":1768031011494,"integrity":"sha512-sNjDdfxo8surC8lWB0Za7jS5ahfCd4h+RnYbkGQ3TgpWqzn8jYGSwAdlWtlCbd3U5rc6h8keWeGJ5wvyFaO95A==","mode":420,"size":1088},"src/internal/client/dom/elements/custom-element.js":{"checkedAt":1768031011495,"integrity":"sha512-PBElw3eAp4Rgq5fk7LN/o8yr8pJxw1LciXVxYmy1YWfemjeDNvbKSFj5UPbbXA3CRY7k/UsygEkdvLO9NLSRlw==","mode":420,"size":9688},"src/reactivity/date.js":{"checkedAt":1768031011495,"integrity":"sha512-OFtYZhdbMqAKKSvn5Iz6aO49nqxrxOjUz0GudNk+/0vLevf4wtoX9vgO+qag/kPk99bURQu0vYaX5PvOWMyC+w==","mode":420,"size":3177},"src/internal/client/dev/debug.js":{"checkedAt":1768031011497,"integrity":"sha512-XlcnvzNUqT3jafrR26T9CM6yhe4irHEBB7N6J7VM4Jyd2xNjDlRRUHDMIJMIOf26WgkZVKdLFWcajUtT9BVnFA==","mode":420,"size":2590},"src/compiler/phases/2-analyze/visitors/DebugTag.js":{"checkedAt":1768031011498,"integrity":"sha512-Z1sVDEJ+/kTV0GxPDDN5ut+ZdoUF3RRCCf4cAc5/hGEgiXF58ISBYPy3z9GA0CejdqBmBxH9BB7FeCdA4tsCtg==","mode":420,"size":360},"src/compiler/phases/3-transform/client/visitors/DebugTag.js":{"checkedAt":1768031011499,"integrity":"sha512-FfQe3Dkkx5ubV1kyhGKiuBqzBt4IBLCoW3F6r+VkTo4JP/+PcxQcpdwbtaJ7hg1l6fT/Z0gqFoL9tXQBOKO3iw==","mode":420,"size":765},"src/compiler/phases/3-transform/server/visitors/DebugTag.js":{"checkedAt":1768031011499,"integrity":"sha512-8XCOB5cAU2nZsMBqHtt/GEzz4a+0PoBQNy8fYrYJKk+ji9y21+qNBUzpIOhpO+J8MxFqH5+MNzlgS3APXI2saw==","mode":420,"size":554},"src/compiler/phases/3-transform/client/visitors/shared/declarations.js":{"checkedAt":1768031011500,"integrity":"sha512-lU9lUKW/tZXzkrSv8JF4ar47v59mSXO3V4fwMjcjrm1HWD8ZYTu5UXYDQ3adHQqnFO+2LR7AbBzx9SgUUFN2qA==","mode":420,"size":1443},"src/compiler/preprocess/decode_sourcemap.js":{"checkedAt":1768031011500,"integrity":"sha512-uk6eC42RF4QCY9HaSxyfoz/Do/R2muKI8mtvbfR+AvCq2ul0NJ3wh020AjMj4ZYqw0sU/M6KmX/XkPTqnX04aQ==","mode":420,"size":3097},"src/internal/client/reactivity/deriveds.js":{"checkedAt":1768031011500,"integrity":"sha512-XPL6dXhliY9qNgPqcZSveRv32VZUIFEMmCoeP4HRw+EDRmA/v2wLBq8+Ab2IXQ+3OSCqM6n79XJXUxpaf7R+kg==","mode":420,"size":7764},"src/internal/server/dev.js":{"checkedAt":1768031011501,"integrity":"sha512-GdvDgVe7o952wNvlx/vQwRc49olhkk/vuJky4V02CjSd6G2pcjBtVCy6/yLHGFSrsLD8rVYA7gK+nMZ0X2+Bcg==","mode":420,"size":2751},"src/internal/disclose-version.js":{"checkedAt":1768031011501,"integrity":"sha512-9Q6EdIPspWc/aN6kdPSDHTLV3hl2dnwBQiQtFYOjQzU7Rw4kTfvZ+3fOdRkPO3ol0le2kVs6a6bmXdHYdPhw3w==","mode":420,"size":174},"src/internal/client/dom/elements/bindings/document.js":{"checkedAt":1768031011501,"integrity":"sha512-p3Vy9vV8Igizxxut2JfWPLKShMBfR5TOyL6U6w3F8E9VAOqw/IZRLynJZ0QbHbqCIyETMr1aMzGwxyDYtISVyQ==","mode":420,"size":531},"src/internal/client/dom/blocks/each.js":{"checkedAt":1768031011502,"integrity":"sha512-u1GHldKtk4TzsJ4b/G4WuIDSb3lRa4gxFkXTliOIU4718fLHbMklDQ7jpoMaFtWVXS7ZqHnZVZJefoavSXu9MA==","mode":420,"size":17127},"src/compiler/phases/2-analyze/visitors/EachBlock.js":{"checkedAt":1768031011503,"integrity":"sha512-InRPGNIaDQPbqX3TlWoO8y3ljhmUouYOaLLasCNtqqZz3AVHTuWzQcBsbXQ/0gBk58+skM3oYFUzLav6R8voIA==","mode":420,"size":2614},"src/compiler/phases/3-transform/client/visitors/EachBlock.js":{"checkedAt":1768031011503,"integrity":"sha512-lzD+gB9OYHbKDCWEIXM6JkG85PlsMQVjpMV6k6pgHbrCDPPSFS9nve1L2igPXnIEUr0bOKVIPI8NLm1bBYGiXA==","mode":420,"size":10849},"src/compiler/phases/3-transform/server/visitors/EachBlock.js":{"checkedAt":1768031011504,"integrity":"sha512-HHJZnAagbtkexr5NAeciyEeKq0pSZIbftTvCvHnJuG0dsTNc51NIjDj3B1iznYNxhHMoYzrz9UEjr15AHAZRSA==","mode":420,"size":1992},"src/internal/client/reactivity/effects.js":{"checkedAt":1768031011504,"integrity":"sha512-HNV6aAQZzK7g02qh0BICeKOsNLRYptGHwZk7Caqrd86ne0mpmACNPHsCarIo1lMp8EPEMh9LkxKjIZ3fbrhUiw==","mode":420,"size":15315},"src/compiler/phases/1-parse/state/element.js":{"checkedAt":1768031011505,"integrity":"sha512-KJVNmSJD6Yl8K1GqcGJ/5TIL92TtGFXsuWIYPH0pz2ucDoGPPEIa4Pucq/dq4xEO6f4In9rB092nNdvah7DClA==","mode":420,"size":23694},"src/compiler/phases/2-analyze/visitors/shared/element.js":{"checkedAt":1768031011505,"integrity":"sha512-4j0Mv/heF0tVN/Cx5K8os9NOrifjTMMkQ/5WA4HQmbXVomoPuRBF94nZsjGauy6tQToQKPQyD4PdZd5/dENOGA==","mode":420,"size":4793},"src/compiler/phases/3-transform/client/visitors/shared/element.js":{"checkedAt":1768031011505,"integrity":"sha512-oy8hncw0bKyBa/i6pd9BAZxiJfS5/nG8hXgobrvjj7sEqneDFbHWNzYKRkD4+rkUkQivX23eF1AMtbRv26HxUQ==","mode":420,"size":7725},"src/compiler/phases/3-transform/server/visitors/shared/element.js":{"checkedAt":1768031011507,"integrity":"sha512-551eBy8hHVOHoquhT9sQnBDWj7r8yyoMjaYxzxm1kYT2sW/W+McENpZKavW2ePN0WWbSv/dOD6b/NoM4yNs5VQ==","mode":420,"size":14979},"src/internal/client/dev/elements.js":{"checkedAt":1768031011507,"integrity":"sha512-C1OQr26VmSrzSOFW0AedZ4xI+/HOi5Qm/5sgGZ+devr33PrpMg/PQFS7Zby7zOD8fr7WtSPO8YVni3p4V0DfXQ==","mode":420,"size":1770},"src/compiler/phases/1-parse/utils/entities.js":{"checkedAt":1768031011507,"integrity":"sha512-OANnuhrKOxawe4C2tFGYpbmfewiQqMFV1Gcs70S+nJdZpLsc6ovA8TyroYbaPb8R6qlcX1nobgxXeStwbVl1Zw==","mode":420,"size":41289},"src/internal/client/dev/equality.js":{"checkedAt":1768031011508,"integrity":"sha512-5FTN4YjovbcIX/XM+QYwCWU+XdP/vLY9VukFKqqONhaVj7sIwgnHNrGAsE7BdPexfdA0QFArrQm/HkGRvwxsug==","mode":420,"size":2692},"src/internal/client/reactivity/equality.js":{"checkedAt":1768031011508,"integrity":"sha512-xd4WHOx53edKWvtvseXFu2mwoC1/SGmypwXL3rlEYyzJDvtoJf3fSuISQjEAwMFM4nBY4ItxXugOnVJnvBUmhw==","mode":420,"size":577},"src/internal/client/error-handling.js":{"checkedAt":1768031011509,"integrity":"sha512-AEZ2tDwFtasW98C9o+P3R4FNkDUy61vSXC4tfPZiOQAU7FHCI6WCXnniS9MpHhdFyDGkymp8P8jAU0r7W/ONTw==","mode":420,"size":2967},"src/compiler/errors.js":{"checkedAt":1768031011511,"integrity":"sha512-pCF4TsDRjksAI4K/UBNF28fGMt5ipCM5nICQmaMxRSzBLSj3tcrrswqbGjgatF96b7Am+PmWx0vMZvCVS8Pbyw==","mode":420,"size":65806},"src/internal/client/errors.js":{"checkedAt":1768031011512,"integrity":"sha512-N3CGgABeI8h21SKNj4fbQiuKLf1kUNHt45EtHldTfiDP8D68Z3h8G1dKh2yoDKS8H+HWbpJ/j3kdc6kq+pwZ+A==","mode":420,"size":14314},"src/internal/server/errors.js":{"checkedAt":1768031011512,"integrity":"sha512-FPEbfcmYf8nXMfxw1vpuYM3JoHmogaL0gN74+i68yTUuXFW5MIYh5XpMSVm4mb2SwUsPDHDVazN/LrfJVTmFzg==","mode":420,"size":484},"src/internal/shared/errors.js":{"checkedAt":1768031011512,"integrity":"sha512-mHzrrPspRRKof9mLIKdUXbduUkRvndLVzYm3y6wJ6ggXSiVrqevRaBQ2hh8Jw+ZqrjuhKTztef3WcgG2v6QY5A==","mode":420,"size":3878},"src/escaping.js":{"checkedAt":1768031011513,"integrity":"sha512-KUMzfcyn/arDzxWmdxr/Kr4eNwK/3X4GGD/lQF1wP28vOsoDSLmt7me1cvr8/X+3nG5EadVvW5/OSDFepax4OA==","mode":420,"size":571},"src/internal/client/dom/legacy/event-modifiers.js":{"checkedAt":1768031011513,"integrity":"sha512-V2uugc3LfGy7KniJDGHZrtUzy35GxfXQrIZgdtlvwMfz99H/ktg3thj6Y2WqpwtQ1QeWT4nmlmrh/vGndoRmEw==","mode":420,"size":3167},"src/compiler/phases/3-transform/client/visitors/shared/events.js":{"checkedAt":1768031011513,"integrity":"sha512-Dg4CvHz42V6XM1Z8rnluGxbPKgf86/2Nq6kcnHZ70cMYv3P+GJG9mjIyO7Xzf3cMixXIedRgswvcgU+RpqXwAA==","mode":420,"size":5349},"src/internal/client/dom/elements/events.js":{"checkedAt":1768031011513,"integrity":"sha512-0IYWCCeANkNbvNANTvyLKTTydn+YdY6tIc7aoLW3eBW7sc+BO0ck1fhoybVeht87aBmpwbmQ9kZFx73Aj67sEQ==","mode":420,"size":10828},"src/compiler/phases/2-analyze/visitors/ExportDefaultDeclaration.js":{"checkedAt":1768031011514,"integrity":"sha512-54q1Owopgyp2Q6AL1tVCx80oh4mc1946BuE6vSQJYtKzN0K9S8rBkcV0Z6z127Lvj8S4gyWXa+T/rLgb1eJGpA==","mode":420,"size":584},"src/compiler/phases/2-analyze/visitors/ExportNamedDeclaration.js":{"checkedAt":1768031011514,"integrity":"sha512-vkZxWClMKRmiuhFEdjIGZsZeijgALGFIKcFWPQgiDxIUOn6jgJngCoc/WrAjJYf3vkaMQ94ka819P/BQBXQCZw==","mode":420,"size":2007},"src/compiler/phases/3-transform/client/visitors/ExportNamedDeclaration.js":{"checkedAt":1768031011514,"integrity":"sha512-AZtoeERToMv6r7RPaRQ/LOM8KeGf/RvGkLc7M6GPe+gjlBFOA+RaX0LXiWvjQvMYJIynFTe1pJv/y07S7bcJ8Q==","mode":420,"size":447},"src/compiler/phases/2-analyze/visitors/ExportSpecifier.js":{"checkedAt":1768031011514,"integrity":"sha512-w/m9I00OxaOieCk7Cdk4Ub3A02xhjIuXfRkZJzO1TOl265+Hxl1scxmgEXqufprMh38mpS2MI3gJUSSgQtgnbQ==","mode":420,"size":873},"src/compiler/phases/1-parse/read/expression.js":{"checkedAt":1768031011515,"integrity":"sha512-q9bPkK+H+3RBEMqVn3WB7s2kc/awzQQXzwBbePz6OvRybX4JBFzyXEGXRXGvP5IsoHmFPmFY94T9dPCsvyG43g==","mode":420,"size":2410},"src/compiler/phases/2-analyze/visitors/ExpressionStatement.js":{"checkedAt":1768031011515,"integrity":"sha512-7uarRreyPoLnl31EvM3mc6aeCdI9uA/mLx1LCUYvI99M9i5eEMinV0oAirRVo+WHIcWcPD0ZRX8secjQP2i6tw==","mode":420,"size":1355},"src/compiler/phases/3-transform/client/visitors/ExpressionStatement.js":{"checkedAt":1768031011516,"integrity":"sha512-Tgh7KnophAvNdc5rX7M5XtAEWu29N1e98ydAbfoFrnC8NVuXxWDexC0st7qmhcHVWBjjJku7+bR1ln+t1RrENg==","mode":420,"size":928},"src/compiler/phases/3-transform/server/visitors/ExpressionStatement.js":{"checkedAt":1768031011516,"integrity":"sha512-tJt+Mi09tA+xWUW8hRSyrqYtb/I06fNaEuphn6KxzSXrwHc0al4YM7iREaFbJdZ+GEypFZaXeszeDYJOH9BdxQ==","mode":420,"size":537},"src/compiler/phases/2-analyze/visitors/ExpressionTag.js":{"checkedAt":1768031011521,"integrity":"sha512-1c5gEVCI6Eg1oPofq/yNKQzCj6STnaAp2gs5COg9eE+ba3QluuLcodP0iliO52ZhcJHOidvUnvfUB8Z6VaG5Qg==","mode":420,"size":921},"src/compiler/utils/extract_svelte_ignore.js":{"checkedAt":1768031011522,"integrity":"sha512-xbDveH2iBbIYv1xir+TR3Zljy3xSv0zEOsoe60bXG0FJLwbp7q9C0CUGJu+F6x8ab7HFdOzvTNEdPyF5/N9RbA==","mode":420,"size":2968},"src/compiler/phases/3-transform/client/transform-template/fix-attribute-casing.js":{"checkedAt":1768031011522,"integrity":"sha512-Kd+qpgOcMj1nmQV0cvMgliG4bmAQgTOpQwEhLr2rgR+N0MIeFC7Typm0TXobePC+dBoEe/ydBQAvErfw8ZAmpw==","mode":420,"size":3152},"src/compiler/phases/3-transform/client/visitors/ForOfStatement.js":{"checkedAt":1768031011522,"integrity":"sha512-cYoqSDRwgDg5/zPqj470ozUgoL3DQQGs/c6sXQFrhItiLk1IbOJW7i62+SIzSwS5Qk/b7CO6hPwPWUDTrlLoYg==","mode":420,"size":816},"src/compiler/phases/1-parse/state/fragment.js":{"checkedAt":1768031011523,"integrity":"sha512-xNtBfzjn1EfWQighMXJL12wCMY6s01iHqjvzIppWuq2C/NjEOTqbUlRUsgNMuPji1kY4+qU1drIKYAhvg1t0YQ==","mode":420,"size":321},"src/compiler/phases/2-analyze/visitors/Fragment.js":{"checkedAt":1768031011523,"integrity":"sha512-QfxU3n1HKVQgrxWDnhvcbYeO+2FWxtn1B/u4DQW4RJIk78ioRQ6Gcr2Jf29MXFmvMohrIU/CgMWT0HACK92qcg==","mode":420,"size":250},"src/compiler/phases/2-analyze/visitors/shared/fragment.js":{"checkedAt":1768031011523,"integrity":"sha512-wKK+nxFSSawV4YSwqUGOmPpqSIGVnGy/DaKOYlpLNeCAeC4YfDU2GVW1EJ42QmIITuIKZcp8niY+B2ckImpiWQ==","mode":420,"size":303},"src/compiler/phases/3-transform/client/visitors/Fragment.js":{"checkedAt":1768031011524,"integrity":"sha512-euzlK5r9WHrhr4GrHpLPHt73V3zJTjjnmMCaWj8R+WtxMEgbTEZJbaniMDQUV6cgYYG9UealwJM79STLazpLyA==","mode":420,"size":5944},"src/compiler/phases/3-transform/client/visitors/shared/fragment.js":{"checkedAt":1768031011524,"integrity":"sha512-Yb2jgsPHjos9OeaoVESYZQronIHvLXzfWgxC5SbXuSytLboycecYxZFGIL9p3SR25ckd/Ol/w5sbwHjVIFhS2w==","mode":420,"size":4753},"src/compiler/phases/3-transform/server/visitors/Fragment.js":{"checkedAt":1768031011524,"integrity":"sha512-Sia9EhZcnW4xSnw7QCqYJFxE4gcv9QUJOTC4wNE1jCgqhO9gNMcdbV/waj2QuBqQtYR2AQj5O+cU3ffTGvt+jg==","mode":420,"size":1290},"src/compiler/phases/2-analyze/visitors/shared/function.js":{"checkedAt":1768031011525,"integrity":"sha512-Vf8LbWtIoyOFfcBTXvigasIsTMMUuzoDej7tP/fUBvaM3ZsBEBL9eh4FHYSpmFfaK0yYR+bGt9f6xmWBz6Jfig==","mode":420,"size":891},"src/compiler/phases/3-transform/client/visitors/shared/function.js":{"checkedAt":1768031011525,"integrity":"sha512-dl2iIlEYPaBHwHt5OiWZEg35w1tvxgVJcDazpS5by9uu+FCw3GQ+jmG6NyIYYK9DAQboBhJykIYWKFDzRLhKSQ==","mode":420,"size":900},"src/compiler/phases/2-analyze/visitors/FunctionDeclaration.js":{"checkedAt":1768031011525,"integrity":"sha512-RDESjz1Q8j6g2o3cSpRYv9wMqhTiTjahcCsBVh8qh0ViePCMSpLswzltKBjkboj9AWHPUmmmK+pMM40cNgNLqQ==","mode":420,"size":502},"src/compiler/phases/3-transform/client/visitors/FunctionDeclaration.js":{"checkedAt":1768031011526,"integrity":"sha512-KMqgJfrRKx5/DPtPskuwpR6tG4NKjTwB2gdl8ro68doRMeTiZ1/90+Phhv8xix2W2NrqICQzSjY523JWyEjTaA==","mode":420,"size":698},"src/compiler/phases/2-analyze/visitors/FunctionExpression.js":{"checkedAt":1768031011526,"integrity":"sha512-gOHYAH9B5j2nUVk0dsnQ3X9b+nU4ofZVY4ILLc4RB80JeXBsIv+EWLsQiJk/MazqIWyGnBsbcFpZXPrzemGZYw==","mode":420,"size":309},"src/compiler/phases/3-transform/client/visitors/FunctionExpression.js":{"checkedAt":1768031011527,"integrity":"sha512-4a0aHkJnw9ZZ5i1ko+tTxKbBavIxg+PfR3Bbf78LzQCrSATyqe+huYWsr4AD1R1+eOoI1RIqCBqUlaJitbL2kw==","mode":420,"size":334},"src/compiler/phases/1-parse/utils/fuzzymatch.js":{"checkedAt":1768031011527,"integrity":"sha512-eb6vjABemRVYVqUaJqDtUdP23LWj1OwNYUW9dEeXuVpORY8fzz6ZjbQvisokWWAB+rWODVZmKqB91iPIjx1sag==","mode":420,"size":6786},"src/internal/client/dev/hmr.js":{"checkedAt":1768031011527,"integrity":"sha512-MaSkpV44/rBv/6s61rQfPC7VyY+WUdo6ZJlEyws+lnsNHA3HjtgJoX2WVtyiJvnqCb330MuMkObR8z2xT6Mjsw==","mode":420,"size":1997},"src/html-tree-validation.js":{"checkedAt":1768031011528,"integrity":"sha512-JPuCWhUBUxHNyx7YgE5FQb+9F7GbuD+Kcv1DQ1xPyTaPtzpTsmiRr1zreDjVk0wwGdhdSwgTtr924b/mWQXmnQ==","mode":420,"size":8749},"src/compiler/phases/1-parse/utils/html.js":{"checkedAt":1768031011528,"integrity":"sha512-Eb/UCZ23LYr3UDPC9WwuAVARih2rvshkWvDwX3q4F6dOmc1ZFBP3yo242ey/INqVH3vzoohfr1XPs0egJRpc3A==","mode":420,"size":3606},"src/internal/client/dom/blocks/html.js":{"checkedAt":1768031011529,"integrity":"sha512-3uGVy+kkgg/uBB+lqvAPUvA41kUZRwyNchqks0z8FYWcs/DtflZGayxqcMeBDUJhhiyeOvCmXUTPsLhmBVR4JQ==","mode":420,"size":3645},"src/internal/server/blocks/html.js":{"checkedAt":1768031011529,"integrity":"sha512-h+LCw8IHWtYrw815tBCbmcntR2wRYg/fpv9Phzy1SToqq0G4Y2iB7i9abPjzYemKk2UlDTzTt0bFYtLy1/xhCQ==","mode":420,"size":259},"src/compiler/phases/2-analyze/visitors/HtmlTag.js":{"checkedAt":1768031011529,"integrity":"sha512-M8c7D52FfByOhPoyMIA40sgfWg45xMYol9mI2iEOQJcWgfML5vcWlTtKYjUJKAFW1mRPqOxi4UXTfR414lymVg==","mode":420,"size":580},"src/compiler/phases/3-transform/client/visitors/HtmlTag.js":{"checkedAt":1768031011529,"integrity":"sha512-2QPVXnGUbalE7/YhrMEjI4FTzMsoctevjlu2hUPnO/OP8mtIlJOcwMlF9lxChHCEhiJ3tsmKh5k6y0peVtDEWg==","mode":420,"size":1362},"src/compiler/phases/3-transform/server/visitors/HtmlTag.js":{"checkedAt":1768031011529,"integrity":"sha512-I6gPyIbyEsaknFK56Ac/iKAKvswWPG69FJhGy7jOSmLcEXgpazFGoyFrPvReofNXuUfvjLdCxXBvEukv9B4JOQ==","mode":420,"size":438},"src/internal/client/dom/hydration.js":{"checkedAt":1768031011530,"integrity":"sha512-shDYvLBO6vGTG/FrBgNsWSw+mHN69fJM+MkOSZOntyf5sIRKl5vRYcpid35j3AJA/J4/LjX29zRPN41MpOkVUQ==","mode":420,"size":2923},"src/internal/server/hydration.js":{"checkedAt":1768031011530,"integrity":"sha512-X58wU9YoS9wED695Zm1mXluOQS8wUhHrLnehaqP2Jn854g+64jLJKaXyA9Y3Zd3vX5W0VWIwVWyrhrG+kWChfw==","mode":420,"size":306},"src/compiler/phases/2-analyze/visitors/Identifier.js":{"checkedAt":1768031011533,"integrity":"sha512-Qydi4WVWJ6aQHiYVNXPGKIvMDx9ldkz+dqMPHNlXRbCQvIeYBqeZJ8dNeUedAL9hQzuYfsSdk1OsDI+uEr67Ww==","mode":420,"size":4512},"src/compiler/phases/3-transform/client/visitors/Identifier.js":{"checkedAt":1768031011534,"integrity":"sha512-Vp9+5kQDAC2whtkqR6hWNod8jLX6Gim1wTFMpzpKYUssG+mfDwP15BGjs/03kXHWNh5pO0vWxVu3fqoKHulgGg==","mode":420,"size":1174},"src/compiler/phases/3-transform/server/visitors/Identifier.js":{"checkedAt":1768031011535,"integrity":"sha512-sc9S4/3iOCFdbdUkCHih1J75TMO3VgOimrbCh4+sb2gNGJUQK1Y3CzsSDzOiHzrTa2rzicRl4CBwJJndJeM2Bg==","mode":420,"size":531},"src/internal/client/dom/blocks/if.js":{"checkedAt":1768031011536,"integrity":"sha512-UVZltRiaLs6pVRzPZHZYRYMhBSR+FSre8JI+UFqX/xwxtoUD8G94HEgbH//NVwpOzWJ8cTXFbdqxaXJeBosRAA==","mode":420,"size":3852},"src/compiler/phases/2-analyze/visitors/IfBlock.js":{"checkedAt":1768031011536,"integrity":"sha512-tbidKvKsJDlBY06kumZQA2cTDSklwLi0cEWNF/5PTIssIuHTp1QCZSgUR2x9SEuuKOo+MMrESe2ei7GTP6NCMA==","mode":420,"size":770},"src/compiler/phases/3-transform/client/visitors/IfBlock.js":{"checkedAt":1768031011537,"integrity":"sha512-jLOIWYxes64FORaDvzWE69LOliIzNZMzSVch6q+4roUJpZ66QH2IP7+39tpdCgSPIbXrLxGynHXKdN0ul3dpSA==","mode":420,"size":2408},"src/compiler/phases/3-transform/server/visitors/IfBlock.js":{"checkedAt":1768031011537,"integrity":"sha512-Zb4lS/yLQTPyPv0m3sgL3trJ5GFi3Utv8Y1M6Dc3bEaebT5/gdxdsMqOkJOziQPNIhCHew7yICxScWlR2dUFpg==","mode":420,"size":1032},"src/compiler/phases/2-analyze/visitors/ImportDeclaration.js":{"checkedAt":1768031011537,"integrity":"sha512-fFfNt/GJVfu4LuzgeVCRvfeBoqS9hh7JPtspOaFWuhknC7B/euZ2Xe71SvYSXDGd4hKwbysBH4OcP/RrFmLZHA==","mode":420,"size":845},"src/compiler/phases/3-transform/client/visitors/ImportDeclaration.js":{"checkedAt":1768031011538,"integrity":"sha512-A5enEm39AxsesDluCj0DZq11qhU8VU4dMOBxm+FadRygvEMIvasiTVlH22HUPXJ4agmPxxiD/OsPS0qxEisFXw==","mode":420,"size":388},"src/index-client.js":{"checkedAt":1768031011538,"integrity":"sha512-tP1/oZCQvdyNQOQ6wsTbVrG1NdusgXRRyWR6YdN8tt1bzLUUwfhqaXdzsFw76xc6my8dIvryw6NMBO2zFjYDKA==","mode":420,"size":8223},"src/reactivity/index-client.js":{"checkedAt":1768031011539,"integrity":"sha512-IqMLKpLGP/KLFOwqtD2pOgj4RlfkuK2KmH0+8sJKkLpmXudSn2fiKwOtGnExCzcwsz+ohO3BiGDO4pl6iPnPYw==","mode":420,"size":324},"src/store/index-client.js":{"checkedAt":1768031011541,"integrity":"sha512-Km1fTJPHKHLAiClcOcP4HFQT2s/4HOE5AcXQ600YVEhov+iV3tGuOW2Eu9jzk7iPNp+6E9SJKzO3vKb9ckC8ng==","mode":420,"size":3402},"src/index-server.js":{"checkedAt":1768031011541,"integrity":"sha512-jD8zAcp/8BNgLTc0rnnHjZjCQoSRrk1z9udBkMJdYX6PMjCotxM8mZMGFa2TrxotqNhALNETnOta7xEvDxqlFQ==","mode":420,"size":1110},"src/reactivity/index-server.js":{"checkedAt":1768031011541,"integrity":"sha512-9AsVWV9rnDjw4aQvE5KXnNnvoSw8WllYEfZGn+VuGZhHHaNeZE6KKVdPkjaIJK0cpdT2YtEAIxNJf6MsVUnn0w==","mode":420,"size":490},"src/store/index-server.js":{"checkedAt":1768031011542,"integrity":"sha512-EHhlDvjf+PoLH0kdM72FxcrOJzGHs8s7/8egRUwx8PcD99xfgbyP8hG5Nmw6deVKfOhwvpTwU6dqb4aCwVYszQ==","mode":420,"size":1920},"compiler/index.js":{"checkedAt":1768031011545,"integrity":"sha512-qEc2TEV36Hn563A/3zCiWZlUTEsP99231yf0NJmYVlwuzyC07B82UeuKBuzky1+CDyUN43734r28u2GG/MP+hQ==","mode":420,"size":801018},"src/animate/index.js":{"checkedAt":1768031011546,"integrity":"sha512-aRsoTwaLoncwudQRaHG2jJqu9EUZNMgGiMzk+vyyuiTqnMAVPAkyltMWlucRu/wSaJiF3qBj44XzGaaii0iabw==","mode":420,"size":2381},"src/attachments/index.js":{"checkedAt":1768031011546,"integrity":"sha512-Q6Z78wZBZwzoES+/USVqZeZECUIUuzmEhsec0whxmQZzuQfsa0mNJYONuYWLR8T6ilA+a+h6NAYoCMOo1CXCxQ==","mode":420,"size":3870},"src/compiler/index.js":{"checkedAt":1768031011546,"integrity":"sha512-nsOU44/mtpy3j1YuzVbNjgPkGeRNGpsHGAc9HjqU8NOk9XF+ZD5VVpq/XrKnUTZlNrWAawn+5zzpu5vFMlYf7Q==","mode":420,"size":5908},"src/compiler/migrate/index.js":{"checkedAt":1768031011548,"integrity":"sha512-cP4esdpCPNoEpoL/1e/D323sRRw8FRg23z0hLC2GS+cKrssO1+1j14PEjOv6JzGdbRMwOf3fDUoRqE3qVbJNeQ==","mode":420,"size":64151},"src/compiler/phases/1-parse/index.js":{"checkedAt":1768031011548,"integrity":"sha512-oVX15Z636Fnp5zkcblui33m1x0PduhddTTJmR+2XTpBmIurVmX+m1CC8gpdGq3l4Yu42qB4MWn+bAvXWPkuSAA==","mode":420,"size":7498},"src/compiler/phases/2-analyze/index.js":{"checkedAt":1768031011549,"integrity":"sha512-MaBltRmDY47r7Ifz34bzHXA08650oHwr1XehZQdum1Z2m+qWnBQ2qnSfQW539WQGhCOaZAyEOLzwge4RdjTPOw==","mode":420,"size":30097},"src/compiler/phases/2-analyze/visitors/shared/a11y/index.js":{"checkedAt":1768031011550,"integrity":"sha512-np86ZbEHR5LTzXyofintd0r3v/7xToKQQD1A3NyY0ORcbMiYwUzML8uQjl4N89K7dXdJiU3CrzxeUxNrSGtqzg==","mode":420,"size":27791},"src/compiler/phases/3-transform/client/transform-template/index.js":{"checkedAt":1768031011550,"integrity":"sha512-VqCycPMa8QkDNcH8arwfGK+BoeH17mbkyjkPSs/ppP+t9wP5qyXJtdMHnhgR9L6Pc79wDHAS+vBd9ilWKmlCGA==","mode":420,"size":1743},"src/compiler/phases/3-transform/css/index.js":{"checkedAt":1768031011551,"integrity":"sha512-QUgEeDguRw8HMmseY8n+Z3HjZZ5+9dZpNjtJebDtsbxkhG6Dr/oMTCWKy3Uyo6/0/WQN9ZEvRBxplSC9DR88AQ==","mode":420,"size":13614},"src/compiler/phases/3-transform/index.js":{"checkedAt":1768031011552,"integrity":"sha512-pH0taBhQvWXK9AzxxRqRp3OUZfi5JDqnFVOe6//Df8hYRvUxTbX02kBkXrD/59lo6umu1u9E2KMzToMwYZ0WKA==","mode":420,"size":3581},"src/compiler/preprocess/index.js":{"checkedAt":1768031011552,"integrity":"sha512-3O9a6Np8thnuAVjM6mILYBMaZh9gMxzFtwvaLpRy0mFj4iKacH84ennOq+maSlMTAX2l8d8RvIkdeac3Md8AbQ==","mode":420,"size":10921},"src/easing/index.js":{"checkedAt":1768031011553,"integrity":"sha512-lRJm19ybYu7gqzGucQ3mKltSFPTar2ZpYJ3YYc9IGRMyMIYRzDHWE3Zm3FlCgsYpa7qqoEYDMRC0O3+Z+KSRqQ==","mode":420,"size":5029},"src/events/index.js":{"checkedAt":1768031011553,"integrity":"sha512-QL8UtENc6g0fgMWpseJm89XiA6u5zTTcmaKA1RK+xwf77Q5UE/A96YXrTI7iwVg+OsCQOsTRt/vAIyMNDZcmEA==","mode":420,"size":64},"src/internal/client/index.js":{"checkedAt":1768031011553,"integrity":"sha512-hDyfPIQqi3LrK9l3ZC3Um3sxFsszAFeh2rXl6fcki+6NNCqNuO2KPmzNulb2EGD9wz3N8nPtHJOmbQKQRO5aAQ==","mode":420,"size":5578},"src/internal/flags/index.js":{"checkedAt":1768031011556,"integrity":"sha512-7hp0JYBQx67We053FLxg7bRVrTniVVBLROf8uhp7XyJMFc7xDY2bwYddN6mjBXgsZ59ckB1VQQdGNfOhj8Gg+Q==","mode":420,"size":439},"src/internal/index.js":{"checkedAt":1768031011558,"integrity":"sha512-Fry1rzoy5rC3WrDSxLNCbHwmGgB70M/PoKd8Nx3vIuZp5IV8m7su0tt/rKmZijNu7JH1mxLQgEJ2b1S82y/lpQ==","mode":420,"size":653},"src/internal/server/index.js":{"checkedAt":1768031011559,"integrity":"sha512-d32qV7nL/bsHM8raganyJD//EdkpvvpciJ1K15qQhhz0sScFHuIkbHl/agMsjno/3OuPoA65cajh3y12UiL1IA==","mode":420,"size":14951},"src/motion/index.js":{"checkedAt":1768031011560,"integrity":"sha512-xgFOfLWSLJLrXvaMAzUsn3pobEV0IRwiPPVT146CKzyQZdmSXo8opvj/Yd46Wr1kapWJ708CIws2l3pWV+NfRQ==","mode":420,"size":895},"src/reactivity/window/index.js":{"checkedAt":1768031011561,"integrity":"sha512-W8LZ8vA3JWplp9m9NXFtaGvDI8RDqCoaCC/hh+wnlCRPlyqKJ/fNhZBXoFP3qbeZoMeOWSdRSSxN+93qhT3oSQ==","mode":420,"size":4364},"src/server/index.js":{"checkedAt":1768031011562,"integrity":"sha512-//h3W+cwKioPLexiwJGEk8uFlXMhLZiuFLZjti1F4mGem7DgGm45I0qsCxaRkfWz5or+QfUppJ1pA5aMHxPR2g==","mode":420,"size":54},"src/store/shared/index.js":{"checkedAt":1768031011562,"integrity":"sha512-eQse155lsWn55IH19kiy4Bm+Y6sRlJYDFRC/UAR1gFEg7KJJA1EkMcViV6EWmqClMZAeivp/nWS8w1lYSi74cw==","mode":420,"size":5227},"src/transition/index.js":{"checkedAt":1768031011563,"integrity":"sha512-QQdq+d/vwcdOrXYZOhHU9Eadxf0DHpsVyGb2Ibrue/n+C250NOhoJpp3LtiK3wNCCcTBGxlR2PNADBBF2nZOeQ==","mode":420,"size":10150},"src/internal/client/dom/elements/bindings/input.js":{"checkedAt":1768031011564,"integrity":"sha512-vhmswqat0bi8eJxc7IwkpWFluTPbPEtRdhXDZNyOTKHILhgBGT9sfvYULjqEZccl81Xf8JLoCsXFh4Psi9qOZQ==","mode":420,"size":7806},"src/internal/client/dev/inspect.js":{"checkedAt":1768031011564,"integrity":"sha512-uw1+FfxzsHRWQSjjx+Or4FbCmQxjqJF/Z/DY8HdYT8o5Lxc8cBFVwsJ7bVc2nKoPQ+yzYRV0voOMFFD88QtKMQ==","mode":420,"size":1526},"src/internal/client/dom/blocks/key.js":{"checkedAt":1768031011565,"integrity":"sha512-a1q/UZk8WRS8RKtyGHOxvpDmeoP68NKYmSJTj+aAJ0f6VaxUtqzDil3A1pwKYLCLn7xtQSxfqNpaakdIYTiJdw==","mode":420,"size":1895},"src/compiler/phases/2-analyze/visitors/KeyBlock.js":{"checkedAt":1768031011565,"integrity":"sha512-dMr0rkncfOhrgDnBqsFxp6g6SxXMdUvhfG5mhgpF0a6LT4FaRKG/Ed/5H4Ifd6Gqhr6Fs3URQwtxzXNoqXBDGQ==","mode":420,"size":644},"src/compiler/phases/3-transform/client/visitors/KeyBlock.js":{"checkedAt":1768031011566,"integrity":"sha512-huQlpKcsNf1z3V0H1TfjRQnxGBgMqOePZtixRQE31XCphQ3i1K1BaHyZtIVK2sxWcmtcahpn3fAe0gr99xeSAQ==","mode":420,"size":1089},"src/compiler/phases/3-transform/server/visitors/KeyBlock.js":{"checkedAt":1768031011567,"integrity":"sha512-ypsC5nTtv8+DgMNbseaEJwmM/XiR3M8b6myC3+oNa5ovfflHl40bkwtpu1kkV7+/siKK/AlaVrIdccjxjmvA1g==","mode":420,"size":445},"src/compiler/phases/2-analyze/visitors/LabeledStatement.js":{"checkedAt":1768031011567,"integrity":"sha512-3JOew/kPCxVOikycE6YMs3taMtI78lek68XXJJg1Eu3UVsPOoi/qYZHc9TzKLKvtuLmt6oHlzfBqiXqKnoWbQw==","mode":420,"size":2745},"src/compiler/phases/3-transform/client/visitors/LabeledStatement.js":{"checkedAt":1768031011568,"integrity":"sha512-y9mOVS7r1KLD8Wn6vtawrAtdzb0ocLwhLeUxe+eue9uOVTRAbbRNXjJx+Zn6dbWioUMKVXS7+QIE6hDiic4XEA==","mode":420,"size":2005},"src/compiler/phases/3-transform/server/visitors/LabeledStatement.js":{"checkedAt":1768031011569,"integrity":"sha512-km5KAAyrC+r9xV6DzkX9JH60kRi6FohKvyZD9WBN4kFdCXR8yzZo9oDnnwwrlU3fO+TZ1rLNQ1tJLjw3rGloZw==","mode":420,"size":714},"src/legacy/legacy-client.js":{"checkedAt":1768031011569,"integrity":"sha512-2M5vum6r837Jf+GHO8IXZmwDHniHtK2xM8aCmH48x0KBsPanQ4oW+3XGxFkI0ztmf4snLIrYnJlNCYqJJNScsw==","mode":420,"size":8344},"src/legacy/legacy-server.js":{"checkedAt":1768031011578,"integrity":"sha512-ICg1lqXxodsQV4owoJpRPKJuk1O8Bpzwm5LbOru+IFvg6kIlLCuzq5S4+Bwa26uhVGBA4kAalON64odK3Ol4Uw==","mode":420,"size":2229},"src/compiler/legacy.js":{"checkedAt":1768031011579,"integrity":"sha512-56/ZA6r2T00CqSHHbr6Kohinc14qzJ8nqje+Gn8/K54f9hGD+neb5FDk180Nw4SydVBErdrbdDYn2dm1k5imIg==","mode":420,"size":16559},"src/internal/client/dev/legacy.js":{"checkedAt":1768031011580,"integrity":"sha512-LO1FOde+j2vroz4zj75wteTK3NQgFiCeMU1qb0fMeOxI42iTwq2rmk4XiUxkZmDdMLspK4j9KZ/bKp3NKjRoEg==","mode":420,"size":650},"src/internal/client/legacy.js":{"checkedAt":1768031011581,"integrity":"sha512-gUQ0/9fWaPSVGOmeBw2Zmd3YZ5pdzvXV9RKBLI7B4LWSUyBPTNUFi2PHM0AeEe/HKSLZ90V0BQgAMmKJjjTPzA==","mode":420,"size":1004},"src/internal/flags/legacy.js":{"checkedAt":1768031011582,"integrity":"sha512-8UWzyLYDBuVmdyqtE0Y1eMhXZXue+QJtCI0clkjh0XY30HT9NxHcBft5nxPcMsSAUYMDUbiI/OGD95wyE08V4A==","mode":420,"size":82},"src/compiler/phases/2-analyze/visitors/LetDirective.js":{"checkedAt":1768031011582,"integrity":"sha512-P+L4V+JDIVbIK24j5v194XIqxTKr1QuBDqe4EXrWB82Zn6jVI2lcgj8hPTc/Yq+MjmNN/EbZZuB4lYzoLUYN0A==","mode":420,"size":623},"src/compiler/phases/3-transform/client/visitors/LetDirective.js":{"checkedAt":1768031011583,"integrity":"sha512-gNzVnVHKTlDfYQAswwTB4pVGDO0sPCmetrQ856VYnsjeMeCHtExVjeoEITp9dLz3aYvJTXQCYz9hiMvq8S332Q==","mode":420,"size":1837},"src/internal/client/dom/legacy/lifecycle.js":{"checkedAt":1768031011584,"integrity":"sha512-sts1d1vhLyLEtNJ9YGea8YuO3sSS7nlFnNdo19bEUR1fzFjdkrmZjTpfWYNvgF2glcHpU7fvkuIU0a8/d/6Q9w==","mode":420,"size":2046},"src/compiler/phases/2-analyze/visitors/Literal.js":{"checkedAt":1768031011584,"integrity":"sha512-RHX5uqxFpnSYkear2Ej43BrGgAMUaWQPM42xi0sBjny/M6qvizpYkYRlBFN4CCj2ut2nWF3u61or0Y5aM4QxmA==","mode":420,"size":384},"src/internal/client/loop.js":{"checkedAt":1768031011585,"integrity":"sha512-pW4wdWCcS4XXsG8M5sBNqXj0DLmZypfnOCNbW0k6n6YFD0DJ17gqc0UxHL5L9gKqyuJG+2YQKNojBvJV5JC69Q==","mode":420,"size":1008},"src/reactivity/map.js":{"checkedAt":1768031011585,"integrity":"sha512-Tr4GZQG2yvWyou+xoUsWOcai3MhRag/r90dV3O6MTojnCwEJwR8CTpQNozrTPaI0E974WptxfK+7LytW/lL+aQ==","mode":420,"size":6061},"src/compiler/utils/mapped_code.js":{"checkedAt":1768031011586,"integrity":"sha512-8rFeNV8CiuFjZJUJwu2azZ4davMJZAFcDXAvhFjzwnr+ufaXLkiJFTrw5r0NcuHAnD4iENwJE6RKUKNKHimaNA==","mode":420,"size":14578},"src/reactivity/media-query.js":{"checkedAt":1768031011586,"integrity":"sha512-x1tapQJwbQjOtoLj77euUQ4S58aIDpp8dwOH76wLMECJFO0wPKjvzdRr8xQtjWaoHItcm9DO8GeY6USjM1z/Og==","mode":420,"size":1922},"src/internal/client/dom/elements/bindings/media.js":{"checkedAt":1768031011587,"integrity":"sha512-yAPPjkrQwvLlCONYYiDt6jpIQ1Xq0Wrj5ut7HsXr+bCg2B3LJw56SVJDfdCykYnZA57N07I/pa5xtXrV9hGJ9w==","mode":420,"size":6218},"src/compiler/phases/2-analyze/visitors/MemberExpression.js":{"checkedAt":1768031011587,"integrity":"sha512-kUcStk8pTHanAPgFLkVJxsWehXY9p5Tc3uPBzrpI7t08q8WsMLV9pYxVvHBZmq6UlgSLvlqK7+/2SjR5tJ0rpw==","mode":420,"size":873},"src/compiler/phases/3-transform/client/visitors/MemberExpression.js":{"checkedAt":1768031011588,"integrity":"sha512-1CdfONQgEUhWvYxH1hqampHonQi0ZjrqcFVyK3OS0DrtjeXvGH6aKS/QdoPYFrCj93UVCjj95DWCx4UEdcSTiw==","mode":420,"size":643},"src/compiler/phases/3-transform/server/visitors/MemberExpression.js":{"checkedAt":1768031011588,"integrity":"sha512-65+VlND/NxcZheXojn0cBka0yDBLJN0oSB+C/wlqLTY8+2mRTc2DSSFnBLSO0N9Ju9zrbHEIPfnOulRYyg1Evw==","mode":420,"size":598},"src/internal/client/dom/elements/misc.js":{"checkedAt":1768031011589,"integrity":"sha512-kVLUiypaLbgjTgyBbQLmUrHj6fQN7hBojaQegkauzjnqIULybJuA6oCtMR7fkWFIvUDBpDRV3Agshp43+jBssQ==","mode":420,"size":1511},"src/internal/client/dom/legacy/misc.js":{"checkedAt":1768031011589,"integrity":"sha512-OTS9cvtKVqdCPKKqk86x1Y57QGRwduM+9OcSCIaZYThxwpWJY4UVNGF0kn6CT6b/qYXVE2SnbfDZ8JQ4LwO89w==","mode":420,"size":1862},"src/internal/client/dom/elements/bindings/navigator.js":{"checkedAt":1768031011590,"integrity":"sha512-T8jFHpd3XQY2BOCp/fDUTlFkBKEnWLLSLchvupvBzC3fx4rb8ho7vhl8Sny27+OsKHWnyY6zHB+S3zWhDdpLDg==","mode":420,"size":231},"src/compiler/phases/2-analyze/visitors/NewExpression.js":{"checkedAt":1768031011590,"integrity":"sha512-rXw5rZvyhiLSNYRMy+Ja4i9XFxd2Yl7FqjA+tRKNIoRIVf3gi1BOnRE95mU+qpLFHZzm+WzWDaT/DRk+bZVF2g==","mode":420,"size":442},"src/compiler/phases/nodes.js":{"checkedAt":1768031011591,"integrity":"sha512-4b4GyPHoeJhvFsdb9b4z6BBiAW8uVK0nk0RtKwikdtvvqziSA4qAY6/XZDNgDQ0ano+KOsRhFYbGB7HmOrRgFA==","mode":420,"size":1967},"src/compiler/phases/2-analyze/visitors/OnDirective.js":{"checkedAt":1768031011591,"integrity":"sha512-dmGKdbfassqFyqgBPdWmlQNylKIM6yrCpucaRoWU8bkSuIA/v5KONk1tpvLDz+ygY9GU9KRXMabDdGvSoYnydA==","mode":420,"size":934},"src/compiler/phases/3-transform/client/visitors/OnDirective.js":{"checkedAt":1768031011592,"integrity":"sha512-+qHmVLogPB61gzhyy8iJi0B1qxWsoF+IN2fSb2FLl7BJfACO8MyKCz/P+lyG4KvPmssIo2cvjFBXdxOOwJRn4g==","mode":420,"size":1025},"src/internal/client/dom/operations.js":{"checkedAt":1768031011598,"integrity":"sha512-vNLIzOJGpHug8JGUTWzNEQNiqRlrv1blrcT+XG5hMhA7P3PR8mSaECB4jRGXXChdEO4sJ4dxKJ1SaiWgxszwgA==","mode":420,"size":6869},"src/compiler/phases/1-parse/read/options.js":{"checkedAt":1768031011598,"integrity":"sha512-hvCQNByfmfsdh1j4lc3g4GLJnwEEHY3X8VtwZjQDtgb12RrRtXnMnCSCkpRG5320skovQbx5KRxhMRjRhmL2Dw==","mode":420,"size":7529},"src/internal/client/dev/ownership.js":{"checkedAt":1768031011598,"integrity":"sha512-bP0mqEmK9wNM0AtwOn5KAj7mKzfd3IMZDhO2xyb7UBchqc82VVoRzGyVyTYLDvRR/KLCJ26b3U+5UB0c9yA0bg==","mode":420,"size":2252},"src/compiler/phases/patterns.js":{"checkedAt":1768031011599,"integrity":"sha512-n23Q3mHEXYu/34gNywOSuZFF7oPchYUlWsZIOwfgu9rqXUZHDiiRIReFcOlngylYR7q2Y5i9Z6Kc5Y8j73Gv8w==","mode":420,"size":1414},"src/internal/server/payload.js":{"checkedAt":1768031011599,"integrity":"sha512-WTukyXZbQax5XP9W+1b8B/PJ+q1AXKU1l1dmIo2pJ3lDkpTDSNDWMpLN4W9oE5RokpTq0U/qJaG4puhaYVDxJw==","mode":420,"size":1580},"src/compiler/phases/3-transform/client/visitors/Program.js":{"checkedAt":1768031011599,"integrity":"sha512-paGP7Xo4I83nRJNdWlOPz4EwU6fw3y/wgYydOk0MlGwLD2YDwlRa3Rg5/tElt43txfRWMFZrtLGFElercKIZjA==","mode":420,"size":4169},"src/compiler/phases/2-analyze/visitors/PropertyDefinition.js":{"checkedAt":1768031011600,"integrity":"sha512-2C+ZhMFVYw6IsbnTgZIMSAJE7VNX2IbhTubptBhxfDv3a0f/F8kYCvj9UwbGq3mSZ1PyyF32bVG5FIGgXRv2sg==","mode":420,"size":608},"src/compiler/phases/3-transform/server/visitors/PropertyDefinition.js":{"checkedAt":1768031011600,"integrity":"sha512-KKzo6pUPxwjB0S2D+xX3tuxYnvwjlKBaVCiUzKRLMslnHwATuS5a/qa7ymtBSFNMrO6+38oOQ73WtL3QSW2b3w==","mode":420,"size":1032},"src/internal/client/dom/elements/bindings/props.js":{"checkedAt":1768031011600,"integrity":"sha512-bgdysYIsi8srWOmAXfj9y4Z344Hanr2kzDT4eSMEc745Noyfwom0wrMCCYj7UM5qCiUCZuZEgRPSBbmu6bQwnA==","mode":420,"size":573},"src/internal/client/reactivity/props.js":{"checkedAt":1768031011601,"integrity":"sha512-wPBCwurk6iTGz0wmlyn99bOidP6xkWPW+voLvJL9j43/celuqmgg1byLhT780ateZuaZ1dE0JN4fiQ6DN9VUoQ==","mode":420,"size":12152},"src/internal/client/proxy.js":{"checkedAt":1768031011601,"integrity":"sha512-JGBZ6FjbjRVg4n19YJCBQlxXFWeuMtJ7peIHOuvT3zZ4XHXWTnsYafXg1mbVBCqyeEJD2zi9UbqDAy2k2gsqJQ==","mode":420,"size":10740},"src/compiler/utils/push_array.js":{"checkedAt":1768031011601,"integrity":"sha512-QUAX47vv+3CpcpURINe4JDsAmbomMxVvsr0MflDHLSS1l3h7B+WolrNFRwz0u5LrexbjF7JPtkFm0icix9L7Yg==","mode":420,"size":423},"src/reactivity/reactive-value.js":{"checkedAt":1768031011601,"integrity":"sha512-6CEa3ERmmOK0PY3Hle62vY3nTeKfBp0xbML15jDVmnR2um07Y2YcUzaY3HzR2AWPzxWkHvtPPUWm77e+AkLPnA==","mode":420,"size":392},"src/internal/client/dom/reconciler.js":{"checkedAt":1768031011602,"integrity":"sha512-uQl/kYLN00W0SYPxqJupO3nreqaKIdKHXI/QvU9RPMqSi6ZL723SL+WTt+7Domnn910kVGcpMG/csd4t/A/hHg==","mode":420,"size":223},"src/compiler/phases/2-analyze/visitors/RegularElement.js":{"checkedAt":1768031011602,"integrity":"sha512-MKK3Y+/loImj6iQWJ+hDYZyvPaVV7Y92vm+HWvZC2vXkxxu9UVLuaAOVHqE0HJfq6/KKa6/cocArRGHgpjEAJA==","mode":420,"size":6094},"src/compiler/phases/3-transform/client/visitors/RegularElement.js":{"checkedAt":1768031011603,"integrity":"sha512-FvQnyHHpSHNTs/Uy0g5M43/AQfgMTCc+jTZ1hQIRHDuuO6HKDz1dax76h9JR5I6gwYnMVeaDXeP/RHyV8XP7qw==","mode":420,"size":21970},"src/compiler/phases/3-transform/server/visitors/RegularElement.js":{"checkedAt":1768031011603,"integrity":"sha512-d4DCOaT2x+CyPCrLy6iKCh6GA9qEimad5ZAvXP/q4O0FrsLRGz5XKuyxz0h2kXw59p38vElZ/hiSIGfk3I+94Q==","mode":420,"size":5280},"src/compiler/phases/1-parse/remove_typescript_nodes.js":{"checkedAt":1768031011603,"integrity":"sha512-vK2bNtJfwDqQrSfA3cRn9LR5B1Qq6WeUmd/OorZF23XouTuy9ovMpL7m2MJNULv5/fCz50mKnk/k+yuEMehPtw==","mode":420,"size":4358},"src/internal/client/render.js":{"checkedAt":1768031011604,"integrity":"sha512-XTA3agFRQvJOamaC/1sHVYZ2mRtT6t74PwyLv+rYeLxW+W3hUWuWueTYY6/c+736kzXDzepsHL970Ff2DDoAng==","mode":420,"size":9340},"src/compiler/phases/2-analyze/visitors/RenderTag.js":{"checkedAt":1768031011604,"integrity":"sha512-3dl1AEpFdEqcbEjch90KQ77TNVnBnnOm37IMj3IgqIBt4ltQzdL5UMGEnbhQVlsc6xULY8MnlfSQpoPox457Dg==","mode":420,"size":2103},"src/compiler/phases/3-transform/client/visitors/RenderTag.js":{"checkedAt":1768031011604,"integrity":"sha512-KJE7+Vj3vhTcuoTBPzEeeT4DXvI3nYodLI61kuD5cTbVWtU72rBlhkMTR0rmv9156RO59MLFWJRHv0vwpga0aA==","mode":420,"size":2295},"src/compiler/phases/3-transform/server/visitors/RenderTag.js":{"checkedAt":1768031011605,"integrity":"sha512-Wi8R1eq5Px8eIbKq/tuy7ESEmLUExYbPemGud/+sVDtZDnm+semk3JKe59Uyc8z8kMQ1wRaP4h8FC6Oj8zM7vg==","mode":420,"size":1009},"src/compiler/preprocess/replace_in_code.js":{"checkedAt":1768031011605,"integrity":"sha512-01HWi81ECM9B2GkZJg8bSZPfYvdGb9TAIiMNAaKlINv4vUHEnj3CabZirlftYrdwqUiyvf2WQhDhr9HJ/u/7fg==","mode":420,"size":2055},"src/internal/client/runtime.js":{"checkedAt":1768031011605,"integrity":"sha512-VwMShLqxvDeg8XOxcT6qKRUD3ShfvqP/c48ms+QGn9XCZLZz85z3GGpcs48iZQFQbXdgYbClgl8THPeSa1xAag==","mode":420,"size":23474},"src/compiler/utils/sanitize_template_string.js":{"checkedAt":1768031011606,"integrity":"sha512-E6Ap4K+X0PMM0ACj4ERDo8TOBMnLnTFLzC+yP2ipdONgsr/ilbOZPZ0ZAM4kv0dHNg+6CIKwjaAqroFbbj56aA==","mode":420,"size":146},"src/compiler/phases/scope.js":{"checkedAt":1768031011606,"integrity":"sha512-AOg1JroqXAap574uXTh25n4UjDGdnxsGoiwLJEWZWlLETD4z7SNgTs3GSE/tyRWIfvc10dvIK7GFS9lILTeqzg==","mode":420,"size":35084},"src/compiler/phases/1-parse/read/script.js":{"checkedAt":1768031011606,"integrity":"sha512-Av+gzJylVajMK9htWGHHzyJ8wliwiXnrRbCFoe3Jj0Zt9NyCbfNUILaSscbtiTx7fpCZZr71Ytm4C3XFX/ET1w==","mode":420,"size":2485},"src/internal/client/dom/elements/bindings/select.js":{"checkedAt":1768031011607,"integrity":"sha512-CyxLHyskhvnarukr7n5nDuXOBQnSIApkKxMI0AspYWR8f/eqk+JZe9WQ4aasJvuKuOi2RvMC8VyNAs9EDdfDDQ==","mode":420,"size":3813},"src/reactivity/set.js":{"checkedAt":1768031011607,"integrity":"sha512-wHkTWAQW/1dmdxys76ttgC3ud6hBTULleo7fuvbrQhOgw28cDGVNhwPPsoTMEny876l+1zu/hGenBVWWxCxD3w==","mode":420,"size":4998},"src/internal/client/dom/elements/bindings/shared.js":{"checkedAt":1768031011607,"integrity":"sha512-bzOejNFNqo3BFQ3KxquEK0v6S5XRYlAd/NpseApTX8Y4cwE/nTiDWhjIBaNntNpxW5dmUzsHWdHwFg2sJIugmg==","mode":420,"size":2023},"src/internal/client/dom/elements/bindings/size.js":{"checkedAt":1768031011607,"integrity":"sha512-KH5ZnkX+KDj9bep1K5/uEfmyRaO1tZK4CbUJmCHCp5Po5KiMHY6tt4rPnfY3s8KD5VLx4GLOEMpSC1ACf9gjOQ==","mode":420,"size":2893},"src/compiler/utils/slot.js":{"checkedAt":1768031011608,"integrity":"sha512-COVsgFDoRm8F2V9Ptyql5j1daXejc13bbuY6bSP2bhf93/hDn8jX2DzPBM+DdfeuuPVvTBB1DzGXsDuQ90WlDg==","mode":420,"size":524},"src/internal/client/dom/blocks/slot.js":{"checkedAt":1768031011608,"integrity":"sha512-SmI/wysHtS/CHmFeqGUTggJrKveM+2P0FGTC116PiHRe4dWEjVyLIEsDWl3uvH2L4cIGSW4FczuZj57UNT4M2g==","mode":420,"size":1082},"src/compiler/phases/2-analyze/visitors/SlotElement.js":{"checkedAt":1768031011608,"integrity":"sha512-sIQKIhaSCJ0kKdrpeGgMvCLSsVrYft7CNTRnp30zRFxBn5D2MW61la1ocHmiIi9wedMiFh8X7j1OvZgr4bX/Rw==","mode":420,"size":1166},"src/compiler/phases/3-transform/client/visitors/SlotElement.js":{"checkedAt":1768031011609,"integrity":"sha512-lVUY+fjVetXr4zN9RCp/Kr9wAXI46YfGCPcSLrzWthhxb0KbGjufeSZOC2Tjnk4gReZMjIT7Hsa5JPhuDmUzkA==","mode":420,"size":2711},"src/compiler/phases/3-transform/server/visitors/SlotElement.js":{"checkedAt":1768031011609,"integrity":"sha512-Go2NdF4BlTA7x2XbrhN51ywdxXqTTA8ForhHuCtSyJZmleWYLgN/JyJIp7r5efi1KsVC34sZGrC0wPohBzIDNQ==","mode":420,"size":1494},"src/internal/client/dom/blocks/snippet.js":{"checkedAt":1768031011609,"integrity":"sha512-A7WcMSpcKgBs5zF71Vy8VMImseXOX71VbmCCnYrOc0yONrXw8v9KwWjlnyfr9isKzcM/f+UAptgScqPRu5qcTQ==","mode":420,"size":3438},"src/internal/server/blocks/snippet.js":{"checkedAt":1768031011610,"integrity":"sha512-kwCFugwPQI42iRy74jAkkAvKLuIv9ZwR8s7OXNrLH2dD1Ou2tbztMqy8HeeyDwIFQ0w9Vugg5aGpGwIGoPOYQA==","mode":420,"size":686},"src/compiler/phases/2-analyze/visitors/SnippetBlock.js":{"checkedAt":1768031011610,"integrity":"sha512-OYOx911+Zeeuof2XFDKccuMxf27QGxaAzy3Wj5FPFJawGpSBwxXXlWJz2sVko8gGuqpteBygpXePFhM+aP8NPQ==","mode":420,"size":2664},"src/compiler/phases/3-transform/client/visitors/SnippetBlock.js":{"checkedAt":1768031011610,"integrity":"sha512-MCNMSQnirwW1RMw9yGPgdrtTMIlEGLVJ6CmacMISUQEH3cihfBHrwvHO8Np+jmUcyj+rFycH6oP4Ese4ZrWhSg==","mode":420,"size":3203},"src/compiler/phases/3-transform/server/visitors/SnippetBlock.js":{"checkedAt":1768031011612,"integrity":"sha512-1OwnfC0UO5U7MSInqDaSoXnSR27KTECGPWDqYCM4oEzQ53Vanjsm3txQ20WlB3K41gGqvwCJ7a074PlhieBAOg==","mode":420,"size":927},"src/compiler/phases/2-analyze/visitors/shared/snippets.js":{"checkedAt":1768031011616,"integrity":"sha512-HgzO7odpSM4R4dInEDI6IzCmTW8RP3/HYAL/+0hWCtufTK66yqBZOQFlBRRyaNBDnt3j2IUck5C7aaxuGlDDwg==","mode":420,"size":485},"src/internal/client/reactivity/sources.js":{"checkedAt":1768031011616,"integrity":"sha512-IZJV+Rg9Y01vQAD1O8vusn6B/k8y5N34M93hW2fMAI3PAxUU9G6XJjQgeyA2BTnV/9xySxgAbDq/6mSVZyQlJQ==","mode":420,"size":7782},"src/compiler/phases/3-transform/client/visitors/shared/special_element.js":{"checkedAt":1768031011616,"integrity":"sha512-Xc+6gQqW1S1ohJftHdt1LDM6vt94FXWXGh9+NnN/glxAfaMsVIzj+x4Ian+coUqKt+eojK/7zx1fioBXLlBWMw==","mode":420,"size":675},"src/compiler/phases/2-analyze/visitors/shared/special-element.js":{"checkedAt":1768031011617,"integrity":"sha512-/prgBgi5iHWGeuWVnZ2181x9V2TeDNlJTXfg6XT+49zPcv0RbkJ1XTBehIyEoLGshHeuZ4HmWqjRgawtISCiNw==","mode":420,"size":445},"src/compiler/phases/2-analyze/visitors/SpreadAttribute.js":{"checkedAt":1768031011617,"integrity":"sha512-OsT0PR/LKdaUyoG5+v3SmqE6zU1W5sEfREPQutsrO72v1Mrv81BAnPA4MpiitvGLN8TzmTuHlz6Xnw6gA6jTLQ==","mode":420,"size":382},"src/compiler/phases/3-transform/client/visitors/SpreadAttribute.js":{"checkedAt":1768031011617,"integrity":"sha512-NmrYkGU3hILkaazFx8k3tCgXSxflwi1zEqteJS+c7Lvapvp8d+/5DoiDT8id+LEg2l9SSRK7XLS/5wonjcChwA==","mode":420,"size":266},"src/compiler/phases/3-transform/server/visitors/SpreadAttribute.js":{"checkedAt":1768031011617,"integrity":"sha512-NmrYkGU3hILkaazFx8k3tCgXSxflwi1zEqteJS+c7Lvapvp8d+/5DoiDT8id+LEg2l9SSRK7XLS/5wonjcChwA==","mode":420,"size":266},"src/compiler/phases/2-analyze/visitors/SpreadElement.js":{"checkedAt":1768031011618,"integrity":"sha512-+WlpsPHvyB9f612/vOAsvIQrp0ia4gyE4Sh0DJQXkCY5DrOwKgwoEvYhxHziixbSL7mvtgD/9YycExOeNXx1bw==","mode":420,"size":405},"src/motion/spring.js":{"checkedAt":1768031011618,"integrity":"sha512-onSoSiWEvPxkZSKL3PsL5dBZdlb/9qXKctWTsj2bmjkUI7Q+pNs7soKY0I8BO4H6dbbaNn8gYvC8R/S/Ubi8Uw==","mode":420,"size":10310},"src/compiler/state.js":{"checkedAt":1768031011618,"integrity":"sha512-WBhwCjvM2fRceFQYHkHF+PBdpi+LUOYc7neWoU6mRQhkNcKYm0EnfLwvvyzyDhocfg6nIqNZIogVDX4NPnBWjw==","mode":420,"size":3522},"src/internal/client/reactivity/store.js":{"checkedAt":1768031011619,"integrity":"sha512-PTjiuL237jjilX0N3P1eH5zUUF3P38lJCmYeiNw4F3A2eGCY6SlbFXeI0BemgwJUVVfmZAuBWAu6hwQw8GzGng==","mode":420,"size":5742},"src/compiler/utils/string.js":{"checkedAt":1768031011619,"integrity":"sha512-Mk1U8XdaIY/bpzL3SUw5R/RgkUgeLcXmyMXSLi5J7THV04XHMTel8i1MbhrhMj5jEAY+mg+NffqEvh/2xT2KEw==","mode":420,"size":340},"src/compiler/phases/1-parse/read/style.js":{"checkedAt":1768031011619,"integrity":"sha512-+dfYe28+vSBh0JuVHxCwzC/zpILginC/kb6HPHlspGMGMLyEPCfQ7pESjPj6TMZh+H6HrUgpBNDzrs8xr1Ag8A==","mode":420,"size":13902},"src/internal/client/dom/elements/style.js":{"checkedAt":1768031011619,"integrity":"sha512-vfvxg0R72qiGlws8sViYCGaHB+2/0Ym9GrUQzrDxkbvHTlOE254SaFUocNRFqDANUlVED+mo1ZULIjrpC5Mn3g==","mode":420,"size":1540},"src/compiler/phases/2-analyze/visitors/StyleDirective.js":{"checkedAt":1768031011620,"integrity":"sha512-FjpEWWV+zLm5kj4RoFtKVL1Lll/JwZqnL17WaEVtjUC1iIEcIQzkONjnHlfQUmSkTY799nvhnOW3+TAdvobeaQ==","mode":420,"size":1190},"src/internal/client/dom/blocks/svelte-component.js":{"checkedAt":1768031011620,"integrity":"sha512-iB0KusF154PjvOYUUssMBtNvmGCwGiehb9YWwVPGviF01+taZNaEZAeJ+Ouw5tv0aTMwQf0+RwGw2wiGGS0efA==","mode":420,"size":1968},"src/internal/client/dom/blocks/svelte-element.js":{"checkedAt":1768031011620,"integrity":"sha512-zel99o5Oy5S5pGFDZynDrt8VHOF7GvktgTG+mxdeIXGRcCxMmYgLdl6+MWz7GJAnZudk7WaT9c8hWKGTKFEHaQ==","mode":420,"size":4780},"src/internal/client/dom/blocks/svelte-head.js":{"checkedAt":1768031011621,"integrity":"sha512-jeQYjAl+rhukV3nqs1GUR84VtezHSI4ehXZhlivDVvcILw2NIxnlSyoA8QATqHQxEI/JFx+5fQnNGfLvzu4J7g==","mode":420,"size":2138},"src/compiler/phases/2-analyze/visitors/SvelteBody.js":{"checkedAt":1768031011621,"integrity":"sha512-ve+DuXuPD1E/U6adfFbchaVfvzgxHhZBqtSKzbHJdWQr1U1dXCU8jbVt/zsyCC7u0W4qiwmXX5iLWoR2cjw6FA==","mode":420,"size":631},"src/compiler/phases/3-transform/client/visitors/SvelteBody.js":{"checkedAt":1768031011621,"integrity":"sha512-qdnNWgbQXQxUVscv+Hf0BuTNYTz6K5TzWrjrTTlhB42CQXUN6pRwCizWnsPdAuvkAmVl9cVuu6divwGi0pxLdw==","mode":420,"size":343},"src/compiler/phases/2-analyze/visitors/SvelteBoundary.js":{"checkedAt":1768031011621,"integrity":"sha512-v9ucs3vsy69xIm11E6Q9jsSa4iE67LVfOGZW+ufg+raEw0Hu2zEeE4Ddle13JfY5EVoLg0I9YOjWwuu4c+t0dw==","mode":420,"size":718},"src/compiler/phases/3-transform/client/visitors/SvelteBoundary.js":{"checkedAt":1768031011622,"integrity":"sha512-Klawr5RyRcO15MNQxa8hywxXpi3vN8rwVYwi9u+4L5OK38A8CzxoameASTl+au4M+vLX6DNgWwwUyZVVxtUQHg==","mode":420,"size":2753},"src/compiler/phases/3-transform/server/visitors/SvelteBoundary.js":{"checkedAt":1768031011622,"integrity":"sha512-kyZVumx1JYZU/Zmg0RXoe3MfD5RQgxksYd5FdSt3UNX8gmMLAK7yYvMDIVbLN1Rf/KVSPoLqTlygRlCvyPaE7w==","mode":420,"size":1362},"src/compiler/phases/2-analyze/visitors/SvelteComponent.js":{"checkedAt":1768031011622,"integrity":"sha512-/duy0ztWznMeavKROG2Uxqaw4TM+/qPEjgkJhZFTkBc4UuDu4MePMwJQRt60EcMQG5udT7cNYzY5rfQhvYkCFw==","mode":420,"size":455},"src/compiler/phases/3-transform/client/visitors/SvelteComponent.js":{"checkedAt":1768031011623,"integrity":"sha512-k7cFpDZfq+2i7tdZ6gw/3rEYivaPXuaMsh177cIBH3fdx5UfZPGLXZJVfwuHR2xx9D+bufezdbWQrJ2QCz1ruQ==","mode":420,"size":386},"src/compiler/phases/3-transform/server/visitors/SvelteComponent.js":{"checkedAt":1768031011624,"integrity":"sha512-K4A2wwZ9wFLci/1vdAEgT7F/CDwCkZZxRSwKGfPa6icDbGAe4wtVlZaiAmrSZdYd/XmddCLVzSDyH4wJ8KDrdQ==","mode":420,"size":437},"src/compiler/phases/2-analyze/visitors/SvelteDocument.js":{"checkedAt":1768031011624,"integrity":"sha512-ejjVvSQaWSo/DMc8nu3GD0efjH8+j1Ip3zZUlEAaCIvOVP3uwK39hKXzhGCCkmRij5aJWysoXhXhyJWZejabbA==","mode":420,"size":656},"src/compiler/phases/3-transform/client/visitors/SvelteDocument.js":{"checkedAt":1768031011624,"integrity":"sha512-jQa6+IcV0wfaZlxQg7ZBhwmMCeuENi0+g22Mp5coJ0lYjc9DYdrua80RkFZw6nt+a2QKup7iILVqL34/os32DA==","mode":420,"size":346},"src/compiler/phases/2-analyze/visitors/SvelteElement.js":{"checkedAt":1768031011625,"integrity":"sha512-p8Nr1U04MbjXcteO7CQPFrcHlZCLXgSQoBCeaLfhNTvVjw/+Y9X3q6nkAf/KLKT5uqUCBfZ0XgLqgJI5MIVk0w==","mode":420,"size":2249},"src/compiler/phases/3-transform/client/visitors/SvelteElement.js":{"checkedAt":1768031011625,"integrity":"sha512-6Iw7NN8+3L4Nid/wz34qmwWeWR1q03VPwVsg3Y8kMS7zBAQvqVlj7/ARhkf71kYWnkLEf+yDhwDcw0ktqat1fw==","mode":420,"size":4769},"src/compiler/phases/3-transform/server/visitors/SvelteElement.js":{"checkedAt":1768031011626,"integrity":"sha512-Al1ojj4Nk3hB6eHG9UEVz1OtgIV6gzKe3jPefN48w0hfRRehV4ePkwLj71QhtDVAKVgtrmYt/4BcFzfcXYGrTw==","mode":420,"size":2196},"src/compiler/phases/2-analyze/visitors/SvelteFragment.js":{"checkedAt":1768031011626,"integrity":"sha512-2nynrAGBeEDvcYSBvgFdlsZvx2MwRWSpjOyi6C62cw0vgjPgfeHrTpkGbVYePJ6EAEdNHAq7t6C104gM/klqTA==","mode":420,"size":815},"src/compiler/phases/3-transform/client/visitors/SvelteFragment.js":{"checkedAt":1768031011626,"integrity":"sha512-tELWjld/xBS2E7OtDvPX5634s6cNigPBcNTETHpAPYv4m2RKngSCmQxB2ibnCaY07r4Su+/N3Li8yYTrs8e+zw==","mode":420,"size":575},"src/compiler/phases/3-transform/server/visitors/SvelteFragment.js":{"checkedAt":1768031011627,"integrity":"sha512-NfyVaT0btaunwfJjqYhMIgyebOZr8xb0idiadjSCJBIxAiAsMEQpKJnBDnIqCcqHSnDkPnpzOwYm/VErWSUVDg==","mode":420,"size":364},"src/compiler/phases/2-analyze/visitors/SvelteHead.js":{"checkedAt":1768031011627,"integrity":"sha512-YLmqaehpFDG8gt82SbOPufhZPvk9S64t710BLCaiRjlAD8FFHmEIKxGhS2CHGEx/89LS9NG16Ds6dpx08OHOsw==","mode":420,"size":449},"src/compiler/phases/3-transform/client/visitors/SvelteHead.js":{"checkedAt":1768031011627,"integrity":"sha512-1v45RI7eqdsX7IAfzXiQjb7pbhL0HGxcoU7zYMmWsFkqEnKRIv8SiDj50t0xQP7usdv4g8A6ziXzA+3QdsTayA==","mode":420,"size":494},"src/compiler/phases/3-transform/server/visitors/SvelteHead.js":{"checkedAt":1768031011628,"integrity":"sha512-k6siUc1qxpZUEokVJiF5Eesc4dBSUtqGPv0aysiYkEQWTQz7OI0lvoKP61L3pI/44NDQqoUZYl3Fk6js3Dq8UQ==","mode":420,"size":503},"src/compiler/phases/2-analyze/visitors/SvelteSelf.js":{"checkedAt":1768031011628,"integrity":"sha512-ivw3FmkrqqJZdCa6oKiz0+m9jzfy1aOnyFn64pElDOnB8gaj/25rcv0h8Twy46q3vaWn9HR5iZEEPJZYKoBp3w==","mode":420,"size":983},"src/compiler/phases/3-transform/client/visitors/SvelteSelf.js":{"checkedAt":1768031011628,"integrity":"sha512-UbDbLmM13qSr675IHXbaHW66I9HRfXW6dsFFFq6YoZbxOzGB9vxEQWzFRPHjW04cFfLv6UH65XaMa7cuck8Zcg==","mode":420,"size":390},"src/compiler/phases/3-transform/server/visitors/SvelteSelf.js":{"checkedAt":1768031011629,"integrity":"sha512-CDXHxRxUHv92k7ePlHYqj90UTbwWx1f5f91QVcZBDfiJhnsCegFchzxcMxxdOXbCm2f+c1VCgTL5wx3vS0OB3g==","mode":420,"size":399},"src/compiler/phases/2-analyze/visitors/SvelteWindow.js":{"checkedAt":1768031011630,"integrity":"sha512-1RZqCaFHUSak856QJI6nGdw+O89bzkt5mSSVl2jUGFzpGPeDE28v94rVqjt9g8HUM1FI4qGH1OnwmxiKmjOlSQ==","mode":420,"size":650},"src/compiler/phases/3-transform/client/visitors/SvelteWindow.js":{"checkedAt":1768031011631,"integrity":"sha512-dmOaradsdXPvm1D+9JbOLBl1qWNcb+l6RFQU6NSCp6r37UrQjgdJ73NmJdSVSpjFuERSd0q4ZZH0wpwlb8LU4A==","mode":420,"size":340},"src/compiler/phases/1-parse/state/tag.js":{"checkedAt":1768031011631,"integrity":"sha512-5i4mylAsQlGGO9cz68V4LYBuuiFfs4t4vszg8yZHrVh22x0CPaYtqvg+sA76m6h9dXZyUDqk5lfrSdE/IVAeLw==","mode":420,"size":17314},"src/compiler/phases/2-analyze/visitors/TaggedTemplateExpression.js":{"checkedAt":1768031011631,"integrity":"sha512-47a+jRILDNNeAOIppOkJuOa9kfj42DrPhuIJ+kd5TMriFQSQBJ5RfvBqEphKP4bDAVIXVXtbokP61FwcB0xIeg==","mode":420,"size":459},"src/internal/client/dom/task.js":{"checkedAt":1768031011632,"integrity":"sha512-NvN9l/RKfJ3IXOL8TiPiKkFN/5HG/SOIe/tcb5+7UrQ0zSDY0o0unVBn4cy6rns1qlVqWIzTvI2Mt7LP7Gy65Q==","mode":420,"size":1095},"src/compiler/phases/3-transform/client/transform-template/template.js":{"checkedAt":1768031011632,"integrity":"sha512-saZAq31GuZAK/zMZxgB2CvMJP9uAS6gRJMf0gM/MraUgqLnVi4LTB14/P3hZLRcjkw4V5UJzw3vR87xLAyErag==","mode":420,"size":3854},"src/internal/client/dom/template.js":{"checkedAt":1768031011633,"integrity":"sha512-sgk2Z3rzXC10ioCA8IsWXkRxN25cRIwasntfE+Ts0hD3W1Kj4TmupLcOzBTlxvxEoTD21IhqM7dqNT5xVrbAQg==","mode":420,"size":9512},"src/compiler/phases/2-analyze/visitors/TemplateElement.js":{"checkedAt":1768031011633,"integrity":"sha512-neAmjX/bIk4BB1bePtmp+MaoRQiKJ3bUa8tFEEVLSf6EuxhkpkZ2q8W7ErniHubrZem+nZ358p6X3A/Tt8l14g==","mode":420,"size":376},"src/compiler/phases/1-parse/state/text.js":{"checkedAt":1768031011633,"integrity":"sha512-GEui9vmh6gcibLTGUYg4H3AJsD9mQEIq0EjAgBsy27hjC04JEzJJocZSkM6OOt3/LWXcJD/BHZFS0fiMdrWJWg==","mode":420,"size":563},"src/compiler/phases/2-analyze/visitors/Text.js":{"checkedAt":1768031011634,"integrity":"sha512-t3UFjkQYqN2zn04WO7z6C+OcmIl2MswziRFx9XsBVAmIMw4BIrAJx/We5YfOWtBPX6FBAClvtjmXKOfU06O6uA==","mode":420,"size":1651},"src/internal/client/dom/elements/bindings/this.js":{"checkedAt":1768031011634,"integrity":"sha512-xeBts5xnZf9+y0GVslBkCT+r9pRwYrFcVn313+i+VpTMWpMyjEgbbyfdpBZRntGRo3APnBCMkt7cMRvYM05k/w==","mode":420,"size":1960},"src/internal/client/timing.js":{"checkedAt":1768031011634,"integrity":"sha512-pEfCjfoY0mheDJxmQ9t8olOZU4Hjo1NiZWgVRhIrZ5+gDwzzzH0LcfGRHvdBi2xn5ufgbMsWsfjZ/tkeNsYpGw==","mode":420,"size":534},"src/compiler/phases/2-analyze/visitors/TitleElement.js":{"checkedAt":1768031011634,"integrity":"sha512-vn6Kl/YYZUyZf26caWnEatlir9gSDu8QHgvcCttv0JDWRUda+2E3IToItHcV6PGj12Brgtpnn9LGxnRLj9BW0w==","mode":420,"size":500},"src/compiler/phases/3-transform/client/visitors/TitleElement.js":{"checkedAt":1768031011635,"integrity":"sha512-Exe3A01DJLPxUJ0S+9sA/Eb6YRak50Ub/5FEDiBY+zD34OB1Lwk+A5xb80U/CVnOpIu2br/oBzxQuKCbNvvg6A==","mode":420,"size":619},"src/compiler/phases/3-transform/server/visitors/TitleElement.js":{"checkedAt":1768031011635,"integrity":"sha512-9sPkApIxJH0+ppO7JF+/3vXBs+tvG6pvhHzfAkKWPY5T0hoRMyYh4HFrDa4Yt3g00Juu8MSUZb4gkP74vaCN9Q==","mode":420,"size":665},"src/internal/client/dev/tracing.js":{"checkedAt":1768031011635,"integrity":"sha512-pnBtItIIj+JIXgdAo+dzg/WvdCVLZ9wW2Xi6Dxxg4kRQdbRDQz87toIPXWjKDssTnDoElLPj3slJJkfzRur7bw==","mode":420,"size":4847},"src/internal/flags/tracing.js":{"checkedAt":1768031011635,"integrity":"sha512-pR+RsMyxAllMJyXknIXMme60kMsuw3aSdYkTKQtiulcf8QS1Y0cOBNcKJ6YA+XRINoYWyCh5JOgfYHCDcoV5uw==","mode":420,"size":84},"src/compiler/phases/3-transform/client/transform-client.js":{"checkedAt":1768031011636,"integrity":"sha512-VwfOkj14+sgyP19ynl35NSfAYBjpOtVbBpEMqiKG897qOdGxwduK7BTGP7nbwd0oxyZsufgILSlHKXj178iCCA==","mode":420,"size":22223},"src/compiler/phases/3-transform/server/transform-server.js":{"checkedAt":1768031011636,"integrity":"sha512-GgkuDUIOj13S8HxHmLHVRyOQS0NW+UzWEaQGeTyZXjwwg/VoShluebjo+Y1dC28AcamLoaDoWQFk4Z42+7L6aQ==","mode":420,"size":12564},"src/compiler/phases/2-analyze/visitors/TransitionDirective.js":{"checkedAt":1768031011636,"integrity":"sha512-mbytDOGRn/1Ye/nBuvKSdTSYmWVHkZ7VRipAoRY2SOboUggmHyZwmhg2Il9dQ5XsBV99addc+GDvt6aRvRXelQ==","mode":420,"size":333},"src/compiler/phases/3-transform/client/visitors/TransitionDirective.js":{"checkedAt":1768031011637,"integrity":"sha512-W+lWCJrNVRa9AzA983Gp4S/yNoaHQ+AJn8coJjb8WQhcA+fxiwfhvMwVBDTk0Lc6vaYXYFKksjwTBrbPuNpydw==","mode":420,"size":1027},"src/internal/client/dom/elements/transitions.js":{"checkedAt":1768031011637,"integrity":"sha512-hVVMlSqGPvNzNL4gLCge32clMoQA6On9h7VXHqxvWQ/U3UtnnoaiWrTXdTHWMQ0OXsQgALKmocxTq1664lfGPA==","mode":420,"size":13463},"src/motion/tweened.js":{"checkedAt":1768031011637,"integrity":"sha512-YuYgi9NzBRuXsVgJl6zRZjE2jIPzuxaKc6nlPINWMqkHJ78am3c3t3tA/TghgLCf+UER/ngKfRgNIebBUWXE2w==","mode":420,"size":6980},"src/internal/client/dom/elements/bindings/universal.js":{"checkedAt":1768031011638,"integrity":"sha512-7irfs0vuXv70d+DOLmlHmqFzSfylja5KxolZJda4wrr7wMJypvQbpRjoVFZVOHpfQ5XwY8jQKDFXb6lwmthFJA==","mode":420,"size":1660},"src/compiler/phases/2-analyze/visitors/UpdateExpression.js":{"checkedAt":1768031011638,"integrity":"sha512-/7P6E3U+dJtjOTtIn5J3WMWUxLn5JwPDXW+Yj/H5qXIRwzKwUpDwfIyCWDHTtAKyWOFvuxQM8IrLlgdr8aRpGg==","mode":420,"size":798},"src/compiler/phases/3-transform/client/visitors/UpdateExpression.js":{"checkedAt":1768031011638,"integrity":"sha512-gaXpQ3yhl4KpFIJdeJ4eiTQK0EpM4xOXOz1fbLApCqxBhvPYNaQNV0gFxvv/5WZ5TcCd6OTJ4Z2kHsHCLU45MA==","mode":420,"size":1564},"src/compiler/phases/3-transform/server/visitors/UpdateExpression.js":{"checkedAt":1768031011638,"integrity":"sha512-loE/gKo3xRkAqPgTRKTdCNuzNCUDZrhnpSkhRWocXwFkqlEnaanNQS2Nyp8Mw52lI1R2e+J2Yn1zTbtZCI9tWw==","mode":420,"size":677},"src/reactivity/url-search-params.js":{"checkedAt":1768031011639,"integrity":"sha512-/K4ONaMJYohJO4ku/hi3T9f+Lqya0ev1I2d4OS4EWPVEPkOr2D31drokXBmPT/pYR4MwoE32MT2Ki05lQH1h9w==","mode":420,"size":3795},"src/reactivity/url.js":{"checkedAt":1768031011639,"integrity":"sha512-KW+Fm/+RhbRTpBuT49IRH+m0JZ6rJYvC7BlCW7jUFjAAQ9zmeX0ut05r7X0LbmqmAc+B30+w9AVR/Wapm0rtMg==","mode":420,"size":4641},"src/compiler/phases/2-analyze/visitors/UseDirective.js":{"checkedAt":1768031011639,"integrity":"sha512-fSR2FK1ZWR31dBq53m7xeD7nULyRMjPv8ULJ5mryyeug05EI4oCtAyIlcsE1IWVKyLA4cMAMQOF+gT7yPYwrTg==","mode":420,"size":317},"src/compiler/phases/3-transform/client/visitors/UseDirective.js":{"checkedAt":1768031011640,"integrity":"sha512-NwyWIyUjpWdBBRZs9XrvUmoMsdFAijMl4eSDVA1q/gPkrG0AJf0v1Q1Rxya7ALe5TrxU6ACvp/Fp+l1EcHm1Ng==","mode":420,"size":945},"src/compiler/phases/2-analyze/css/utils.js":{"checkedAt":1768031011640,"integrity":"sha512-sx/tuorPjNVgw8xbeuaNOA96OnriMOF6h6bNRlubAg6EB4w9FqFh/gup3w9a0n0XKhHpZ1qyim/LcY/f4lDB+w==","mode":420,"size":5930},"src/compiler/phases/2-analyze/visitors/shared/utils.js":{"checkedAt":1768031011640,"integrity":"sha512-fVowqIxh4yNXarKnMvAcYg0G+kMMCdt+RP25iZ/rKtOLHhCw5SCRB7ilHGqyUxuO3aXsP/fHiGKJjzO+t/Q2wg==","mode":420,"size":9275},"src/compiler/phases/3-transform/client/utils.js":{"checkedAt":1768031011643,"integrity":"sha512-R6NHtiYWq/+tV4bvK2UcGSk69EOrrhMq1WHgAWZcWerpkczoEKF89PEdZ9shjbVwUCsyjee/phlyI3sc060rSQ==","mode":420,"size":8573},"src/compiler/phases/3-transform/client/visitors/shared/utils.js":{"checkedAt":1768031011643,"integrity":"sha512-Sz7EJzLK79fzCUC7a8kBkZfnc3RgOverF6uRY6/RkEQaoYcE8IOMTTrfcPpNVsm5aGkjao0rRmj1IwxnPyGKZA==","mode":420,"size":13700},"src/compiler/phases/3-transform/server/visitors/shared/utils.js":{"checkedAt":1768031011643,"integrity":"sha512-COQcb6lpwVILh5QJwpl1FkjcLOO1QAhgo1kSYzbrygm7/BbAvi3HaSgRllHV54RcD/WcRaXXXpDDyNWhA2qYyA==","mode":420,"size":6438},"src/compiler/phases/3-transform/utils.js":{"checkedAt":1768031011644,"integrity":"sha512-+/Lz3n1t0nCREa3Ou3fKbuHzJyHdb0UrylG4JLMkS4EbDZSEmYp91AfBTnkjWjIWfxZIouk/SgKslAM3Xc87YA==","mode":420,"size":13671},"src/internal/shared/utils.js":{"checkedAt":1768031011644,"integrity":"sha512-VR6KuCtCIt2RtbN4yMiCL3XuLwznq3LLREVV7PtZ86j5YWYXluuFwqCXwkAnzmtBB4nz+UVkpdAK/sIPBSAj9A==","mode":420,"size":2971},"src/motion/utils.js":{"checkedAt":1768031011645,"integrity":"sha512-S0TE5s8l5MZiaKD4m5ubotjSigajYhPr2urt/uv4Dyo67MNQFRYjnr9O+u4WepMlXWn2HVGm47C9ljySgrBUxw==","mode":420,"size":152},"src/store/utils.js":{"checkedAt":1768031011645,"integrity":"sha512-OcjqnK1k7CgUNGVvbdycqE/auS68ceixwxoM/ubwpeh1w6+UbMKNciBZbF+CX69QV6xvLrhOntL5FcHzppxqSw==","mode":420,"size":913},"src/utils.js":{"checkedAt":1768031011645,"integrity":"sha512-PmA6k1CPMHsCKqRBI5r5zAsffKGl5evW1U0a82AuoGXWqMyG623A8w3LqD66Wa1pNDXAn4NUG1tfEpxJjQXjOw==","mode":420,"size":8819},"src/compiler/validate-options.js":{"checkedAt":1768031011646,"integrity":"sha512-5op6nKWr0R/Bh2X578fMSc4uHvFOAURda6P23z48Px4laomHruN93SD57fkxnEUeeo8yZx/bAOh55x5HLw/Mfw==","mode":420,"size":8716},"src/internal/client/validate.js":{"checkedAt":1768031011646,"integrity":"sha512-wQ6CCES+uEJwBL/DSJSIexC1eh9bjEm0YprJXpRBojMfZ8mp9bVJBDY6No6+UOVuEHYBtInOxYU05wJO8Cyb6g==","mode":420,"size":2189},"src/internal/shared/validate.js":{"checkedAt":1768031011646,"integrity":"sha512-BrajdfAECEucAraW7s7YboclRY1UxMcIAWBaewA9ssDcSnVLaycs5o6804IrpORI3djvLyYvQJUdOJ9mUYwRWg==","mode":420,"size":1024},"src/internal/client/dev/validation.js":{"checkedAt":1768031011647,"integrity":"sha512-GV1r7tBmkrx/f4AlXRiOPcHEAkYybV8FBkZAGd7r4aXUCAMpc17wMcXflB7cYUf8Q/XJkBUReb6F2tx991Vy1Q==","mode":420,"size":360},"src/compiler/phases/3-transform/client/visitors/VariableDeclaration.js":{"checkedAt":1768031011647,"integrity":"sha512-Phxoi7S/R+OvyXH9WW6KTM00x/MiC/3gT4cZ2+TFeFUIcIGQoNmdyZ+Qt/ACnCgBOxbqSKz6rCPmn1bjRWRimw==","mode":420,"size":13840},"src/compiler/phases/3-transform/server/visitors/VariableDeclaration.js":{"checkedAt":1768031011647,"integrity":"sha512-Xtu9h2+le2Jzouw22H+y0uhoEV9s5wl+QdrHJ+2huoHJZ7/bomZ51WqPTT3Xdqne/nUkVuHLcrwDVgvRjeW24w==","mode":420,"size":6718},"src/compiler/phases/2-analyze/visitors/VariableDeclarator.js":{"checkedAt":1768031011648,"integrity":"sha512-uISEVBrm/HuzPlSNp9F4yL3ZUuDco+vxkwvoOqwRw0QNqfES/m5Gl7U5W/poXKoAOtJz0/9ANvNEBtZ6QhXWBQ==","mode":420,"size":4174},"src/version.js":{"checkedAt":1768031011648,"integrity":"sha512-JxS5oh6Dzv20RBJ4ecHSfnOA+4oSlp13lqQbryFNsG4D2/26L+RA0ZiY1kzND+CIpFFt5jZBCTeQ22QnloldBQ==","mode":420,"size":186},"src/compiler/warnings.js":{"checkedAt":1768031011649,"integrity":"sha512-bJlV2HdBUDsAhzgf2dRR0kSXhCFMA528D4G1v0tV6DJBbCo+67TpnnIPUFU4ZPJw3n8nq/rJ6Ftw6FlGmrgbPg==","mode":420,"size":35711},"src/internal/client/warnings.js":{"checkedAt":1768031011649,"integrity":"sha512-mjP7/XLkH0sqZ8hp3KGrecwLflwg1Mwr3r7+vq0PkgkdgX2lpXn+X//i1sHNGWym52j4DHUTf3UJPHXjmvPuCQ==","mode":420,"size":11146},"src/internal/shared/warnings.js":{"checkedAt":1768031011649,"integrity":"sha512-dBX4EAdEnxoe573LV30jJBpGQQCVpzxao2s8c9E3ZZVqNlbFBF0v6wkbWJGRF5XUJKjJcFbyDpfAhF+QgxB1KA==","mode":420,"size":1366},"src/internal/client/dom/elements/bindings/window.js":{"checkedAt":1768031011649,"integrity":"sha512-TCFWtPJ+Fn1HmDZU+0PVlXCgaWjnvKmHg5neWIteBU2yhGZ7b3EtNxzZuostSRRoW2kC0G7kX3JYdMhqO3DEhA==","mode":420,"size":1763},"compiler/package.json":{"checkedAt":1768031010733,"integrity":"sha512-bFiTnaWPm3Fik6gyj3o2SbbiQr8jX64ABVoMx5+yeI5Kmd+qQi4M+tvoTg1eM7g29oYn5qQJZUh37cRDuU0ExA==","mode":420,"size":25},"package.json":{"checkedAt":1768031011650,"integrity":"sha512-WKJRhdErzzh4VUeU4j2XO7PYpe6zZ3lI+MKGmyfSTMrEvKr7b0ysaAa1odm+9e3AZyaIv/AuI0SYz8QhMwdxWw==","mode":420,"size":5366},"types/index.d.ts.map":{"checkedAt":1768031011650,"integrity":"sha512-LPtSs4GDHxpdOVRMTB1lN8RLIa/XRe/muSSiwaITLNavA9/2i5G6u+n7DE+eYidn8cNpolOz+5ivi2AyHOjU7A==","mode":420,"size":10050},"README.md":{"checkedAt":1768031011650,"integrity":"sha512-S3gZ1udI+Xl2dpG9Qeg1ZQGeKFdFrm9oF1fj76hRahiPQ/1sE2wkKU6CVHv2Ewrv7VIbvSq/FwrVANaDiPCqgA==","mode":420,"size":1799},"action.d.ts":{"checkedAt":1768031011651,"integrity":"sha512-VkNnEH6/VNhylvdYlmQ4fw3Xc8tG4NOjXYvSCKBdzjEjGKsWBp0rmOrtL/meWrd2cfhJr5Zao1twnqXabXzJIQ==","mode":420,"size":27},"animate.d.ts":{"checkedAt":1768031011651,"integrity":"sha512-VkNnEH6/VNhylvdYlmQ4fw3Xc8tG4NOjXYvSCKBdzjEjGKsWBp0rmOrtL/meWrd2cfhJr5Zao1twnqXabXzJIQ==","mode":420,"size":27},"compiler.d.ts":{"checkedAt":1768031011651,"integrity":"sha512-VkNnEH6/VNhylvdYlmQ4fw3Xc8tG4NOjXYvSCKBdzjEjGKsWBp0rmOrtL/meWrd2cfhJr5Zao1twnqXabXzJIQ==","mode":420,"size":27},"easing.d.ts":{"checkedAt":1768031011651,"integrity":"sha512-VkNnEH6/VNhylvdYlmQ4fw3Xc8tG4NOjXYvSCKBdzjEjGKsWBp0rmOrtL/meWrd2cfhJr5Zao1twnqXabXzJIQ==","mode":420,"size":27},"elements.d.ts":{"checkedAt":1768031011652,"integrity":"sha512-DWLYA0h/pjdxKgi/j2FqLfIDHms+WOQJpTA4IHzEByj5Hx6zyCyz6eb0rLOU1dlcoYgxTDuk4EAoLte7OCYOdg==","mode":420,"size":87725},"index.d.ts":{"checkedAt":1768031011651,"integrity":"sha512-VkNnEH6/VNhylvdYlmQ4fw3Xc8tG4NOjXYvSCKBdzjEjGKsWBp0rmOrtL/meWrd2cfhJr5Zao1twnqXabXzJIQ==","mode":420,"size":27},"types/index.d.ts":{"checkedAt":1768031011653,"integrity":"sha512-d4LCVzJRK/1Y9oDgEoYp2459qVu5DRz/PDBe8Op5uQ0OTy5ovCaGe+ybcuJ7UTwlKwjuuU5/Rkppz7kXY5QfpQ==","mode":420,"size":117862},"types/compiler/interfaces.d.ts":{"checkedAt":1768031011653,"integrity":"sha512-lo+9MUfLhVRz0p6KEdbKpQys2EjdBXT6KIO6pKQreEY5JJ0uSYfCbC2iRiMdmCdBoVLMzELSEBmRE+FUZFpjJA==","mode":420,"size":22},"legacy.d.ts":{"checkedAt":1768031011651,"integrity":"sha512-VkNnEH6/VNhylvdYlmQ4fw3Xc8tG4NOjXYvSCKBdzjEjGKsWBp0rmOrtL/meWrd2cfhJr5Zao1twnqXabXzJIQ==","mode":420,"size":27},"motion.d.ts":{"checkedAt":1768031011651,"integrity":"sha512-VkNnEH6/VNhylvdYlmQ4fw3Xc8tG4NOjXYvSCKBdzjEjGKsWBp0rmOrtL/meWrd2cfhJr5Zao1twnqXabXzJIQ==","mode":420,"size":27},"types/compiler/preprocess.d.ts":{"checkedAt":1768031011653,"integrity":"sha512-lo+9MUfLhVRz0p6KEdbKpQys2EjdBXT6KIO6pKQreEY5JJ0uSYfCbC2iRiMdmCdBoVLMzELSEBmRE+FUZFpjJA==","mode":420,"size":22},"store.d.ts":{"checkedAt":1768031011651,"integrity":"sha512-VkNnEH6/VNhylvdYlmQ4fw3Xc8tG4NOjXYvSCKBdzjEjGKsWBp0rmOrtL/meWrd2cfhJr5Zao1twnqXabXzJIQ==","mode":420,"size":27},"svelte-html.d.ts":{"checkedAt":1768031011653,"integrity":"sha512-Klb0Ls0NVH5PVi395flTsdGL9NhF8bD+imjZv2QotsiD09TQ1Jw1XUKakNwDBADzL/czniSIRss4denbbh1aeQ==","mode":420,"size":10938},"transition.d.ts":{"checkedAt":1768031011651,"integrity":"sha512-VkNnEH6/VNhylvdYlmQ4fw3Xc8tG4NOjXYvSCKBdzjEjGKsWBp0rmOrtL/meWrd2cfhJr5Zao1twnqXabXzJIQ==","mode":420,"size":27},"LICENSE.md":{"checkedAt":1768031011654,"integrity":"sha512-+3P1zSrqKvil6zvtfbOvC5zk0gBstEFDPIc6WoqvSKHR1pzVXzc5Kj72jrRMUNJrxsNAr7alxiOMeLyvunLbvw==","mode":420,"size":1126}}}