{"name":"@sveltejs/adapter-auto","version":"6.1.1","requiresBuild":false,"files":{"adapters.js":{"checkedAt":1768031070462,"integrity":"sha512-7Y36W6xfLc6rQwUdBCctfsA2z+zt6JfIkXc3DHXZa3U1P+vK+dt4WCbSJcSdF9m66qqS1upW0AdTHcynAzAbjg==","mode":420,"size":1075},"index.js":{"checkedAt":1768031070462,"integrity":"sha512-/mlV6D9RHH5PVQoP/x0KSyzz46Q7jkDfu/NkIw5KTuZ6N1tZ+nSkpdkSr6/cSterB3Oi65pKj1IQ6zsL4h/ZwA==","mode":420,"size":5534},"package.json":{"checkedAt":1768031070464,"integrity":"sha512-WvQ4fVfOLZ8dI08ls0aqtR7o2C9gTFnackULjdfUpUMqy5/RoVv0EAosxro1XrxlrpxMV6QxbFuXmxjCV2w7ew==","mode":420,"size":1169},"README.md":{"checkedAt":1768031070465,"integrity":"sha512-olVLnT8lUN0Dd5fdb8LGf1fOEGTasekYW2Wc73HP6wFi50Y3O+IbdVr7l1/hUm3eQTBjfi0S499qQ8WMIJCGyw==","mode":420,"size":312},"index.d.ts":{"checkedAt":1768031070465,"integrity":"sha512-A1V8T5JscoSlDe8BLm+EV6QJiCKWg6etpTM8YyZ6088WtBV8LxF9v8FX+0dmBgF9cBkmJznaKzj8eJHmwIjHVA==","mode":420,"size":85},"LICENSE":{"checkedAt":1768031070467,"integrity":"sha512-210J9JZYxIbSu5A9LA9wPZRHe0jrYUb1WkiBcb+YcNZN0iLmnA9pX36av2pZQ8/OHUSDfCYYZN3qjo4U8SrYxg==","mode":420,"size":1110}}}