{"name":"fast-json-stable-stringify","version":"2.1.0","requiresBuild":false,"files":{"LICENSE":{"checkedAt":1768031005836,"integrity":"sha512-kaohBci4WECT5jN7gcqQqlMnpR77Y5FVlkgnWCMa18lzkMOfFo32pjy0AEtoyVWP2EF/RxBhKYKbfFYZ6aUFUQ==","mode":420,"size":1145},"test/cmp.js":{"checkedAt":1768031005836,"integrity":"sha512-KjR8Mggh93xbCr3PlGIUFACYJQ0i/k+QGEQRSh85TS6LwZcsEsdqkTCeDvzL8ULCRCkYEt0Zxg1BjxzmtOwfOw==","mode":420,"size":350},"benchmark/index.js":{"checkedAt":1768031005837,"integrity":"sha512-nWoQWkP/F+1bv1D7PZEnmCzmki8mXWdLDMTK9khAPpbgIkIELZZYWL3Et/llIr5nKUeOdrfjBaY2dTpt9bY2Sg==","mode":420,"size":740},"index.js":{"checkedAt":1768031005837,"integrity":"sha512-8wMYqYj66sbsP2QI/KBrD6i+iTwdEq70XPFVFDs3tKyfWjXHk9HLLizyYNDy8Ig9JwY+4nhmuuCNgS6eAPdXiA==","mode":420,"size":1845},"example/key_cmp.js":{"checkedAt":1768031005837,"integrity":"sha512-kaFuEpuTfDxjzdbP/4k/Qj3mNHJtx5gwSkQV9odAXpm0GpnLkLFhVhOiTzjMFJNWxJHJxd6TYEvfOpPpmNIJhA==","mode":420,"size":177},"example/nested.js":{"checkedAt":1768031005838,"integrity":"sha512-4JTylq2ZfShOHPgtWQBsjKIwOuW14nooTYIY6jEyPCeluT/DvOt6B0nU6Bge7TmcSps7njsQyZFa0M1Lx4wYGQ==","mode":420,"size":109},"test/nested.js":{"checkedAt":1768031005838,"integrity":"sha512-8W9IiYhXofPjqkv21plap1Q2jgL4GOnfNMAJgnQZOiNK5IFwwbwMJ43ZiZQg7vYErp2QFIr+zprxvQM8wITOdg==","mode":420,"size":1147},"example/str.js":{"checkedAt":1768031005839,"integrity":"sha512-SdpMkNQdBEFrQBm/2N6drT8GmS2ox8ZfYuao6UfCM8w+K7QWTeuxHMVqjhA9XAq0rbMSkzo696VK2SCzilhRIg==","mode":420,"size":97},"test/str.js":{"checkedAt":1768031005839,"integrity":"sha512-ugM9V6EKGCUZHgbc/E8wyJrQ0Al+fWRLuu2JBBToy167w5gOD2ET1sbFklYLJ1YH+PnieB8tpkulQ5L+ob70kw==","mode":420,"size":1126},"test/to-json.js":{"checkedAt":1768031005840,"integrity":"sha512-9HyF8VcXc/jwOsy/8Y0RsylFAFfzkMvLgb5kV8iDAuBrWHqTYhB4PnHmzfpFz300e9nRZ+BKkSUkV1JNJzzhyA==","mode":420,"size":607},"example/value_cmp.js":{"checkedAt":1768031005840,"integrity":"sha512-fA1LYtHFgcS0rOJ9lIuyEsA4e6GF1k/mqz2mSuQTiq0A28rHvuW/ZL/KAH9o++8QCMbXoriJsKLNP9JY7apt8A==","mode":420,"size":188},"package.json":{"checkedAt":1768031005841,"integrity":"sha512-hBSpXGts6PZIINGa1TFWzWzY6xpexOjVer4fVPtWLP5F6hmeZHB369SEhU3ehewLwgp3/A3fsqtjKerGMqtEDA==","mode":420,"size":1257},"benchmark/test.json":{"checkedAt":1768031005841,"integrity":"sha512-FLtc/nrj7wQ1ItT9MH+Kl3UdvRhNW5vPGzccKCtu8yiWh/O8AEDyzP+E8/9EYs2n7SWnIupAYsMRmvYETapcDQ==","mode":420,"size":3828},"README.md":{"checkedAt":1768031005841,"integrity":"sha512-9WuVrslO09oRVX8RjpzHhG3UTn1CktU6PtMQI9MKcVHIMBOIwaK2PmQMDQwmDOQh6VDosJ3dg5i7RE4Cq6V5UA==","mode":420,"size":3517},"index.d.ts":{"checkedAt":1768031005842,"integrity":"sha512-7Xk7L3tCFCxxKzrWdfjORiVFWm84AbJEDUFfPa/Ht3hodnsjkt8xI/+d41kXyropKNpFbUrLz/Ik/QkyJMCoSQ==","mode":420,"size":110},".eslintrc.yml":{"checkedAt":1768031005842,"integrity":"sha512-PamDzxHzIcCuBLpS3nqP0+NBGS/o9n5pz6+qgHtVWP8tZmBMZEodSmly+w12jqlgmL9LaraPRYQ/0xk7Ls694Q==","mode":420,"size":562},".travis.yml":{"checkedAt":1768031005842,"integrity":"sha512-jotR2UZjFglcms6kgVpEaTp5B0pQodntvhO3An09xLX/z+QJFLiM1vkm6KsTqYvQyUN1WpauXoIIUr+3X+Q9TA==","mode":420,"size":111},".github/FUNDING.yml":{"checkedAt":1768031005843,"integrity":"sha512-Ev4ttQZcisdjTi4dwHzsOUUsRlfAXljOCgjzz4LnrGjJMOyZjmYMQbumjiRcHEGobKvssBJB7ZUdVsKAScOXAA==","mode":420,"size":43}}}