{"name":"svelte-check","version":"4.3.1","requiresBuild":false,"files":{"bin/svelte-check":{"checkedAt":1768031009881,"integrity":"sha512-bNlK//kdG4wJa8uw40diRaOXZZA/PtKe7edW3J5tqiQIFij3iMJ/sMbn8xfz/hlOArgw2hv5p5U31rsjFxxwVw==","mode":493,"size":53},"dist/src/index.js":{"checkedAt":1768031009899,"integrity":"sha512-sYngF4HKh0req2el7to/vTtnCjdOAKV+UgFFXj4lhZ5jEIlkBsPtOZkuSe5yCWO9bv+B0wMnQ0igEDd6ecnNEA==","mode":420,"size":5382515},"package.json":{"checkedAt":1768031009899,"integrity":"sha512-ucOaW3c6AV1ArgE/oMY+xiVS711D9VtzlwRMQoIOjAR2UMq7yyb69kMfos1KbCw3gbMH4aV2/J8TNtk2Pv7CJg==","mode":420,"size":1670},"README.md":{"checkedAt":1768031009900,"integrity":"sha512-9H/MaLMLU92lExr2+FaL8r7s4p2SDsVGSo7vGlPb6x+qCWahVR7c8/5UkcCiNhvs/tUYfGJCBZp8Kwo/UglqGg==","mode":420,"size":9667},"dist/src/svelte-jsx-v4.d.ts":{"checkedAt":1768031009900,"integrity":"sha512-0vTsDWYzeRusY9OFV45FMg2CY0tSRwgtrC0FVjWp6P9RBg+XqxDIbGIPvB2bNdlkp3++yJ/v7FRGYRNBw3u7ow==","mode":420,"size":10684},"dist/src/svelte-jsx.d.ts":{"checkedAt":1768031009901,"integrity":"sha512-vK+qYr3iec2pCq6ftvCa/e4wCPoXSnv54OzgtpE6UI+DqxiHowcea5Kycd5wfV+thbohUXo8Yhyeiu5Asw+6+Q==","mode":420,"size":64575},"dist/src/svelte-native-jsx.d.ts":{"checkedAt":1768031009901,"integrity":"sha512-HoYMmeNHMeLdt5qXiBDwiGmX5SHH+MAt3EcUINHjHnyaDYqLh19o21V6vTvCE7b3Zmdy7a3Pk/Hdr1G4vxN2Rw==","mode":420,"size":964},"dist/src/svelte-shims-v4.d.ts":{"checkedAt":1768031009901,"integrity":"sha512-69NNT6x6GI5O9sKQxPPHdB3yrs5ofH4coJnrNDksRYRNC7s5PdRPiPbDl2GE3Hj7lXDowyxCyG2jgxEuhKtwoA==","mode":420,"size":15966},"dist/src/svelte-shims.d.ts":{"checkedAt":1768031009902,"integrity":"sha512-jhsF3Ti7X1sciSuvjbF8G/alqSJI40HtznTTql0C9+gpuVFsDdUL5iSweMvUIrwfHlTaGKDV8fdkPpiYd/DNqQ==","mode":420,"size":14526},"LICENSE":{"checkedAt":1768031009902,"integrity":"sha512-F28a5GYhOX7Yu9LBTuuNM2vKckvaGSIEihKTiHnBKSSVH7HYQ328Dcvx10Y/cPoV1mUmGGMEcP7ZgqgfG3wSWw==","mode":420,"size":1131}}}