{"name":"hast-util-to-html","version":"9.0.5","requiresBuild":false,"files":{"license":{"checkedAt":1768031009041,"integrity":"sha512-ic4iF2Ap25Sn5T9MMw7nJ9C20WL6V01rybBBQi2Qx8cQC9/ERFEqGnove1HT65tK2TIKM30PZoOV3Qbz2FE//A==","mode":420,"size":1094},"lib/omission/closing.js":{"checkedAt":1768031009060,"integrity":"sha512-4bIAJiijQSWG9vzFKaDrZ5uHFZfhfYAByeKIo0jUMdaUm4xUjM0OE58pukWXtcT+O73ttJu5QtRGCLhNE89fyQ==","mode":420,"size":8737},"lib/handle/comment.js":{"checkedAt":1768031009060,"integrity":"sha512-JsBcUTH1oxdZDEiLUID/DJpvxE7SVnISivzWdBFljX3Ozh9Qp6YRF469WhbUYGgSUcrh3ma5XYonoc/RhHUC1A==","mode":420,"size":1328},"lib/handle/doctype.js":{"checkedAt":1768031009062,"integrity":"sha512-HsjN8GAGT5p7KedUT/UUXM/jmlB8TPJQo9584wgeVVwi5CGtcy0Pl1BWrvzZKTp1TkOl0wL+r37pBum427D4hg==","mode":420,"size":601},"lib/handle/element.js":{"checkedAt":1768031009062,"integrity":"sha512-guDWwOOLHc8WN/OsJPYMLr7wcDgn7SMROVIbBD3toS+bu+V6Gu5IqJ34lGMfdfdRk5vROHm+6/9an8mAG4B8Yg==","mode":420,"size":7564},"index.js":{"checkedAt":1768031009063,"integrity":"sha512-fXZ2CN4TnUuR3Tvr2U3v1qRCPUeaB2yRdfNgn4mgLC0okqUHyvW8pJ6lnQfQHyLKzB1+6E5PaECqa72x032blg==","mode":420,"size":283},"lib/handle/index.js":{"checkedAt":1768031009063,"integrity":"sha512-wo1Cxa6YSbAI1E6pWwWth7tCIfH4zcLJQjuTKmHBbYsD/cV62nXm/HUghyZCBOB4N20IEg8dK0N7joK5smUREA==","mode":420,"size":1104},"lib/index.js":{"checkedAt":1768031009063,"integrity":"sha512-rvwbGi/Nk+Ppf6Gsp7LA/QjLCdYnfgQmpm4SMPa0+oWDkt87/vpGqYIcCTBV/oPHqrFu936XJ24ra/T7zfYTAA==","mode":420,"size":9724},"lib/omission/omission.js":{"checkedAt":1768031009064,"integrity":"sha512-kUrL7g+6efn5+dHakeIM+Vc7Nvvpi/TScEBLsDIIQ73g9m0Mb5S7YjEW8qMYY5SV/h/dhEScnDmkJIthZwYU0g==","mode":420,"size":978},"lib/omission/opening.js":{"checkedAt":1768031009064,"integrity":"sha512-lIRA/ZsDNcm3FimicD+Y3OculftQCYdJX+N9nw+yyJjxxamEM1fuVC211KxQLLjRwrbcJR3HattgLQbRbUsukQ==","mode":420,"size":3606},"lib/handle/raw.js":{"checkedAt":1768031009064,"integrity":"sha512-wxmL1o453s7qHByojC4Wyz8PinFkRxg3tARttYQT2aRnAaC7cslBgdWrOBP7dTu+wwBa/dCPq7y12PegWVZMpw==","mode":420,"size":632},"lib/handle/root.js":{"checkedAt":1768031009066,"integrity":"sha512-kvDSR8PbhmqvWAT/GevegpwJnvdw07f/1X+37bUVOWbqG/tPfMM61+OfnGTIkMhy0LH53TG4maJEO730INm2xg==","mode":420,"size":473},"lib/omission/util/siblings.js":{"checkedAt":1768031009066,"integrity":"sha512-pFfQu+fANWkH2cMEm1I6hTwbEjanZDw1xMlaIABFQJ300svJOd6UTTHRw8+2aM4R/FCwtwsWKtKadkz35ppsgw==","mode":420,"size":1265},"lib/handle/text.js":{"checkedAt":1768031009068,"integrity":"sha512-uai6sbVyFbAGK4eujNC5/aIpj77VODddpYdHSfVS7SXPmjD0Hd94V39dXSCJwbol3l6Cd+TgV2oHunB8Nh2xcw==","mode":420,"size":1018},"package.json":{"checkedAt":1768031009068,"integrity":"sha512-BA0OPbSHl0ah93fgoFuapIz1Dyk+bKQjnq/HN6Ca+YSLQuGP5+xc9G9KlPosd6dZV9ciG3Gq511S1rhEtISHIA==","mode":420,"size":2586},"lib/omission/closing.d.ts.map":{"checkedAt":1768031009068,"integrity":"sha512-6s37+I2kxosW2vMFiqXrPOR7JkSVKErqc2TttYGw7C5KsgkhlD21jEzUKC9Psf7b16DKG+eMX83gqefpGJsirw==","mode":420,"size":112},"lib/handle/comment.d.ts.map":{"checkedAt":1768031009069,"integrity":"sha512-Ambk3xrkr3sJLP2sK/AT1FVRmMqQEH1MOZe1m1UpEQDM89fB40pt4cl0ORtAO4WYblEa2qiNlGcgs/zWCw6I+w==","mode":420,"size":243},"lib/handle/doctype.d.ts.map":{"checkedAt":1768031009069,"integrity":"sha512-UjqU4Clk4wlR6yWIHD4joiKe/GIz4kLaD/MbBQun4qN0rgB30ZkerDE8z/ze9o1Trf/ioPH14CPBWl/kK2bJZg==","mode":420,"size":254},"lib/handle/element.d.ts.map":{"checkedAt":1768031009070,"integrity":"sha512-Bd6NAMnCNUgEeoxNkz3J6sO1woD1CiFSCTZZV4bYJq7ewYTpNJvMdOGu9E553puMXymtjoUkJjF86kPpIxd3Eg==","mode":420,"size":244},"index.d.ts.map":{"checkedAt":1768031009070,"integrity":"sha512-an5q611eUV88JvmpgdA038XheIXj7VUasMlnI8otesLpLZ4hcKKzUib3xyWDoFYBkU/Rng3g7rmSVOSECH7oaA==","mode":420,"size":214},"lib/handle/index.d.ts.map":{"checkedAt":1768031009070,"integrity":"sha512-8wq5Uk5KKaSDHEqvYvXOmte+iBMTHN+WHqzmQQT0Lt9/dCJMNhAItuzscqIP0oKjFi3AESSxne9kvBR+IPOH+Q==","mode":420,"size":269},"lib/index.d.ts.map":{"checkedAt":1768031009070,"integrity":"sha512-ONHC0aJIfhu0zOZQTVMcolKtIsW9/RNQMLw3PcbbeQVFmcCdGmw4WbThNvjfFBnUWAYfaa3yxijT2psmSXAYkg==","mode":420,"size":1549},"lib/omission/omission.d.ts.map":{"checkedAt":1768031009071,"integrity":"sha512-+or9f49ddKFqeLj4U3Zcucyby15B7g8QK8qkavfiEFE4CXafTh4KvkpBAyr6cDvAYroNmiUMuC721BAVIubttA==","mode":420,"size":268},"lib/omission/opening.d.ts.map":{"checkedAt":1768031009071,"integrity":"sha512-vK7lDihRq7vvPFrJMGTIihjl2YFFzgoFZ4i0vtSKfPiGC9IojZQgDX5EYylLbfqA/F9hGuGcmf1FaAxse43VEQ==","mode":420,"size":111},"lib/handle/raw.d.ts.map":{"checkedAt":1768031009071,"integrity":"sha512-k/3EGJOwgwhtB7F+e+UplGPUr7G1H55+m29PjhhXE+e7C3Emqk1S7BT8FRKCE16a5XCchQ+zKzV4B5q7YmwXxA==","mode":420,"size":236},"lib/handle/root.d.ts.map":{"checkedAt":1768031009071,"integrity":"sha512-AwYXYGEOYyhmJNy2rv4XhWZREfkoK8o1dgEdaMoITOn89JMLfUfNXJULF118FiUC06nrTxP9X7Sgdk+LecLPqw==","mode":420,"size":247},"lib/omission/util/siblings.d.ts.map":{"checkedAt":1768031009072,"integrity":"sha512-0kGC1dTtklqpJj0m+Z0UMajqmv+UilmJ0DiUUwCzkrX1WYiXsVfEJ1RyD9L4nEO5zhAVE9MH+dMexQVGI12QHw==","mode":420,"size":549},"lib/handle/text.d.ts.map":{"checkedAt":1768031009072,"integrity":"sha512-KXcEPzD+2jjoLlNmPTBI1vsq5rRFVz//VhxH08Y6Nnfk1kMxSR1iBHJfvjCmpge9qo0CUNqagGpCttszUsPnyg==","mode":420,"size":258},"readme.md":{"checkedAt":1768031009073,"integrity":"sha512-qEzHpXP3PxAB+e+nmciH4CMgCjYvqm8n/vk+p5o1tP+d43NW9+H6jGBhwiD0740wPJNaQZyVa1J3qaWcYD3RYg==","mode":420,"size":11877},"lib/omission/closing.d.ts":{"checkedAt":1768031009074,"integrity":"sha512-FzvlnsZT0/fvAliN40KW+A7r8Bzfyl+kGy702KVnXLajvF5qsVXEBIZQUNQdxm/8NtDJfWkRjc/8UcA3Yk3+zQ==","mode":420,"size":95},"lib/handle/comment.d.ts":{"checkedAt":1768031009074,"integrity":"sha512-JNvcHC+aybEIry5ua556+cG4kPLj5ofq5njtM1VDhXm7XXM1K2m2065J0QIoUNGaBOkMABSqpJpEpw5ZkbGUsw==","mode":420,"size":586},"lib/handle/doctype.d.ts":{"checkedAt":1768031009075,"integrity":"sha512-NZEIaPL3kZHDnIrUyFPAVFM4Pt1cL5GrratuTecjFQqMqkyodOqCh6xfhFNOeayIqX5pHjEYMgm9s6yIJWn2ZQ==","mode":420,"size":670},"lib/handle/element.d.ts":{"checkedAt":1768031009075,"integrity":"sha512-i5slshS0FtKu/oSrQ59Tp0+MVkuqGdToOgi0ilMlNk8wrfw78kI70op71g8wdzacnWnEqMnd05+khDLve3ryzw==","mode":420,"size":606},"index.d.ts":{"checkedAt":1768031009075,"integrity":"sha512-ukvCDmABPH/7UjaYIFUABHNRfMU1UasVddNBJFxGGozdIPrEGJZ+7OPe5+RrWpZvQbLylUqwU2vNUDrqOyVQUQ==","mode":420,"size":316},"lib/handle/index.d.ts":{"checkedAt":1768031009076,"integrity":"sha512-hy1mr7vPg6DAXuUeiV/KIU4jSITmE9vX6jVSM9+RitjZr4Lm0DPSUygkbn8ad4nylBiF/yd9dTGOiJC2d6PfnA==","mode":420,"size":378},"lib/index.d.ts":{"checkedAt":1768031009076,"integrity":"sha512-knJgqm8KPWwsI+ktID/oEu+TkDXc2OFdOE0XQG/yjoeUoewrroF9xvHGOidkyNUcJkABWCc9fFdreaY1lu/GhQ==","mode":420,"size":7676},"lib/omission/omission.d.ts":{"checkedAt":1768031009076,"integrity":"sha512-fOfiUnlF33KBcwLIC6eGfYMf96gte08A46LZwjPeEDR6hGgiLyQd63qK41aTin6FW/jpedpONFWcrYwIBihKqA==","mode":420,"size":632},"lib/omission/opening.d.ts":{"checkedAt":1768031009077,"integrity":"sha512-d/y4lNZsQ7nuN7KyWVnEh/U4MXVBgIcqYFkheHGgnDTaivOSHfLYB2EXnk6YDEWfd1qyXKvmY9iEMYRLv76eew==","mode":420,"size":95},"lib/handle/raw.d.ts":{"checkedAt":1768031009077,"integrity":"sha512-4F7p0VGoLpHswHpVTKAY3YxM92rdwDHSiFE90+xXI65Dp+kGJA0TTt7baFmiE5amDf9m11licPgV2xYcsPSthg==","mode":420,"size":595},"lib/handle/root.d.ts":{"checkedAt":1768031009079,"integrity":"sha512-mhRESdOsl2aqIbkorI6MQn1snr2atWdxTqONXSdZ4JK75L6onNxKw0ZFKtqgXgaa+4p47MfsmHyfhu+vSjnNRA==","mode":420,"size":653},"lib/omission/util/siblings.d.ts":{"checkedAt":1768031009080,"integrity":"sha512-bqevGPKG78UR3waAQIcBTF2lLMPUvnJNREs7wmNz5VOwAzpySjyGbSPaYYrA7iBHxG4V9gIkyPRCpOrCODjYgQ==","mode":420,"size":1434},"lib/handle/text.d.ts":{"checkedAt":1768031009080,"integrity":"sha512-z4ZfqDyTOBpv1Pc53UJLEUJI6MLQwmcMUD460Zt1IIJUkA+l5zZLSh91YYi8nObqlxe/wqtmXoeOJ559nJaKoQ==","mode":420,"size":638}}}