{"name":"@sveltejs/vite-plugin-svelte","version":"6.1.1","requiresBuild":false,"files":{"LICENSE":{"checkedAt":1768031007118,"integrity":"sha512-OrT8pFW4B2XbvqEXQtR+EK+3mAlmzUJ7IATExk7VRBV5sKmzM9PEON/gJz4zY6TFJalSbONd2BbTnz/bazxZLw==","mode":420,"size":1139},"src/plugins/compile-module.js":{"checkedAt":1768031007373,"integrity":"sha512-wKD4xYEtCH7cb81pWa6prYCXcyB7aZVpDPal/3SS9DYOGhInClRN5hjFnj3lKUgsY8QSPG+O/aWGpQuZTzIIEw==","mode":420,"size":4040},"src/plugins/compile.js":{"checkedAt":1768031007373,"integrity":"sha512-51kZl2iynKleUG3ql5Gr/rQd2JMvRvqVlUnZgUbPQJWrKBt3/RjItxnRUQxRr29XNMfVgLmVLHIbAtjovU6/oQ==","mode":420,"size":1516},"src/utils/compile.js":{"checkedAt":1768031007374,"integrity":"sha512-CX/VGrHDN+Ke35l7k4PyxFl5AGvZvnPaBmc4QRuhnYXWqu7eT2FZy+F1OMFOsN5tGhcIP46SFsA8HVlZiozmkA==","mode":420,"size":4858},"src/plugins/configure.js":{"checkedAt":1768031007375,"integrity":"sha512-ua7dsDfuP5Cy8eaTAwnozvMparKsRVJwWhuYaWuT77ZyF/Pm6ILQQOUtMlnKHQphPDSBHqaXuzbPWyuqkqw/+A==","mode":420,"size":2918},"src/utils/constants.js":{"checkedAt":1768031007375,"integrity":"sha512-NbnktYc2jrl76+tMFKCGNxaJzDm3+mK3snU+SzoCjZGzeUvhu80UU2oSWCsPFJT9Pb6cklFuAB8C/JxlNwhzzA==","mode":420,"size":1384},"src/utils/dependencies.js":{"checkedAt":1768031007376,"integrity":"sha512-7WMWcX7LLRpFrPKk7NupD/h2Q8xukVsBkl8xJzeusRDv+J3LBD5aIYduE+hcGsV8neYC49XVqEFNawKkuhRknw==","mode":420,"size":1470},"src/utils/error.js":{"checkedAt":1768031007376,"integrity":"sha512-jT+LumKz+BbWck1bpmgp19GdRpmTFO0G4J3wnCSbDUZlCrEeYLp27e/WvGd1JmqqlNZeM/FoeJyKcFi3BfGdeg==","mode":420,"size":5222},"src/utils/hash.js":{"checkedAt":1768031007377,"integrity":"sha512-7TG2FJ6vr+O3Ss77GLo1ai2cVeoe2WlFFQQxJJjAS6Z6wH2Xp7j17/xnjTG8zq7i2SCc7RAdYRwuGawoG6XkjQ==","mode":420,"size":1091},"src/plugins/hot-update.js":{"checkedAt":1768031007377,"integrity":"sha512-8d/EIbzRPIEkeNXxZjbwyc2kEqRuFthSGolI/G5rlVmzIYMHv9AH/Sj8R+CQccI4RiwhSkmS5KZC/q6Rx90gNw==","mode":420,"size":4942},"src/utils/id.js":{"checkedAt":1768031007378,"integrity":"sha512-oD9M0tLCq0t2WkDPmkLOxy9oAmmEAoEbYxvtyryGGTYCEUTiDFjnxS2r1oGiKxypxvPeIJr7AQ8VDBNYbPvsZQ==","mode":420,"size":7732},"src/index.js":{"checkedAt":1768031007379,"integrity":"sha512-eKDzLaOUrzS5Y7OYcJEll1CzwFk70w3uAZI8s6NXiNdSv4OVwFmsjoRsqSg2xd3BVmBby6zbPYGFPf0S5kXybA==","mode":420,"size":1543},"src/plugins/load-compiled-css.js":{"checkedAt":1768031007379,"integrity":"sha512-m0lSLOgcv108E4mmiUB4szjuuPbMaNo5yrz1qCYKhd2kPjIZZLKajNdunuU/Vc+3vX09TAtpZr8QLy4QEhJPkg==","mode":420,"size":1830},"src/plugins/load-custom.js":{"checkedAt":1768031007380,"integrity":"sha512-VZi8HQXCTC1kG9eRIXUncG0FruNuw3ruXkqRFKAllLBGl6Gyryf52cNdUc1zxtxAmQu3HY3D/Z8ZMox/yMCIDQ==","mode":420,"size":1254},"src/utils/load-svelte-config.js":{"checkedAt":1768031007380,"integrity":"sha512-X8KRsCRqomZKrgTTYdg5Ud6+ta57heTY8rz7FGNZOiY2Y6xXz+Z6jmXAgD0/FvjuAuLGn++drIYKNMJ5FHnixQ==","mode":420,"size":2437},"src/utils/log.js":{"checkedAt":1768031007381,"integrity":"sha512-te61rau3AtCpbAK/gvHEilWr07O3AqdGc7mOdK+8kwGxKk0Qphweyb4Dh6q8QVcOlt/QE8Aev/Pmic49Xu7fhQ==","mode":420,"size":7353},"src/utils/options.js":{"checkedAt":1768031007382,"integrity":"sha512-/botkh5D5HyHGbVOJcw6LVqTAKGh0riRsN8znMMo5pbLzfHEpOPzeNuDe2QoQlNHXpV78WCnwrG57x1SJjzTlQ==","mode":420,"size":20245},"src/plugins/preprocess.js":{"checkedAt":1768031007382,"integrity":"sha512-SbYHLrf4dwYzORGqFrkNcujJIQcdq4ToypHTQNeticwA/LEkO32kUnw61GL3ArAd6WvOb0l24f1kAxvifnUFvA==","mode":420,"size":5820},"src/preprocess.js":{"checkedAt":1768031007383,"integrity":"sha512-jNbUyTfo9zzirNz2HuNmNAhVXROIhTDqdIaMCxEzeEsSIA4pxFZyGKK8n2ckDOu6l5pBUgGnfHJGdwdANJLYUA==","mode":420,"size":5010},"src/utils/preprocess.js":{"checkedAt":1768031007383,"integrity":"sha512-4vrrmxeEOVquy4yqauqiNr39hhHdNH6uPTHJsOmwniU5cJn7Hep1eWqDRRMyJvoRK5EXv1Z8PKd8/rmfNgpYmg==","mode":420,"size":2921},"src/plugins/setup-optimizer.js":{"checkedAt":1768031007384,"integrity":"sha512-AQbsnsT66Hgcn3/ZMGkubUnxoWSUoL9NSZYGIOHmesYOZeNCF59V7BINPddsNQV0cErkdQYbLyd+grP9iQjcHQ==","mode":420,"size":10511},"src/utils/sourcemaps.js":{"checkedAt":1768031007384,"integrity":"sha512-4uy2cfO2VhG7BqLdNty/HKDpwV1cPBjD6DNspbmAlrkPyMDabE5r4ZN6kp1A1+dvc5DyAFCPy3tHA/jzv+6xZQ==","mode":420,"size":2232},"src/utils/svelte-version.js":{"checkedAt":1768031007385,"integrity":"sha512-DoybLqEg3c0jaq4YrDrz5F0OjMttkf6vIPeRs2J1DvTeZPqXXBDusEbtrNHG3aeoPje7gXEpTVd1ny5o4SmG+A==","mode":420,"size":625},"src/utils/vite-plugin-svelte-stats.js":{"checkedAt":1768031007385,"integrity":"sha512-f4vA/WuVcTKeOgqc4DK1BUFLaabCrpEo3tvebqzVb53TYJaJmNmwWO65GjIPwDymdupgKLLXUb5z1/Utp64eXQ==","mode":420,"size":6597},"src/utils/watch.js":{"checkedAt":1768031007386,"integrity":"sha512-s2q1HVwYQcULZBv2WkViUxQ6DNHlN7Dv+JwdoHhq4MWM/Z3JbPF1miNIy8zUs/bji6PnTw+73ebfdZ+3XguIgA==","mode":420,"size":2714},"package.json":{"checkedAt":1768031007386,"integrity":"sha512-vFdookA5Db4CfKDa3gyDcSoaqKgZGrBcXJhnJho//w3T3Xob2GsFR2NgD+JIYQZs108WBZIC//iJsa4VvOHAcg==","mode":420,"size":1369},"types/index.d.ts.map":{"checkedAt":1768031007386,"integrity":"sha512-Id0ee8vfssp42vkfHVZCbOSQ0qs261vdas3B2EnEgHbyL+sClDXHqm72EPq5bW4AEwfQ/AHt4jiFtVpXVO7fDg==","mode":420,"size":864},"README.md":{"checkedAt":1768031007387,"integrity":"sha512-XjP5vEJwnz8LKDF9MTpiq/ib4fDzZG3HxWGZUb/YkqkvPcrqd86drnyXLfARkWzOUIrB2mhGIVdaA+ndB0JP6Q==","mode":420,"size":460},"src/types/compile.d.ts":{"checkedAt":1768031007387,"integrity":"sha512-q6yOqVH9S5X/87cjRDx+MAP4wDrkqLysIpBR2p80S5MiB6EQAP2FBk17gp5D7v1Fer70WxU8INHUtXFGp69KDA==","mode":420,"size":902},"src/types/id.d.ts":{"checkedAt":1768031007388,"integrity":"sha512-CVFoKzWu1HqsEiDyMaptnr+u3/XrKvXQBRa1ypCYs5hqiI62mBDJ2ojPS125wf5zlp9tINstLPtnhW6WLwKrhA==","mode":420,"size":893},"types/index.d.ts":{"checkedAt":1768031007388,"integrity":"sha512-T9LNn9f2NHm2GYdjCERazDjgzCDtIbsc/e1ODNrGFBefdrXk7gtNwtpb+QqwHhE5DKl7TjBsgUygkdTx7SM1Ow==","mode":420,"size":6833},"src/types/log.d.ts":{"checkedAt":1768031007389,"integrity":"sha512-rdFiwjyxckpmsJwrG6yaee8JB+2smulCs6nVAJPjxDCAb6gUPtXg55ROIYjD0qCt4m8+dWtB+ItmWZ3WKDPDYQ==","mode":420,"size":754},"src/types/options.d.ts":{"checkedAt":1768031007389,"integrity":"sha512-Alh/OXyuPqMlRBYaIffKq9ppUeRE94dat9J1XSYK0YpfuGRiS/a+5YXipgh0+fC+hhl+fDcYP9JDYq8pho3MMA==","mode":420,"size":647},"src/types/plugin-api.d.ts":{"checkedAt":1768031007390,"integrity":"sha512-Ja3mxryvEwKRMvw9CUvvqwcvJdofdUmCerepCyI/hYfKLJx5J+rfWjh8W/fN1BzrhfV9wJqQenFMpTif1zxSMQ==","mode":420,"size":293},"src/public.d.ts":{"checkedAt":1768031007390,"integrity":"sha512-aIhTuswbUBuMfShXQqpa1VWQjCUWKY5Z++V5Uc9filbUmUE7Q71jBanVeb3mZWvRhrk0dkFcjZHGBASPWKDWgQ==","mode":420,"size":6146},"src/types/vite-plugin-svelte-stats.d.ts":{"checkedAt":1768031007390,"integrity":"sha512-klN0NOo+2AyyjHof4L+uAudXK56aqF9bal8K4N3bH3NIdoQSivzUFIHVkMGUcDEocd01AXmkJ/oFFNkE4ykfZQ==","mode":420,"size":604}}}