{"name":"@polka/url","version":"1.0.0-next.29","requiresBuild":false,"files":{"build.js":{"checkedAt":1768031008084,"integrity":"sha512-kChbpyaaGf9SV+Q2c4AiRetpxojUXYuawWdvUCZ5n50qD2euUkmCv71ihZMZyDzWho+hGSdc657Kx5mK0A5yxg==","mode":420,"size":895},"package.json":{"checkedAt":1768031008084,"integrity":"sha512-dSzuHl1TPIst+//Ic0IAtx56ifL1kvv1AjnRjMJdCY2j1Tj2VEwyNpdudWcxw5BthdzNX+fOYoMjB3Qua5WJ+g==","mode":420,"size":616},"readme.md":{"checkedAt":1768031008085,"integrity":"sha512-HGLVuCbaGmyEWnu6jJjakz9h6+Qri7G3J7QfJ1r+sXGJs9UeMjkP+/tN82C6yv5y2tWAbVdTHDU93kyxTiq1rw==","mode":420,"size":2154},"build.mjs":{"checkedAt":1768031008086,"integrity":"sha512-5lvA+AmivpgPqq+xDhcD/8NIB7uWK1UW40TPYrwiQz9jZhWR6Ue9Ismop6PkVpnrmN9hDPBabn7KvCo2+Nxhlg==","mode":420,"size":884},"index.d.ts":{"checkedAt":1768031008086,"integrity":"sha512-8ByosVfuRLRb12wRDpQcbAME6VU3Y7ETddtFiCD9+wog6I7vDse2lBiO3Vv0jNxHWqxqlNxmALGMuvTsdq77Aw==","mode":420,"size":266}}}