{"name":"vite","version":"7.3.1","requiresBuild":false,"files":{"dist/node/chunks/build.js":{"checkedAt":1768031072563,"integrity":"sha512-N0kcAG/CmkVG6HUOeXA+2X705fRY/hjipEASsBat7XaxQ40bwuJnFQ75cH3MTHOUaL6KsK3FSOJIqqiDmdmgFA==","mode":420,"size":607},"dist/node/chunks/build2.js":{"checkedAt":1768031072564,"integrity":"sha512-uXR6Z3CmZ7yYqtIpmfWOr+Hp4VfNHqatPFAgLR9eggcwZMsdMCRyju3W3oB6VVZeJzhcNmifDX+WT6gvA8H2og==","mode":420,"size":208226},"dist/node/chunks/chunk.js":{"checkedAt":1768031072565,"integrity":"sha512-irY2qIz7ua8GvJFoNP0Ke+/PZvsgFDfimkMJhFD7+DuMxvpD4jcj4EJSiufbwR1gmYOoxBqK7ATcwava4xWKMg==","mode":420,"size":1919},"dist/node/cli.js":{"checkedAt":1768031072566,"integrity":"sha512-UbfP+W2N6ptzPxIfaFN0RbyY68m7WRhXROADFXz8HW6kta/w2nmqTw4k+kjLpEVEXB1LajOLtZIHWBtPC0HQQA==","mode":420,"size":26755},"dist/node/chunks/config.js":{"checkedAt":1768031072573,"integrity":"sha512-wPzA7CM0hFfjGt8XzeM+Deo7iUFOJVC5aDptDSyGJ1LQqDiRIgCQ+gGirSKFh/LLSp1Vpjka0zXSn+PfQvvrVg==","mode":420,"size":1332878},"dist/node/chunks/config2.js":{"checkedAt":1768031072574,"integrity":"sha512-0xfQOykjJZ/fz+b1xvB4PDbh+WZwM8GGcd6ZJ3HvUI5/FqNmzCTGNhKoPxM6KjBtsA6rNMQ3tDfTkCglKLqftA==","mode":420,"size":278},"dist/node/chunks/dist.js":{"checkedAt":1768031072576,"integrity":"sha512-fosLpNnacaNHy35GgBHBS16k0ubQeS+luj/VD2cThUgiz/57bVuPfHF8dTnJB7neGcT3L/Da61Q6LMpNQxIgAg==","mode":420,"size":240995},"misc/false.js":{"checkedAt":1768031072576,"integrity":"sha512-LXUjVe9WJwnq6ZofW/gN2DIchUIs40Oy+T2mCpc7i2HMLUFdxBoXDHmsUT/QKx1navX8YbDVQfKAmr1wgLQgRA==","mode":420,"size":21},"dist/node/index.js":{"checkedAt":1768031072577,"integrity":"sha512-KBHUwmaHtrU6iDvqpS3oH7b9FS/5HebmNIyfQ7dSWlHsDHfQK8Q2MV1dtICEQNmxVVso9yC83ae9PkdC3RlQuA==","mode":420,"size":3630},"dist/node/chunks/lib.js":{"checkedAt":1768031072578,"integrity":"sha512-mH79CI9MbTG0zLtzddIXvSKyvUVEztGpmyvCtyHiM7Q5UTMxOO821HgPJhJLMOtDhNEAWu7LHfz4CYZla3lnyg==","mode":420,"size":11729},"dist/node/chunks/logger.js":{"checkedAt":1768031072579,"integrity":"sha512-OXvfXxwDKUp8FFIkSeen29w2BFk2XxSd+vB9naHP86rODyC3tLQ83gLo4JT/98KbE6l5+fuZY+GHh2mIQRdbLQ==","mode":420,"size":11737},"dist/node/module-runner.js":{"checkedAt":1768031072581,"integrity":"sha512-FfAyc5bZVGD6FHu3lbPTgjgQn6PBmhFjXc1tMnwwAjhGMQfXqHUs8wv8BXfvn2z8Hh2t0hS7/1AVw5ey4LCqOQ==","mode":420,"size":50376},"bin/openChrome.js":{"checkedAt":1768031072582,"integrity":"sha512-PyKYPX9kZyUMHWkVIiQvh6LMa6v77+ZR8F/cjyDeHqXxYAgQ3J8NRmh6pQMSdEOaxg9r4a2pKJoDi0rcULmY4w==","mode":420,"size":1842},"dist/node/chunks/optimizer.js":{"checkedAt":1768031072583,"integrity":"sha512-z2QtshGnA2GEUb7kMK5nupVegX2B0B8BNNJJwpZggXuuO9ih8fJB+bK2jOGxBnN3bWG+QWXUaBZ7HanJME4bDw==","mode":420,"size":698},"dist/node/chunks/postcss-import.js":{"checkedAt":1768031072583,"integrity":"sha512-Z8xZvw7ivUpPBZZyFg5Fz9YgsCPFCraxm8o7yliLdomOa2HYrPxlLL/f2h/i4xCu7xDWzBBj47jIKh8rFacv2g==","mode":420,"size":18464},"dist/node/chunks/preview.js":{"checkedAt":1768031072584,"integrity":"sha512-uNQUxhTe0q4aZv+MIeKx2v6sqXIXCCxbdBLmWiLBxAEaQXnrSAd2Z/10rrs/OS5EhExt7e95yR1uwP0I6stBOg==","mode":420,"size":114},"dist/node/chunks/server.js":{"checkedAt":1768031072584,"integrity":"sha512-iCm7zSHGAaSxQ2AnLHUJJ2JmXjljjKodLpxETgbNluxZ80yRwDQLzwXUQAHto3FcHiMPIr4nhbeKrIqxjjsKLA==","mode":420,"size":230},"misc/true.js":{"checkedAt":1768031072585,"integrity":"sha512-limgRpGP1s7g6/fJesxzUZaS33AYKyKYsAkOa++FAkKWiD6E1AV4N64szLQe2sEjImtlK8gLmfBlNX7AqJoacA==","mode":420,"size":20},"bin/vite.js":{"checkedAt":1768031072585,"integrity":"sha512-f/7mhDyioOdwvqoKqWU7790H9Q+JqzDev4lQW03cdLXmpqOkzbCGxfwjU62hmXvWvt9W6eWrFaX+j2BQTzI3/Q==","mode":493,"size":2574},"package.json":{"checkedAt":1768031072586,"integrity":"sha512-QJKBlxeV1p5zsYgXpuv3bL6IU5EafIRLI7uNqhwtNMXKooben11nxg/wYtWhChthYwgIhWR/HvtmAejwGzwCMA==","mode":420,"size":5147},"types/package.json":{"checkedAt":1768031072587,"integrity":"sha512-EXbrSAUpzE0qAvTnI8wb9khe6STQ4wbFOUHM/h48uinfSXR1W3rMXiMSg8iMGLc2prupcQsvgn+nywakdhdBWg==","mode":420,"size":109},"LICENSE.md":{"checkedAt":1768031072588,"integrity":"sha512-wh2eLeOJraWTXIHcRfPYH0cutkSuijA8GQWzA/hIOewdgMHZNEmALNogTSLiA08Y/Pm9Wl/U1id2GgLjBwwW5A==","mode":420,"size":101182},"README.md":{"checkedAt":1768031072588,"integrity":"sha512-vdx2RWkZVVIP+Ev18UeYt0z+7QE7eo2QwEHcnsyiTL4c/glia5vcAL8/ZrDmRN2Ras1kbF58fgN9wodQvS3V6w==","mode":420,"size":1152},"dist/client/client.mjs":{"checkedAt":1768031072589,"integrity":"sha512-GT8nWRhNw7v8nE27ZGv7f/jnAHFIRKfdU2d2kzcxQeYqnZq91wvmkeSTIh9fEnwl5SiOluKOdNCr+MNJh0I/dQ==","mode":420,"size":33862},"dist/client/env.mjs":{"checkedAt":1768031072589,"integrity":"sha512-rGPMB8fJsdS7G+egfy3ULjIN3Z0JcZyPd2w8E3PbX6nNxwqHtdbSt01t5JLARplkEfaWGPzqXKsrpZegiDPCUQ==","mode":420,"size":612},"client.d.ts":{"checkedAt":1768031072590,"integrity":"sha512-qLGQBjm75PTkt6cHXIxDuinKiNN6BzAen7rE9MYwSd74s9xe/UMUDSnLDnKVCVfueY2OOkppyfYPxTdtYJUpqA==","mode":420,"size":5109},"types/internal/cssPreprocessorOptions.d.ts":{"checkedAt":1768031072591,"integrity":"sha512-M4FcYSfU+WHRyPD4rRSYsii49RMfuWZP1wsyvZxmhhUAcd+a0oztqNIS5KneLEypwU2gJvwbCOnp9Ofb45zwwA==","mode":420,"size":1420},"types/customEvent.d.ts":{"checkedAt":1768031072591,"integrity":"sha512-Cao4fski+sbdQZI1VNdGZypxiKBp0vq+1OcX3j1dwREokWLNk5eNYOTE8YMf6WBjqNVLjpGvQS+3iWT+VkxWEA==","mode":420,"size":1424},"types/hmrPayload.d.ts":{"checkedAt":1768031072592,"integrity":"sha512-LA4IGNDGS9WKm8Tu4qp7hWY9+ufevMgM0rg8kY6XZ44r6qYru+s+n/U3nj23FABzDsek7d8ffPCiNxp0JTUWZg==","mode":420,"size":1282},"types/hot.d.ts":{"checkedAt":1768031072592,"integrity":"sha512-SRHK7WXekkEiCYeMrHY2LLKYkN+uMYn0vweNfSgQ4UO36JSrBh3EYfN7tj9NSStboPh7VBqxM+Ui+rVthwPqEQ==","mode":420,"size":1060},"types/import-meta.d.ts":{"checkedAt":1768031072592,"integrity":"sha512-lAUMokOOTs3fyckoVaBiqwftILe+2addC38BpKFgNIfrp6e5j5YTVd8eugIbL2cR6tgL+eiii4TRPpfmEAAofQ==","mode":420,"size":249},"types/importGlob.d.ts":{"checkedAt":1768031072593,"integrity":"sha512-EmO7P8uk5J+4bONxCGVOPIU+G9cdluVriZ9DSYG/9im/KbT1q9LF9EMYPh0dg7jomzduV8/XcZ8hOAtiuwehGw==","mode":420,"size":2291},"types/importMeta.d.ts":{"checkedAt":1768031072597,"integrity":"sha512-zX2uALv0H8i1/LzGDXcf9wsi1/3xcTOT3C9Md7EkQ43Vk/rdAyvnb/0fPfCbxS9ksu2WPyT+aexkgETWIQnNJw==","mode":420,"size":878},"dist/node/index.d.ts":{"checkedAt":1768031072599,"integrity":"sha512-VZzGyeUspR+sTt4qfDTY8y+R6pzHTCHW1tIXv5/ELIsXDWsSSwKglzhf+TeiC3f0vCn0BG4WjAqF4HvSkKlCVQ==","mode":420,"size":149541},"types/internal/lightningcssOptions.d.ts":{"checkedAt":1768031072599,"integrity":"sha512-akJSPxPb+FcLVs2bCo7WNOxy9ckzoPWzeLJZmhnvEF9+kv4M+TIvCtdb444PhJ4ku57Gmx7At7gFjuvXOxAT0Q==","mode":420,"size":520},"types/metadata.d.ts":{"checkedAt":1768031072600,"integrity":"sha512-l1cQBN59xS6L7at/bgvjNhG9CaN1XXHjCA+QMn9RPUHITzebEASMg92hlgMt4O3QLSFSFuMMw71ZT1dpTLIQVw==","mode":420,"size":861},"dist/node/module-runner.d.ts":{"checkedAt":1768031072600,"integrity":"sha512-2X4mnnDDbBGYcFIKLoHBmMUgF5VgK2rqOUC0BHlS+Gmh4kSXxLfQqSZNXCQylOZEB1+b9gk79h8pJYRcXgLWVA==","mode":420,"size":11372},"dist/node/chunks/moduleRunnerTransport.d.ts":{"checkedAt":1768031072601,"integrity":"sha512-q5zo2u4Za4Y+a8e6GKG7QW1BBfM+b1zeyD39vXSluEQYwLB1jnzp1xtx5xizQOVEddpSOqvG3gG6gsL9xcYryw==","mode":420,"size":3059},"types/internal/terserOptions.d.ts":{"checkedAt":1768031072601,"integrity":"sha512-BwUjTe5tKPr279PQzg44PTXsa1n+HbhtT6THLOE7bVaSXYPmcbbPQjvgo8oEpE4Lg54BmcQpA00Bco/HReRJQw==","mode":420,"size":384}}}