{"name":"quansync","version":"0.2.11","requiresBuild":false,"files":{"dist/index.cjs":{"checkedAt":1768031011221,"integrity":"sha512-wbz3JztpjstFpEd1n0WMI5NU0HlKBM1yGkDl3M54ISFNd8wNPafbV7On5xIqBU0if3DFlCgyd6UqieZQA98b4w==","mode":420,"size":3081},"dist/macro.cjs":{"checkedAt":1768031011222,"integrity":"sha512-+bfwVwh32uCgrhZRt1UDviyR8k2vXhWiKzntnxm/0LrBsFcK4yG4imiyAioQuil7DnjE3EZ+caYEbc3TiwDP4Q==","mode":420,"size":117},"dist/types.cjs":{"checkedAt":1768031011222,"integrity":"sha512-deBZmuLJzOYKea4VWud3vCmIPjtw1tR58QIgPRyZb6ByoMfi8zKY6CXn6h0EFSMVMnsk2/P3IvSvydjYPyHAbA==","mode":420,"size":15},"dist/index.d.cts":{"checkedAt":1768031011223,"integrity":"sha512-05onB4sn8iS9a6VzVsVxEa8UqOLLmsMLiYJuJFLVjjRGjCN1Sd1jtJ6rGTSnDnrd4F7O5mMe5uEEX323H3Kzdg==","mode":420,"size":1159},"dist/macro.d.cts":{"checkedAt":1768031011223,"integrity":"sha512-BeWpqLer0OV18neaVnxbZA3+/4MVAIRFtdGiK6IoMSdFn5uzcpa3qYmrHj8ltkNxl02DCQA5Qvh5PJLq8K34aA==","mode":420,"size":870},"dist/types.d.cts":{"checkedAt":1768031011223,"integrity":"sha512-fvJcIN1lJYzSZ8Q3keZ+BTEdBcUNdk1iaerCin+OHvtmEEE3XKESsW6AGczFt1SwIupTdNbKnzVaWGFLwTumoQ==","mode":420,"size":1489},"package.json":{"checkedAt":1768031011224,"integrity":"sha512-dcK964nxwz6yho1rWW9q0HHcihZ3RL4VUrTsbVSsIIJtJz8wSl/Yh1j9yBtyW3F9iBhB20ZE2HkWIK7Ka/ApTQ==","mode":420,"size":2101},"LICENSE.md":{"checkedAt":1768031011225,"integrity":"sha512-XAuK4MD/ZNoZQsn3T7rDZOh1rDoXxbNneNqk1Umd5oe1CYnTNiijraJFlGvDs4XG20O/ynxCuI7R1TPyChFCpA==","mode":420,"size":1143},"README.md":{"checkedAt":1768031011226,"integrity":"sha512-IH12RVblQCVVP8b7tD5UtK1h5kQcFBc1tzYh8VyCwDk3dBQGXDDNSG+cnF+p+uB8WeYJrEfSUksdt4vVZT4EOQ==","mode":420,"size":4506},"dist/index.mjs":{"checkedAt":1768031011226,"integrity":"sha512-0Vw+Or4ZcAQI5D12/0Mn2ggLDU0wcgqlZb2Ibqoz0UQyZBqJmHzWMqQaVZE309FSkXTwm1/q4qzvzFIHUreutQ==","mode":420,"size":2968},"dist/macro.mjs":{"checkedAt":1768031011226,"integrity":"sha512-F3c0+5szec1Bfjk0oEDk0FSy5xOmh6g/3h+4d5ENU0psnK2jE9OnBngtWgUEAIx2ED6jL693YjOywaSnMz4haA==","mode":420,"size":106},"dist/types.mjs":{"checkedAt":1768031008186,"integrity":"sha512-vmiIOMqGhuXJBom/KrWFzvETfJmbSMcLkvZ6XDTcFWl7XRHJgu1tcb4eHn97TgcziEqpfD96M5qO0DV3z3S+CQ==","mode":420,"size":1},"dist/index.d.mts":{"checkedAt":1768031011227,"integrity":"sha512-cKaggKWwQVjJEprGSQpOH79nCZTbWJsVC8z+zvV2TzJ8QEdabXqebTsk0ffQ28D3Ggyd2b0Mmoeg9GLvzW26Og==","mode":420,"size":1159},"dist/macro.d.mts":{"checkedAt":1768031011227,"integrity":"sha512-cDX/y+zwJDtDuUdG3LBQCewwKU6rjCFivR16zs02jj6RrlmLsS3PVCMzuuB1ZH5Njhw5C4EheXvqpLl4jqIUKA==","mode":420,"size":870},"dist/types.d.mts":{"checkedAt":1768031011223,"integrity":"sha512-fvJcIN1lJYzSZ8Q3keZ+BTEdBcUNdk1iaerCin+OHvtmEEE3XKESsW6AGczFt1SwIupTdNbKnzVaWGFLwTumoQ==","mode":420,"size":1489},"dist/index.d.ts":{"checkedAt":1768031011227,"integrity":"sha512-JLFKFzk85Nq1Agkm4RbrTkZVcbDm1pqbsqeEiDhibtLqdyK3v2D58wX+hM/RFEAtC0POxG0460DXCHagw07khg==","mode":420,"size":1157},"dist/macro.d.ts":{"checkedAt":1768031011227,"integrity":"sha512-2wObXX7iiDM+pxh51mSMwxVjH3ATvFI7XbZtBgvhxGUiiL6gbLrBpohOOiTA3EyupkNZ5bQFaPMvnlz1ZCWW+A==","mode":420,"size":868},"dist/types.d.ts":{"checkedAt":1768031011223,"integrity":"sha512-fvJcIN1lJYzSZ8Q3keZ+BTEdBcUNdk1iaerCin+OHvtmEEE3XKESsW6AGczFt1SwIupTdNbKnzVaWGFLwTumoQ==","mode":420,"size":1489}}}