{"name":"postcss-scss","version":"4.0.9","requiresBuild":false,"files":{"LICENSE":{"checkedAt":1768031007750,"integrity":"sha512-83RJJ95IfQlH9xuw1X7jpvJKJXpEdtzfI32q4Gf1M1tDLrfK+i1kN+kQXvSKUCvYckqG2gDnAtk/kO9IrzxfqA==","mode":420,"size":1095},"lib/nested-declaration.js":{"checkedAt":1768031008567,"integrity":"sha512-B/BL5hGGv4kvjGIVxTEAnWsrOQuUEk67TVzcqjtRajHKnpLE31v3rpjU9aS86J4EcIerhi713C+0I5Z3fivoiQ==","mode":420,"size":259},"lib/scss-parse.js":{"checkedAt":1768031008567,"integrity":"sha512-M4TrG2A4MfQFt3KBqqMC+1Jtb7ajoGHRpWub8I2IODKNCq4FCe1fR5cyd4oWrsM7Pp82DW3Gr4U3vTV3b1sWnQ==","mode":420,"size":244},"lib/scss-parser.js":{"checkedAt":1768031008567,"integrity":"sha512-klrg6v/FFaWin4A+vGbLD9PBojEBCNFW8IPAsbylCTfKQnzf3mD/m/AO8lVRFQbqTs0X6AwL6EO9maG7/73sZQ==","mode":420,"size":5486},"lib/scss-stringifier.js":{"checkedAt":1768031008568,"integrity":"sha512-NYyhJki/mPDLY/MnfWR88y6GfCV8dXlD9jrLCBU+OHBmz87KkY+5WdE36QvbFCfxg0hr1YiBTCxpbelw1k1Dig==","mode":420,"size":1333},"lib/scss-stringify.js":{"checkedAt":1768031008568,"integrity":"sha512-mrZ9lxWfZXAlPt/vPb8MoDXQwnkO7qxVZ6Pj30HkKqQmMhFv2FfA+lOR6c0Dz6h2X/LTuADLyApaEld2666tcg==","mode":420,"size":175},"lib/scss-syntax.js":{"checkedAt":1768031008570,"integrity":"sha512-oQoWQXjmpk/hCyvUgPoYrX43rSD6LrJXMM3AQYYcqGJ3A+DmkdtJ2R5f0M/ubLk4Uey60t+PGuzhAIz2x6THiA==","mode":420,"size":119},"lib/scss-tokenize.js":{"checkedAt":1768031008570,"integrity":"sha512-iOCjcGZPNpUG/U9Op8ar1de4qo0HdRaHVhw7PHtJ0clEAeccQ1o5iQ8bUEwTy4+buoaajZ1U6VS0sBP2jNLUcg==","mode":420,"size":8400},"package.json":{"checkedAt":1768031008571,"integrity":"sha512-UrR7aemFWFqArxzVqCGK+zE8IUdGw0brzQjbdsjOZvcbaF5dkgiiPR5tm6OZwiPZK3bbgLtpa8HosuvWcPxR4g==","mode":420,"size":1298},"README.md":{"checkedAt":1768031008572,"integrity":"sha512-dFwP52YRhIhbRh24CPNsM7TLz9KPG2cxKt7Sc3aiybEsrPPwlulghFtg/BkB20uqmuTU8JS1Pf2jP3bKUaunug==","mode":420,"size":753},"lib/scss-syntax.mjs":{"checkedAt":1768031008572,"integrity":"sha512-OM6aEh4PgDPfsOpV+wM6QytNwytBEEX3ihju4sQe6mgBQAc+N21RAlbALUGQqTetgGQu45s9bWn1N54of+2jeQ==","mode":420,"size":134},"lib/scss-syntax.d.ts":{"checkedAt":1768031008573,"integrity":"sha512-mFMbXupTtX0hdP6z8+kjgVDJqO0iUEO3QIg0j1PXIlvir49URFiMqVXNaIeZbK0vnONUypjpLFNTU9Y91jN3Ng==","mode":420,"size":129}}}