{"name":"esquery","version":"1.7.0","requiresBuild":false,"files":{"dist/esquery.esm.js":{"checkedAt":1768031073488,"integrity":"sha512-rFTbyIv6yO/QHClrc8JE0oV3xLPp+S2m2tpjjSn2ImRzg0BAe+yJ3N4J5+ShMvOJkfAcUrewD7f00RXYS1Wd4w==","mode":420,"size":131615},"dist/esquery.esm.min.js":{"checkedAt":1768031073489,"integrity":"sha512-QE+cJW8KBZLD2LWtNq9Q3DdzEIxOYHuiwqMVHnwiOqEA64rUqCQ9QfAlxJnkbiT6hFS8LXKgPwuWzLedc+8BOA==","mode":420,"size":36550},"dist/esquery.js":{"checkedAt":1768031073490,"integrity":"sha512-uNbs+HT0UNPB6TIxqsTImzQSGcWz0ZkggtfOA/FVHzqkpDJUoYSCGBM2uUPIH4KGVs/JbgE7yF1s01mHTOQ/GQ==","mode":420,"size":140614},"dist/esquery.lite.js":{"checkedAt":1768031073491,"integrity":"sha512-kixj+9wkp2jjHC0Tr0km1NNKt4woyVuCekiqQknDeOGbxX2IaqUxDgraJs8YZ6DBtovkadhczNHy89KMJSTe6A==","mode":420,"size":115069},"dist/esquery.lite.min.js":{"checkedAt":1768031073491,"integrity":"sha512-e3gGp2DorY0ZO7QJd5TIT2iVCNOAjqWWhQ3DMrDMa/Y+CRInkH6TD/6Knx3QHnWyvBQQ9kDMwAgitb7tVQtLQg==","mode":420,"size":26203},"dist/esquery.min.js":{"checkedAt":1768031073492,"integrity":"sha512-l/0HZ7x7Zd+jv7KjaBrsu5EsTrydC7etuG1aECTqhOFsQSreL3hOrzpJoqyzRrFe1f+gPQbMFu3lFBkFlkm/Rg==","mode":420,"size":36731},"parser.js":{"checkedAt":1768031073493,"integrity":"sha512-+HA613LvkYg21O3yM+xvCUil/8rpYDNzfkLpoLxQ6VqV9wAtR6dRzpp9hlcTUcwIFX3ekmuB/2NQWY3VH8YI4w==","mode":420,"size":79242},"package.json":{"checkedAt":1768031073493,"integrity":"sha512-gSwUE8VMszs9UXXYmzme+BtSEraf/83231PxyQ6VkK879gCXActgCuMVDxB/5sOEL1OLLYEA4r6jGXztY35TEw==","mode":420,"size":2030},"dist/esquery.esm.min.js.map":{"checkedAt":1768031073494,"integrity":"sha512-ErecA8R+iFIudnm0+PEkp796qzEUOB87tbDLauOBIeRTXOK1taaT6Wk6hPRruzzy6jn/bXRUwxjUlGrdPO92og==","mode":420,"size":188756},"dist/esquery.lite.min.js.map":{"checkedAt":1768031073495,"integrity":"sha512-inWIPP/g2PEe0M5YRuB717PlR69vZUF3DHGtDzDJEKL5JaDWfltKpRH4B6pJ2TRMH2ynUGmN/oG2fnlgA1SxhA==","mode":420,"size":147852},"dist/esquery.min.js.map":{"checkedAt":1768031073496,"integrity":"sha512-MZrIBYjSsxyMnuPpy4fpr8h511Yq4VlitWJ50vqe2+MRcTOTO7f/DgjRe9usfRIUOqfN1eSv0b8oarvzUxXvHQ==","mode":420,"size":188752},"README.md":{"checkedAt":1768031073497,"integrity":"sha512-LhjA12cTVOo5OliTM49ubpIZIgYg+iptSzH0v/n/hu1aotiyYCY9Mos9naUsA/4GLRvLhvCL70yjWfxQp3xCTQ==","mode":420,"size":2182},"license.txt":{"checkedAt":1768031073497,"integrity":"sha512-KxZ+zb29Pc9n5t97m8OfTBuhCF+TBD4+SzWGL+PF5wUfFAtMXkHHv8IzgxhqoT9W+DoFHdJsuk4UG/hAFdLquQ==","mode":420,"size":1488}}}