{"name":"eslint-visitor-keys","version":"4.2.1","requiresBuild":false,"files":{"LICENSE":{"checkedAt":1768031005227,"integrity":"sha512-LK/hBSxf9yMQL2r6cNQN5Ts9V9Xiex+3PSnzFyHRHv276wJR1mZGB/cHFulPafZdeg3B465HZdPiLCPHDjjmiw==","mode":420,"size":11337},"dist/eslint-visitor-keys.cjs":{"checkedAt":1768031005929,"integrity":"sha512-s1Qbk1Dj8aynKihJbo1qGZ4P2ijnKbE8avOh98pZGjZxZDI34oWh47WZd1hw2Zm2BePM0VTqduYmExr+PZ6meA==","mode":420,"size":7586},"dist/eslint-visitor-keys.d.cts":{"checkedAt":1768031005930,"integrity":"sha512-gFYKoRNnt1B8Al2CkLCxL6aaOADGqF/joRQDTNOXs6wiI9t/5Zcb9406BhauyTcdFfPhMIvKs4ZoXzZLMiN6EQ==","mode":420,"size":773},"lib/index.js":{"checkedAt":1768031005930,"integrity":"sha512-cDJQvaixWMpA5dKzEGL35OC2Fz9JEIt/w+ke8PvrWoVYy07D0kzfr+/lapU68LeZ3BVA+CeT1gUuvBFQPn/PSA==","mode":420,"size":1864},"lib/visitor-keys.js":{"checkedAt":1768031005931,"integrity":"sha512-aZwF09sJNFpUB34jv45igioTjzYmqpvU3EjY0TlWlCWoNQNmuTboE4P4SIeIkttYp/mk90R7UBojF+u0BuIwTA==","mode":420,"size":5718},"package.json":{"checkedAt":1768031005931,"integrity":"sha512-Hn8Y+U4u1zMNRlWo711MdO8wViW/jqpyo5l9KvWSAHU693soy7QWI60uTQvnrfhpdTDgBXPx/uK9kMrOB2YhPA==","mode":420,"size":2222},"README.md":{"checkedAt":1768031005932,"integrity":"sha512-xBhh1rfA4I99xMuQShJUkneG7YfBeiQS1tAU4RqBBN/sy+hq7jWbHh41SJKP43jNUGjIoZ/yVkk7wB80rhwRuw==","mode":420,"size":6760},"dist/index.d.ts":{"checkedAt":1768031005932,"integrity":"sha512-Oi7rGgPS75lfgND/lVnf/0Pd2CKRlRvkNonUXTD2ElQuCFVibBnIHrFF4A1Fs1WnsiaUZxbNqz78vcBDHM3zTw==","mode":420,"size":596},"dist/visitor-keys.d.ts":{"checkedAt":1768031005933,"integrity":"sha512-ibICB9IRIuRxu/TKUfE+SjP68PL9eQjyg+7K/wVHgTHmIEk/UIZ0HJy7Ukb1VQijo121d2n4aodi6+kWjIjdpw==","mode":420,"size":295}}}