{"name":"@typescript-eslint/visitor-keys","version":"8.52.0","requiresBuild":false,"files":{"LICENSE":{"checkedAt":1768031079502,"integrity":"sha512-t0z/UCQ+RY4AylIo7v6ZCtzCdS9pMnC0+yB0VQa2A+1S+oV4noJtM9o2SOJfDVq7GqTVK4GsuGR2QO4Nb/K7kw==","mode":420,"size":1097},"dist/get-keys.js":{"checkedAt":1768031079502,"integrity":"sha512-EUG96Pf8Xhx7TaQS7gLT2cDk3J12HJg8LEusfyYjrZU0IolMIU0vvyEh2uxfZGktS6Rjeu8p2VrkyQIxSqcLFQ==","mode":420,"size":214},"dist/index.js":{"checkedAt":1768031079503,"integrity":"sha512-M6QRFQBht4xkkC8FSbm88OsjdO3ODBRLbV5gk5yN3GzR3I2DWMY+V+01zNkt7aRhixH8XwPnvxQD6YFJ+9cxRQ==","mode":420,"size":453},"dist/visitor-keys.js":{"checkedAt":1768031079503,"integrity":"sha512-PAImRJdwkrO81l/nSlkm6KOV186eBNdQcXxKtLyHaOlJDtRkW0faInw8ZJtScEH1sjDTegHkW+zVwlUZ1F+9CQ==","mode":420,"size":9037},"package.json":{"checkedAt":1768031079504,"integrity":"sha512-d0wyNT/8nhIdnRUXGqSJbQc9N/6ek6EcNSZjgU3W4NlpLLIDHP4KAqwzg9HFEYOxFKcuBoW5Ida74+0urPfwqg==","mode":420,"size":1677},"README.md":{"checkedAt":1768031079505,"integrity":"sha512-k85aXn813I8zMqCjwrT/GGnvFUMW/LRUkqsNeJmrVww49DfYcvsvk7VVHk8ZM7+HiHVQxdvuf/VeGIKP0SU4MA==","mode":420,"size":366},"dist/get-keys.d.ts":{"checkedAt":1768031079506,"integrity":"sha512-mK9RreDGMhlIYAcJAvRRt4EJDg/WGBLd/TO8EHvDjaMkKt22z4mT/xglzur9STB4z0U1fM/Ej9D4N4OZu24vDw==","mode":420,"size":132},"dist/index.d.ts":{"checkedAt":1768031079507,"integrity":"sha512-nIYm9Nf7Pt7VMgpLHF6HNxWL//q+CGz/wFVVNNS2ravPTAcVA1qZnYVyr5SHrvALy/wjaGAu7t1ysMtX6tnpxg==","mode":420,"size":102},"dist/visitor-keys.d.ts":{"checkedAt":1768031079508,"integrity":"sha512-AqHyEqsU/ZRIS5Mo3Ww30W/ss0g8yWgEHLJykX0YOB5l2RQ5ATdwRhldNB95CbooXbleysHVKep8IWUDjUmleg==","mode":420,"size":120}}}