{"name":"oniguruma-parser","version":"0.12.1","requiresBuild":false,"files":{"LICENSE":{"checkedAt":1768031009427,"integrity":"sha512-0gb3vifzK7dQRFChF9tu/MTAzxQSWfEZNYv9R24M/ZbpItoa6eA34lhF7ZMdImRoPS3XQtee50kCr/rcesW+mQ==","mode":420,"size":1072},"dist/optimizer/transforms/alternation-to-class.js":{"checkedAt":1768031009446,"integrity":"sha512-+Om1tc4HsdhY4b2Kc4HoPd0xWcIji6zok9+NAQvtmCa63/IHCeopdsiUHnptRhps/zIrGIC5uIS5S+7cTBDhBw==","mode":420,"size":709},"dist/bundle.js":{"checkedAt":1768031009446,"integrity":"sha512-Mdwq1IXwrQK/9x5Cy1kUab2bcMzLHE8mO5bgP6d6VeUk8gog9FxGIe5D5Ej+T43EHY8O0MTnLtpbkTwnqMN2qg==","mode":420,"size":337},"dist/optimizer/transforms/expose-anchors.js":{"checkedAt":1768031009447,"integrity":"sha512-GOeRlyxXbZz4qOOccemB+FjAb7ioRyYZGJv8uQnRxG3AWaqFuuXST+UWfnjAhQsf7RhXhj7/GdAWCdcWHlXl3g==","mode":420,"size":453},"dist/optimizer/transforms/extract-prefix-2.js":{"checkedAt":1768031009448,"integrity":"sha512-BpmkLAKQxJZ9GRAouDXdIy4fHynzOQgbzLMb7TkD2fP4jh1brNqYMJ6HIN0YxlnMLy4AfZdjZV9clW2cnR1tQQ==","mode":420,"size":1257},"dist/optimizer/transforms/extract-prefix.js":{"checkedAt":1768031009448,"integrity":"sha512-TyEgqPh4B3uogV/hix7OmO64valdIwB/Gy97mfMRM+LQQWZhzuct6YXxs204n4X/VdzNTaL7ZcWNxhme95LQHw==","mode":420,"size":975},"dist/optimizer/transforms/extract-suffix.js":{"checkedAt":1768031009448,"integrity":"sha512-tW4On+piOzSIYhmobwpZSpul8ZR2zUYs0WgCdH3/rejj2b4YqhKaNRvlmk4nZJOfkMw1iMWEcnS0568jQHcW0Q==","mode":420,"size":917},"dist/generator/generate.js":{"checkedAt":1768031009449,"integrity":"sha512-Vpn8Lxuyq4UOCOSrm9+NwTMwvnXEGeOau13eT4QxTX+4yoaHulc2Y7543oCqksORYlyxMo/+Ky4iNRxydn/JPw==","mode":420,"size":4991},"dist/index.js":{"checkedAt":1768031009449,"integrity":"sha512-EIZBxWKsroUN4Oq6bZDlB5WtZ+elxnRuI3ZIUA9jaDyWIh+1N8oWJloWAWjAPuTM6R40zXG+vgrzmPJQzj8GXw==","mode":420,"size":407},"dist/optimizer/transforms/merge-ranges.js":{"checkedAt":1768031009449,"integrity":"sha512-CCcMAV5zI0tBQG4slRy9NiC+dFghnXHLKC3GtzbvHicXcFWdnpRFZFf/788goabrkqKjro/9yqQbDrsErGrkOA==","mode":420,"size":1650},"dist/parser/node-utils.js":{"checkedAt":1768031009450,"integrity":"sha512-ijNGNyDzsiIsQFFM1Kbwy5Qy3FUtCxClFp7jmvodG51xq558MLXvDglyu6EsoBEWxre/sGdohNSH92u/RvtDdw==","mode":420,"size":675},"dist/oniguruma-parser.min.js":{"checkedAt":1768031009450,"integrity":"sha512-6hPegXqLdwoxndVi0JjXBPG9vcvWlJe8qnOl4X2kMzUjMiBaVZSvfxQiT8kCYzJJaXZjbKT2NKtHhgjX6XGYzQ==","mode":420,"size":55382},"dist/optimizer/optimizations.js":{"checkedAt":1768031009450,"integrity":"sha512-j+urLaKBvn26ADLflrJ71GvJwQY+RkpezJ79AKc8FPCH5I10ki9g8e/2g5441Lxcnk/IUlKUhacwCrz05mF9mQ==","mode":420,"size":1749},"dist/optimizer/optimize.js":{"checkedAt":1768031009451,"integrity":"sha512-V45Op5e/VL7OWU5kZPDtVsMfE6h+QIJ9G+5j6v5cvKzTyg3hNsQ0QuMhG2jpt+Q4nd1pllMlKyi8YOHF0NkRiQ==","mode":420,"size":1062},"dist/optimizer/transforms/optionalize.js":{"checkedAt":1768031009451,"integrity":"sha512-b7x+XQ0X8rwgnkGJWzwM019Z2vp8Fd7Qye0CUjwx0VwHoU1jYHX7Hiw4qC+6BDMEVMC7xCVV/SvtpvOd2c1PsQ==","mode":420,"size":1256},"dist/parser/parse.js":{"checkedAt":1768031009451,"integrity":"sha512-8imG4CjRIPs8Y/qUj51XpCvDrB277LPEHCovRrkjJW/3eUc1g06xf/SsVgV/ExVB0sSCoWjHyhGKENrdxYiaMg==","mode":420,"size":10609},"dist/optimizer/transforms/prevent-redos.js":{"checkedAt":1768031009452,"integrity":"sha512-CWAirTPs0Tj8b8pUKv9JUB3FD/dWHS2Xua0EVU0Gat+Wtx5CDyAXNSNDBGq/njZG7sBafZR8HJiu3FA6wOMoxQ==","mode":420,"size":399},"dist/optimizer/transforms/remove-empty-groups.js":{"checkedAt":1768031009452,"integrity":"sha512-3qz8OycE9nmq28l28zyc8teWvKgV7EWI8rMy95vsWbxism0vTmt9mQJbD/BVxs46nD2lD9h/O21PZDk3dLqDtg==","mode":420,"size":553},"dist/optimizer/transforms/remove-useless-flags.js":{"checkedAt":1768031009452,"integrity":"sha512-57ftAD7nsp6AQNUyFRv33MIlP0QBuvPs9zCgaX0qeatjHprMR8afKugb7tyyC4IXC4zb8LRB4mqKhxkCfBjBUw==","mode":420,"size":652},"dist/optimizer/transforms/simplify-callouts.js":{"checkedAt":1768031009452,"integrity":"sha512-q9rCduLzGfqYeSBLW7+5rbuHJuU4LzyirIX5MIiShw4p3BA3JDJS32IBfuWACQPKsDY5JNIKXHrhLCUpLtH1rQ==","mode":420,"size":395},"dist/tokenizer/tokenize.js":{"checkedAt":1768031009453,"integrity":"sha512-RoiaEkQhWi7mx2qpY+6aASQroasdxNBAb/WiWgt73Ld9PoWwyT2i7/FRpl3Ln1PkgeUQYgx0XYad97+6AXbSNw==","mode":420,"size":11850},"dist/traverser/traverse.js":{"checkedAt":1768031009453,"integrity":"sha512-CHSSv58yBmtTO9Vd2nGptq22JFI4/narX/d9QAfzybdTuzhkkn9RSm1KCWtzFgO96mq83ZEhdXXUt5kEOs8cQQ==","mode":420,"size":1699},"dist/unicode.js":{"checkedAt":1768031009453,"integrity":"sha512-JUV+vLg6FG10S/g/WDoNaKCF7Lb42oHfoKsXpmmG1LnYJWDfv3m6Dq56Ckxsqwy/S4fKgaJ7AL8jU09lsE+clQ==","mode":420,"size":11272},"dist/optimizer/transforms/unnest-useless-classes.js":{"checkedAt":1768031009453,"integrity":"sha512-pmm6cIISXOxTpaGdljyuBEvuCpHujBt054cBPb/wRd9zD+Cm3zwawJOB/kUO+i2CJvFWB6V4lYSHo8hSfC8h8g==","mode":420,"size":503},"dist/optimizer/transforms/unwrap-negation-wrappers.js":{"checkedAt":1768031009454,"integrity":"sha512-tzaQGMQ5t1SDYCgDdRb1Foq+xsiCriXSpZASi67t4gT10M+sbzH+sABuBRs/OXcLogC5gLPMrPUcxGlm3HgrEA==","mode":420,"size":506},"dist/optimizer/transforms/unwrap-useless-classes.js":{"checkedAt":1768031009454,"integrity":"sha512-6ljw6f3BcWvxbmIh+A3tdYmmOXPE+gqVJTkkh7OUN3giRbmxhjWRQ9kCUyI30YFk5tXUYED3+hMeYsfdM6LQPg==","mode":420,"size":320},"dist/optimizer/transforms/unwrap-useless-groups.js":{"checkedAt":1768031009454,"integrity":"sha512-b/bVqZElzQ35T4pOKHEIYZR9B/95sW/QLjFX+Wl1WM+cxABHD+DSV2yCzBIBe2Qs/50TsRNB2JrukwCxCLMraw==","mode":420,"size":932},"dist/optimizer/transforms/use-shorthands.js":{"checkedAt":1768031009455,"integrity":"sha512-MYOPJwfs6j6mkeV9G9RM/uCKlPZcmMqJNUn6jb37sE6B6uDWrdhPpOUneJle6x2hGvmA5uPK+K47Z+dq38tCIQ==","mode":420,"size":2348},"dist/optimizer/transforms/use-unicode-aliases.js":{"checkedAt":1768031009455,"integrity":"sha512-pXOEQRr9Wm3X8UdhZX2xCLzZuEJz4B/bHreAoPCVqM5okLl4zwNglTf+fPYKuUC4stnDtz/h8St3uf3Q98EKVQ==","mode":420,"size":2571},"dist/optimizer/transforms/use-unicode-props.js":{"checkedAt":1768031009455,"integrity":"sha512-s6dWcvRY65caqvPD+U/jT0XYCd3+Ekumf0PGwmBv273LR6mQmZIcf1bfxBkYEPkuCmUydmqPwhMdAnou1b+TVw==","mode":420,"size":449},"dist/utils.js":{"checkedAt":1768031009456,"integrity":"sha512-9+4siC0lGdUBp5ezqnn5JIAWlfljKcxcs9qyr95syWprVps3JuDafdYVCSJCMwK9svwMJVfT5yTEkiWt25mVvw==","mode":420,"size":523},"package.json":{"checkedAt":1768031009456,"integrity":"sha512-JaiZxDekh86hpIomeqLIdJmWMyl8nSXFpAD8KW/S3ZNVMsnOHR4Gf6b9avExzTlu+TepmOusWw6AxwZGHDt9hg==","mode":420,"size":1769},"dist/optimizer/transforms/alternation-to-class.d.ts.map":{"checkedAt":1768031009456,"integrity":"sha512-qj+/WNBbL1ydGyFd6CY2Vqt6zwu08hQ9qXrmk8JB9kN+fau9Pugp1xNqRH6nKdyU6mY42u0NezOy5BdzCaJLNw==","mode":420,"size":292},"dist/optimizer/transforms/alternation-to-class.js.map":{"checkedAt":1768031009457,"integrity":"sha512-fRSSrH2D+pbPSca3xDMZqq1HD0PeQaCYn9agAFx39fgy9tQbzjTZiS3dhy749R+eti+Jq5D58ae/TIaAIkw3GA==","mode":420,"size":3157},"dist/bundle.d.ts.map":{"checkedAt":1768031009457,"integrity":"sha512-oszSb+DG5J0Iqnaxct4IGIgIPIARVD6/r4xan1zhtAUUjRoQuwdR730W+4NA5F34zj/iKzVwmwgVpEk5s9VjPg==","mode":420,"size":372},"dist/bundle.js.map":{"checkedAt":1768031009457,"integrity":"sha512-nK9tycFqb+42MD1iSOycGLtFJvwonIeaQNg+yRR8R4+ccYdlF7GyYqylogmzxu8qIaMmj6/gT4NkFVUN1zRnqQ==","mode":420,"size":541},"dist/optimizer/transforms/expose-anchors.d.ts.map":{"checkedAt":1768031009457,"integrity":"sha512-wPgGjkG1FVW2CHNJT44GRyxvn5LdHx3jMecEKbL50pnRXR7D+bvFpgVnJyTvGu03qs/zv6Uq96F2cXb8BvnyYw==","mode":420,"size":276},"dist/optimizer/transforms/expose-anchors.js.map":{"checkedAt":1768031009458,"integrity":"sha512-Kg6lFaKeIY7qLKUrC6WmA8+mn62Vn06W63bsoMaMNZSySCHFW4tjrgWYgu/9JsniJhMLei6dYmbn/699k9Y5fQ==","mode":420,"size":3306},"dist/optimizer/transforms/extract-prefix-2.d.ts.map":{"checkedAt":1768031009459,"integrity":"sha512-rUahwiZpeuEf2D1cb4dtpfkr7rOxVXoB+CC+jNQJFlbbAEe/aQ52kfQR3B0jjkyTBs8vsBbNUa/wHjF4PmyDrg==","mode":420,"size":281},"dist/optimizer/transforms/extract-prefix-2.js.map":{"checkedAt":1768031009459,"integrity":"sha512-9bPlXqt4uZ+uWDCADFGq5WIHfZ8lO7CmXSPewytYyPsp95MFAML6CY0U0J0HM3mqBeq2h7GkG1tfnstowKuUtQ==","mode":420,"size":6592},"dist/optimizer/transforms/extract-prefix.d.ts.map":{"checkedAt":1768031009460,"integrity":"sha512-ex2KD0eVJUPqQdUQbS8eiwAw1QLo+JKFTodVkZTsyUG/bqtrBgaus8gCmbP4ZVc/NBXuikK/x+Cyiywtm4KQfw==","mode":420,"size":496},"dist/optimizer/transforms/extract-prefix.js.map":{"checkedAt":1768031009461,"integrity":"sha512-5Lp3LhHLnYdMkmadmnjP31TPt+12FSqU9r+T5Geigd6pQJgL1u45L4SUOdU+AGJ5B4RfFieE75xkm8Rqz77+3g==","mode":420,"size":3979},"dist/optimizer/transforms/extract-suffix.d.ts.map":{"checkedAt":1768031009461,"integrity":"sha512-eu3QXVTcL2u/jLabkPPglODj+EYslQKaA9pH58BCpEL31LDPpVIdmVNcl37wNCO9G0lc+gY9SyD5CUHG4Y+lUg==","mode":420,"size":276},"dist/optimizer/transforms/extract-suffix.js.map":{"checkedAt":1768031009461,"integrity":"sha512-Gs6WZ6mgp/dkhATFUUvAOGkO25v2qltHwd7CP1xgh/gYVZNkJ3ilgpoG25Q7X/2NIfs8OKRsACGUjbW3vjbCjQ==","mode":420,"size":4470},"dist/generator/generate.d.ts.map":{"checkedAt":1768031009461,"integrity":"sha512-13b8UUbFuY/wZSZK8b+XIjgcEmtAPMdX8+8g2h+TNvGYlfso2vnjUnIZkhZax+QNEA371Gw+VAKh+wxiw0amRA==","mode":420,"size":365},"dist/generator/generate.js.map":{"checkedAt":1768031009461,"integrity":"sha512-z0GMmlUrnYNjSZCH0E0vd21YIPYjis6zdm097uU7uRcbonl7n6ADxiO5veGsWPeBghZMqat8sF09yEE7VznY4Q==","mode":420,"size":22753},"dist/index.d.ts.map":{"checkedAt":1768031009462,"integrity":"sha512-2Utmp86IEwETgKNkh/oYGlnYIEEVuIi/jzjOQm+MX7APb5wrBvaIEVyQ9r/4TmuLzy7NjvKhFrKeZZw5IjeL1g==","mode":420,"size":439},"dist/index.js.map":{"checkedAt":1768031009462,"integrity":"sha512-5slXSNC04Ge7Q9kUnUqOkkp+kONtP6j8EC01gFCTbkyVEuaXYgruQGVyAIpyCXSUBtjHS5jEYbePxS0zMhJi2g==","mode":420,"size":1556},"dist/optimizer/transforms/merge-ranges.d.ts.map":{"checkedAt":1768031009462,"integrity":"sha512-yOB7uU1GFijzLr0wCowNvihzwCWz5BTCjJGlgz2OOM1BSAiI/Zc87w0mYN1GggC7iFO6pFdDNcwlHon5AEVWBA==","mode":420,"size":270},"dist/optimizer/transforms/merge-ranges.js.map":{"checkedAt":1768031009462,"integrity":"sha512-zlbi8UoFitrOzKs+c9jPFtWvAOsM9yjYMNwSm/G/lUfY6KAEK0JnZ40O3+X243U8d23RL90npPSVZ3o5BT7Afw==","mode":420,"size":6801},"dist/parser/node-utils.d.ts.map":{"checkedAt":1768031009463,"integrity":"sha512-9PofGKDTm+Oq9/oH5F+VK87D+UjqhXq5tZVtAKhQDveUUtn7bSoOpjEmUFrMLzZaH8DnOJWFJaeX5/KyUeeZuQ==","mode":420,"size":730},"dist/parser/node-utils.js.map":{"checkedAt":1768031009463,"integrity":"sha512-5Knjiw93p7Y7TWqtFiq/jfYMQbWOqPV5aGtIrXi0Oa+tZmXH70evaBPtbbP5Tsm6tDwFi67Ch1fLl+QMmxnVMQ==","mode":420,"size":2333},"dist/oniguruma-parser.min.js.map":{"checkedAt":1768031009464,"integrity":"sha512-8GRXeipcOqydjEj7r9kZc/dCDZCJJLN7dAGwQgliQYkSzXLDGSdk7BLW7pyzQjanH2VuERlX2KC8nHe8AaXQiw==","mode":420,"size":237814},"dist/optimizer/optimizations.d.ts.map":{"checkedAt":1768031009464,"integrity":"sha512-X44GvgFypi9bwOatrxk9zR440ryXiMIfTbGKyJg+ZuVwbFGlLuNEZTUNzR36PYhDMjMw0YQb4AnxeZxl7GPwgA==","mode":420,"size":498},"dist/optimizer/optimizations.js.map":{"checkedAt":1768031009465,"integrity":"sha512-HVmsvEl3Lo3fqLSIq2N2yZURJvuHKGjLPwnAC2Lt0nbSGlmKuH94iaeKxcebuRgxwPUt35DWWP7/40WWJvyAyA==","mode":420,"size":4144},"dist/optimizer/optimize.d.ts.map":{"checkedAt":1768031009465,"integrity":"sha512-e3h7hPt0r2x55E//dgQfK+69V3XTfF8FkCcKa+mgFUS9ApoZTRkLPSJC4z1l4L21IzNonDD97Hh9VgcEZ+syNw==","mode":420,"size":754},"dist/optimizer/optimize.js.map":{"checkedAt":1768031009465,"integrity":"sha512-V46xHatnBfd8k/CzZyC23EJYKNe+W7PABOLv/fvjZ4VJEOw0xKaHVKOOTKMZqS+AFu1o1s2U15ECQsKjB9OSOg==","mode":420,"size":4731},"dist/optimizer/transforms/optionalize.d.ts.map":{"checkedAt":1768031009465,"integrity":"sha512-xP1CBQWAGe/tDXHGSf6KdVYgqrQ73h2RQ5kV09Byoma5hbfrGppHxp92yrTHWiNCxVRj1L1604TGVTNrMP0QVg==","mode":420,"size":269},"dist/optimizer/transforms/optionalize.js.map":{"checkedAt":1768031009466,"integrity":"sha512-KlBV0PK9IY7TVJusEDLT0WmltjS3QBWISz45Q1kH5Aso60BHpAUvSX9DcAI/yIpkYXsA9EyBO13kSe4L5KRHnw==","mode":420,"size":6571},"dist/parser/parse.d.ts.map":{"checkedAt":1768031009466,"integrity":"sha512-ntVeHd0y4Q/4Oxz1A+chsiSGrmSUBafOL11HK+4B9Y0TmQF8DGWd2BH8skPWp5J0ARR1z+fYgwB2vpW3qB4Zkg==","mode":420,"size":8059},"dist/parser/parse.js.map":{"checkedAt":1768031009466,"integrity":"sha512-Kwd6g8G6iQgKPKlYuzTRMJXDXLRm+Y6xF1uG1fc81SpkCGBIglrU0DmAkZaMM7Wr0rXduYA/f5uH09EP5Vw9xQ==","mode":420,"size":50542},"dist/optimizer/transforms/prevent-redos.d.ts.map":{"checkedAt":1768031009467,"integrity":"sha512-kA08CK2umBQUoU4mjFJuDN9cnF4TxqwWDSULaI5dxyFVoLSWs5F8EfRVspoK9qARuLLD8ZlRRA8TC7mLoZeJoQ==","mode":420,"size":272},"dist/optimizer/transforms/prevent-redos.js.map":{"checkedAt":1768031009467,"integrity":"sha512-6nGJlL2qSNOeIBQtUYYegSE9a97G6q99778FP/WcYHY7lbaM6rzYzBX4tbuljfKUQt96SeVQBOaatFvco3hdvQ==","mode":420,"size":2485},"dist/optimizer/transforms/remove-empty-groups.d.ts.map":{"checkedAt":1768031009467,"integrity":"sha512-hgtd3jiSnb5UiW9f75l/eUfAO7HyLqdfFjSIf6pLJFu7ZTSoKmnXFDdiSfck5mMfuDDgz31Yks2OaHNS9DYPNQ==","mode":420,"size":290},"dist/optimizer/transforms/remove-empty-groups.js.map":{"checkedAt":1768031009468,"integrity":"sha512-awo22MEY43EYQqT4FBdVseJv2f3cDPsmxY/P/Om7Jv8YkdynIdxWJOPWryZUKHDnxdywZvESEthAvFXsNvXcGg==","mode":420,"size":2252},"dist/optimizer/transforms/remove-useless-flags.d.ts.map":{"checkedAt":1768031009468,"integrity":"sha512-z9nzU/fBZC0WI3KDWQXKO1OZj3duZwwTlVkHhyCt2r8g8SQL9xR4yd1tCWb/00sMLG9mbdk5QITUERoX7koGGg==","mode":420,"size":292},"dist/optimizer/transforms/remove-useless-flags.js.map":{"checkedAt":1768031009468,"integrity":"sha512-lcjxcebNYOxmU561ykfmGN+KauRnWNl/ZrVwAPYO9F8NEAfMmt8l3eX7MhJ1cBOVnJJrrz3FxBnmv+G7J/LRRQ==","mode":420,"size":2747},"dist/optimizer/transforms/simplify-callouts.d.ts.map":{"checkedAt":1768031009469,"integrity":"sha512-9zZVOb1e/9mtG3ok+wJjAlX+joyVZb4Dckxk3iAxjRJoDTPDWEaV0KP5ARgf0NNglP8hgvrPgHoXNb8Sg5dmkw==","mode":420,"size":285},"dist/optimizer/transforms/simplify-callouts.js.map":{"checkedAt":1768031009470,"integrity":"sha512-XTGrtvz2d64B0pJuzH8FFEj0O6dij2v5TezbbQyh6zSeknsHn74CQyNeNArZJh1+ztvGvVpE2NaxwE1DX136qw==","mode":420,"size":1656},"dist/tokenizer/tokenize.d.ts.map":{"checkedAt":1768031009471,"integrity":"sha512-Quopl6jm1u1o9bzDl6Q1L7xi7Cxikj8Mg2jeqjGcY2WQcTFf5eEOCwG+BoNCVZWhwx9X+LdcXFYhvIfq34deBg==","mode":420,"size":3879},"dist/tokenizer/tokenize.js.map":{"checkedAt":1768031009471,"integrity":"sha512-mQh302P17QjPv7BSYPhjVZYCrtpPIuX31tMYTXaynaQ5XUXeWwTIAKLwSsghwO8Ny6wmZgOKUuVkjPkSDDblZQ==","mode":420,"size":53761},"dist/traverser/traverse.d.ts.map":{"checkedAt":1768031009472,"integrity":"sha512-NF8C1d1xe/ZSgbY3hioGfsoVcpWYTcbHtmeanZuexVT41L8o+3yzLVKHfsyj13cOaNaEALN1gQa854PW8Eh1lg==","mode":420,"size":2028},"dist/traverser/traverse.js.map":{"checkedAt":1768031009472,"integrity":"sha512-QGMyPIyr4TNo01zsEBt1PgRba600QwtQxIIiCHty1+Xs4QShDUtZwdLxhH2PabDCBzxkRiLJeyW+2/7vaA0gqg==","mode":420,"size":11403},"dist/unicode.d.ts.map":{"checkedAt":1768031009473,"integrity":"sha512-TvqLxFBNqeo4xGAc2ut5pf4/7DWO9SBIOT6ETdtGW4FnHrByAwEs6eSLF6TgFJJA3hflOUd1yguPS0gWuf4G8A==","mode":420,"size":243},"dist/unicode.js.map":{"checkedAt":1768031009473,"integrity":"sha512-mk6gv4kXtrWNLmyaDs3CbKZ6bfcNhqpsIiYkDngWgyYaQ87WT3XtcwZ1rSRBtBswVnFSwhqBQyJyXf376wRcLw==","mode":420,"size":17041},"dist/optimizer/transforms/unnest-useless-classes.d.ts.map":{"checkedAt":1768031009473,"integrity":"sha512-odZMbye22Ep2obobVrSbErqCCFOwAE3o7CSqZVANjT3Nr6/WNzXlWrQIkkQ6VHwb01d4CZ59eFmSomgvUxuroQ==","mode":420,"size":296},"dist/optimizer/transforms/unnest-useless-classes.js.map":{"checkedAt":1768031009474,"integrity":"sha512-eqNjTNj09rw7TRKyiPrhFDPH56v5lgAPKQAjBMdoN1X/csH2UHaZZPYJNwCE+/dZzsXNc7+u9hYq/z7EQX/qaA==","mode":420,"size":2639},"dist/optimizer/transforms/unwrap-negation-wrappers.d.ts.map":{"checkedAt":1768031009474,"integrity":"sha512-Lfv/cSNFhNTt0bwKppzB84Pn4OKDyfbgyh05kgios+x/otrFOJiUz5AG6JDlKmXiopKIySnQ/8R1qFJLjFMP6Q==","mode":420,"size":301},"dist/optimizer/transforms/unwrap-negation-wrappers.js.map":{"checkedAt":1768031009474,"integrity":"sha512-AirisXt9wDijmtjSh4IXpI3Sczc39Hw1yZQO4Jz4pNVNONLIwwXAOR4o5DtOumnQQq+CEjWw8yB6QgWkuXQhqg==","mode":420,"size":2158},"dist/optimizer/transforms/unwrap-useless-classes.d.ts.map":{"checkedAt":1768031009475,"integrity":"sha512-AEwuoaqZS+NHhPSyuYon8GnGXdpBEzXn4Gjop5FnIQypw+gZmkZPPkyCuwECXu7mCiOOEDfFp1B8elYnFO9EZg==","mode":420,"size":295},"dist/optimizer/transforms/unwrap-useless-classes.js.map":{"checkedAt":1768031009475,"integrity":"sha512-VWAVrFgvuMZWRjYjzrXdPnQWTLnmUHep+NDzAZCR2aTcdKI5nqUKFQBejpaO0lwWNK3VElfMjMe1YDbNlhqv+Q==","mode":420,"size":1213},"dist/optimizer/transforms/unwrap-useless-groups.d.ts.map":{"checkedAt":1768031009475,"integrity":"sha512-6IUIQRfCBZbjioXu/J+6jsvijF55dPZAwDAiilCzRSiKuzprNRkpWIvElksJp3TyU/68SPETieMxXDa1Ys3chQ==","mode":420,"size":294},"dist/optimizer/transforms/unwrap-useless-groups.js.map":{"checkedAt":1768031009476,"integrity":"sha512-NjOanzdRomBd8mPPq3797LgfqD938+8s5J67M5AIxxm3ZnfA8aw9rLOT0TzENk3205q/LRiQ+YMmq8LaEUSGuQ==","mode":420,"size":4481},"dist/optimizer/transforms/use-shorthands.d.ts.map":{"checkedAt":1768031009476,"integrity":"sha512-JCEDcOPrEE/PQQ6mk07B00uVNS3uWFhJgZJU67UDNsmgB+vBjHek5TQQhbh+qD4Sz0MA8uyWiMYNmRHuwwKWPw==","mode":420,"size":432},"dist/optimizer/transforms/use-shorthands.js.map":{"checkedAt":1768031009476,"integrity":"sha512-RYi0AhyVkfpRXxCKQVpOGG2RKmIfVDTY4j5K6DqvOX80aJQFvoHq2yd81SboyfCO1U7Gb+8cV7aVXQ3hoY1l2g==","mode":420,"size":9849},"dist/optimizer/transforms/use-unicode-aliases.d.ts.map":{"checkedAt":1768031009476,"integrity":"sha512-H+Yg9no80lDE3SLEVQYPHGyKeRC12sDTd7w4etEeRA3r90s9CID3mGDeXQMhRWvnAKvE/ciI6v6e5PHs06quMw==","mode":420,"size":289},"dist/optimizer/transforms/use-unicode-aliases.js.map":{"checkedAt":1768031009477,"integrity":"sha512-D1sESKVwbw/xjT9uspYesESKRgGf6t4qDHzMromKxvdw/hQ3UvWKaGXSJg1olCXefA39Bru6YANRTGoosH/tKw==","mode":420,"size":6209},"dist/optimizer/transforms/use-unicode-props.d.ts.map":{"checkedAt":1768031009477,"integrity":"sha512-7CeHAXtvm+DqtrKIg4aXi93W5TwPyjpVFnHXMvS6yQqiAWhbWlJq0xt2krxQFuUomKiTpi9orIMQ0vW8z/GyaQ==","mode":420,"size":284},"dist/optimizer/transforms/use-unicode-props.js.map":{"checkedAt":1768031009477,"integrity":"sha512-sROEA9ayIorclliJaos/E8OLck67FtJhjEnMjAtv2vh5KKAHCfOEhvtvWpKEVNbMfrTpbcuRB+GU52JGRR6q/g==","mode":420,"size":1797},"dist/utils.d.ts.map":{"checkedAt":1768031009478,"integrity":"sha512-qOcvZWgP8bggTahpYdnBu8xYHIe6fJ99HZpgUp4may/la8Hsb3cgzRybzf8ww2CIClBRpVN6MvZ0uaoxWXzemQ==","mode":420,"size":528},"dist/utils.js.map":{"checkedAt":1768031009478,"integrity":"sha512-lN6zxdsAiVvQfv1mXD4dkmzO6v9tXw7xdZZhmgt2G1oA9iYofaHNlhic3K2xPb6pK1j52EacrXxR1VmSh9c97Q==","mode":420,"size":1668},"README.md":{"checkedAt":1768031009478,"integrity":"sha512-eSFzffF77YtrNAdM45e8dzZ8pRfqhpsKDKOVJ9ETnIRAYnkIFGkSU3zAvAEdzlBar6WhaE/wygiP7p51nSKtng==","mode":420,"size":12964},"dist/optimizer/transforms/alternation-to-class.d.ts":{"checkedAt":1768031009479,"integrity":"sha512-LCgOLcWp+GhnCzbcsV/gJnqeEvWgj3ql2eOPZMUYW8w1/BI7Y5iJYiSD7H0ZWbe/O779H1sAQkgyrdRK2Dq2Mg==","mode":420,"size":267},"dist/bundle.d.ts":{"checkedAt":1768031009479,"integrity":"sha512-pIysZcPLZ4v3BPnpbk8Hxwa7AYV2hB/9InwRwLLShyEw9wafRTJDtWUjPKgefWixlGSfMHh/P4AXkQRnSSja/Q==","mode":420,"size":361},"dist/optimizer/transforms/expose-anchors.d.ts":{"checkedAt":1768031009479,"integrity":"sha512-z2fSonYMP+/tgOR2UzzCz6EWyviJpp19MHNH+I3k4x1PxtwInLcz9EbEqF6jKVeWAINxEhp0xVPSSXrknfS6vw==","mode":420,"size":393},"dist/optimizer/transforms/extract-prefix-2.d.ts":{"checkedAt":1768031009479,"integrity":"sha512-VlvHoTN3N6cOeCeZTSeBMRvbF4zimFxB1R61Ai/mk3uv2U8WVAQRGEKz5ICa9/LQQmqzMgBnRL6FU3//dKWNqg==","mode":420,"size":327},"dist/optimizer/transforms/extract-prefix.d.ts":{"checkedAt":1768031009480,"integrity":"sha512-uBoxIwZvv5MOKjNYmOFR79wdX2/Z6JG42xyqRsETzpZEPTCsFZoGXQvMkyXGekB0Lg2mKYYP35Iu6b+HsSN0Qg==","mode":420,"size":894},"dist/optimizer/transforms/extract-suffix.d.ts":{"checkedAt":1768031009480,"integrity":"sha512-O3gfO7r+4/Yw8qOnW/akPHVfizo+7ruBeqyqZPVqF4kbqx0ofZAgpW74ownJbUE/dhTbGKJTZidJ4ENI4WBEcQ==","mode":420,"size":301},"dist/generator/generate.d.ts":{"checkedAt":1768031009480,"integrity":"sha512-mr1hnZgn0T1JNjp5VzdTPqQ6YMHWw/S3OYn1oBs+/HEUZDPOQMLnwD4DiHrY+h7u98IyBzV3wq14a++G+l9jSg==","mode":420,"size":342},"dist/index.d.ts":{"checkedAt":1768031009481,"integrity":"sha512-HnS2KYmbjSptE2V81XXVr18bi1jmLUI23K7RkcURyX/GbKcPviJvuhpE6fzQDGAuvo8kvw/Ut1kw9nIcBZDDow==","mode":420,"size":449},"dist/optimizer/transforms/merge-ranges.d.ts":{"checkedAt":1768031009481,"integrity":"sha512-yq4R3T5Bq6RoAr9b/UAflsHTojo9f8/JIBkNtb0uLETikKToqT52L0tMH8y11qNQ+W/oYGiy4JAu3SNX04qoDQ==","mode":420,"size":238},"dist/parser/node-utils.d.ts":{"checkedAt":1768031009481,"integrity":"sha512-5VkxD9lf19ud8npOpKPKGKByrAINv0IYn8Zs5D/UZjOEjJ7/r+nVYsvqApkIeTadukKhE/jSPYriWDmnZyBWkQ==","mode":420,"size":602},"dist/optimizer/optimizations.d.ts":{"checkedAt":1768031009481,"integrity":"sha512-1sl6JBD7yzZmS2AV+/UFXkBGP0LXf/SOntnsBdfICnqPgf0q6rQTAtw50OeKWz+L2F8zazpnJxlc1459rOPp/g==","mode":420,"size":606},"dist/optimizer/optimize.d.ts":{"checkedAt":1768031009482,"integrity":"sha512-LFxY1lnSnIPVxsJoEyBzc3OfBeSb8FVqos4m/JDNnWsBdEEZaF6CpD5af955vEBrFSbgijfOIsAR2sup5LJxqg==","mode":420,"size":762},"dist/optimizer/transforms/optionalize.d.ts":{"checkedAt":1768031009482,"integrity":"sha512-lx6Mpz4j0AVvOO5WsJ98gx9CWcV6eUzaQGsHSHupVpjWDlUOeWCUszKxsa1JRssgaBKDwb4rjle9Vhyq6ijMsw==","mode":420,"size":247},"dist/parser/parse.d.ts":{"checkedAt":1768031009482,"integrity":"sha512-7ih58oqrgoeklsSTn+nGzgLzSaUA6y14hACZMa7BkNbuYBaNCEpsMTrMq1WlaujZ8HKFtfAUE4dlfm20FdRgOQ==","mode":420,"size":8974},"dist/optimizer/transforms/prevent-redos.d.ts":{"checkedAt":1768031009482,"integrity":"sha512-7shxHkzC+8EJkegqjVzCHHb0xWYqfKp62QP/XPDWVWr7ot+t6Tt6aW2kAwQeO/ZXl+rL4UJLMrAbK6J10R4mxg==","mode":420,"size":239},"dist/optimizer/transforms/remove-empty-groups.d.ts":{"checkedAt":1768031009483,"integrity":"sha512-d/gJdauwp1FNNM0A481ZhfNA60E33RgoEJoimLZfMZv8s4YfwTAlblzh2gRXIv8hej1B41uBS1mosO9BP0jCsw==","mode":420,"size":261},"dist/optimizer/transforms/remove-useless-flags.d.ts":{"checkedAt":1768031009483,"integrity":"sha512-zaY7bCu0jFjDodwPb4OftwKnRIgPoxjMkNSS92zgrqakZ19+vZ/bml7JNt+ZiOVwUAJUfA8iJC5cH0kJ/pq3Mg==","mode":420,"size":257},"dist/optimizer/transforms/simplify-callouts.d.ts":{"checkedAt":1768031009483,"integrity":"sha512-VdcpOCwIpj00358+WNSDilFfwxbUROE16MldE4MUHh6lv5U7HPhRV3WHOYLuRP8vfwJZtjmI+GkP9VPD7g/7Vg==","mode":420,"size":272},"dist/tokenizer/tokenize.d.ts":{"checkedAt":1768031009484,"integrity":"sha512-4UDeGCC2L4qqDp1AnP2E/0MuyoRAN/qjgUVXlEZ7hY82vEt6IsGLGBGVGgYV/EVCcID5eiOd3D21vBweZpSZrQ==","mode":420,"size":3789},"dist/traverser/traverse.d.ts":{"checkedAt":1768031009484,"integrity":"sha512-PpszzPuM4Xv9RWQawKhHVieB5Y1/4tBDRqIwLRzz1g0bAgy9DN0FJlRGUj30Z95y905NhH39ht1KJa71JP1CLA==","mode":420,"size":2306},"dist/unicode.d.ts":{"checkedAt":1768031009484,"integrity":"sha512-GweHrv/HIxQKMTUZQNajAGEOC6VAcTnRl2l8qCK+zHGdb/21/0tRvhevnWfimOvlMpK0+076HDwgW3JalpcYbg==","mode":420,"size":345},"dist/optimizer/transforms/unnest-useless-classes.d.ts":{"checkedAt":1768031009484,"integrity":"sha512-XjmkhzqJ8/IFJu3URPQl6379bZfVri7FX4pUYYvNRURJyjsvuHpx4BFglf9OjDPVIiZ+yfwhzybEcuwpd7l1PQ==","mode":420,"size":273},"dist/optimizer/transforms/unwrap-negation-wrappers.d.ts":{"checkedAt":1768031009485,"integrity":"sha512-UWMHlAXZrAI53raT28QPtoqJnltU7XGeYYF04b8EKK4r9bJfKb3IpkYWYHmiRcI8zBeBWB18QZIT1uK4sRR0ag==","mode":420,"size":402},"dist/optimizer/transforms/unwrap-useless-classes.d.ts":{"checkedAt":1768031009485,"integrity":"sha512-zbiwNzvpMkbU89JU7I+OnUt28HvZrnKy/Gmyzh9HDMQ+oHBst9hVTFs8M+YJWzgKF364uchXhY60Lr8lsEHFrg==","mode":420,"size":328},"dist/optimizer/transforms/unwrap-useless-groups.d.ts":{"checkedAt":1768031009485,"integrity":"sha512-qSZEPzY6YjF8zM7tt8BHqJ/oDS9I2L83Vxu8U26oK7DMuNy7+f0Umpo/caYJpq6ba/yIwFBDeJPr9PsqrawANw==","mode":420,"size":248},"dist/optimizer/transforms/use-shorthands.d.ts":{"checkedAt":1768031009485,"integrity":"sha512-pTdoGMj/DwZBSIfLT37KaLlZ1dtywub9gj3jHYiuCM/xv1tikGQ0ADeVuozs2HrqEyS+q+I50rJPtuzMKFFIVw==","mode":420,"size":752},"dist/optimizer/transforms/use-unicode-aliases.d.ts":{"checkedAt":1768031009486,"integrity":"sha512-m5YeMcZiKcjklfEj6YZTj5n9nIReaugk59+jiPjZuiVqio/i0Xz4dGP/Fz0EZAD9mPeQGx2rmcBLaCrRlCGwYw==","mode":420,"size":219},"dist/optimizer/transforms/use-unicode-props.d.ts":{"checkedAt":1768031009486,"integrity":"sha512-l1LnWnIMCBjE0GEb58Ub+uVHWWbqJLM4fvtzf9Sav7NyIk0Kf25bGN/40bOiDOXTL/HRH1jYNkSjd6tIlB0mIg==","mode":420,"size":331},"dist/utils.d.ts":{"checkedAt":1768031009486,"integrity":"sha512-RsmWCp+dzgCXNYIxrnF9bi0r9TyXpfTIaoFHXKekBEVn969WHqXy7tp0h0Z8kDM/xh8BQBUVYtXm+z5G3tRAyw==","mode":420,"size":498}}}