{"name":"regex-utilities","version":"2.3.0","requiresBuild":false,"files":{"LICENSE":{"checkedAt":1768031009519,"integrity":"sha512-qxtQtxJhOk9DgybCzbB0odw+CRWKcQYi0aAL2Ztar+TLayAYg53jXN7+79YmXamFTXcpu0vhLH12U02NdXQiBw==","mode":420,"size":1072},"src/index.js":{"checkedAt":1768031009520,"integrity":"sha512-YkGSHRe0gjj2ItxSXQVAlUQFIFIWKpxcRzN9xmyYIB48VnFxU6YjZ4vsKqydc2Hwt5DQlMQzYjui7Puc/4ip1w==","mode":420,"size":6094},"package.json":{"checkedAt":1768031009520,"integrity":"sha512-8m2/SFs79M8B51BIavydEkY4RJL6pZusXNsmEScKTwG3XPI2ls3rXellc5dW0LTuVAAFlk1RiHto6x7OhZG5Gg==","mode":420,"size":827},"README.md":{"checkedAt":1768031009521,"integrity":"sha512-tPpBC8w98aLdur34tMFbzyzwj/QZ0TXS6Y7yA9D+ORIjaaM30s4Q/mBZehymIY4gkbpANXyAb2JmEbvGL6J0OQ==","mode":420,"size":3439},"types/index.d.ts":{"checkedAt":1768031009521,"integrity":"sha512-nETVJLQWEQZfh7olOe884EhB03TxZl1q9BWeaR9lrpetVl9Xn0+M7cGyn1Hpimv86Jb9S/NTMfZti/1ThajKHA==","mode":420,"size":4007}}}