{"name":"@typescript-eslint/project-service","version":"8.39.1","requiresBuild":false,"files":{"LICENSE":{"checkedAt":1768031010480,"integrity":"sha512-OhByWNBANxCayp40F13QEvy2OtSHh1ynSgwmP3RYUgJ/UkCE5eaJV7pD6XiwflNLYFR8Nf+ZcKm4y4ngL1wbTQ==","mode":420,"size":1097},"dist/createProjectService.js":{"checkedAt":1768031010538,"integrity":"sha512-Hhg0iS4Xp6nN5Cgqa7esHogyFuiM+a5v02GxC+xM17wwk5YDJ7i+0B/7vKiEP/G09ChNPj+ht+ADFyjQIpw3cg==","mode":420,"size":6096},"dist/getParsedConfigFileFromTSServer.js":{"checkedAt":1768031010539,"integrity":"sha512-G0FBlyPNSaywHbeV1HJX4t3nFEiJymlld5U1GW0Rp9RZdvZ0hKQcxdXipK2r33nWxkKaG+pSnF4KS4KpYXPFKA==","mode":420,"size":649},"dist/index.js":{"checkedAt":1768031010539,"integrity":"sha512-QKLLfHzLmyltc8cEP+rjJjAZzLzjINpg1sBkLu5/yDxHvj/KMo5/l5gIDqRUHJZ/Rw5ucJ8mpv4nmneKuxSfJg==","mode":420,"size":815},"package.json":{"checkedAt":1768031010540,"integrity":"sha512-IIY5EKITG5SbysQ+z01FKvXmkCLjzHoHTuG4fWBgQzeTh3N87Ya2P/wHkkSbCdCQzNRi61ICfWnzaK9Q0mQuDA==","mode":420,"size":1858},"dist/createProjectService.d.ts.map":{"checkedAt":1768031010540,"integrity":"sha512-xLL6im9ryrZ9Atw/UKeWmfUB+Ai/NoSFQyzQLysdnrllJb8NXURAWPLdAId0YCjaraYgtV6HbAn9XyypcRcwig==","mode":420,"size":863},"dist/getParsedConfigFileFromTSServer.d.ts.map":{"checkedAt":1768031010541,"integrity":"sha512-20Qkt3XsE4X/Oc4ZUI5rNDtzxDuMFg8dHosAoeFBbMi4QID7qpHrX1VpxjTa21eYOJoVnIsjtudqPA7iUOrFrw==","mode":420,"size":350},"dist/index.d.ts.map":{"checkedAt":1768031010541,"integrity":"sha512-w5yJPw6h1ny3hPSeEce/nnFNkUlR0IDD9iu2UmrzPmkxLSdkd46V1TJvxHWc4Yd348b0uoKAUP5W4gKXPtflCg==","mode":420,"size":125},"README.md":{"checkedAt":1768031010541,"integrity":"sha512-BO6dGei+HueuMgYTytbhtCUNNcI0/lBtn1BzSxeNQzgTJVLc4gQa81tALxhKfIJB7bUvK8KOdpKUKKojVnTnFw==","mode":420,"size":764},"dist/createProjectService.d.ts":{"checkedAt":1768031010542,"integrity":"sha512-k4eQwUc9JaksIrNK5e+CbfifV+93jSnHjeQgtefCbNhqPRQZTjU81z1UGtJrsqOGK9pdspedOotDOWabEB08Xg==","mode":420,"size":2159},"dist/getParsedConfigFileFromTSServer.d.ts":{"checkedAt":1768031010542,"integrity":"sha512-YBl5sxAGpZ44rddXc0c5leyHmf3i1tuQDcKqSg9sH21e1D1Kvmbc1f7NhQiAbrVgauDyA4CeTQAEMFsPH4IiRQ==","mode":420,"size":307},"dist/index.d.ts":{"checkedAt":1768031010542,"integrity":"sha512-nNoOGfWmrpIjDDPuByYm6ra9GIBz0k3X8kH6DalNIljMXsLQ4MQOFsnVFGuVNqkVlp3wHQDbSLgDxid0B6Gqwg==","mode":420,"size":75}}}