{"name":"@sveltejs/adapter-node","version":"5.2.14","requiresBuild":false,"files":{"LICENSE":{"checkedAt":1768031007024,"integrity":"sha512-210J9JZYxIbSu5A9LA9wPZRHe0jrYUb1WkiBcb+YcNZN0iLmnA9pX36av2pZQ8/OHUSDfCYYZN3qjo4U8SrYxg==","mode":420,"size":1110},"files/env.js":{"checkedAt":1768031008096,"integrity":"sha512-A82eAf4DEb00hk+6S7VXJaJKxTf7EtvFIKdrt2ER/FmFvq2APKGT/oiL4yZ//sFrTNFv+PS8uyzZUilnIEOrOQ==","mode":420,"size":979},"files/handler.js":{"checkedAt":1768031008096,"integrity":"sha512-/wYOEQ5Ep7C5UzLbKq68ok5iuMr3JteUlQvzYklpynsXfRL/fmAkQ0J6fR7JWmWQaKxbc/VtK/lgowGYRxVgRQ==","mode":420,"size":37683},"files/index.js":{"checkedAt":1768031008097,"integrity":"sha512-sLqaKCwBC7ZUiy9yDr757IFMQKXKhN+jWgzNJYiEkvIMuUqW98Kc+BPc5CCHh9P91K0+im3YwUOeg2REvvUckQ==","mode":420,"size":9537},"index.js":{"checkedAt":1768031008098,"integrity":"sha512-zW5vPCe2u86suqBwgfnF73gMz5phSoaioiT3wWzmulyaXKxi2rbQLfY+h7aOoqWyybEdFGQtkLF2mC5l6PmaIg==","mode":420,"size":2767},"files/shims.js":{"checkedAt":1768031008099,"integrity":"sha512-9JZYzIyrS+gQfBfkLHvSiPw6JPVzJ4KIYLL8eJiLiI10rPDNlczlcJsX84SOr+57lbgtRnl01d/ZbPTxFCU9cQ==","mode":420,"size":726},"package.json":{"checkedAt":1768031008099,"integrity":"sha512-+Zgrg/rNQmrRNACGV88CdtqLF1A5K2qifVMmSbOjlnFi5KAyU/W/tMMyURv3Zv8GzBgEAIg8ZFipmfILfxc77w==","mode":420,"size":1420},"README.md":{"checkedAt":1768031008100,"integrity":"sha512-2nYMTkpMzB3plRrEQamLBuerbemw8BTFDeLe8CfjuKE1u1Wt6lX5m90lKDQnCzrTHwjCSgunprTkDg+cDF7aDA==","mode":420,"size":371},"ambient.d.ts":{"checkedAt":1768031008100,"integrity":"sha512-0tXs1U5+Q8CjAVgo5NkUDbIpWiNlG1drAtw62Zd8I4+XeLBd6iMgnc2l1EUg/gwUkqMj71XbdfhF7v7Mo4RKdA==","mode":420,"size":248},"index.d.ts":{"checkedAt":1768031008101,"integrity":"sha512-r4SkZw1f1xyxx7ge0Ff0NY+arDhyCh1OCny1Y1a9FnaYBWiVCxlxIesT+8pqu6TFoxtOMMiFeGQzdMOm0HwSBg==","mode":420,"size":269}}}