{"name":"escape-string-regexp","version":"4.0.0","requiresBuild":false,"files":{"license":{"checkedAt":1768031005935,"integrity":"sha512-0fM2/ycrxrltyaBKfQ748Ck23VlPUUBgNAR47ldf4B1V/HoXTfWBSk+vcshGKwEpmOynu4mOP5o+hyBfuRNa8g==","mode":420,"size":1117},"index.js":{"checkedAt":1768031006269,"integrity":"sha512-DZEzFTT6KgetEXdOZefyM/4TfwpViUWHtrmCk8aeL3pnqr3qZwtcjE95UrmmzM6ODMVRNur7tr+ZDPlwZ6FnUQ==","mode":420,"size":461},"package.json":{"checkedAt":1768031006269,"integrity":"sha512-UfRd8n2rsVAw5+ccyr1rVA7aVuV0/vwZZWdRzJKYX8swD4WFROdFpIQWUJUHiS+w+CnZ0exevJspjf/5D6bY6Q==","mode":420,"size":686},"readme.md":{"checkedAt":1768031006270,"integrity":"sha512-7B0AiVoAh9fdTvD4YklGfVWBA1BQ5kt/6bJhsfnXipC3MQxFGw8plZNaN9GCV/O9yrl6MWDqxl1nHcmwEaC91A==","mode":420,"size":1059},"index.d.ts":{"checkedAt":1768031006271,"integrity":"sha512-Nx6xJC7VbuNDUYEu7EglO7QfeZsgkz3K7mZyJXJ4NSSzSHZGBkVddP/K609e6yeoalikWrku1UPBLlfsGuOfTg==","mode":420,"size":467}}}