{"name":"regex-recursion","version":"6.0.2","requiresBuild":false,"files":{"LICENSE":{"checkedAt":1768031009427,"integrity":"sha512-0gb3vifzK7dQRFChF9tu/MTAzxQSWfEZNYv9R24M/ZbpItoa6eA34lhF7ZMdImRoPS3XQtee50kCr/rcesW+mQ==","mode":420,"size":1072},"src/index.js":{"checkedAt":1768031009516,"integrity":"sha512-hAb2zHxHTrB4MTjRc35+bB6cHQtqDSHLpSXrkxcI8Pb8Q3TT7GW5GACMZitp3qCWh1SHZ6dGLZIos6nNVthkbA==","mode":420,"size":12749},"dist/regex-recursion.min.js":{"checkedAt":1768031009516,"integrity":"sha512-Elwl64Jct7TtxJCLn2jddpY78KqZSSyb2FcXl6cEwZP1E8LHYqWjXCOp74H+mjYYAtqyQwk7Fr84yZ+2M4MX/Q==","mode":420,"size":4720},"package.json":{"checkedAt":1768031009516,"integrity":"sha512-wCEa1cVF3cEVjI5fp6OLs7C65i+boePmOWgvH9pp+aQ+khtr+CYUqKFiejmcxdIBbT2i2a6LADFBpFuJIcLv7A==","mode":420,"size":1200},"dist/regex-recursion.min.js.map":{"checkedAt":1768031009516,"integrity":"sha512-iG/Ey9Rp9RBu5aIoxGXP5CshOtF0tCUei1OlMnU4z6lLsFkVR9vp1ftmg8+E1gfS92svR6FU84zklo1679sVGA==","mode":420,"size":27747},"README.md":{"checkedAt":1768031009517,"integrity":"sha512-/72w2hTvJ1umjhDh+jk32DttpHrC5g6pcbzxnDGPKvrqoACIA4h2Gfh3+wQFzN+c6wuVEa7NXyQ1i9+pvJ1IZA==","mode":420,"size":5715},"types/index.d.ts":{"checkedAt":1768031009517,"integrity":"sha512-5gDkdvR8MqtbWvCdB4nR9Dhxw4lqFC/51cy46TuylNhbZnpjPcePUuafvOnyX5a837tJ/5L3pFdHSx0EB9mnRA==","mode":420,"size":607}}}