{"name":"@typescript-eslint/types","version":"8.52.0","requiresBuild":false,"files":{"LICENSE":{"checkedAt":1768031078009,"integrity":"sha512-t0z/UCQ+RY4AylIo7v6ZCtzCdS9pMnC0+yB0VQa2A+1S+oV4noJtM9o2SOJfDVq7GqTVK4GsuGR2QO4Nb/K7kw==","mode":420,"size":1097},"dist/generated/ast-spec.js":{"checkedAt":1768031078010,"integrity":"sha512-Vg0ksjKD18XqjEwJB5kSuvBimaxj2eTt+RbNEMZD0BvSGnrn7/tj6LPUiwbpKis2rdz/UuSvUJVXoe6czVUGKQ==","mode":420,"size":11762},"dist/index.js":{"checkedAt":1768031078011,"integrity":"sha512-br0xfOvtZ19facPamcs36sLsQQugMt4k5rMBy9329Ke2C8sBEvoYVVFTHggI/IdMK6yY+NeVt5n0RQu83gdPfQ==","mode":420,"size":1264},"dist/lib.js":{"checkedAt":1768031078012,"integrity":"sha512-XcV+t/zMLVgrArWBYyIC7MFATOcVS+EON5Jo3klYDy1ysSIAicEnBsQckbHZic9jSuqtTmysbitcNhIlBuEV0Q==","mode":420,"size":247},"dist/parser-options.js":{"checkedAt":1768031078012,"integrity":"sha512-f2XGQDoj2T+xSOglmwEtZVKrO/8Xj0p9ap2c7A9gQp/BiZ45tLyozAivx12afHv9sT/DcspjyF6yKwNV601gAA==","mode":420,"size":77},"dist/ts-estree.js":{"checkedAt":1768031078012,"integrity":"sha512-OK4w5JK6cHW0W51Bgs8z0lr+tsUbIYJP2+bT37uKoiRL96s94oNklgQq27+K8KVLNOcSFM970t1QPkGFpEfkPw==","mode":420,"size":1529},"package.json":{"checkedAt":1768031078013,"integrity":"sha512-GeG6+yWlO3WlR6Q/FR0whq1lrHByvD1Y3WBncK+C7S5A4bSJY9Bvj1zGS9v/clr34HNA5PfCyd0iUIS6J6i1Gg==","mode":420,"size":2231},"README.md":{"checkedAt":1768031078013,"integrity":"sha512-pmjlBNIkmyNK+P3y8mZW5SuTcGF66FehKIY1Fj1ciOgT+0jzN66IsX/T+ej8cU01idesLzQONa9NIl6T0seRAg==","mode":420,"size":432},"dist/generated/ast-spec.d.ts":{"checkedAt":1768031078014,"integrity":"sha512-Q1nFW+bgOzoBnJtGvAQfz3zqWtf3kcY1TX/26ggg3GjLbLhhElOME55mvCaQUwKj7FHqY6UjKcLoy1d/3WM5zA==","mode":420,"size":81636},"dist/index.d.ts":{"checkedAt":1768031078015,"integrity":"sha512-Q6fezhmdfo9FEKYEaiak0Vt3cIJJxlnWYXp3a91nWfC4XCHTepcqg93LZDpDyaXipbU8qheuQBqoZ6TNnEO6mg==","mode":420,"size":158},"dist/lib.d.ts":{"checkedAt":1768031078015,"integrity":"sha512-3v0GcSnfcp7w8sQ3ZH4HwWUBLZtiGmj1jUstXi7NYHiHkE+Pu8jpXaV04hyz4cEx2AquB0Hq+IeWOAueoFAXlw==","mode":420,"size":1934},"dist/parser-options.d.ts":{"checkedAt":1768031078016,"integrity":"sha512-rSj11EYD4ohDlkB+BmJvypONXOfS3kdxSvqZz+ePDws+tkQH6OYNb/aojTJT8V7vnSTK/rb7p6F63j7/Y/Tc6g==","mode":420,"size":2643},"dist/ts-estree.d.ts":{"checkedAt":1768031078017,"integrity":"sha512-gUvvgIUZftRDIk5WcZnXOYDIEKcgaUz2Tgfru2tfYJReDbBc4Ck4cMQV3HpL8RULrQP5E1MOos35CWx7mJnXew==","mode":420,"size":6559}}}