{"name":"p-locate","version":"5.0.0","requiresBuild":false,"files":{"license":{"checkedAt":1768031005935,"integrity":"sha512-0fM2/ycrxrltyaBKfQ748Ck23VlPUUBgNAR47ldf4B1V/HoXTfWBSk+vcshGKwEpmOynu4mOP5o+hyBfuRNa8g==","mode":420,"size":1117},"index.js":{"checkedAt":1768031006834,"integrity":"sha512-brExehVMRrL6K6wPEuLMo4dsnm0PdPsXNTMCHkI7WpwXTxCidrANrBDRxcgGQvhB+2eHRwWWTG3COlhBHkgaUg==","mode":420,"size":1157},"package.json":{"checkedAt":1768031006834,"integrity":"sha512-H0eUvKthvpUDHGNdgyEIiHcovo3oRPLPiBbRbA+fGQ4j5IMZIdzmZ4rQFfZ/5UAeb3ekkxAfBr2LphEd4L+Oew==","mode":420,"size":942},"readme.md":{"checkedAt":1768031006835,"integrity":"sha512-POZgJNm+q5KAJUReK0Jr2wfaQp78pppmib7NVMFPtkfvN/Aw/7h/dRjnMoucFkOp9X7yxDnUpw7boJRoYofk1Q==","mode":420,"size":2557},"index.d.ts":{"checkedAt":1768031006835,"integrity":"sha512-A80/8QHgP7IOKhdEhkY5lz4j3qR9z3rBNzktnuAOpyGQTfwdTOUHdTfhCTO+/d1G5STvZNVI2wYL66itS9jHSg==","mode":420,"size":1467}}}