{"name":"glob-parent","version":"6.0.2","requiresBuild":false,"files":{"LICENSE":{"checkedAt":1768031006909,"integrity":"sha512-uk8DZVjFcWdJt5QlC/M7V5EvcJOkhGSccT1uO6bimI/WUiQ64lFnNTe3Be8jOF8XNwS727dxl1fKP2uE0UEy2A==","mode":420,"size":857},"index.js":{"checkedAt":1768031006910,"integrity":"sha512-TX5nhCPDEHTpB2h3Y+5to6RTZWgkfuZoFSTQIGzAfYw+ykJuqnB7taJT1/fCNjG2eU3B7oKIv3V4I2gE0Ejq1w==","mode":420,"size":1614},"package.json":{"checkedAt":1768031006911,"integrity":"sha512-+XfA+SK7fQcEQMFvhcrEb6Zunl2wiCzU+Do0LImZv/frVgDL7Z107BAxUUC28Ew8sZv4WmTZsno4D4tiQMshwA==","mode":420,"size":1050},"README.md":{"checkedAt":1768031006911,"integrity":"sha512-6+f/LOX8jy9mu4ln57QTcsuhXSkED0WJ5nyZS6hFEwDWgXOIekSt6iE4D4A54EodKAorDCPkkmr9Ewu6VMJGcA==","mode":420,"size":4198}}}