{"name":"@types/cookie","version":"0.6.0","requiresBuild":false,"files":{"LICENSE":{"checkedAt":1768031005443,"integrity":"sha512-HQaIQk9pwOcyKutyDk4o2a87WnotwYuLGYFW43emGm4FvIJFKPyg+OYaw5sTegKAKf+C5SKa1ACjzCLivbaHrQ==","mode":420,"size":1141},"README.md":{"checkedAt":1768031008030,"integrity":"sha512-dr4A/zNrigmYtDL9r54ioIk3w/dJASa5Cy5Z1rPOvqxofTotYp+ImyQ9hRlidLbszQYkiTrmT3MMaZE39UM+Yw==","mode":420,"size":519},"index.d.ts":{"checkedAt":1768031008030,"integrity":"sha512-Q5cd4O0z9+DS+mKg3h2/RWBugfWqIl5IblRRPLFS4oGbX/NOuTJSN0crze4+nmWM23RluYa8tR8ZrlaMgYx7QQ==","mode":420,"size":7469},"package.json":{"checkedAt":1768031008031,"integrity":"sha512-LaOLG1SCikEcPsXGh/4E4gU+4aZxkRbAMiO6W1Qabc9cmG/ucy0bAtElTV5igfUV7RoiznXG9jm2hmckYTc9Qg==","mode":420,"size":944}}}