{"name":"@standard-schema/spec","version":"1.0.0","requiresBuild":false,"files":{"LICENSE":{"checkedAt":1768031006990,"integrity":"sha512-E67dV5KShANp2OyYM+Z5kAS5+pnfkO8Y4haU+vStPjzC0A2GHgGk0C65X1e5xGVv3a7y0snCLRcl/r9ZQnPZCA==","mode":420,"size":1071},"dist/index.cjs":{"checkedAt":1768031006990,"integrity":"sha512-6SZ1Ogv4BMIzhMe5XgvAlrz1gbTm7l8owKPnP47+YpqzoaVuqdwdm2gM0T9cDLimWqFMcYEtcIJY0thSC4ySXA==","mode":420,"size":754},"dist/index.d.cts":{"checkedAt":1768031006991,"integrity":"sha512-lmV/ssnAASdH5QeiKnp4petdKBt8W3T/mKYqy3Zo3YSLLATy0WbWu5ddiIy0ZTgfRIToddIJV9Zr2p2R6SDDYw==","mode":420,"size":2499},"dist/index.js":{"checkedAt":1768031006991,"integrity":"sha512-z4PhNX7vuL3xVChQ1m2AB9Yg5AULVxXcg/SpIdNs6c5H0NE8XYXysP+DGNKHfuwvY7kxvUdBeoGlODJ6+SfaPg==","mode":420,"size":0},"package.json":{"checkedAt":1768031006992,"integrity":"sha512-SYWPst8m8yNHGHUSFPPlMQPdPAcL6wLbPlWGAkXzkNyRvwLOtCdlQh0MLh2h12eMPuH51hb2STDNcINApNBjWw==","mode":420,"size":1115},"README.md":{"checkedAt":1768031006993,"integrity":"sha512-T7PhwYyTZWeaq9vKg6znsxoBXuM68XMEDrk+chQGriao9qTaQYF7Sge4BIwevkl8naxi+J+bTP+3XItCCEdJtQ==","mode":420,"size":17070},"dist/index.d.ts":{"checkedAt":1768031006991,"integrity":"sha512-lmV/ssnAASdH5QeiKnp4petdKBt8W3T/mKYqy3Zo3YSLLATy0WbWu5ddiIy0ZTgfRIToddIJV9Zr2p2R6SDDYw==","mode":420,"size":2499}}}