{"name":"picomatch","version":"2.3.1","requiresBuild":false,"files":{"LICENSE":{"checkedAt":1768031007742,"integrity":"sha512-iQJoeMXWqmJ6+ML4rS5/Uc95niPtI5BGjke8o2hiHatanYndkWcYZ3rCDXtNRPY5ncBKgQsUkvelrGRUZkVoWw==","mode":436,"size":1091},"lib/constants.js":{"checkedAt":1768031010716,"integrity":"sha512-LocLR0IfarQ0orOszKJW3atOKjCyEWNITJjTKoJlIY125hq+AcA73ZUVWB4w3RZBbj2mzgK8X64o1fg0cLB+/Q==","mode":436,"size":4448},"index.js":{"checkedAt":1768031007744,"integrity":"sha512-h8VLaD9UWTQ161k+8WOyXboqJ04n89oyNTYHwqEsw0im6aT9yeHztQxz/XtyLNM/KPCMWJY3MDTC89VKpZfcpA==","mode":436,"size":60},"lib/parse.js":{"checkedAt":1768031010716,"integrity":"sha512-dZaY0Fua0BQnz4IpBVX+Vs/XKHv+JgP1looK/v+XSZ0/iAXewNQbb8Ty2lFhbdc1eXfuvhOV37RUa+AXav6knA==","mode":436,"size":27763},"lib/picomatch.js":{"checkedAt":1768031010717,"integrity":"sha512-rPBSuEe6/LnLYGLmbCCQljx78etUL/8RbtS/qjJkZGNCW3YCN8stlsEYjevV39tseRSChuh0bdg3UBVHG9jZHA==","mode":436,"size":9956},"lib/scan.js":{"checkedAt":1768031007744,"integrity":"sha512-w6ae9ePRbYvyCBhUhEF8IUNwOb1qJTfTqQwsHHx5Wgis1MoegEaTPMlw3Yx3GDNypYCj5bMS5rQPPBPQHJeBYw==","mode":436,"size":9189},"lib/utils.js":{"checkedAt":1768031010717,"integrity":"sha512-G22tZUwNamRPcFdUiwxLsjYIUhfxbsYOGbDeLLRNONl7gerwFmqpXe+6KAFRRouwwV9blTXrvJC7R5jTcbxWIg==","mode":436,"size":1885},"package.json":{"checkedAt":1768031010717,"integrity":"sha512-0hoGRIfyfmSVrZRbAUabXkVCvxCBjBy9NDOeb/HwtyLEaeICDSNovzayc05ZdM18wSO6Q9HZjBHgEBUiHVFtBA==","mode":436,"size":1912},"CHANGELOG.md":{"checkedAt":1768031010718,"integrity":"sha512-3IXNspCf65MwcVQZ24e8ffD6za1n5iq6iGLrKHZhcj8K8W4Ad8Z/FMUUUx6xqcSk2CaQVeQcIN7Qsqe4Xw9ZsQ==","mode":436,"size":6203},"README.md":{"checkedAt":1768031010718,"integrity":"sha512-HglLIqb+/sXfUnrUX5AkLuEnPUhXXig2/nXalqXz45jrVEwt+onwt5JJyXPArlcJu+wiMvVFvdRigCl+Zly/Fw==","mode":436,"size":27445}}}