{"name":"@shikijs/vscode-textmate","version":"10.0.2","requiresBuild":false,"files":{"dist/index.js":{"checkedAt":1768031009035,"integrity":"sha512-yJSTTqJ4K/pqbWNEp6qzduNgThi0baYJ6XFUhejJQRlkkl5XCmSX30s7f2if871cYYTbFE3fMqHWSQ9ZjrXOxA==","mode":420,"size":100008},"package.json":{"checkedAt":1768031009036,"integrity":"sha512-EGPnUXxYgtGbnYY9Nef5r4OOFxOQY8TYJrXnOjQfu7+34D+bbauJ7z7TXxgCyB3D1CSqWaLRyqyfQXMDNsRz6w==","mode":420,"size":1173},"LICENSE.md":{"checkedAt":1768031009037,"integrity":"sha512-PfWOHviizO7f7mVvzfOM/UodpLRJpa64+md7huyLadtrfIsFhOtRwDzzUyZf6kngdh4Ihhtd2mtiBB1VXSdzcw==","mode":420,"size":1083},"README.md":{"checkedAt":1768031009037,"integrity":"sha512-QfJEejAD4CUTvPEgAEaN2IJ+kjlU+2HMUcKQZApg4hnurSL8JJ/ePASXty3vY2F0xV+yrF97EMnw7SjH2v9wuA==","mode":420,"size":543},"dist/index.d.ts":{"checkedAt":1768031009038,"integrity":"sha512-ZJ2VfvMJf0c9lg++j+AXl867LpmqNB7Nd4KkJj4aYixzdwslFVUZ2x5HGIwAxwTqs4rd5x0FqBl29D+g+Vd6oA==","mode":420,"size":26319}}}