{"name":"hast-util-whitespace","version":"3.0.0","requiresBuild":false,"files":{"license":{"checkedAt":1768031009004,"integrity":"sha512-cQvy4TvDNGTww5W7wo7SHRjv/0G8g3u/v8V2BhwwrAM+M5M2Z7W8hy+cQrU+e4exnULY2LrZ0EQqBk6Fj/Sdrw==","mode":420,"size":1099},"index.js":{"checkedAt":1768031009109,"integrity":"sha512-PA5ALI4h4j1cr533dV7PTjEYdGmJ3EM4r774EheT/xlO/JxM6vjQ6pVvH5eLoh/mIeFsEIzeYi2PypabhcKF/Q==","mode":420,"size":42},"lib/index.js":{"checkedAt":1768031009110,"integrity":"sha512-JoylGxHkh66g3WGoolnn2aTN95PcB/xpJ/DVWVfY7SbHu1E+/h9SYlezDpp2+qStufFYLrkMhbpeSTncdVUSwA==","mode":420,"size":885},"package.json":{"checkedAt":1768031009112,"integrity":"sha512-eVaGuTPdvEtU7D5Rns63GnNfaPMGyzDA38WTFYnAOalJQwF+RsE2tR+9M8T05MI61EOpQYUAm45ROVSLrg210A==","mode":420,"size":2032},"readme.md":{"checkedAt":1768031009112,"integrity":"sha512-OHbjOMPqfE41wihEMCSMen3bNidrIWM2Rm4z2UzAU3J0J1vrxSWKGKl2ta6mzM1rTrkszmyDGlvtWJQj7XnvAg==","mode":420,"size":7138},"index.d.ts":{"checkedAt":1768031009112,"integrity":"sha512-+4NB5m/D9ubKbZ1znExTvkmHDbk/PGUrZgrKU/OJuUJDPJf64F7LIHWhXE0w5PR2pzFduZlO/ZHU8GfPaoZy/Q==","mode":420,"size":45},"lib/index.d.ts":{"checkedAt":1768031009113,"integrity":"sha512-fZ2mX7rwXOL3XIJOzkB7EwrM5xlsVIvUjsVdgD2eMMFtTu9i5OAtKT2mZcyow2tuV0UAfCSvNCxliaOU4MYB4Q==","mode":420,"size":540}}}