{"name":"argparse","version":"2.0.1","requiresBuild":false,"files":{"LICENSE":{"checkedAt":1768031006040,"integrity":"sha512-DQib/AHH7F4Czkb+pOX1VOTP7dsDdjz1jSLCDIkRTnphFvpJCP72qwZb1/FpSGhyFsO5OlbQf+0LWSB58MlgBA==","mode":436,"size":12775},"argparse.js":{"checkedAt":1768031006041,"integrity":"sha512-+F9GgJ7PdmbhFHQ8zEPaB6jc4N0F/CNJZz35X8HJfZm/V/hWtvJYAxsHIltnk/bvcoHwrcGX/CfcgJCY1cT34g==","mode":436,"size":129714},"lib/sub.js":{"checkedAt":1768031006043,"integrity":"sha512-Sd5XulN2eVLglHVypPw3RHgPkE5FCJq7rd0bh25SiiNSSl2nK9vwdxKxHZgU8D6mxcITo+TW/kWjjQC9L3r1qg==","mode":436,"size":2252},"lib/textwrap.js":{"checkedAt":1768031006043,"integrity":"sha512-fheeWI2lycUArSxGT0Jd+NEUBwaSTHEOTxb4LkVUz+QoSaD/zmZyqD3AUvo+hFqedsEFBXQYBPzB385W8W0ASg==","mode":436,"size":17391},"package.json":{"checkedAt":1768031006043,"integrity":"sha512-zvZsdyN07upZUMB94rvBCInERyhS0EWEngyqQAlhyArqcgda3lPyn+K9ooYw7BVTzRZqKVODXMKuL6DKCkvN+w==","mode":436,"size":682},"CHANGELOG.md":{"checkedAt":1768031006043,"integrity":"sha512-7KznuzE5z0lbNvoEkDk4Satmi3CSpuvLV6BNCuQHNnxYKtXv8MHD9C9YjRSqRNpKcpIxQJk3St8O4HYQDAAvow==","mode":436,"size":5966},"README.md":{"checkedAt":1768031006044,"integrity":"sha512-aHodvIQ8ECECeUth+i1PKrBaebfbOEicvbwgZD3HExxU9So324CZGUVfCk4Jr5Zs1h+oGGueOpGyqkGOZLe2cg==","mode":436,"size":2768}}}