{"name":"ignore","version":"7.0.5","requiresBuild":false,"files":{"LICENSE-MIT":{"checkedAt":1768031005940,"integrity":"sha512-1ue5Ra3tpQa14DV4S5WCVRgC8Rah+8eH4wz1u4TaVF8/KRqyM6LbVqW4ypQGHKhRBFONRBj1YSEsmQ9hh/rs1Q==","mode":420,"size":1095},"index.js":{"checkedAt":1768031010835,"integrity":"sha512-AjdpFcpS++q4u7Lv4V/VchpGBgCxbHZVWXHGotFv9qi5VxZvsluKfdq1bjB6UAGVT6sBX4ic1vLwtrZeTedNFg==","mode":420,"size":19476},"legacy.js":{"checkedAt":1768031010835,"integrity":"sha512-Eak+XL6nnYHBCQlSSzcUlJB7SkY6IwBY2VYklsElM6X3cR3N+k3ka0QZH1M4RO38nOnhh8pi0xkaTiYmhRwcUw==","mode":420,"size":24711},"package.json":{"checkedAt":1768031010836,"integrity":"sha512-uT9qSf7Pf49PPeqn+cz0Ns+cdmRnK5b8J6OZlzHqZJjFnxKsaEdA+C8vmT//GrarftxANMIkHASQsKy7hSPzpQ==","mode":420,"size":3036},"README.md":{"checkedAt":1768031010836,"integrity":"sha512-ypXb0s96rwsu0NLys1XEgU0Y8PG+OZ6a5eMCWwG7GLgEvixJEz5d0l6LQpqUnZJxG6GO0p209LSg2daUPEmpnw==","mode":420,"size":13108},"index.d.ts":{"checkedAt":1768031010837,"integrity":"sha512-l2ktiQqnGOqtXoSCw/Yviz57AC2FaFxAX6SCtZyoOk6C3SsFMNTpA88wMCvpnLBDuoALDozepytUVrF85FdV1Q==","mode":420,"size":1958}}}