{"name":"micromark-util-sanitize-uri","version":"2.0.1","requiresBuild":false,"files":{"license":{"checkedAt":1768031009041,"integrity":"sha512-ic4iF2Ap25Sn5T9MMw7nJ9C20WL6V01rybBBQi2Qx8cQC9/ERFEqGnove1HT65tK2TIKM30PZoOV3Qbz2FE//A==","mode":420,"size":1094},"dev/index.js":{"checkedAt":1768031009188,"integrity":"sha512-0Bmw/HKiPV2TINyP2BIgiS/jvE/CNug9Xu0vj2XPUMqVxV4MUN5PgmFh6JAETW30ofpSUMlfiRmByQF6ezk9HQ==","mode":420,"size":3275},"index.js":{"checkedAt":1768031009188,"integrity":"sha512-Bi8XFMQ7Dq9PZVboJS0PM034ua5Lr+hMziMwiMNFZ3ZtRir6dUBpUzCxfe+PkaIfAohswLxOmeN8rKV2I2CVVg==","mode":420,"size":3159},"package.json":{"checkedAt":1768031009189,"integrity":"sha512-reOg5gXy6gGdtYLknr5lPFT6R2RwX4Ggr6933wHcJ3ZcNsvsPoEzrs4pnDDl5tZAk9ukqUFE7qV6+TffCOh8NA==","mode":420,"size":1341},"dev/index.d.ts.map":{"checkedAt":1768031009189,"integrity":"sha512-Z+raiWdCb8eyejnw7Ma80gxdc54R6E1cfcnyqBQ/OzuMl69FSDhcJA7YuwtEYlBIP4M2R9yVO8M3/rinWCwmng==","mode":420,"size":264},"index.d.ts.map":{"checkedAt":1768031009189,"integrity":"sha512-Z+raiWdCb8eyejnw7Ma80gxdc54R6E1cfcnyqBQ/OzuMl69FSDhcJA7YuwtEYlBIP4M2R9yVO8M3/rinWCwmng==","mode":420,"size":264},"readme.md":{"checkedAt":1768031009189,"integrity":"sha512-6NH/Px76Ic2+JHdNgEC/2oEw/J+U9YL0vOZtl6j2Bl6ioNIt4NW0Zy4a9zh6Thy/cYre1MannNgiuMip5wfzPQ==","mode":420,"size":6034},"dev/index.d.ts":{"checkedAt":1768031009190,"integrity":"sha512-FW1Uhq8cE/v6kovpJQzURf3mZOpeoCdYpP7eXOcWAtHhVHnhtILk3jOqZ8hewNob8rUU5EKUVSYe6WYJ1Jw9BQ==","mode":420,"size":1243},"index.d.ts":{"checkedAt":1768031009190,"integrity":"sha512-FW1Uhq8cE/v6kovpJQzURf3mZOpeoCdYpP7eXOcWAtHhVHnhtILk3jOqZ8hewNob8rUU5EKUVSYe6WYJ1Jw9BQ==","mode":420,"size":1243}}}