{"name":"@typescript-eslint/parser","version":"8.39.1","requiresBuild":false,"files":{"LICENSE":{"checkedAt":1768031010215,"integrity":"sha512-t0z/UCQ+RY4AylIo7v6ZCtzCdS9pMnC0+yB0VQa2A+1S+oV4noJtM9o2SOJfDVq7GqTVK4GsuGR2QO4Nb/K7kw==","mode":420,"size":1097},"dist/index.js":{"checkedAt":1768031010236,"integrity":"sha512-NbyO9YS2b/3p9ErdB+0fUAxIsslCm5o2fI3p9KaUd25fhKQbhoOeLYvJf5PfAadDmcXRV+9pNIcjBwM7Nlob5w==","mode":420,"size":1390},"dist/parser.js":{"checkedAt":1768031010237,"integrity":"sha512-rmob8xsJAdIhm6RUMvJWiSogyHGSD0gc5VbuiQ3UOEPp96lm7gswVVerJQU6T/IzC649Uz2/KzfPjPyK7SVYUw==","mode":420,"size":6280},"package.json":{"checkedAt":1768031010237,"integrity":"sha512-0K1xYQgNwlCw5FGW49xWr+lsKN3LgRyzfOV0koxKCdL0aGb+vDo9rtoPHOanSQKanpa4nV8ISuxasPkadqAA/g==","mode":420,"size":1936},"dist/index.d.ts.map":{"checkedAt":1768031010237,"integrity":"sha512-8J4L9ufVoipMeUKhtKrDV4btfIYnbeaQmP7RMAH5aRZIMaMqOZaKZ/lUbyQjCFrXxwOCRV0KFVAakb3g/ASyrQ==","mode":420,"size":357},"dist/parser.d.ts.map":{"checkedAt":1768031010238,"integrity":"sha512-gQ1pXjrMySmS14846xMqc7jWqOgxJf2gzmwYnJaLCQdfd0fQpeN/FfxPFKrRGnV4+DFvu/7Dvyu6F1CvjH66kw==","mode":420,"size":984},"README.md":{"checkedAt":1768031010238,"integrity":"sha512-kYZ5tX9R62L0+EmZz5LNdsD2nrrOgatFlFp6OIwnn6EYAPWAh1A4g199zhZXrOj/KB6Zo3Daoy+En/Qci/963A==","mode":420,"size":859},"dist/index.d.ts":{"checkedAt":1768031010238,"integrity":"sha512-0V2SO1vKPQsnWtmmUROT29aLdFENisk9NFPx1ER+srcPcWIbvw69K/Kasp9mCbtN+R9xhzl4sX9Uv9BGAHCYNQ==","mode":420,"size":431},"dist/parser.d.ts":{"checkedAt":1768031010239,"integrity":"sha512-NyUDoGAZzMNcnLO882Ldu8tMvMdD4iKuXnmyJgxILe7tMFfv2q1JuTNbofTjtA8Uqgq8NweHpXJxawgluG1low==","mode":420,"size":1001}}}