{"name":"resolve-from","version":"4.0.0","requiresBuild":false,"files":{"package.json":{"checkedAt":1768031005957,"integrity":"sha512-sCrJrcJEnIEtGcq/Lrt1PeLR57kEpLIb8JFF36XhVATcvXpu8kK7aZWr+WbrGHise06ZH4YZlxyl84+9G6umAw==","mode":420,"size":569},"index.js":{"checkedAt":1768031005957,"integrity":"sha512-H8AwEJ30LQmtuPFIxgbAZP5KvK2htGLA7JzjLS7DCi+fRjtKfqlXBxGgxADs0xClG8QAZr0QhjfiQPa53/pVjQ==","mode":420,"size":1125},"license":{"checkedAt":1768031005949,"integrity":"sha512-nIst73auX/5NY2Fmv5Y116vWnNrEv4GaIUX3lpZG05rpXJY2S8EX+fpUS5hRjClCM0VdT2Za9DDHXXB5jdSrEw==","mode":420,"size":1109},"readme.md":{"checkedAt":1768031005958,"integrity":"sha512-/TFDvic94hfpr14yg8zmqQ+HYE6nVAdL/v32yNcNVnq8S/u8pvicPMMevFtmJoryeaefhdvsl/OwLWky42o4Kw==","mode":420,"size":1838}}}