{"name":"globals","version":"14.0.0","requiresBuild":false,"files":{"license":{"checkedAt":1768031005935,"integrity":"sha512-0fM2/ycrxrltyaBKfQ748Ck23VlPUUBgNAR47ldf4B1V/HoXTfWBSk+vcshGKwEpmOynu4mOP5o+hyBfuRNa8g==","mode":420,"size":1117},"index.js":{"checkedAt":1768031005936,"integrity":"sha512-VhySceycwo/hJ/Ks8R38KJ5djKl0pXcuuD1p2k4/5mPZQlRB7dH8s5iBGqOLJw/hKJNqlz4jNu4Rxg1783OSLw==","mode":420,"size":58},"globals.json":{"checkedAt":1768031005937,"integrity":"sha512-T1pc4TIymB8dFQJL7S4mVft6qKu9h7vJ4bGn+YM49wDspPIEL+Ows1LOcErrh/lrGwuOhuI4tLqfo1DkuF6gMw==","mode":420,"size":47996},"package.json":{"checkedAt":1768031005937,"integrity":"sha512-VOTG67n3xKXxe3M2kFfMbZdjwMvEqh5Z5KnMve7GS+b3MY8UKfrDpm/uLBhNM4RrXHpHvlMrNL+n7F/2f4YpcA==","mode":420,"size":1165},"readme.md":{"checkedAt":1768031005937,"integrity":"sha512-LEG/U8A1nBMtxsbNjhWcb6P1Hia3j8Av5fXcCN1hE2dVbGTEaT0KW9pJ9rRRgQJp8fdPXKf3kF8HyJDhUGUwWg==","mode":420,"size":1662},"index.d.ts":{"checkedAt":1768031005938,"integrity":"sha512-WUGtF3wHJBW1OXUc33fus45s7ndykd5lEOwIYqZN5yB5Zab8FA04474v2MbD9NEBp37q2wQBB+c+YGmLoYPCTA==","mode":420,"size":65265}}}