{"name":"set-cookie-parser","version":"2.7.2","requiresBuild":false,"files":{"LICENSE":{"checkedAt":1768031073195,"integrity":"sha512-4UfJ9dI4EsGYP8rAz7gXkIJuYHJSnMsE60aWZ8kQdHizh79YVqkNO6obKXkz0yP8+vd+BCjGIUm+EOWo1F6bWQ==","mode":420,"size":1126},"lib/set-cookie.js":{"checkedAt":1768031073196,"integrity":"sha512-UXfgNcIGjz+9ud7hn3QWFLwPAB0Sd8j0lgqbV/a4XtsgzRzYz0WdTbPrXJiroV+xiYIubY4YxGF7chB5PoB2Qw==","mode":420,"size":7010},"package.json":{"checkedAt":1768031073196,"integrity":"sha512-KG7amiZGEUKfHxslvkztoEzYE0TNi+B+hRtYFJq2UujjO5r8RDgPQZ1nhEADW0lyCkq1J7bTIOOF18bAUKdhCA==","mode":420,"size":1021},"README.md":{"checkedAt":1768031073198,"integrity":"sha512-GlJfYqEZhkmLgp8+UfxVFC08vpYkgsyajG12mDBOUbVye41Wa5GPR0qorhdwLMsfRH1ORwp4QCdMizsgkXL+mw==","mode":420,"size":7297}}}