{"name":"hasown","version":"2.0.2","requiresBuild":false,"files":{".eslintrc":{"checkedAt":1768031008260,"integrity":"sha512-4+yheARSL/pPQeg25245ejEKIOgmGjgRW2fotkREQVMDnQQZj7Rw9FvimX0senKxW9R3GgLHQbPLwHLqbvQy6Q==","mode":420,"size":43},".nycrc":{"checkedAt":1768031008254,"integrity":"sha512-42sgwWzusJB1Dzhl78jX/Zg65Oi0HDDMOGXS/Uklv1kCYn4fHtRsD/JFPwdu+d40vome9XdUspzRWEQAcTGEeQ==","mode":420,"size":216},"LICENSE":{"checkedAt":1768031008260,"integrity":"sha512-IjacwCrx0qNFpwpBXenmkPPxStZWfyFpJL8F3PAdu958azoIz4fV7fHKO1p5PVBOUy86fIKJZOlwJDNBNbVzaQ==","mode":420,"size":1083},"index.js":{"checkedAt":1768031008262,"integrity":"sha512-63YEoORmUQIlWW5ZseIIrQIRfr/V61qTNGLjplNlyiVeQ+uAPEBfJmo8VpOMPSXy6Go5PbMRW/tibj3ZPh6xUA==","mode":420,"size":206},"package.json":{"checkedAt":1768031008262,"integrity":"sha512-rgTbez8aXdKS8rBktdXoJl7Sydgvux/OiDk9mD1cK6Z0P3+gh+fd/RqPFMjVGMtkqTGT1e3EocFUdYNKPB3GMA==","mode":420,"size":2283},"tsconfig.json":{"checkedAt":1768031008263,"integrity":"sha512-eP+2i37sJ5wQP0+3Joquq2uvL11/BKTIbATaCVQb2ycE/uzH4xzq5XQJGnLbTqCFBSh5wNsogcJXI9wyPfT0yg==","mode":420,"size":73},"CHANGELOG.md":{"checkedAt":1768031008263,"integrity":"sha512-qkonXZ0TazR47GRFJOdRShe1RQFzdvWtqek7xGyNgJSxGjLVENXSoosSGA4RsnVfYKsNB1bJl/SgEgi/zHW9BQ==","mode":420,"size":2579},"README.md":{"checkedAt":1768031008263,"integrity":"sha512-BTUahduRSNz2ADhb2m/qoe7u/yfp6vQXWRS0xMzdG/I+uePdQudR7mR5En5V6lmlmb9nTT3wFn8cyHl2get4Qg==","mode":420,"size":1613},"index.d.ts":{"checkedAt":1768031008264,"integrity":"sha512-gt+4da91uBeTIU1Wo/td6ES3kqf8zdy9Gv9CQGLm3gMHWXQRCobrfsZuxM24xN2HEjhHzYOB9poMEXrG9bfiXw==","mode":420,"size":117},".github/FUNDING.yml":{"checkedAt":1768031008264,"integrity":"sha512-RU5EWf5hIctqkqmNCQYUeXtybomjZL3/q1Vy/2GaMae/4jQebM+V4gP5PpocY0XJli2ABkbI4kg4mVjg4qmNbg==","mode":420,"size":552}}}