{"name":"dequal","version":"2.0.3","requiresBuild":false,"files":{"license":{"checkedAt":1768031007975,"integrity":"sha512-LbHCVS6fVjLVsjN/qfzzpl8E/Kyt6J7TssYbnq/1iV+QoD7PWt5zm3ZLSVE5kOnDFIX7fVVI4/VgkcyqYOGA1g==","mode":420,"size":1114},"dist/index.js":{"checkedAt":1768031009193,"integrity":"sha512-sLvfU+X+fuh0NWLWdqu9QuhEj7LbA0s/2hmAD2qpp5pr3VHPPA9eM4o8xemHndAk0YrMFmkL9RzPWlGSf7/9Ag==","mode":420,"size":1928},"lite/index.js":{"checkedAt":1768031009193,"integrity":"sha512-PJufIvJ+Jzo/V3Ga1/c/PVOp/q+jmM8MpN6vTtOUd2fjjj+4MNuyrM5+JQpr7I8g0Of1zJf26Y+LqO6m8ogonA==","mode":420,"size":802},"dist/index.min.js":{"checkedAt":1768031009193,"integrity":"sha512-nctKpRHaXQE+Dt8pJjHv6N0Mn53KoGHvCuDPaNkzAdJZzag0h0+2Etsks783OoyfcNHJc0WTvqspGT1C8Xo+4w==","mode":420,"size":1262},"lite/index.min.js":{"checkedAt":1768031009194,"integrity":"sha512-z1mVnJQyOkshJ3mjng1oCKXwaPJ/9dwRodrC66kSvd8F2EsVBUCi2wIwryClawSyTOBakdfxk1p2lL94zyIstw==","mode":420,"size":658},"package.json":{"checkedAt":1768031009194,"integrity":"sha512-5tGPxmBmVdMdzZSKAhCjcn4xjjwROzgp2x1wqsOka4Od4JH2UA9ttfYudfGeglUmJzdlhOslzYkeFzQyCx2XQA==","mode":420,"size":1205},"readme.md":{"checkedAt":1768031009194,"integrity":"sha512-EgmDOMaAQRWxejYptIDl+HZKhWnmVOLnDnIEJawqzMuv0sld62BO7aGdt822lCzNbTZnQjNoLWfk7RBu+ky3Ug==","mode":420,"size":4462},"dist/index.mjs":{"checkedAt":1768031009195,"integrity":"sha512-JM2sE7krLj9Eww8hMKGSduUSfFxIgqosxskMX2N5y27ydZP5fS3Rdvo7Sz2y8sNi8QuH/LxayLEKz2sbnruU4A==","mode":420,"size":1910},"lite/index.mjs":{"checkedAt":1768031009195,"integrity":"sha512-FgT1ec9Fl5uL5tpJfVo8ZePLDhd7s34/IwfUOegkdLllQ+k4wDsQR8+c2C9lAkRHib+qpNQ48MxVvioDhrDckg==","mode":420,"size":784},"index.d.ts":{"checkedAt":1768031009195,"integrity":"sha512-PqTvmCDP7Piec+COOyQbufWa570GzXl9pJgbH/jzlJ0cqzZYru67eLAFJzCiF/r9OsWZ8F+kWSLIveKdzYYIXg==","mode":420,"size":52},"lite/index.d.ts":{"checkedAt":1768031009195,"integrity":"sha512-PqTvmCDP7Piec+COOyQbufWa570GzXl9pJgbH/jzlJ0cqzZYru67eLAFJzCiF/r9OsWZ8F+kWSLIveKdzYYIXg==","mode":420,"size":52}}}