{"name":"vfile-message","version":"2.0.4","requiresBuild":false,"files":{"license":{"checkedAt":1768031009008,"integrity":"sha512-3PVtZXFHphi9zf5tTL/D3Bf1ikxZWNrCjLXsmdD2A6ocD4UI0d6spKpWXOJpst0rcLYsYCpNyG/Pj+ASUD+XEA==","mode":420,"size":1099},"index.js":{"checkedAt":1768031009009,"integrity":"sha512-SlsNNScJfpMIQjvGrAq5P419tGroYSkr2InwFXQleZ6sjimeJbHNS4dAFb2nd73QxSccSS7/j+2+p1GXFxiS/g==","mode":420,"size":1904},"package.json":{"checkedAt":1768031009009,"integrity":"sha512-9BjQS1Gu83zCCfgDAQ1oM6+qY6eTwH1KiRmJXMfvEd7UMAvMQDTxu0Dk3syl7ca8GBc7QIuAfkvZPpsbGA9Crw==","mode":420,"size":2126},"readme.md":{"checkedAt":1768031009009,"integrity":"sha512-1m5ZZBWrdzzbtU61KYx6wJrXyfHRZxtdBJTjABMKcufOHDFU+5emoshH6aHAzX/AmSaShqvsN0hew7R3CwMs4Q==","mode":420,"size":4789},"types/index.d.ts":{"checkedAt":1768031009010,"integrity":"sha512-ohlJ59iaDfAAzKUMHhWKZaSCIpInq46nrgG3ZV5qCKeU2UrBEYtb1k5m0hHenre7+7BzY6GLv6E0hO0TbQ+rPQ==","mode":420,"size":2682}}}