{"name":"ts-api-utils","version":"2.1.0","requiresBuild":false,"files":{"lib/index.cjs":{"checkedAt":1768031010762,"integrity":"sha512-3xM89Vnq91KynhtCqbhEQLSQnnq0qW0k3wFHg2h37Ysm2c8I3PfE4PsKGNOOz68beyFrU+eZGAID3IqFkmd0Tg==","mode":420,"size":97818},"lib/index.d.cts":{"checkedAt":1768031010763,"integrity":"sha512-UnZlAZOjcT5u/JCtp2mlg3NNNv+IwY2T3UgMEpzMj/iRtaCYZZj/D6kBaaD7VHQLRuzu5hm+zmCXxpXJnQv1YQ==","mode":420,"size":82779},"lib/index.js":{"checkedAt":1768031010763,"integrity":"sha512-sJAm7QAJwe2GWj3HTrGqmDhzeNHviJ5gNrz80/XLbZWsrtKPHV2bycILq2nfKjBsMHwgfKZem16kYVECZT5MiQ==","mode":420,"size":80414},"package.json":{"checkedAt":1768031010764,"integrity":"sha512-IE8nMBi4QgTpQ4+uJjY+wYoly1mI831HBhrVXmEv3q/2pSi0G6r25cCwolbLz9AjMSwTsjirYBDxFp02IEbKmw==","mode":420,"size":2998},"LICENSE.md":{"checkedAt":1768031010764,"integrity":"sha512-oqAmD/GyN73aQz4q/yOt9nM7UwzmrJ8KOw373uY5YotsBfbUE1hNEPB4bneOup8Qw7EsyZrdm6q1ZStVP9Riow==","mode":420,"size":1038},"README.md":{"checkedAt":1768031010764,"integrity":"sha512-tvsvgP5H80Lsz9omQxG21FH6U9x3ame+ztTkcNO1JgjW0vPXUEZKZeFLwRf69BrUib5yrG1zPkLUKNn4oltP1w==","mode":420,"size":8328},"lib/index.d.ts":{"checkedAt":1768031010763,"integrity":"sha512-UnZlAZOjcT5u/JCtp2mlg3NNNv+IwY2T3UgMEpzMj/iRtaCYZZj/D6kBaaD7VHQLRuzu5hm+zmCXxpXJnQv1YQ==","mode":420,"size":82779}}}