{"name":"typescript","version":"5.9.2","requiresBuild":false,"files":{"bin/tsc":{"checkedAt":1768031010052,"integrity":"sha512-bdEbimeEwKZy5YIxCjM5OIvyrQkOhSRsN+xZb2PIoht0YpC+l9gSn7H/PKCcyiUtZxARwODzQ0om2mRN7fTWXg==","mode":493,"size":45},"bin/tsserver":{"checkedAt":1768031010058,"integrity":"sha512-3PzNNt48IqOV6X6Osia9g8XZ7UL/vFfgajX5jNH6IOD0EFN+lvc4m9fLZex/VblDkm1sbw1SPyjZV82rSL5PVw==","mode":493,"size":50},"lib/_tsc.js":{"checkedAt":1768031010090,"integrity":"sha512-bkYtNjlXcM7J8R/uoQHNkEATAgKtme5UP95Ujt/HxWdMsGukYCWIW12gk04KzGZWQFF/QQteL/RuuiQGT7dk/w==","mode":420,"size":6211917},"lib/_tsserver.js":{"checkedAt":1768031010091,"integrity":"sha512-EUrmhPVP6QQivjiR8hZEpZKDjBPzRRubVx2tSYNCknCiRt70XVVH5Vo8H8PTKceHy9OSsVn7KU9vmIo3K30nDA==","mode":420,"size":27888},"lib/_typingsInstaller.js":{"checkedAt":1768031010092,"integrity":"sha512-JrD5ZavgX6UUVMLDdmUMpZQ39bx214KJHZ8mhcL98VJrV/iJgN3viyeyDMpSqrlE3teG/VrMlYp3B+BtakbNuA==","mode":420,"size":10363},"lib/tsc.js":{"checkedAt":1768031010093,"integrity":"sha512-tHpU8BxeaTgd2EOw2WNe90i12ZbVSNBaKYL2kteOpV+loVnU1NZqQQIyyRj4rdvPT+GUV7na1T8vWzPWkbmxuQ==","mode":420,"size":267},"lib/tsserver.js":{"checkedAt":1768031010094,"integrity":"sha512-DY2502olB6Ea/g4VvP29a++ShZXJOsMq0Pc5gj28DD1kxSHLf5zRKzMhMOTdAwMTa8H9FH2zcCQpAFKnl/FTGA==","mode":420,"size":272},"lib/tsserverlibrary.js":{"checkedAt":1768031010094,"integrity":"sha512-uG195rr355gzHjzTKusqiUvgYe5ec3rP4epxbxu8cgv8OkRZjfu8mxxxXK7pE9CWNwXPwGF6+l0qEwyb/q7/6A==","mode":420,"size":1012},"lib/typescript.js":{"checkedAt":1768031010122,"integrity":"sha512-FEIi98kUcj2i7F3SWUpXO3u0KxbXpFREWa3l9JAT2ZRNF6g/wKAnJ0T+NKTzQmDD13pSAspY9kWGtciwHf9rNA==","mode":420,"size":9111680},"lib/typingsInstaller.js":{"checkedAt":1768031010123,"integrity":"sha512-1zMzOWjMV1uOamNXpWTmkL3f+bWUAv+ti2G/kv9jbpC1zePhbkL6E67eSUylB/W+W8SHVvi0oz6vPmDUMkudSw==","mode":420,"size":280},"lib/watchGuard.js":{"checkedAt":1768031010124,"integrity":"sha512-xZDVmVuEr1VeVgMR+iejT0AWKhhvwtc+tjlTEfplCgUu4h6FnLYZjBqywHcxSUz7q+xmlzBM1b+ukK9elfPosg==","mode":420,"size":2313},"lib/cs/diagnosticMessages.generated.json":{"checkedAt":1768031010125,"integrity":"sha512-ZwR3YplKDl/RusafNk2t+X2DGqEolcJtSFHRqRpyEj3ueplU1g+Id8XFwQIoDNGjTHM+Ll3ULr9tBLRWIr1KAA==","mode":420,"size":320453},"lib/de/diagnosticMessages.generated.json":{"checkedAt":1768031010126,"integrity":"sha512-66ph173fpSB0As3KpORKVRGV1TZhyrEyZVguT+hpya1E6ySqQqqQE+oQCvcGLKVBEWq6gQrgyKmYzFoSkpJ2aQ==","mode":420,"size":344426},"lib/es/diagnosticMessages.generated.json":{"checkedAt":1768031010127,"integrity":"sha512-g0f2zN3QfsBc0Dyk5R2hn7N8U2lxctcyQSx5W1a+/4GafZiigF4yiVhleNZoA2oABsB1F4ylA/hDm+0PCNqSYg==","mode":420,"size":340054},"lib/fr/diagnosticMessages.generated.json":{"checkedAt":1768031010129,"integrity":"sha512-emvSjXm9u0qcGDiHZs01H8QeTqDCbVpaPmpQQPhgTDPqwMYMwj2CiD8OUKOt78Bhd9xiXkkfPmF3lVqr/loNjw==","mode":420,"size":346016},"lib/it/diagnosticMessages.generated.json":{"checkedAt":1768031010130,"integrity":"sha512-pOiKutNr806SqhGC8oi/iIi+JuopKu8i2SjriaYfwGF8SW2VPmzKJIB0jORSYn+qoKSpYX4LRPnQm89t1Z090A==","mode":420,"size":339409},"lib/ja/diagnosticMessages.generated.json":{"checkedAt":1768031010132,"integrity":"sha512-b6DjpyYxgqvuhUOVwFD1IBgmTf9eCss3OwanXl8GKrBqbbpGiHbk8YjSvAt0jTiTouL0lHTGjmSsJbu8GIu9LQ==","mode":420,"size":381398},"lib/ko/diagnosticMessages.generated.json":{"checkedAt":1768031010134,"integrity":"sha512-ut5FRKbvUUKmpkLLEF9s9VFu8kd+fMaqR/F9fw3RCiGnt7/N36ZWdZ+eRERAxp6QJsYzlVeQZHM8MRi9M4c/lA==","mode":420,"size":346139},"lib/pl/diagnosticMessages.generated.json":{"checkedAt":1768031010135,"integrity":"sha512-Crva3qcc9XRyZK/UJ/Re+0jT5IWIghYag5wLM1bbkcaUNuHnWu9adM7fsr1tZTnNIIks8uMCuWgftVx50xPahg==","mode":420,"size":342111},"lib/pt-br/diagnosticMessages.generated.json":{"checkedAt":1768031010137,"integrity":"sha512-kExuqXNpbxVrkOgAd3HUOma31caFczdSCXlvYyO9r1sAPDAhP7YcLfnMDovsWraqEYE9vioxFyCm7suOBU8Yjw==","mode":420,"size":330482},"lib/ru/diagnosticMessages.generated.json":{"checkedAt":1768031010150,"integrity":"sha512-WJHsmOejuqgcZ9r5NeLbSsCoz6Zpk8rkNSd4M5QGpjI8iHGkZANpOuzWvdfyjJT3CDe3XpDNtUMyb9tiCNJE1w==","mode":420,"size":443587},"lib/tr/diagnosticMessages.generated.json":{"checkedAt":1768031010151,"integrity":"sha512-NJmdlMb+FGwE6sJX9kDvbdWQVMLFLUfyjKq8VSDzkN0ng7ZnJt55gmIMxMez884GDivYUIohoqe6i6PeBeiDhA==","mode":420,"size":330684},"lib/zh-cn/diagnosticMessages.generated.json":{"checkedAt":1768031010154,"integrity":"sha512-o7upfB5T80ERK5suklaMJzQ1LITm6RFHRXsVrk3pUVH6IuttSIVuITi+oaw6eRQ0seBX1gnwxe6rUvOkuKmvmw==","mode":420,"size":295909},"lib/zh-tw/diagnosticMessages.generated.json":{"checkedAt":1768031010155,"integrity":"sha512-SI3qtQNkYHDhc1efr1dz0nnD3MirDkI4+O/S0ipmVrPcJo106KJxtg6TiJJzFHyO9L7d6+Rk2QLHxGr9FgED+A==","mode":420,"size":292532},"package.json":{"checkedAt":1768031010157,"integrity":"sha512-kGcIBPibxS4Ps9HontW6Fd7+sswdvgsshIBy/93ivL3WTQlmhMOm3rRcrFNHRHRsRKt/GnqoiIYJziEbNbHmWw==","mode":420,"size":3620},"lib/typesMap.json":{"checkedAt":1768031010157,"integrity":"sha512-fnhdKiNm6YBBydlTvzFltXNvJ/aiveOzAVtCou0dZ0t2WguYN/4UCAfcoxEwu+JSJeFlHmAOX81KEicB9mXrmw==","mode":420,"size":16788},"README.md":{"checkedAt":1768031010158,"integrity":"sha512-mwJmJnkZs/sD8nsIwFK/WMH1oxOXERd1iYxarW/OszECO1tPCGUkbSUJ83EKn42AJSkQafNILpWogKR+33nOwA==","mode":420,"size":2842},"SECURITY.md":{"checkedAt":1768031010158,"integrity":"sha512-fdegt5WrNW7wnFfQeOu9uboBCptqPuN0/U3iugkT8zwyS1hHu5uWjWWGxEPIHwlEsLt9De7CiE/LiHYZk56OHg==","mode":420,"size":2656},"lib/lib.d.ts":{"checkedAt":1768031010159,"integrity":"sha512-0ZomgMLuU7CA1l6acT1oclEK38fXAo4wITKFkYalqMiUi6Pbrc/zXvshp6zBqk9NI9k8VSMLGdO3D2q4igtAnA==","mode":420,"size":992},"lib/lib.decorators.d.ts":{"checkedAt":1768031010159,"integrity":"sha512-kNS1iojCp/Hy2y8XzsRs0iqL8efrG6EAGhwUWPaa/11d3+uG9d4m8WTu+UIHHbhgU8SXPO4e1Z67HBgegIKtTg==","mode":420,"size":13192},"lib/lib.decorators.legacy.d.ts":{"checkedAt":1768031010159,"integrity":"sha512-70wYzcm6n88qbMlRrCck+0WSpqvJ/XMQzb03Rq5WNxEozrF/8V+HW8Jn3d7Pr++wix87MEXFO8w+btZGHtyqxw==","mode":420,"size":1326},"lib/lib.dom.asynciterable.d.ts":{"checkedAt":1768031010160,"integrity":"sha512-GCqIj6H2+TJHtnUVZSzLsygf4yjntV3KX8ufZEZ3xkJaQJgElGhBg9NW6wqfjD8fMfnLCADlIVGozUyAzyYMTQ==","mode":420,"size":1887},"lib/lib.dom.d.ts":{"checkedAt":1768031010165,"integrity":"sha512-qKjAfumzUvX7V2w80nH8CAUqnOsJSfqDvkRaVF8hYUIPRQ8/dNh+VglZuiMMhWBg6d++i2LfRqp6kjzcmkFGlQ==","mode":420,"size":1874901},"lib/lib.dom.iterable.d.ts":{"checkedAt":1768031010165,"integrity":"sha512-L5AP/76Di9Ba51lgZhk2nSSzUGBYJAi0PcaG7XCDi7w7wXpn6t+kHrEc6of8t5DDDkzWI2Jbnn1yKH6J59CBug==","mode":420,"size":29802},"lib/lib.es2015.collection.d.ts":{"checkedAt":1768031010166,"integrity":"sha512-MnNnTsalFQhOBU6Sn4y88XaOgj6FEH6tPFBN2h/RtPYVTe95OQmG84iQdWqq8slwgibH538bFGSvBtZxKV58Mg==","mode":420,"size":5229},"lib/lib.es2015.core.d.ts":{"checkedAt":1768031010166,"integrity":"sha512-xfGpoPltx56PGSnHlUK54yzCl10ys8jzIt8T5+5kTd9SNbArEY0ZJXjy0kDXyq4VRzbufi5gLkuhAhIjiiLyCw==","mode":420,"size":22866},"lib/lib.es2015.d.ts":{"checkedAt":1768031010166,"integrity":"sha512-djqx+Sg+gnwxlnpEMGcXu0xZRc59bkEdnCeYA4u8q2xhdkARP/hhMU00riYnyS3n5X+qBq9Q5dgaHS0kd1i6PA==","mode":420,"size":1241},"lib/lib.es2015.generator.d.ts":{"checkedAt":1768031010167,"integrity":"sha512-mvgqZZnhgf1HXQWiGw6Y6cBOHozEwdK3+s0v7CJOzghFkxvNLF8y1G4UVhvfCQINfKVgMtV4+FDN5d+pKrPbIg==","mode":420,"size":2557},"lib/lib.es2015.iterable.d.ts":{"checkedAt":1768031010167,"integrity":"sha512-RGF7MJmik652K5zYLHM/ldw0D3f5a8Sf3lqGoMvtdQff5N7yA/WuUKuXYE6EuN4Ri5IqTjc3aKksg9eAVW4kgA==","mode":420,"size":18200},"lib/lib.es2015.promise.d.ts":{"checkedAt":1768031010168,"integrity":"sha512-9GrLk/L5SxmGl4V+3HnOSG/8FsbIL3yj9zqGcfYkkcaLyBzLkpTqrHTFwRriykIBtlxaQrFs7BneX+QVFlWrzw==","mode":420,"size":3200},"lib/lib.es2015.proxy.d.ts":{"checkedAt":1768031010168,"integrity":"sha512-1jlrTAKCFJeDEaSrwKiktQSNMiIHx7B6DZd4lwTNpzYfNAXJIZHCEvBbeLWThHw6GsAaJ15Dj1U8Vy1aeOebNg==","mode":420,"size":5251},"lib/lib.es2015.reflect.d.ts":{"checkedAt":1768031010168,"integrity":"sha512-QD036do5iPLScq3N+00QM405dqRzQCItlOoRAsMJ32CvvoxTu/1fuOrEI715Ocp4lRqvi+pIu0YxqtVfobnwkA==","mode":420,"size":6493},"lib/lib.es2015.symbol.d.ts":{"checkedAt":1768031010169,"integrity":"sha512-yq7FADeZXVaXNzZ5nvIn45QxSInHed4yjFv2iyx97UaGWNix3vKcfX3Ayo7ro6wkuABUle0pUbwB825SBxbSeA==","mode":420,"size":1649},"lib/lib.es2015.symbol.wellknown.d.ts":{"checkedAt":1768031010169,"integrity":"sha512-rq2eaS2/Bq2ilnz6q28KRaSZkC2ICumlFEeLTcnNP5oS7h+UOXElJem8WpIWb74L0MaZsd2Gc97V1IrGc4LVOg==","mode":420,"size":11010},"lib/lib.es2016.array.include.d.ts":{"checkedAt":1768031010169,"integrity":"sha512-h+nidSlw6TbX2LgywStvdS0xyw4Elr0flQpoVGvequlxv2TW0bqdil6dWKxmTILfycdwPj/0q/PXWqsPkRrS/w==","mode":420,"size":5204},"lib/lib.es2016.d.ts":{"checkedAt":1768031010170,"integrity":"sha512-pnRuRRJ4JhfwMS2Y80e8FPMwOc/x78+3NkBusbbajgdyxXRR0VxEItNZhmnoWcFCfvkJ99I9RWLu0YF5jfUX8w==","mode":420,"size":965},"lib/lib.es2016.full.d.ts":{"checkedAt":1768031010170,"integrity":"sha512-8uCct1q+GXsRXajo3xjNBa5CBys/q8IITq9cbgs2zpD6Cx51uuDiEaQwxvZBu028IfveySI+01qWjXPO9W2wEA==","mode":420,"size":1032},"lib/lib.es2016.intl.d.ts":{"checkedAt":1768031010170,"integrity":"sha512-1IQRnzVu7CR5R29Kdz2x5pjeVR7tVWyJG5crVPklahezuWfmsQb9sI3eSs2wVBzQUy9JSbo4KugdW77mCDYNcw==","mode":420,"size":1484},"lib/lib.es2017.arraybuffer.d.ts":{"checkedAt":1768031010170,"integrity":"sha512-oeQFQU0p9Ro6FbfaHr1xxbRJsSIIrb25lvXYjMFFK+sXe0/Gjw5ghB/SlutOnT/zEvnEPsrYPtz/IToWBP1q/Q==","mode":420,"size":915},"lib/lib.es2017.d.ts":{"checkedAt":1768031010171,"integrity":"sha512-DZzoyzkV/sdo5Gd9CHGl5QwP7RiVLfhqiLKZqNfBjshziWkLLEklo7Ueml+48hFGCR72AOiCJzm5oqfFs6oUvQ==","mode":420,"size":1162},"lib/lib.es2017.date.d.ts":{"checkedAt":1768031010171,"integrity":"sha512-SxNvDtszps/44zclj7nuf5n+X1CkjGCKYaz7ksiAIpSTGTnmN5EvUr8u/Z96LZoAUMYfv0PipcKEkTDVw9dyDA==","mode":420,"size":1916},"lib/lib.es2017.full.d.ts":{"checkedAt":1768031010171,"integrity":"sha512-1Nx7GmCgVQjW1AwNqXxvNiXAb5oO+0FNioxOsNhQiQ8gUVJY5VqPbIbaNhybPtJBn+E4r12f9wk1dzaJXHEmdg==","mode":420,"size":1032},"lib/lib.es2017.intl.d.ts":{"checkedAt":1768031010171,"integrity":"sha512-bmhNUbuBz0hB7hs92w5pdG4iAGyL2QNYyxfFgbAJlC+2mYSi/A6atJfrm0+SUTGiOf++ntouMSTw9fz8lKfmXA==","mode":420,"size":1449},"lib/lib.es2017.object.d.ts":{"checkedAt":1768031010171,"integrity":"sha512-Y2xumVzVo1haV1oO6E24ciI509nx14m83Uq+3zLl0DZHLLcPtqhfkHQF4ngASESFpiASgumlZbQRKsoXzB4L1Q==","mode":420,"size":2473},"lib/lib.es2017.sharedmemory.d.ts":{"checkedAt":1768031010172,"integrity":"sha512-peyluUUpCNVce279GJzNmfAgNx4TmMrgMRPwcxJg3w9YMoTXgMnSd1Fxp++7VNGFNKiqWVjoPAvWgSURTo6X5g==","mode":420,"size":7209},"lib/lib.es2017.string.d.ts":{"checkedAt":1768031010172,"integrity":"sha512-LG+lXMb03g2ao2MZd4T9JRoeU/dHgYH9pgXGXTaDtSAAJsh491a6ECtMo6gnsKBd4V8P6txk8J7RpVzNsY0NBQ==","mode":420,"size":2378},"lib/lib.es2017.typedarrays.d.ts":{"checkedAt":1768031010172,"integrity":"sha512-mrl3mgZAUp5BXbQdjil1VTiexEViZM2/FIW9y8QHDl5H3QbSBdUaB/1u6WqRCV2SrflYL/rzJzIQrHe4TqzRaQ==","mode":420,"size":1542},"lib/lib.es2018.asyncgenerator.d.ts":{"checkedAt":1768031010172,"integrity":"sha512-JAawxyZn9eSDg56oSMWuKZerZ5txB3xxyEd6KFAt2m2cRCOcplSGVk2IByaOD7wh7xzjKCS6jN3q42v/Xx+WHQ==","mode":420,"size":2692},"lib/lib.es2018.asynciterable.d.ts":{"checkedAt":1768031010173,"integrity":"sha512-Kk5IZjwtxgM90wCbtbzsZ+QDqh+mdR8KreSTuw/uDZaPNelI55By3MBhxDwJy8Fj02VdbvAzzg8Bi0zwB0ngfQ==","mode":420,"size":2257},"lib/lib.es2018.d.ts":{"checkedAt":1768031010173,"integrity":"sha512-vRaE5kFtFz59VploDq/qckmgHjiKo+iou1TtARrPxnP3Q19eF3NOEkOoR1iEc4z5chM416jx5SqUZY8Wv3n58Q==","mode":420,"size":1088},"lib/lib.es2018.full.d.ts":{"checkedAt":1768031010173,"integrity":"sha512-q6pmAW/POJ7jlbrI3hNAlilk2WIqnmwQa9E8uTJebKLLQJ4cmSvg0ZuwN2oR/OtadU9T9cuSrfbPENxzf941IA==","mode":420,"size":1074},"lib/lib.es2018.intl.d.ts":{"checkedAt":1768031010173,"integrity":"sha512-l0qwJ4xlLihRKSnR0ik1DkEgGLXi8nOrtD9Q0KC+ykejsZQS0eLytZ4ltjDVMLgejmDMzfGviE1QrNDy3Sdw8A==","mode":420,"size":3021},"lib/lib.es2018.promise.d.ts":{"checkedAt":1768031010174,"integrity":"sha512-k70NfGLBHqxOSVMPUNxrTBbnPx5wywC0dN6dz86VX3l2n4FMdsiv0fjPfRZ1AS9G6787+/f3h3335XAazcdf9g==","mode":420,"size":1353},"lib/lib.es2018.regexp.d.ts":{"checkedAt":1768031010174,"integrity":"sha512-BuyLwcoOI9OdbqWl9q6qpozlkmUNLh21CfdSzHC+iCNlwXfNEwFovDa+0pUFCrndmOCNqNQoT74ln0YiPAoP5w==","mode":420,"size":1232},"lib/lib.es2019.array.d.ts":{"checkedAt":1768031010174,"integrity":"sha512-E7zpIIJqfgkRv8aZ516DMueZXWDHfZTs5xXLbBNXtmU2jtdUrrWLtoESEjchLX4TIOVseCPZ+5p6DmAH7P3xLA==","mode":420,"size":3163},"lib/lib.es2019.d.ts":{"checkedAt":1768031010175,"integrity":"sha512-fIUij84U7Zrz/vQw0dC7A6vZkg7MdLUerKuRs+tgcppVNiakAUJJH8e5Ij05orhEJX+xkz851KzNTJ7w/bh+Vw==","mode":420,"size":1071},"lib/lib.es2019.full.d.ts":{"checkedAt":1768031010175,"integrity":"sha512-JZCDThGO95pYVJE3C7uHW/IBzqVNa1RVpEV4jY4LLNJ0ViGxmb8PbvU3H2+p6f0bCdoRurEafx4kEVQgRuH3Sg==","mode":420,"size":1074},"lib/lib.es2019.intl.d.ts":{"checkedAt":1768031010175,"integrity":"sha512-b0zi6nr4sTOmsvKUJWHK/Yg/im1ZR34WO8GCAM2x57pCRJbSqHrrcbCIKlnSUS8MS2OxGSxkGCPLl6z/z/sqcQ==","mode":420,"size":958},"lib/lib.es2019.object.d.ts":{"checkedAt":1768031010176,"integrity":"sha512-3QHxpdhnvGDjRk3VvM/qwYDWkyuM1/jvqruLfuav/DF58iK4OuGbR5b8Yw6DdrMEfLADsvjx0PjPlhsuUWWl7A==","mode":420,"size":1473},"lib/lib.es2019.string.d.ts":{"checkedAt":1768031010176,"integrity":"sha512-o2myRIF+QOuFj9Y/7alfNS1Tb58HSD1Bx+EMU8VN4Ja2xLKyNhyGVO5OXl57efAgtggvFHpzaPHaOnO+VbqxLQ==","mode":420,"size":1528},"lib/lib.es2019.symbol.d.ts":{"checkedAt":1768031010176,"integrity":"sha512-ysB+uqdjacema12f3GtoBIBjQfz7fi3kBtGzuDAVPDbqBKNZRxOpGu8IihA+TEEUM6+eIgi8H/2tUrI6GhNU+g==","mode":420,"size":1006},"lib/lib.es2020.bigint.d.ts":{"checkedAt":1768031010177,"integrity":"sha512-e4TxewP/Yn4v5zu92BlSG/sKKDAYcM3TbdnGgr9UMHOJfkrU3gEzu+VlPeXw2kf07yJQPMdqUXHuFOSxGHk3dw==","mode":420,"size":38185},"lib/lib.es2020.d.ts":{"checkedAt":1768031010177,"integrity":"sha512-aSx47tt6UV4f1s0/KTtCyZAYCyHCMpwBvSPjggvBxQDrW6lpJ67M/gjazwLu4EZf7aboqCFLr1w0+2UAmvtF8A==","mode":420,"size":1201},"lib/lib.es2020.date.d.ts":{"checkedAt":1768031010177,"integrity":"sha512-VPzu5cOdcbSprC0FbXOrlFdMnbGKA91D5DPRS8O9wSbOiPRJ0O5THIGjWHDcK6ubaxC66plhr5LJu30ypQLuOQ==","mode":420,"size":2956},"lib/lib.es2020.full.d.ts":{"checkedAt":1768031010177,"integrity":"sha512-PVcgIWTY4WUxwSPfK0Oa2lH1q0ZLxeqy19rhTvjfqDZiTA6xhNzIpNI6OZseJYTiqLfiyEoLvcnhJ5oFfqrItw==","mode":420,"size":1074},"lib/lib.es2020.intl.d.ts":{"checkedAt":1768031010178,"integrity":"sha512-0PYuwIaLI4oCe+gMO5uosEOJDxrn/y2UPpth51I7SQraA7dwAELFTpfSsiMkc5YUOd9+X8DbIcWrULSUu23a2Q==","mode":420,"size":22438},"lib/lib.es2020.number.d.ts":{"checkedAt":1768031010178,"integrity":"sha512-qR4CbaZobAvBsjIkSF1bl+HiBP40qXyMjcf0LpdyA8Jj0kwv1Fc6bN7JzLudZIUfrZZu5q5lHzX9xLpAZXlyfQ==","mode":420,"size":1587},"lib/lib.es2020.promise.d.ts":{"checkedAt":1768031010178,"integrity":"sha512-E/X/MZZlVmHOdGsk8NNR+M1ExMcu0H2ic3y2beFoxBIeQeGKwGQCyk0ATxjTM80kKleU3uYCVEVInpSX3IXMTA==","mode":420,"size":1803},"lib/lib.es2020.sharedmemory.d.ts":{"checkedAt":1768031010179,"integrity":"sha512-Fkey0u8WmHrjPsu5hnaNz7DbydUjBfFBUdYL2fXhIYZNAn33i4rKhSSUwTjAKDCs8J+1RhZ+yGeqBecICwJk+A==","mode":420,"size":5128},"lib/lib.es2020.string.d.ts":{"checkedAt":1768031010179,"integrity":"sha512-BnQSbanfK7BnsAV4f1cV3e4ePiE9EJXvIR6qAp/17rHd9d/PJzcxtrijdP8Z7/5iuDJeB8LSeJP7xuH60hlEwA==","mode":420,"size":2556},"lib/lib.es2020.symbol.wellknown.d.ts":{"checkedAt":1768031010179,"integrity":"sha512-Z0bfol8V10ihcv/7xoHC3SH3VHtiLnNxDTnlKotRG4u0Vj9oHKnz5b59ev3akkBlxhsj+ox7ZahjwEnR32+xwA==","mode":420,"size":1606},"lib/lib.es2021.d.ts":{"checkedAt":1768031010179,"integrity":"sha512-K3B9COgt9CFE5fMmeuWr0V98Y3ln0vFNfWgnwXXnxNu+puVBIafyISyTTzsEK4JQMCdD5eWTju8EiqsrQoKn/A==","mode":420,"size":1036},"lib/lib.es2021.full.d.ts":{"checkedAt":1768031010180,"integrity":"sha512-dbKms9WyXO/27y3meOrHq6pI6wBcpWIU7HWkKBTR62ToifH8nFLqsK7YRdUOxgP2e1FUFohioukyUOR9HwnAbA==","mode":420,"size":1074},"lib/lib.es2021.intl.d.ts":{"checkedAt":1768031010180,"integrity":"sha512-/rwED0Y7mnJgNBlqj15F3X6Dk4lswKu07feVNEcDmffnIq+bOs0o8cXXO7TSgj//D8cJQieL7m0gH8HxmngjBA==","mode":420,"size":8245},"lib/lib.es2021.promise.d.ts":{"checkedAt":1768031010180,"integrity":"sha512-OHjVpuc6tWwq4ljh9Ja+YYKzpKWhGgRX2VhAfH7qHioRykpg0r6SDnCGPlnc6TVGDhU1S1MdF7wsn+DQ0g2Pfw==","mode":420,"size":2262},"lib/lib.es2021.string.d.ts":{"checkedAt":1768031010180,"integrity":"sha512-bUxEUXUPzl89j/pnZx6OsOJkmcjgO77PWJyrwe0U9Lx61Ba3eior7NxyEsYLHt07T3xZnGlEYb0sm4CrI4aJpg==","mode":420,"size":1592},"lib/lib.es2021.weakref.d.ts":{"checkedAt":1768031010181,"integrity":"sha512-T+5e0iCjQsS9Y545Xun2M79FUQpfYYg1v+iD7b49DtCUBicn/7Szrh+7Hm0rG41fABH8pVH0bjLoRxyAi079kg==","mode":420,"size":3171},"lib/lib.es2022.array.d.ts":{"checkedAt":1768031010181,"integrity":"sha512-kYCIonktV8CzFR4DqovDqoDUeChBFiM59rwo2B0Xk6v4bMrceyhNXGBUd1K3Gw0HEg1C3JuezwprXX8PePEDpw==","mode":420,"size":4676},"lib/lib.es2022.d.ts":{"checkedAt":1768031010181,"integrity":"sha512-wMWiJuaZrEzEdryt+PwI4+j3zNBQVjj+neDhjK1gDWOrIDyEMigwVZkqBCSHO4SLVh1OyuK1lEu4LQC0XbHPAA==","mode":420,"size":1108},"lib/lib.es2022.error.d.ts":{"checkedAt":1768031010181,"integrity":"sha512-mHjwVrXmYG8dlTeZxwYfK8fK1n/ulV7nfBnxLkqUcgnCqxGSut2i6I+nPJHry32VSzPGaFTi50J0DVZj9qpYsg==","mode":420,"size":2379},"lib/lib.es2022.full.d.ts":{"checkedAt":1768031010181,"integrity":"sha512-qXOXNUiSfuqcO1Yggq69lFYKAdtZWmTol/xqX0fvjnQDjMklS3UsOj5C0UDBwCsBWJRp/UkUwMLCpqsgQkqB7Q==","mode":420,"size":1074},"lib/lib.es2022.intl.d.ts":{"checkedAt":1768031010182,"integrity":"sha512-Ot7IMmK6H+hyLpR8WsKgXlhjIR/nMWZ9qCa1VR7kU/KzgcTByWBogR4IiFcDrkJrY+iz/vtceFNvAsLTYkH0Gg==","mode":420,"size":7692},"lib/lib.es2022.object.d.ts":{"checkedAt":1768031010182,"integrity":"sha512-w9OqHjkI5E+0MTsRa07PgsFFo4nJQEP6qeYLd6nbrSAfHxvj5IvacLp8fH2b82EEQstVSDVYbtZGyTst6ntCpQ==","mode":420,"size":1085},"lib/lib.es2022.regexp.d.ts":{"checkedAt":1768031010182,"integrity":"sha512-WjkSr354cffdhJjD6e9xvYRGKy7ocKfeNH2+3aZZYIgW6Uno77v2tqoY11RWhhfuioPuh6egvINEEsj2PKzz0w==","mode":420,"size":1331},"lib/lib.es2022.string.d.ts":{"checkedAt":1768031010182,"integrity":"sha512-QPGpFCZ+Hu9tX8NWxjXOhYJ51xxOHyJ5KvMKwUiEE7W2WdoZjOuKVDTPMOg7UAZWiwhF7u9pHb9yujyvIK477g==","mode":420,"size":1155},"lib/lib.es2023.array.d.ts":{"checkedAt":1768031010183,"integrity":"sha512-eJ2lQxU144e3DODNQfGvh92exKyn8aU7CVr7ARs3p/MPMBbGwQ+pb5gU4XOUrlZRml9SxMucqLYYkRhaaf4ZOg==","mode":420,"size":40236},"lib/lib.es2023.collection.d.ts":{"checkedAt":1768031010183,"integrity":"sha512-CcMRXfjJk8lYCzyrQZ9B1DB/c9xQuY8bgYpQ9i9obFwx5UhR0jvYTAqdTNCyqkK2/HVhhXUnCbhPOjJ5byWTrQ==","mode":420,"size":900},"lib/lib.es2023.d.ts":{"checkedAt":1768031010183,"integrity":"sha512-7HZN+DaOOgNiVfD/Y4/l5h756lN5sj5jVg9+lHC0AfJV144xIegkVlZLos0//p4OXqomMELY5alHFDf2jBn57g==","mode":420,"size":999},"lib/lib.es2023.full.d.ts":{"checkedAt":1768031010183,"integrity":"sha512-mfZJSPFMOd+TY1RobPllTjFNViurN0eSPmIf0+uHdpyUwopjE0+uPQQmq+tIWFT8xzIahQSWqXMqBhT2VMPbVw==","mode":420,"size":1074},"lib/lib.es2023.intl.d.ts":{"checkedAt":1768031010184,"integrity":"sha512-XBQR6KBBb/Jl5/ku1PkPuwl/l+o/QvVx52wqbJK8gy6K+3i9/z5y/U/BBqoAIV1mdB2J6bV3IEKsM256M0gV5A==","mode":420,"size":2645},"lib/lib.es2024.arraybuffer.d.ts":{"checkedAt":1768031010184,"integrity":"sha512-oyeylaiOp2kSc7Se/kApj9+FIAF0VOqKBa1nWTZWXwINGvJXuJnFzcTafbcH/5RzvJ3fSidcQHjBqFKy6PKOxg==","mode":420,"size":2637},"lib/lib.es2024.collection.d.ts":{"checkedAt":1768031010184,"integrity":"sha512-TDj+p431kkaz8n8kVBqhkjSxQuMM7/acrjhT+M42SFW7YR9xR5g6wROlgT/V6CEACKX3yj/dZHEqwBMWE8mlsw==","mode":420,"size":1224},"lib/lib.es2024.d.ts":{"checkedAt":1768031010184,"integrity":"sha512-hUzUe6p137+bj3LilWrfjdiZvwc3knL4eI5TAvNlh38lsYalBIQr+2090giTM3wh3Ds0NJgb855jvvK5YeF4EQ==","mode":420,"size":1166},"lib/lib.es2024.full.d.ts":{"checkedAt":1768031010184,"integrity":"sha512-DORXbMIzbanjxhcDjjzpyJBSdV2R2ZfAkenHxghUCGVhdihAHgKN2Xq+8yyAIkkAxOlaMNtNuitbtZOkGQrQ2Q==","mode":420,"size":1074},"lib/lib.es2024.object.d.ts":{"checkedAt":1768031010184,"integrity":"sha512-962YThnJWrFgI5rByt3gaywlZN3S87/hKNNWwo0ewSJuNIREEKDojVrQvM8+WLMFBIoeKzo9q7Og02WCJ8437w==","mode":420,"size":1259},"lib/lib.es2024.promise.d.ts":{"checkedAt":1768031010185,"integrity":"sha512-ifpEySNchj4tLVf/YmNLUwiozAPUozlkueHivqMnz2lkXdIfEhxn91nTvZfoAEYEOqaNSe6q1Ulp2/ezFXYl9A==","mode":420,"size":1389},"lib/lib.es2024.regexp.d.ts":{"checkedAt":1768031010185,"integrity":"sha512-xQzqmMS8iHo5KKZzbexcb4rR6te1zl7QpRJ7rKyuYW1No2Gu3opUYPe4ibckGcSzrW23SFzlTRlMVZTKAp8zgQ==","mode":420,"size":1073},"lib/lib.es2024.sharedmemory.d.ts":{"checkedAt":1768031010185,"integrity":"sha512-qr/U+oACVE4ida3mOLhHyU5FrosYuNWqCpYv0Nq8/rwtcfyIQXlwuwifAO1gCIyMADtViYw1fxJ12IUGQmw5hA==","mode":420,"size":3077},"lib/lib.es2024.string.d.ts":{"checkedAt":1768031010186,"integrity":"sha512-bApkUFR1qGVQnNo3jCAPXJQX9ffM1hxqS9oS4CNlwiVHe0Op1e1BQHiMXIyDGT2p9TwxVkPYJA2oACvK0YlPdw==","mode":420,"size":1194},"lib/lib.es5.d.ts":{"checkedAt":1768031010187,"integrity":"sha512-9Zko5sYSqNkcp+C2UvOfZMEHGq3+Y+4MBXx1mGHAmcZj7zbIWA1DC4Xyv/6YKg95uwVl95RG4PuwM4k6QojHMQ==","mode":420,"size":218439},"lib/lib.es6.d.ts":{"checkedAt":1768031010187,"integrity":"sha512-hMz1pXL7WQlHBxtzbLHmSZw40iUWHzRqE2JqAChf6uNURoKMl2C4syKwAZDDGzU480c+ZAdacpVN8duhcd72/w==","mode":420,"size":1032},"lib/lib.esnext.array.d.ts":{"checkedAt":1768031010187,"integrity":"sha512-1UN2QDEdb1WUTSAarak+UlrACsigpRLwQEmSAkzJSnP4YBIp4gf4CmfJaX94hVz+UEcoO79GWE/0mrKM1hceWA==","mode":420,"size":1791},"lib/lib.esnext.collection.d.ts":{"checkedAt":1768031010187,"integrity":"sha512-g9DoMDGILyY3/d5G9jZtxN7OFdi4Xp30DLs+7si7dU/3YmYD3h+HYm61ug7GttiyVq9+gtl9lTpCZfvD5xg1oA==","mode":420,"size":3878},"lib/lib.esnext.d.ts":{"checkedAt":1768031010188,"integrity":"sha512-8stO/YnmDm02tSrEitE/CIPWvSnIE0bn55AJ+pEs07kEljflys7Wuuokoql9SGT0hy6QTJBWVpBbG+AjSWBf4w==","mode":420,"size":1282},"lib/lib.esnext.decorators.d.ts":{"checkedAt":1768031010188,"integrity":"sha512-EDnIelIbFF3uQcygJi3Iy6e4bWO8sdiyptxVuYricNE/v7OIsGt7dUW1WYiXzZAX8/EuFrewOm9ERA7a/wimaw==","mode":420,"size":1070},"lib/lib.esnext.disposable.d.ts":{"checkedAt":1768031010188,"integrity":"sha512-p210LgZAqO5YeiGsTo6rzUR7AkvUdSj+jDanMWvZTGD15a5VLfE2L7yw/U++Jgu0UmMZgQDIQWzogV2BvRnixA==","mode":420,"size":6806},"lib/lib.esnext.error.d.ts":{"checkedAt":1768031010188,"integrity":"sha512-WeDWxaWZrtE8V5LejNajLD9maWUi6HLqvMRDGGFgUlEi365XWNVG2NBM5MpD+EvC13uBOliWZZI1QzG0nBMaUQ==","mode":420,"size":1029},"lib/lib.esnext.float16.d.ts":{"checkedAt":1768031010189,"integrity":"sha512-0LmL7L0xMU0Jw2vbJ3IV5lEQr9ioa8UrDmSOdAFMTpj7k1AIqHC2z+XcBu3KeTbJYE7XVhZ3DbtGm8+EjnC1RQ==","mode":420,"size":20355},"lib/lib.esnext.full.d.ts":{"checkedAt":1768031010189,"integrity":"sha512-OCaI6Qn9GBS6/jA58/Dmho9DHAibqi54HGMMoTmbUCJURhA4uCFz+scrSO6hR7RAYfoadKhCmqiKmybOEaE/wA==","mode":420,"size":1074},"lib/lib.esnext.intl.d.ts":{"checkedAt":1768031010189,"integrity":"sha512-jflQvO0udSYV4WdKDtePX5goF4g2wgrWSdDQukLuJy5qak1dguVzKxM5K9tk5eaSXK4/hBkIoUXLjoLqjGN9Dg==","mode":420,"size":893},"lib/lib.esnext.iterator.d.ts":{"checkedAt":1768031010189,"integrity":"sha512-fkhjhLbtBkav8NoShWlUwOu5UXtWNl9CAO/zyuGEV4Xnz5JTSkzJRH6hOJZjfDqM76XuBr2C71XEA62fQmv0ng==","mode":420,"size":8676},"lib/lib.esnext.promise.d.ts":{"checkedAt":1768031010189,"integrity":"sha512-jpoE919r91J97cUCtlGkSIb39sk9KCJYC+L1uxUqnFRKRRd0m3fuhF7GM+fxXDUxF3MkLbac818BRzGN24YulQ==","mode":420,"size":1658},"lib/lib.esnext.sharedmemory.d.ts":{"checkedAt":1768031010190,"integrity":"sha512-kEaox23x/XNc5s2xosZkuGlFvl1+fIoBoPCSL7mvnmJfq3mGCgUnBccfeCFekMRvzHcIGsDb4nStm8XmKYD/Cw==","mode":420,"size":1067},"lib/lib.scripthost.d.ts":{"checkedAt":1768031010190,"integrity":"sha512-IdvU8LmCxvVN6ayRPZZMZN4G3uI+E2B+dtuRb/LAvocyC1UEct6BmYLTU6ifmhKkawfF14H9I+tctqt76R5wmA==","mode":420,"size":9451},"lib/lib.webworker.asynciterable.d.ts":{"checkedAt":1768031010190,"integrity":"sha512-ZMH4D6IqK6N32U9bsBnKDdg2YOxXBiPpNfLDIDPFjAvIPILXQU1JjRYhXotGiLgGxljCyvoFeVZo/sM4PbaZcQ==","mode":420,"size":1887},"lib/lib.webworker.d.ts":{"checkedAt":1768031010192,"integrity":"sha512-g3ze5QBCuSUkkUY6mSw/9mQ2Muv2wuWrH21OFvZw0Wv68b6nvTggmoP6UdWWJVfnYqqMKhqmGagTdI11urenaA==","mode":420,"size":609557},"lib/lib.webworker.importscripts.d.ts":{"checkedAt":1768031010192,"integrity":"sha512-IJXBv6ltIts8D8v7eb9FxDe35y8JklWyF8zVMfgoPng7ezA4BSnfRkqYlnZRxHUw1p5nKEaRBorIrvsiWNXVDA==","mode":420,"size":1041},"lib/lib.webworker.iterable.d.ts":{"checkedAt":1768031010192,"integrity":"sha512-0416PDaSQZLhpWPA9ZzcSDiDyqm1dnhZ04ZNfYjbgaRhGssqUaVNDwJpgD2gemPVUvDs6Ehu43o+QxjUyqmI5A==","mode":420,"size":22768},"lib/tsserverlibrary.d.ts":{"checkedAt":1768031010192,"integrity":"sha512-zXOZBirp32/qlyQsDd1NcKyunYIrUqvcW1m6I1GtqoJ3ScTtM0YBD6TqeIDuJxnHqNEFBeCRzj4pIJ/JbpgVOg==","mode":420,"size":865},"lib/typescript.d.ts":{"checkedAt":1768031010194,"integrity":"sha512-WGIL+ldIav+WmjEZEj4GMVd1gQZd7CO/HJKt2c1oZT3FsK+CGbeuQc8bKQWScPB8RzWr0Hb9SplGcZVq+3lt9g==","mode":420,"size":588128},"LICENSE.txt":{"checkedAt":1768031010195,"integrity":"sha512-yre2qpd5YUEmYTyCi2RpiQhs+jQE+CK3/Z+EymUQDqkjKfzPDy/jA6+FI94nxm5rqsqn9tmrUHUseEMF+ZOnaw==","mode":420,"size":9197},"ThirdPartyNoticeText.txt":{"checkedAt":1768031010195,"integrity":"sha512-wcUyCvdpazKPcppyPZzXV1QMEkUSUWjdjejnPxA8cbm6gLmZQobROvTSS4h/Pf/x3kgb8BnkK5lFTB2u7TlUDw==","mode":420,"size":37824}}}