{"name":"@iconify/utils","version":"3.0.2","requiresBuild":false,"files":{"lib/emoji/regex/base.js":{"checkedAt":1768031011042,"integrity":"sha512-pYi0PE/4k5W9MCPSpezcHY1T4qBmR53pm4uSXaXEFDsf+zWTeHEyTGDtIqaZmeYTMXNz4A8Nub92HKcClTluAg==","mode":420,"size":5490},"lib/customisations/bool.js":{"checkedAt":1768031011046,"integrity":"sha512-x2FyLTC+4afILNrQHowqQBIZ+g/0Wc5nSUWra+hcP2Y/vDkCoDEUPM49yebsAoOK020SqkhMim6WTumZPXdJzA==","mode":420,"size":421},"lib/svg/build.js":{"checkedAt":1768031011046,"integrity":"sha512-LU2CrHVFs6MRp/MTEnkvIlXrjR4mwQ3oXVvq4SPnJLNwaqF5KVUjmSFnxbuHeBegGtFYhibJm1t/uZhB0nHIzA==","mode":420,"size":3841},"lib/emoji/cleanup.js":{"checkedAt":1768031011048,"integrity":"sha512-R9GZi8K4V0LixRauLzPivBjMaWcj7kt6aV2s/YgY/QDeH3M0gBHDZ4p94k+qmnKY0L/VViLux/rP/YRkKk1Rcg==","mode":420,"size":2552},"lib/css/common.js":{"checkedAt":1768031011049,"integrity":"sha512-YOSzP8732eFjabkO3AHXkvhDG8iFLhkK6eJAkEOpHXbKsipJcPzeGGFEta1YvPW1VUNpwTAi/Yn1L1xxryPEIA==","mode":420,"size":2662},"lib/emoji/test/components.js":{"checkedAt":1768031011050,"integrity":"sha512-otDlAqI7VzGvcX4jTrnsMFhbgGryoVITBS6Hlg1w++voOC9IR7MUTyYSAFetkFXfEQ2b4qe5OvD9/mkutWww2A==","mode":420,"size":2260},"lib/icon-set/convert-info.js":{"checkedAt":1768031011050,"integrity":"sha512-ZzOYDw+SrO5mOltNdpgqK6X5c6elVy9cLBHTzFRjPYqETRXgacSXMPmO5walpiuHZSBTnxa3bPlGBns3njqXEA==","mode":420,"size":4142},"lib/emoji/convert.js":{"checkedAt":1768031011050,"integrity":"sha512-9Ve7LisG9QolSd2gMgTsSrxTka6MS5Bs2AqIVV0WCOC46xPkjlLFpUpZuW/W87pLSs59BefGOGJsGlKDBh/dZw==","mode":420,"size":2656},"lib/emoji/regex/create.js":{"checkedAt":1768031011051,"integrity":"sha512-TI2+gyj9AG1zEA5gO4xN3NRbROzxJJGKeO7BgdSfVHfwUuRQv+ew0ikeZ22bqZUlixDLcwJldSWKUDYIWbsozg==","mode":420,"size":1514},"lib/loader/custom.js":{"checkedAt":1768031011052,"integrity":"sha512-qjZBKLAwrM24r1vvmc32hE0w3+F24bVQArWxq5ukBn0czsKnh/i1F/FwbieH7aZZMNoGaJvSoopqLXLmcCgqFA==","mode":420,"size":1232},"lib/emoji/data.js":{"checkedAt":1768031011052,"integrity":"sha512-7YKaNJAJk8POvq00P8KS1A2YKFZ83THH/tYYRO9xWCFbb11gj5gPfs6HJu6rMTg3EU7JgI+MBIrkvi23Ha/ODw==","mode":420,"size":753},"lib/customisations/defaults.js":{"checkedAt":1768031011053,"integrity":"sha512-j+3ESgn5vTXQRhdgCLtNSLUgzAD6UFbvXhiDgKsC7CmGxYgUETjo+u90i/d8lEHB0vma8cDcyqAKkUNCdialJw==","mode":420,"size":386},"lib/icon/defaults.js":{"checkedAt":1768031011053,"integrity":"sha512-sytvkaNSGlaEzrmW5aIIg5no5Vrp/d7iREB/aCww98mZrlKnEz6DdFz+Zpc+7sRVyH3kMzHeVoV+d2J91j5cuw==","mode":420,"size":717},"lib/svg/defs.js":{"checkedAt":1768031011053,"integrity":"sha512-JCAMv7o2cf98Vd2WeMiw13IpEzh9mowdxRUi/9bq1oeJ4Kafvx6NNGI5CbK3eqqKgZFpWk9lQVarRzTZ1E+UKA==","mode":420,"size":899},"lib/svg/encode-svg-for-css.js":{"checkedAt":1768031011055,"integrity":"sha512-cQ9vZOcZQFQfzpTvfbgX/vL95p/RldK+gezBKABqL/+Z0k11KVowK1RGBfeFbSvfJ6Z1jtM8AvakfjrLkTIqvw==","mode":420,"size":635},"lib/icon-set/expand.js":{"checkedAt":1768031011055,"integrity":"sha512-5xQbMdUb5ahPlaCxgy7B6m76Q02jSPX9ZPiQGuNUrrJI1yi4lGFY10yTca5aMMZP3eDgAavaN0DeBTDnxGat+Q==","mode":420,"size":538},"lib/loader/external-pkg.js":{"checkedAt":1768031011055,"integrity":"sha512-e5zaBuKjHsUAJ+9Kr3eaAHI+7FQkX/bKjMfP1JaeG8VUzsx7KGSKYKqpJLVtTUqaUnLqOWZ0HMBaN+TzjkqBJw==","mode":420,"size":1509},"lib/emoji/replace/find.js":{"checkedAt":1768031011056,"integrity":"sha512-JcajZcs9dAjKGb5a03vAPZmQIm00GCbL7/m5NLPx80JPWQOjJGaobLz07spwpVL3Gc2U79l1ARDcGbagkq+Q/A==","mode":420,"size":2561},"lib/customisations/flip.js":{"checkedAt":1768031011056,"integrity":"sha512-BfHdm69f0FCK1jMiyGBQcSj0v0QfH/pJY9UssOTiMfa7P/9fR10pfDMP//qN6T3+Db8fCUCFYjdzbekr84xbtg==","mode":420,"size":361},"lib/css/format.js":{"checkedAt":1768031011056,"integrity":"sha512-5ZdfuR9iXzqzaLR/aCZ42a9gIjvxwu+VbON1d0je/oHSprCQ/x9y+dLWLZkrlNYqqE3UtEzVNe+I7kqxlBQXAQ==","mode":420,"size":964},"lib/emoji/format.js":{"checkedAt":1768031011056,"integrity":"sha512-dPWSuevuC9YEM52Z0vZv81mskCuYtcU9+6uwSGL/Qh9aMq4Bto2cM4TNupQ91l06kyIXdMAYGvpfG/ZIppCjtQ==","mode":420,"size":1619},"lib/loader/fs.js":{"checkedAt":1768031011057,"integrity":"sha512-LIlpx0aE+IkSwT6vBXAWUUOznGw7ePCkr3R1G1vkQezErl+3qgr5HLH0LvZVcDLbIJ+dfDH1o9b/xkkG58GjOg==","mode":420,"size":2489},"lib/icon-set/get-icon.js":{"checkedAt":1768031011057,"integrity":"sha512-WMA3fSYqrxf1GHkdgO14dMHgkf0cbUQtwTpf/Duxt3SfXBhqRc78cLSMuA6Pyh6TQv8wz4qj9MO0qBMkOO6RTw==","mode":420,"size":774},"lib/icon-set/get-icons.js":{"checkedAt":1768031011057,"integrity":"sha512-wFWHEwVIWwhHsepjNbRyiWtDsoSfh+S8GxjXcPjr3AUfDxefgdEFcV4DetxS/SW68quq2if+5vDl2d8DGIeDbw==","mode":420,"size":1181},"lib/svg/html.js":{"checkedAt":1768031011058,"integrity":"sha512-5L24xnlH+ZTGg/qYqrsA+UeIkCWUOoXFpK/nyyNnv2OdE7Xsw8VKvv2c5jy8S+tZXFi+WVpI8uu1Q0fPqLNIWw==","mode":420,"size":396},"lib/css/icon.js":{"checkedAt":1768031011058,"integrity":"sha512-v0bnC0x4qfinUWebgnoI/4P39N30FKziwYGPN6zNLTSxuNdBKyqfIjgm8Y8gqBXVpTUaQmBn9TKu+fTvnguLiA==","mode":420,"size":1427},"lib/css/icons.js":{"checkedAt":1768031011058,"integrity":"sha512-T60qfV/5KbLGAQa/sQd+kNQswtQrNCB+6tSOAQ1e1ENIpPQyfEqXVvBtMj1v2HGL/yc5sVdTtWhiYSUUnu2hnQ==","mode":420,"size":4467},"lib/svg/id.js":{"checkedAt":1768031011058,"integrity":"sha512-2EXbZj5+UK2+IdPdxgK5cje0jqHjSzadQIAJWq69PjJu6d1PEOtFYsHTqlW8zQqj31unX0sOXf8HGIxM7fluLw==","mode":420,"size":1200},"lib/colors/index.js":{"checkedAt":1768031011059,"integrity":"sha512-AN0nYUlTL2W8ecnyKuOsM/EqkZELaVleTW+SkEU0z1S7uk7RGmTLJww8a44MCJlK5aPB6bBMTRkcNwCxi10A4Q==","mode":420,"size":7250},"lib/index.js":{"checkedAt":1768031011059,"integrity":"sha512-1UX6l2jbt4ltsCfs2pwAzEpjC8xJ2/5dSRF35I6V7owOu8vHz6xA1YYsiOwnItW8gVfSX0SqZyPRtKWOcA4KGA==","mode":420,"size":4979},"lib/svg/inner-html.js":{"checkedAt":1768031011059,"integrity":"sha512-27eKgN2/pBeGjyYluRcYxo708h4tOGCWrryIXmLtVi1jpFSKWhhtFQINUl5FWX42C7vsH7tyQ0bdahQM9zqUGg==","mode":420,"size":535},"lib/loader/install-pkg.js":{"checkedAt":1768031011060,"integrity":"sha512-4bjxiMk9hNmI/Wuezpe6ndqYZkmtSMtcOOXMOxfrwo6rsBTJy6ELOhjeaZFu/g/4P14gx3oPM5NWlqDFyjyVNg==","mode":420,"size":786},"lib/colors/keywords.js":{"checkedAt":1768031011060,"integrity":"sha512-f6RWeKcYrNfUWIi7PEwqUFZdTsaTFMeuV+8IdBti8Yf3xyl+dkqHvx75Tt49O5+TVYoY/mLcwUCAUsFijSVHZg==","mode":420,"size":6434},"lib/misc/licenses.js":{"checkedAt":1768031011060,"integrity":"sha512-9rUNg5/bY0vimZ2c3Okqza+mQsOK32kPRBUPrpXW+gmvYx8Iwv0tQobX/x8ESkSn+8ggfzfW0eAgDOHFHDUGNg==","mode":420,"size":1276},"lib/loader/loader.js":{"checkedAt":1768031011060,"integrity":"sha512-cOdk8BFzER64z2nRftlIMx0s/VtKAw51Tg6cm24D7k0hdglFMPDsk/jp4+CMyu4U6kOq/zPZ2OlSNl7jckxAVw==","mode":420,"size":882},"lib/customisations/merge.js":{"checkedAt":1768031011061,"integrity":"sha512-eRWUubMX2DqFU8N5YPPsb5zciFq0ZOhODRW/Qcj+F37lTAUhUEzHg3O1vMV3f8C+gTU9DPA5YSN9Vkqtv67I5A==","mode":420,"size":628},"lib/icon/merge.js":{"checkedAt":1768031011061,"integrity":"sha512-TWxIEAioX0RdvlBN2RIDejJR3DXOLGfi2tITTb6W4b7Gudy3TcM3XsJvNiXgZvPWd6zgw3DHz7qJeZmb5EMdJw==","mode":420,"size":655},"lib/icon-set/minify.js":{"checkedAt":1768031011062,"integrity":"sha512-Yzub+Vp8+rOMMNqHzVfg0qDjCwmv6/AtMOw3FTm/6j1xy2bhg+5nbmPSiwQ3Jp32F5/Ar1hI/eVqFBphwd5ihQ==","mode":420,"size":2501},"lib/emoji/test/missing.js":{"checkedAt":1768031011062,"integrity":"sha512-aX6lP0i2IbY7LlIz0JS7oY9XnriiOliolraHvgGgUVLLOskm4vsyB+n11i+crjqpn/YRZsZtrjEOLgOewOIzyQ==","mode":420,"size":2387},"lib/loader/modern.js":{"checkedAt":1768031011062,"integrity":"sha512-1Tc+r9aLy3/VWNHywC5VPbNPZBrNGhYSIfGdh/yNv+vRFVy3EzdD09xbY8e/DzEn6AanUvusipjKnyQPjaPKxA==","mode":420,"size":1676},"lib/emoji/test/name.js":{"checkedAt":1768031011063,"integrity":"sha512-NHj/1rz7liXFAPuHmjucL1gl0To8925UDzhjrk97SeRVk3OAPC71coj55MIJAHyZRG5e/LP4btuz5Ad8VP48Hg==","mode":420,"size":1307},"lib/icon/name.js":{"checkedAt":1768031011063,"integrity":"sha512-3AyMfpykK5BJKnzQZ4OyexQ+zOI7V4bi5rhoR62pKZ+BOZ+RdMsz1Ze1XoTnqMsV+I2OLXPUb2FclLNrV6T6tw==","mode":420,"size":1786},"lib/loader/node-loader.js":{"checkedAt":1768031011063,"integrity":"sha512-QQCE4hW4VPabgx5kXJ6uZylBbjhlJXWFJjwLsPG7HrtiJxFTpLYume462044UTJDPmTBN+Z6cURB8Rpe3Jxy5w==","mode":420,"size":854},"lib/loader/node-loaders.js":{"checkedAt":1768031011064,"integrity":"sha512-sR+CK/H9sdP+MgG4ItwWnzfb408Oru3PmnrI3LqFWMFb3XJVSlRiA6Ihh88QzIkH7xFuvHRDXklb+YWwW5Qcyw==","mode":420,"size":822},"lib/emoji/regex/numbers.js":{"checkedAt":1768031011064,"integrity":"sha512-SVBFSN939xtEJ40ZTsZX/Rg3I3lZ47rknPFhKil3rl/r3Y2fQZ3kcYRnilxVbPRR/kwhhXDjCqdDtv1OYOnmxQ==","mode":420,"size":4334},"lib/misc/objects.js":{"checkedAt":1768031011064,"integrity":"sha512-rn3qgZtWBthYSkhqnws2wGhxzyFzPhN66kJ/3IGm9lSoMVuTgx1OFy44vxAVmv1JVvde5wGm/0r6XBqyVKEdpg==","mode":420,"size":782},"lib/emoji/parse.js":{"checkedAt":1768031011065,"integrity":"sha512-gW3g1QDNXk+ugjCPJy4GPEy+RWFkRAW6ytC1kv1LyP83BvqCbLvqKK/kmNGGXOoVrbLQ+KnwzX6Fz8MtCuDGCg==","mode":420,"size":1920},"lib/emoji/test/parse.js":{"checkedAt":1768031011066,"integrity":"sha512-Hzx96U/3s6rDHxSivFxDg6pLipr1SraVeeBaM5Hc1/6HpheBzeM+zANUXg3RIL8AT1KZWf0vdYfUgtahMuM1pA==","mode":420,"size":3397},"lib/icon-set/parse.js":{"checkedAt":1768031011066,"integrity":"sha512-CFX4ZpsuT4aQL+bgvovh4RqcdyGp/CnkisJxqZvv8y5jJUdrvJFt4pWvxBpBvCTeYF+GuR/R5SAy3TjotyEXFg==","mode":420,"size":1277},"lib/svg/parse.js":{"checkedAt":1768031011067,"integrity":"sha512-LziSMRJfBe4l83Gm/eBV7y8qjMZeBtXsbKQg4QmAOmKGmf5ZHX+z8zSBdZg4Ds1hWpAvmDdxi8j+jDxT7OaC4g==","mode":420,"size":1777},"lib/svg/pretty.js":{"checkedAt":1768031011067,"integrity":"sha512-qS6T2xOvKw23Xwp3j/dXGo9fze8hWtC3GxNwkM6aCczAyZ/VGZfm5ntSjXZlcEUBuqYJZGhP4HoAiAzEtqflEQ==","mode":420,"size":2087},"lib/emoji/replace/replace.js":{"checkedAt":1768031011068,"integrity":"sha512-wFNc3455QXy1cvo6+ZHbEF6SOeiRbMgnpNv6vwkzurdt/8enOZuZ2RuC/94Eqa411D/gP6SaL+dR3HB0qcDuQw==","mode":420,"size":838},"lib/customisations/rotate.js":{"checkedAt":1768031011068,"integrity":"sha512-jGdUP1M6aRnkoO33kkV11vpp8lhYeQxQsRi8i8H9ubt2bnExryK0UW9dLpJ+A2m3byJPlm+0sBQPqhG1MTJTFw==","mode":420,"size":689},"lib/emoji/regex/similar.js":{"checkedAt":1768031011068,"integrity":"sha512-piRX9c+IJfnAJihBHVMJvqUfa6EWNT4DFiFSOyPPfqQyFuAnBVAUZjcxgpGYkmEy61yvKjaqGcuNu9rlIyaJgg==","mode":420,"size":5749},"lib/emoji/test/similar.js":{"checkedAt":1768031011068,"integrity":"sha512-QmJ82m8DdHuiBJG2vNAzOCITZ7G5bE1T8y/f1w14L+DJ60nIG2djyqUDk5LMkHXh4sz0i5oTUoDwtAjH5Px/hg==","mode":420,"size":1263},"lib/svg/size.js":{"checkedAt":1768031011069,"integrity":"sha512-eFtFAG14Y7ikCzGnvakz1VkYbFJJNgp7WcsRlDrhl/on+59zn3fAJGDYpozbUFeBrQUTV3yGKBswtPDU9VhTIA==","mode":420,"size":921},"lib/icon/square.js":{"checkedAt":1768031011069,"integrity":"sha512-ZQkQI90kCePQzLV7BrxX3BjhMuvVxxGhk2OqvZktpuqHSZjec00/0jeBlv+WrWbgK25JlDIE8icDJvjcO/62hQ==","mode":420,"size":646},"lib/misc/strings.js":{"checkedAt":1768031011069,"integrity":"sha512-JZGCPKR7nSY1ZL6GBTaS8DlxQKCoXF98VEjgOw3HmQ22PinS8CVTv3ErhlsEIBZwn6geSMAx7/qvhJdhsJYfFA==","mode":420,"size":691},"lib/misc/title.js":{"checkedAt":1768031011069,"integrity":"sha512-fT4eprfH4wIUWpsTw1mMW5rU1/cBmWTi5rHu/YU3Q+jMWhbXhHvajDZjOtt7QB1EXRAoI1XQX5b9JUiV9EqYig==","mode":420,"size":253},"lib/icon/transformations.js":{"checkedAt":1768031011070,"integrity":"sha512-AjiCKwtGjJW5gfztOAG8QSE/biw/G25hJkx0ZccPUdgIDhrCRudxMjS8ogmBFc36UWAPXMibDCpmAS06YzfuHA==","mode":420,"size":364},"lib/emoji/regex/tree.js":{"checkedAt":1768031011070,"integrity":"sha512-Oj0k8MEz+geogB7Tw/z6domZroTydxoT7U36Bgv6V1j5z5jmZfCRnUYlSkh9uvBnq9RorWg7foGZSVz04w+xlA==","mode":420,"size":2928},"lib/emoji/test/tree.js":{"checkedAt":1768031011070,"integrity":"sha512-eI/KW9TJK17kFarmn/Ie6txRLX+UVySc/ysrLe50wFsEPFBBUWxTEynRtI4kcYMWrtv+Ivg+yzV8ne/bhITbgQ==","mode":420,"size":2645},"lib/icon-set/tree.js":{"checkedAt":1768031011071,"integrity":"sha512-knWGCmzAcaBXqM/dH/fj0UoEGalcpHMK9G00ko7zWa8TYfW8KMHz89t72MhmalbY1F8e3AFw7hAOG3MOOJ8/lQ==","mode":420,"size":666},"lib/svg/trim.js":{"checkedAt":1768031011071,"integrity":"sha512-QwRYWPIe8Njc0VlmZmXHkjYcZmpZHJvA23dlE/YLaj/pRA5X5yQ1GPL5UipYc//jrU/oAY9Ow4Jkx37pEGAFtQ==","mode":420,"size":279},"lib/colors/types.js":{"checkedAt":1768031006991,"integrity":"sha512-z4PhNX7vuL3xVChQ1m2AB9Yg5AULVxXcg/SpIdNs6c5H0NE8XYXysP+DGNKHfuwvY7kxvUdBeoGlODJ6+SfaPg==","mode":420,"size":0},"lib/css/types.js":{"checkedAt":1768031006991,"integrity":"sha512-z4PhNX7vuL3xVChQ1m2AB9Yg5AULVxXcg/SpIdNs6c5H0NE8XYXysP+DGNKHfuwvY7kxvUdBeoGlODJ6+SfaPg==","mode":420,"size":0},"lib/loader/types.js":{"checkedAt":1768031006991,"integrity":"sha512-z4PhNX7vuL3xVChQ1m2AB9Yg5AULVxXcg/SpIdNs6c5H0NE8XYXysP+DGNKHfuwvY7kxvUdBeoGlODJ6+SfaPg==","mode":420,"size":0},"lib/svg/url.js":{"checkedAt":1768031011071,"integrity":"sha512-R5Lnwe7kH0mufl7yUGAuOkM+RHZ21PgXaHo5Cxg4gZEC+Cot03+RPb+qImzU2s2avEp0BnbEzilc1bFN58GU4w==","mode":420,"size":589},"lib/loader/utils.js":{"checkedAt":1768031011072,"integrity":"sha512-v3Senk/tdRlr1Tm0gUEm6jFoK7gXwszR2DxlMobPjd5cKhv6KulVRQsjnHu5M/P/Yg7uq8+kPHFjKMMoztZkAg==","mode":420,"size":2774},"lib/icon-set/validate-basic.js":{"checkedAt":1768031011072,"integrity":"sha512-hdiiCBBO2Vs4yT+AzqtqILBV5quvyUPzvRix6ml8z228zEVm26Ck+ID5Sw0A6Qs2wwYeN79DIE1cpV3ja2gOvQ==","mode":420,"size":1475},"lib/icon-set/validate.js":{"checkedAt":1768031011072,"integrity":"sha512-NO9JGUDBvuFmxVJLpATud9qq9z1XIfwflFFJ8maNrgnVO3OaV26Vw+t1MzT2PFG8X8tijO/drpy0syeiEtgQng==","mode":420,"size":4087},"lib/emoji/test/variations.js":{"checkedAt":1768031011072,"integrity":"sha512-8j5MNakVt1obaSJl/3++BO90G2oYrgSS4B+DyuYPNLO0FINIGNTaQxMjx/q9NRyBL2fPeJOpkJpgAdpXGYr0ew==","mode":420,"size":2380},"lib/svg/viewbox.js":{"checkedAt":1768031011073,"integrity":"sha512-ZI/ULonBVqsZpMJHhX0IKe8pmAMxtTzAaVFlmI+AlqZGaL+Cy5pUIOL09ONBBY0EagcRTPKqAN403saT02PXeA==","mode":420,"size":256},"lib/loader/warn.js":{"checkedAt":1768031011076,"integrity":"sha512-F0lKgv0DZBznKOuHM/hGJ16zGrXNHwzEQWTCb0K+1Kdo0hmNTDrMR2wYc9CblAN/VmtIZUrAcFFiyI1Pv5KQng==","mode":420,"size":225},"package.json":{"checkedAt":1768031011076,"integrity":"sha512-PH3/sFa9CTpvOqIO7FDRKcyYQmuIP9woxqRwGW5yeTO56MLlnbucYHBns4wxBkntDwnr6v+zqznw7KLk6LAfzw==","mode":420,"size":5691},"readme.md":{"checkedAt":1768031011076,"integrity":"sha512-HwioHneeHF4Pevj/tUrp2TeEpnfgRCC/fug64a71CMPID26u48MPxcp6fcNQBgjiVOON+EE9gQ3Y7dBVgtrp4A==","mode":420,"size":494},"lib/emoji/regex/base.d.ts":{"checkedAt":1768031011077,"integrity":"sha512-jSe9ir0pfIjKIhOZGK/sLgX5bJcagLob8ll2/5WODFUOdm8n9udtZb9qfWIuctdu8Nt+DVz5txizor4Vfp8gdg==","mode":420,"size":2794},"lib/customisations/bool.d.ts":{"checkedAt":1768031011077,"integrity":"sha512-QEihgyHiQtS05ffARRsqQD1gtMbmUPjJztZ3zhLBFfkn63W5c+XBGaAJIdJiyMFrYqOJfQWX/U9Rlq7fyqjong==","mode":420,"size":169},"lib/svg/build.d.ts":{"checkedAt":1768031011078,"integrity":"sha512-R0IvOjUCO+ja5E7Bi5Qw4+Woxk+zJim/bjKPMDnNtNTYqQtNxWjJ0b8cWGoRccXQHnT9DG8ZWi1gC7Q94NOvNg==","mode":420,"size":1189},"lib/emoji/cleanup.d.ts":{"checkedAt":1768031011078,"integrity":"sha512-RTZNAFBYb2ZDr20incPqdFff+0y4yLHITDHUGQWhMegeXSIkQQ/Z2+LfNhTGeGPQzKPKGO8ixTeH/wySURBuRg==","mode":420,"size":1736},"lib/css/common.d.ts":{"checkedAt":1768031011078,"integrity":"sha512-ojMHmyPIUbTP6A5KhGAtAJC6EdEkRTxpTV4sEtoGdMPvSfxx5mS/CK6YBJwfTJkzJiSn1mZkZG756zH9vqPuFQ==","mode":420,"size":822},"lib/emoji/test/components.d.ts":{"checkedAt":1768031011079,"integrity":"sha512-FNq59iwB+7pt31dBqecQQdjZVVlgWnhT5Yo8NzhSI8Uw0K/hCZ7OYDSysa7Jd7v5fuTMipHMUxH7weZeXEHx/w==","mode":420,"size":1552},"lib/icon-set/convert-info.d.ts":{"checkedAt":1768031011079,"integrity":"sha512-uikazifNwwjA1xwJZv1iUVBJ+dCrefjCHcksCbK7T2F5sXN7I58+t22ilQPozpdb6vu70M/wLszIvPLg4tBErA==","mode":420,"size":712},"lib/emoji/convert.d.ts":{"checkedAt":1768031011087,"integrity":"sha512-3wJEkfMW7zcBMCB9lJTiUWKMMLxKh5nrIUkr+D8hnPnlWdWXeu1WyrRpbHEhYSrWWf0Rx+MiKDw5rhKZec5qFg==","mode":420,"size":1128},"lib/emoji/regex/create.d.ts":{"checkedAt":1768031011087,"integrity":"sha512-IJkD4p7b8ftDelDAywnfYA/yVPE/Xs42GabeP5ZZUb3d36nuiSCIWYl71k4ACtm68LKIszRii2L+X8PzxnyJ4A==","mode":420,"size":850},"lib/loader/custom.d.ts":{"checkedAt":1768031011088,"integrity":"sha512-Mf/3QRp2u7bHQOKAZtGiSAyuFr7v36G6PzYwuYy/PBUfd6s7bwY4Ugmevy02g4ir0GY8SqjhlRrWxNWfwxngug==","mode":420,"size":350},"lib/emoji/data.d.ts":{"checkedAt":1768031011088,"integrity":"sha512-S4cr5WMFYGYHeEWMnS0+15WVXG7gISJWqY3Bz4N/JdZ1TuR+B7ByocVx8nPwzCZU6Wi4OH9rFYD4GL+eiIrnmA==","mode":420,"size":1001},"lib/customisations/defaults.d.ts":{"checkedAt":1768031011088,"integrity":"sha512-bggohFQvDiGLlI+308rhby1XADeG6jLpsFVwRj1RldaPJ63oJzmBSILoz3zSXWHToXVVdH3m//Q3w+TvkIIcuw==","mode":420,"size":809},"lib/icon/defaults.d.ts":{"checkedAt":1768031011089,"integrity":"sha512-TXE4UlHoONu8eJvEfiP7h4zNKF0C3RdFEk5BEKharKadUHw69GKRTrTQhXMNQI4bwVcN3TuXTfz0LFHbEWdlVQ==","mode":420,"size":1074},"lib/svg/defs.d.ts":{"checkedAt":1768031011089,"integrity":"sha512-zTnUcGk+eHH3F4YVzUDNsirm8u3AiYDvT/KmS8nXtL2PNZgSL6/8YcMTi4j/Z6DYtUESjAoqfvQMCAWU/r6nJQ==","mode":420,"size":669},"lib/svg/encode-svg-for-css.d.ts":{"checkedAt":1768031011089,"integrity":"sha512-CmqiIw7ODdwF51p9ZSvtiKiHKOkmxq9ZEcQ9HOkHn2uv8CaTjkJ6BRbudwDGuzonzvhIdWCFOLsNkDrAEMmckA==","mode":420,"size":231},"lib/icon-set/expand.d.ts":{"checkedAt":1768031011090,"integrity":"sha512-EUxUp8LJCSIwvS+SWj06IBO1/ZYgr7e0XVtJHdvIdCj9vGqvyNhkj8UGfuLwlOr6IiRlG4AhjA4gnCoGdyAgpA==","mode":420,"size":215},"lib/loader/external-pkg.d.ts":{"checkedAt":1768031011090,"integrity":"sha512-TJQ43GWb7kOBEFA8l+51vio0a3d1ci2h71ONI25g6VlSerlAQ2pfkfT0tQrgjv3sZecAA4Mh7jMqEGGulTd9NQ==","mode":420,"size":495},"lib/emoji/replace/find.d.ts":{"checkedAt":1768031011090,"integrity":"sha512-oSwjfX7IZ4842hlhQRqIp6sYJjdD4Lq5G/cy/Z2XK8fF2J8ZFYP4D4xEGkL4jNgrQ85j3KwshVGg8IIKIHnmdw==","mode":420,"size":818},"lib/customisations/flip.d.ts":{"checkedAt":1768031011090,"integrity":"sha512-CcWi1e2sF0bKGHIYkr5GPpRb8ARRGCJv+Dr9bW6VpV7bX9G2//wXFpjp1PLdf6S4M5EcbKlXhJbj+QipiIgSIw==","mode":420,"size":362},"lib/css/format.d.ts":{"checkedAt":1768031011091,"integrity":"sha512-8MLc1hl91Vcr54h+tO98SFUFravW4X47chPorTEwnPRjeoEzt9HL7a/Xi7WEQJwVXwb7ruz356U53KdyRrYw0w==","mode":420,"size":240},"lib/emoji/format.d.ts":{"checkedAt":1768031011091,"integrity":"sha512-Zvb8Oq6ri1MFyXOGzdd2+DhV38fFr0QfXvvfbV86b+DUR0pfji2C/J56bG51Bsd0giGj0HpxOySK7K3ylWWs1w==","mode":420,"size":916},"lib/loader/fs.d.ts":{"checkedAt":1768031011091,"integrity":"sha512-BjbHwzey0kPeix9Dls9n6G3/9ZRxg1VVTONHHZSDSiCJQU4C2Y3d0kNXUuLPK/rUfx4PPaZp4gYzFme0fZh+XA==","mode":420,"size":674},"lib/icon-set/get-icon.d.ts":{"checkedAt":1768031011092,"integrity":"sha512-XJ9vuZLYN9nAHDDo7rk5N7VnoO+Vmi8QGiIwNWAl/hTkjq+42Lggs9HVCrbMERFZux1WmDiIAd70L4kBgauIkg==","mode":420,"size":393},"lib/icon-set/get-icons.d.ts":{"checkedAt":1768031011092,"integrity":"sha512-TSxjiPMk1warACifCM/Mw3YANhhhh8Aku2VXm5CTYVAcxz+RYSmZkJs2HFf3zgUG+v0C/yBdWgNiVW9hjDi0pw==","mode":420,"size":345},"lib/svg/html.d.ts":{"checkedAt":1768031011092,"integrity":"sha512-SVGcgk5gInYyQ5q0Fy7x/A0QwQsRsp1YifQzOBh7R/4CmeCbH2oWYzEhGSpehrCd0iaG9HF3AipcTS2vBhr5lg==","mode":420,"size":135},"lib/css/icon.d.ts":{"checkedAt":1768031011093,"integrity":"sha512-gKaQa+27LmCO53/7hEv2q2+SByF4fpXmsAI79xLZgAD14EBIhqxI234HGaFRZaLHQBhlg9G9NeWqE/YBOxBNaA==","mode":420,"size":451},"lib/css/icons.d.ts":{"checkedAt":1768031011094,"integrity":"sha512-72w8v4ECa8yq2UQs75K7BwM72KJdznt2IxTi0i8E+YiVi2A26YLLi0BNnUKzKqnj05Ue9oJwf/BT+0hNpU7dQQ==","mode":420,"size":778},"lib/svg/id.d.ts":{"checkedAt":1768031011094,"integrity":"sha512-kIG7JkiH0oppImaa3MKQCfYN+xEcpxhJqaMAn4t6rF+5S99GgbJgRQJhKcw2TuSVJPk0Q794+CxiMm2yhTzT4A==","mode":420,"size":338},"lib/colors/index.d.ts":{"checkedAt":1768031011094,"integrity":"sha512-Z2kzrkrsbEzCsYpz6B3/evOAclNU3J5EQHJ2qn0e1sp+XQPUs+hXLyQZAgvIgCIhUPSAoa6xbIuE77++Ypp9JA==","mode":420,"size":521},"lib/index.d.ts":{"checkedAt":1768031011095,"integrity":"sha512-DH4FWSeM/+VWI/STHKE54RdmSCCTlgwOiHy1WTQWBa1mDRy9Y5NbWViXjCjo9rNELjOBcO3Azoe1Hhu31MdeWA==","mode":420,"size":6043},"lib/svg/inner-html.d.ts":{"checkedAt":1768031011095,"integrity":"sha512-Nbywc1BMZYMYiZM+zm0pxc8C//zUvr/kEjGBmf2ea/ITsKjSb+bYF0BSSLuIVOZBi+oXHjdkg1MZdZ5MMX4zQw==","mode":420,"size":271},"lib/loader/install-pkg.d.ts":{"checkedAt":1768031011095,"integrity":"sha512-yEtmVrQOsVp81YfCvdQNQEs6BFeYxYG6swEeARSKdN9ndaGUiR4QSvZUdd6d6arVkR0JL0cT/fSdKD4dqCUo0w==","mode":420,"size":166},"lib/colors/keywords.d.ts":{"checkedAt":1768031011096,"integrity":"sha512-SVeoRZd5b1a9xgfWhVBpLlV8rh13SVe65k8Ygm50+y2jpDQGuAZEah8DhZyWB5C+HThUYBI89MUUcL++UZoTRA==","mode":420,"size":139},"lib/misc/licenses.d.ts":{"checkedAt":1768031011096,"integrity":"sha512-EPEhzkkoPTnrZJC+BfWasSRgamOwCmwBb+Bz+FppmzMS+GHla1Vc439X/l7ddr3J/s3f2rdR/iWfZJE1nLsXbg==","mode":420,"size":336},"lib/loader/loader.d.ts":{"checkedAt":1768031011096,"integrity":"sha512-8s3xbx/JSDNg3lTzyu4y+8rTEV3OZHWBECysf2Ntx68FioQBECjh7R9AhjH5r9VOasEvlwLo3wKdF/fa4w8M8w==","mode":420,"size":115},"lib/customisations/merge.d.ts":{"checkedAt":1768031011096,"integrity":"sha512-pAolW7O39vz+CE+nqP5o23tUgobZ0vPfT8kox7y4Vi7UBhJfWe+sIyhLCi9N19OcSDlGVucHX8OGqIHic7k2kQ==","mode":420,"size":328},"lib/icon/merge.d.ts":{"checkedAt":1768031011097,"integrity":"sha512-UQGEN9yKfCcWlsKXMwP769zKPrwLDY2Yw9HdzMAvsHgQXUFLAjVyPgG5ZXcnv61a1xu2K3T2R16ca/w5yeKYXg==","mode":420,"size":292},"lib/icon-set/minify.d.ts":{"checkedAt":1768031011097,"integrity":"sha512-w0/5oA2fX0ZcbcSXohPni9HpmPS41JTU8O99eeMF1HYskxwZ8SDkv8VHtQyC/Omlr/s7L6usmdAMauhQQrHryQ==","mode":420,"size":908},"lib/emoji/test/missing.d.ts":{"checkedAt":1768031011097,"integrity":"sha512-1RanPZ0GzrolCbkdQt4y0tcewHpmRa25bYC5hNfSdC7d9nGUFpkBKksmzDhuV1LXb7FbiBWjsetqDFjBoJiDfw==","mode":420,"size":569},"lib/loader/modern.d.ts":{"checkedAt":1768031011098,"integrity":"sha512-P7cPaFzDwkj6AYOFpNP7MP6h4yZKZ5L43YTX0//AHn2cipmdJof067UCbMgFJ3cShBppogrnpBRkCMVgQpU7Xw==","mode":420,"size":272},"lib/emoji/test/name.d.ts":{"checkedAt":1768031011098,"integrity":"sha512-6SNs+ExaAB3mXrza9ItsbG39zwzlLHI+xpoFNYYd+5L4qDQS1EurH2oyvUzokSN2kFieUFvHHZWOUjbXHLkNJg==","mode":420,"size":673},"lib/icon/name.d.ts":{"checkedAt":1768031011098,"integrity":"sha512-wxAVxg5DrzEe3NKegxd80fgKnpGOKaKcvwl4Jhxlf8lmn90I4WshEftZ9fCe1yzbVl5lc9/x83ohx06c+2gD/g==","mode":420,"size":998},"lib/loader/node-loader.d.ts":{"checkedAt":1768031011098,"integrity":"sha512-kbS3XwCsZOIkASvMHCN/ndd3eMlCT7eJIZk5BxuI9mCcQVDGSqIm/LFZS66mEbMy5vvlmBHxJlq3pws4eclAQg==","mode":420,"size":123},"lib/loader/node-loaders.d.ts":{"checkedAt":1768031011099,"integrity":"sha512-axn6B9ViP1J7/ATC6bTNqgx5ltxqdKrgDUkki0wCT77IPGOpW8dM76KwdBTgdNMNJkqPdeY3lN7wb6le9qD6rA==","mode":420,"size":310},"lib/emoji/regex/numbers.d.ts":{"checkedAt":1768031011099,"integrity":"sha512-XtOyVxjKUXVUipkVQgNqL2GtjjJ9ZoXngtxPuL42GunKr/g2/XxK0mQug775heCm5rtlDKBKjZNPxAX9r0MgrQ==","mode":420,"size":738},"lib/misc/objects.d.ts":{"checkedAt":1768031011099,"integrity":"sha512-xWjjGjGnZDRQkSzY0BXfZEAuAuJSCF3lyoJqrINM4EgDCDViyxktY7ZOb/JSVeR5EqdWaUOPEiylq4SXvNbf+w==","mode":420,"size":578},"lib/emoji/parse.d.ts":{"checkedAt":1768031011100,"integrity":"sha512-OekyeHhZpZ/bXHeGQWA+zwo4UnJVcUny9RSHbteFI8S1X6gCfW2WFrjAWG+Nzdgnrg2h15AMcrniu4uZpDeczQ==","mode":420,"size":969},"lib/emoji/test/parse.d.ts":{"checkedAt":1768031011100,"integrity":"sha512-EUHkNjoIzZqOKQTHmuav5ypgJIV43b3oTVOA/ljkkn+fqYn+k1NodUxVi8HvL73YQaYr5787+R/gIqhW2s6SuQ==","mode":420,"size":1488},"lib/icon-set/parse.d.ts":{"checkedAt":1768031011100,"integrity":"sha512-mqI/k7pRC6p7Fzd+7pQbgHNYm9sE+m0YGtUitp1e6G7Bh5wnpS3d1UjZZE6BOQxXXv9wdSz2yT/5FK1sQSb5JQ==","mode":420,"size":779},"lib/svg/parse.d.ts":{"checkedAt":1768031011100,"integrity":"sha512-wB3Ho22w29vfAKwItYc0GYxgo/YL5GxwOqgyxGXGA1od74kLCp3v3gZmR/86dHDzgiTG9TMnTqJE7Vm7Ut4CMg==","mode":420,"size":700},"lib/svg/pretty.d.ts":{"checkedAt":1768031011101,"integrity":"sha512-+sJ7QQ9CducPFXt45MZUoENFqTegmufHkWEzFV75hPRvOj8yfe+azfP1fU7IZULAHDoc0AOKhYrQ2Kf3v9Qu3Q==","mode":420,"size":139},"lib/emoji/replace/replace.d.ts":{"checkedAt":1768031011101,"integrity":"sha512-qxlLNjifntynq4YZmOoZx2/VP2elxhTLav+2UnfL068Ik/USiuIddohSCDqpO8FYF3RbcH2TB0eOVUWPptkjmA==","mode":420,"size":599},"lib/customisations/rotate.d.ts":{"checkedAt":1768031011101,"integrity":"sha512-DKCY7/+2MN9rhTA7lUasV7Ro3Hs9BIun0CeR9SJo+avtDmyOa8gl2B6joakmQytUQjWLTa9Xo1WI3+mOAloMxw==","mode":420,"size":139},"lib/emoji/regex/similar.d.ts":{"checkedAt":1768031011101,"integrity":"sha512-Mz8I7TkTUL88AM0qGveHn5ASPVQCCeODvQ0UX4eS5YFag9cNDxZCBdKdkESTL03TQfha9BeABYiDRkKBDR0nXg==","mode":420,"size":1480},"lib/emoji/test/similar.d.ts":{"checkedAt":1768031011102,"integrity":"sha512-2CGm9xONegmwjX0rOD9aiB0+iZjjo7R3vZUdilRrUyVOSEy6gbDWaKjBpXaG7GdFhm+ErOZAmmUfzZzZCvAVYg==","mode":420,"size":1021},"lib/svg/size.d.ts":{"checkedAt":1768031011102,"integrity":"sha512-acfzLWd7a4hTc5mBPyi+C/7nDcJnq4J4QTdATsmysrpnIRTqJcGNM1wHxzdb9ZvhBXC6ItVB9zwIW06p5V/0Iw==","mode":420,"size":377},"lib/icon/square.d.ts":{"checkedAt":1768031011102,"integrity":"sha512-ZaaUJ7jUiC4QCh8jjdihQAHLI7uVguDFmdTF0hM8DpCYYcuge0TeZDfpW0IUTRnZrdXC2ByLZyig06iJsp3YQQ==","mode":420,"size":357},"lib/misc/strings.d.ts":{"checkedAt":1768031011102,"integrity":"sha512-vy0qz/LzTVHYAlBoXRbqRgVuSDOv5KYDnVYJArJNH0oA1IN43691uMWq8Xw1/YcUhheRomykn+PC9nvnLFcnKQ==","mode":420,"size":434},"lib/misc/title.d.ts":{"checkedAt":1768031011103,"integrity":"sha512-GaEQHcWZazN2jPdZNTh+b8VLN/4dZLq4+2ssHV6Edv78iKOLqym96U6nEfgS1cxWz+GL6g02Vkr3UDbNZY82zw==","mode":420,"size":237},"lib/icon/transformations.d.ts":{"checkedAt":1768031011103,"integrity":"sha512-J59uYTMcCxxD8eBrGKdyk9NnnU+ax3dGT/RrlGFwLUJlbyEi5RspaWXG8yVYNKUsZautnjG3Qc64pBV3YEuQcQ==","mode":420,"size":245},"lib/emoji/regex/tree.d.ts":{"checkedAt":1768031011103,"integrity":"sha512-sgZ892A+F6gbY7pALKaZthUqgBW4l957INe/gynv2iiPGp8tq7Zx1zyT+d6x4j2hE5zwthtgIOgDPTr7upZniQ==","mode":420,"size":379},"lib/emoji/test/tree.d.ts":{"checkedAt":1768031011104,"integrity":"sha512-Q9R8PfL24C2lq9zNNFHnrSdQyYFBeBYJeRaVuCs0BsFzPimZ2cD8fR59UAO3+A0OczJb9je+1R+Pb1xI6phkwA==","mode":420,"size":855},"lib/icon-set/tree.d.ts":{"checkedAt":1768031011104,"integrity":"sha512-r0Y7Zf4ttXlmT/WqAn0wSLKcvII6xZR/7tQTcqwPPazErajeq3iOJnpptInJ6I0xrPVq1LULU3Mg5eJgNS+8hA==","mode":420,"size":359},"lib/svg/trim.d.ts":{"checkedAt":1768031011104,"integrity":"sha512-lX1VBNicuU/RsFsHcafPNERJ6D0ZCRVUEITXDb6Cjm6nFLTcj5JVqBojv7xHfGLuPp7brPK0zNy7XLYnKDCd9Q==","mode":420,"size":95},"lib/colors/types.d.ts":{"checkedAt":1768031011104,"integrity":"sha512-LEWSaU+bVX8oE5zNMrBCpXWE6kZoEIiF+utQSQBcoGGZe1MVSswJpptAmBJBpBFrGhRt9izQOByGEy+CKbOXbg==","mode":420,"size":824},"lib/css/types.d.ts":{"checkedAt":1768031011105,"integrity":"sha512-wvy7+vcid69bZEcGtUYygK3D0MBKteuE9gl5DBUVKflJHwNO6Zrc0VNPqPsmD2Xv9N2JubURO4ZHbEWxCL7VQg==","mode":420,"size":3079},"lib/loader/types.d.ts":{"checkedAt":1768031011105,"integrity":"sha512-MpxxtX9Zgm8tsnurbwEEtjylLJyRPi1KLT60uLn95oBQna/4rt7XGEaNdYkkhaIGyOr5ajzGo23cqzLP4YSDig==","mode":420,"size":5488},"lib/svg/url.d.ts":{"checkedAt":1768031011105,"integrity":"sha512-bHUduOGdsGNxp2fzqUbU3GpGaiWjpLNM/kPivx7Jb8KGl4L3/wiqoffEUBRU59CgsU6l0+Oycb8TljkV210usg==","mode":420,"size":426},"lib/loader/utils.d.ts":{"checkedAt":1768031011106,"integrity":"sha512-V7M5Ih61s1in/GLqO7p4mHRmXIR49Gjg1ejrOQxxXwWIF4ZUTIBckEaejbsxL21vLM05GNADS/GfLaXkUvC1jg==","mode":420,"size":453},"lib/icon-set/validate-basic.d.ts":{"checkedAt":1768031011106,"integrity":"sha512-VBofDSp5xtNh8PQ6XNn9rtVNNrcgAnFJEh6lKhpGB53krIV06Ov6HgYnTQfnTLAEXMp78NIs2vmCqh9qWQe+tA==","mode":420,"size":383},"lib/icon-set/validate.d.ts":{"checkedAt":1768031011106,"integrity":"sha512-RQNrv/YR6uyIq1I/kW0HDoz8AaGdgcdlNvE615uZkgZ1bY2DQ1Nhl91iTHghcuqj6inJX/xRJTnbdh/fi59R/A==","mode":420,"size":458},"lib/emoji/test/variations.d.ts":{"checkedAt":1768031011106,"integrity":"sha512-2Lw5zXeoetk37shTycYjnxjyI4M9a6rOPP8vUn/1ZYPQWEpFPs3MfQoQqbOXuTQCKH6pINUGBtKaTqoEk+a0aQ==","mode":420,"size":1107},"lib/svg/viewbox.d.ts":{"checkedAt":1768031011107,"integrity":"sha512-C/a8RrWVk/h7AAJUIkrCI3btEUZe5s3M446qkOL+N42US/O2+rzPRorv0Goj7gjuvEvX4YEfK6RoZHK2nHY7sg==","mode":420,"size":260},"lib/loader/warn.d.ts":{"checkedAt":1768031011107,"integrity":"sha512-Uixybfux8lFN6RPArnDHAgS35yJSc8TQAvIY+KAq9qAYptkS9FjzjJaqni9F0KJePPmP/TqH4981iENqln6qoQ==","mode":420,"size":66},"license.txt":{"checkedAt":1768031011107,"integrity":"sha512-f5oJOf4sFA3paQ+zSfJDymXdgH2PDVXFk+GDDNIDKdo5CqyxI+/M8KKI0UsXl4c1FwzNwavAIpoa85lzzDKDZg==","mode":420,"size":1083}}}