{"name":"@typescript-eslint/visitor-keys","version":"8.39.1","requiresBuild":false,"files":{"LICENSE":{"checkedAt":1768031010215,"integrity":"sha512-t0z/UCQ+RY4AylIo7v6ZCtzCdS9pMnC0+yB0VQa2A+1S+oV4noJtM9o2SOJfDVq7GqTVK4GsuGR2QO4Nb/K7kw==","mode":420,"size":1097},"dist/get-keys.js":{"checkedAt":1768031010449,"integrity":"sha512-EUG96Pf8Xhx7TaQS7gLT2cDk3J12HJg8LEusfyYjrZU0IolMIU0vvyEh2uxfZGktS6Rjeu8p2VrkyQIxSqcLFQ==","mode":420,"size":214},"dist/index.js":{"checkedAt":1768031010449,"integrity":"sha512-M6QRFQBht4xkkC8FSbm88OsjdO3ODBRLbV5gk5yN3GzR3I2DWMY+V+01zNkt7aRhixH8XwPnvxQD6YFJ+9cxRQ==","mode":420,"size":453},"dist/visitor-keys.js":{"checkedAt":1768031010449,"integrity":"sha512-VGrI37KS5pDutjKqlP6l1AVJxvEy9K+bgRHQUkvshQJiVQu0zSnLkQklaYF3UpCx16+8+2xTBsbe1caeEAOQig==","mode":420,"size":9039},"package.json":{"checkedAt":1768031010450,"integrity":"sha512-S+UvBc5zp6496MjYJXT5D93W3xSd4lcxlJ8WLkWJjRIE+P8yH6z9nv/pJ1usxvr/ooAYwF4dLS+ioIflJ1217w==","mode":420,"size":1677},"dist/get-keys.d.ts.map":{"checkedAt":1768031010450,"integrity":"sha512-0KT/axKmyZCr16WSLvOjaDYjSmT1bOrWM7NxdPZz1CRR5OtOapZHd/Q/5p336C/dXOC4U/5kOgj5m0YPq7Pf/A==","mode":420,"size":238},"dist/index.d.ts.map":{"checkedAt":1768031010451,"integrity":"sha512-tyGRNUXcCaCX3VQ5bGXuXf6ZtWeS9v05TOwkn1aIrLxk9YRXuiRNfYFfx2qMa/p+ajEc8/PpXC1F7S+QGBgy/Q==","mode":420,"size":201},"dist/visitor-keys.d.ts.map":{"checkedAt":1768031010451,"integrity":"sha512-z8UbRrO9lMhZTGUJQaKDpKqIW1Iz+M9FcY3z8h2sgSXPwDTx7t+iTgnyICakTA0RtEsZEi5aOXzvutI6zDr4Pw==","mode":420,"size":235},"README.md":{"checkedAt":1768031010451,"integrity":"sha512-k85aXn813I8zMqCjwrT/GGnvFUMW/LRUkqsNeJmrVww49DfYcvsvk7VVHk8ZM7+HiHVQxdvuf/VeGIKP0SU4MA==","mode":420,"size":366},"dist/get-keys.d.ts":{"checkedAt":1768031010452,"integrity":"sha512-Fi49MGx9DsD7yScIUQ8hPkeNdR8Jv8zufbw9c+irCsLFiXlb+9I9QWLWPR2tmoFeJhHyUFYgIvOE72/KRos8pw==","mode":420,"size":170},"dist/index.d.ts":{"checkedAt":1768031010452,"integrity":"sha512-i0PzruE0EhnP1lhpinklRUaODipnMJemhit9CbjHJfXJB7RFGKPnezSjbCy9qN8Hh6UgvzpxrlNpKUOzPTmzxw==","mode":420,"size":137},"dist/visitor-keys.d.ts":{"checkedAt":1768031010452,"integrity":"sha512-BweNfYce0aM5FSiq9xrYNPJUTfYFoiVkr+itq5UKQqP/V52ca9VFQxVUiV7HDy+mCcGm9LMDZ5+d/JtLSfc6qA==","mode":420,"size":162}}}