{"name":"commondir","version":"1.0.1","requiresBuild":false,"files":{"package.json":{"checkedAt":1768031008135,"integrity":"sha512-Mvz3NVhjbGKT7WVsOmLQuJ4Q/c2y2wnzG72rLS1Q6Y7/qXg0YeUcsOBih/7vQoMAGhFLH2I53Lalk4TfBDruvw==","mode":420,"size":636},"LICENSE":{"checkedAt":1768031008136,"integrity":"sha512-U9pDjzC/K/QXkJmMuIOjqQ4rDcFF9qiK5auuMDYtl78k2szzTb78bBnjUOpUhvbGxjG9qxUb30VUYdFsVdkx7w==","mode":420,"size":1109},"index.js":{"checkedAt":1768031008136,"integrity":"sha512-lRVjHghUMXMXgk13SQ9m08pDRcak7XcvOwiYnCCIINUb6dJH4RALhvZWYr/o52ydahGiUy54BxY/uCw3X+1KOQ==","mode":420,"size":802},"example/dir.js":{"checkedAt":1768031008137,"integrity":"sha512-UB1BmZP8bL0q51JVUcCf+sspusOLr5wIOUY8wNlX+eYtyUrljnrr0RFRgLKio2Q74hDxhtjD5O9YcRTxBZwkvg==","mode":420,"size":94},"readme.markdown":{"checkedAt":1768031008137,"integrity":"sha512-xdOT2QyNljTwQdOZQDggeNd3s5hVq/9jCz4GuxdJNh5/fFV13Rc2SLI29F1D52qWlQxtjpsgsnaKb8oThHi9QQ==","mode":420,"size":780},"test/dirs.js":{"checkedAt":1768031008158,"integrity":"sha512-8keSU+n+9o9JGvAfcwHvPydbv74Ysg1JaaG4oLc833kISrQTrkFhAwTwHbfna2hotP1bF2rByuH87uoNx8f5kA==","mode":420,"size":1365}}}