{"name":"tinyexec","version":"1.0.2","requiresBuild":false,"files":{"LICENSE":{"checkedAt":1768031079354,"integrity":"sha512-66hLvqB2IAi0crly5Mzp4iojlnnuCaQxfP/epq1lJ7GdK3YYeQTbuDlJuEn6nq0uYoTYfsq7gYfEo4XyrkMR9Q==","mode":420,"size":1065},"dist/main.js":{"checkedAt":1768031079355,"integrity":"sha512-bQHUN1mEOKGy3fn6MBdw2BsEPtD57NfHzcirgcqAfmL47N8c/7S9QpdnL7K8L8CMqyeSlXTCY2Onp6//Rsh2nA==","mode":420,"size":14792},"package.json":{"checkedAt":1768031079355,"integrity":"sha512-2vyEN5yYGsqhJTO3RLwA4zMYSgWJyWQ/MytDyMXhrB+CYwZUMqBXXcIycEWD9g3/rgs+W0divfOTuhGJLkFk+Q==","mode":420,"size":1457},"README.md":{"checkedAt":1768031079356,"integrity":"sha512-v5YYXJtvJa7NP0+m8/A8CCzw70FK8WPfNOWYb+mf2il9r6fNIqUseK8rtuJKj6E9bPseBZItjkYR83Zp5OIkpg==","mode":420,"size":6140},"dist/main.d.ts":{"checkedAt":1768031079356,"integrity":"sha512-oFDU6xvSiNkeT7kFVt+sFgrruiBmnNlkYho5Wd1o4mmcoZtSuTA1nThsm/0oFd7PVIdo+wGPN8mXr5PXHWOL9A==","mode":420,"size":2661}}}