{"name":"@sveltejs/vite-plugin-svelte-inspector","version":"5.0.0","requiresBuild":false,"files":{"LICENSE":{"checkedAt":1768031007118,"integrity":"sha512-OrT8pFW4B2XbvqEXQtR+EK+3mAlmzUJ7IATExk7VRBV5sKmzM9PEON/gJz4zY6TFJalSbONd2BbTnz/bazxZLw==","mode":420,"size":1139},"src/debug.js":{"checkedAt":1768031007118,"integrity":"sha512-XziYmuYbAlA8GkIM2qAYLfLItjVedqm7gfzAXKO7W9rfShHYmtQL2I+r1ZSSECme5/aox37k2+A9RnSQ3C9RKQ==","mode":420,"size":90},"src/index.js":{"checkedAt":1768031007119,"integrity":"sha512-itvSThcR6zdLpukId5njEHrFVE/HT9eVBWauALHf4dKzoAaD/OmjEYyRy1mD1qiniDoYwSRxfhe08LeWqr2R4A==","mode":420,"size":3632},"src/runtime/load-inspector.js":{"checkedAt":1768031007119,"integrity":"sha512-ctZ9cgXfAomazgeS8bvjCO3CQdxKduJLtleJ3HJgNV3kA/vSHaPGD+Jxa8xaSInMh07xrlgFfHV2qkSMxKyS4Q==","mode":420,"size":521},"src/options.js":{"checkedAt":1768031007119,"integrity":"sha512-CXzB/C7ztgDyycJiwIVKdlTb6pj8cUeYruriM0tk6eyRPaS1ihwTZfAAeQl2p81CE0ajbea/wZls9PcPtP0Gvw==","mode":420,"size":2007},"src/utils.js":{"checkedAt":1768031007120,"integrity":"sha512-NpMGrqw7mbVZShOY3JdwnyxaNWnoYltGeGBJaafubQq0kzxuZn6imYJbZ1wgEsoRoFC7VaFBH0kyXVQmznGryw==","mode":420,"size":132},"package.json":{"checkedAt":1768031007120,"integrity":"sha512-8x5Vy5nKkKySE8DefnVpybA7D2guvcwqxb4BAc2cUlLWWLjoLhhZfZiDSHzkH91HNhbmXT97Ua5vtZ+JyJIPHw==","mode":420,"size":1267},"types/index.d.ts.map":{"checkedAt":1768031007120,"integrity":"sha512-0hB0r3+F3mYYoGhISN7W8ORsg68LDB+21gCAzY6eLXF1zhwrIlE83CeW4b+qZlA9NbF0w9r+p1VppXG2UHyy7w==","mode":420,"size":329},"README.md":{"checkedAt":1768031007121,"integrity":"sha512-JnuQkrpJVTs5RrRhttEYKwHeRpP21ksWxaOA67xiSILs9eKB0F6qfHUaDBo2o0GvyTjmco1Spvq04+2wIhX/yA==","mode":420,"size":524},"src/runtime/Inspector.svelte":{"checkedAt":1768031007121,"integrity":"sha512-NWoOpX8kTvzkxAnsAOjFRzKSTxS+KHvbso+NmKeshYG0RyOvlc5H3eu3EAbUmbUdKyU1fspe4Hg0srUhnpR8Jw==","mode":420,"size":11691},"types/index.d.ts":{"checkedAt":1768031007121,"integrity":"sha512-9y/MmQ3oLEbG5/M/qHC9+FFqgMXCLvxZ32kZr5qDs40cp+ilOjGd6bWcNXjkO8xR6JkHzOyVjjdqhNnw6cKCBA==","mode":420,"size":2460},"src/public.d.ts":{"checkedAt":1768031007122,"integrity":"sha512-iGC+F+FuVPIxhspkIgXqLCPcUzMocs8xGwjms4AhOyKD1NlaMMPql9c+POC1jRQU6qDHO3/GDjy0q5RkUTTR+A==","mode":420,"size":2287}}}