{"name":"is-reference","version":"3.0.3","requiresBuild":false,"files":{"src/index.js":{"checkedAt":1768031007464,"integrity":"sha512-5V6UQFdZSOcZlEwWFUf9FG0aol+Cj9IbV9OI8hpyqjSCF8NpwHzY/eGegIIwNsaouCgxS9aZD9RzkkKjsd9kig==","mode":420,"size":1423},"package.json":{"checkedAt":1768031007465,"integrity":"sha512-pBKnZblipBpMfQv0RALdx3QhB0NrUT9gydG2jRyTQlvJwjYETXG4rGJjOUZzKINC9BXeEZfhFBm82m5UVhGExA==","mode":420,"size":1012},"types/index.d.ts.map":{"checkedAt":1768031007465,"integrity":"sha512-ZCAilKitWL+bEncAbn4rBZXqcMIv39ioV0elZ5V4jGPcwVawdDA0IyjXN/vgQI+EcKDSPMGqvka1DkOaXsgDpg==","mode":420,"size":129},"README.md":{"checkedAt":1768031007466,"integrity":"sha512-IFzva6WaTQ4w9K2zF7WFKeYfRyWSLE4VrPjf3Mj0A/Vrb6T2rkYE8FD9V4JtupfoDMzj8gRjdQS31Pz/cS45jQ==","mode":420,"size":1195},"types/index.d.ts":{"checkedAt":1768031007466,"integrity":"sha512-MiH7WEVICfvtqqlGUMPVHdWvw1D0zyjf1EdAvOCLErCQhsp5EAjk2BxyV4s0PUBlIwg0ew5uuIK5EM3tHfXLHw==","mode":420,"size":194}}}