{"name":"@typescript-eslint/scope-manager","version":"8.52.0","requiresBuild":false,"files":{"LICENSE":{"checkedAt":1768031079514,"integrity":"sha512-t0z/UCQ+RY4AylIo7v6ZCtzCdS9pMnC0+yB0VQa2A+1S+oV4noJtM9o2SOJfDVq7GqTVK4GsuGR2QO4Nb/K7kw==","mode":420,"size":1097},"dist/analyze.js":{"checkedAt":1768031079514,"integrity":"sha512-6QlpJqKPY/3BK+U9Ath9kW9JRKHqFn54jU4yt/6l0MQzRkuSLJHFLX0sLeONPCgcdze76qzkOlfCLy3oscA5+w==","mode":420,"size":1708},"dist/assert.js":{"checkedAt":1768031079515,"integrity":"sha512-LzcdVY6hhINdjVBNT+neGaynRLluWpay8JJipkieYxFSyrOsf2BQsrkA0a/vMX+HOpeVsfGkdp6y+BDQ2ndkfw==","mode":420,"size":261},"dist/lib/base-config.js":{"checkedAt":1768031079515,"integrity":"sha512-PWlkQnwDPP5QcwC7LmtnI/5sAaCjpIiY8AKkGJUS0bM4IMXemXulvcMGsIe3f+IMmXEpZe66UfRcUdlUEcu7kA==","mode":420,"size":715},"dist/scope/BlockScope.js":{"checkedAt":1768031079515,"integrity":"sha512-rMet5WGCf1BA40b9KdMfTn3vRMJ5FzYJT5O86jJaRPD3Nj8f2phdrE8FkZGIKM6D7/3OMTeRRs4dxZlErcdRtQ==","mode":420,"size":419},"dist/definition/CatchClauseDefinition.js":{"checkedAt":1768031079516,"integrity":"sha512-fQw4kktDrdx+cdEu9YJnz7OaqF9SLdakD3KjFRb98A+iRWYzbGGMieHd3fJ9x1Rm9hnQsgQ03pjI4rBA2ySKqw==","mode":420,"size":529},"dist/scope/CatchScope.js":{"checkedAt":1768031079516,"integrity":"sha512-oBvll74iZUzsJmIB37QUQkElGRGTDfjgVRF+NKnSphwQpsRhmBAunyVSMQc5lRbgYUYTRCDIqBEY3Nlj8AHsNQ==","mode":420,"size":419},"dist/scope/ClassFieldInitializerScope.js":{"checkedAt":1768031079516,"integrity":"sha512-ooizlv50uEXb1gMfAjLNmjWtU9/AoJgjRPL9ZsuZNBazD9RAxKPWR5a1zY0WCqhc1tBJMTItvCuUs5ziKnjiGg==","mode":420,"size":499},"dist/definition/ClassNameDefinition.js":{"checkedAt":1768031079516,"integrity":"sha512-JHSpWVLpV+UfcTnYqfDHhAyoSvI+/PGmEXtv4s49PcZnAEs0rNBM5k/HYSzuFwlUxEK5CIMQbTj+zYq4kXjjyg==","mode":420,"size":518},"dist/scope/ClassScope.js":{"checkedAt":1768031079517,"integrity":"sha512-F6oAT7SW7MV18NGMsZD7kiEvV2gCV0xBJS+CW3PjWAMR+F+Nl08Pszgw6sNDpzp3ELNQHZDy+Yycs0kcnz4aaQ==","mode":420,"size":419},"dist/scope/ClassStaticBlockScope.js":{"checkedAt":1768031079517,"integrity":"sha512-32n74PKrAAw0i0Hcx0I3RrrqhsNWWLbo1E+BM2EJlXY3wOU+UP9eKg9JuL6uSrmcB9NkwyynlwuLm3EOuDYNjA==","mode":420,"size":474},"dist/referencer/ClassVisitor.js":{"checkedAt":1768031079517,"integrity":"sha512-9MaEjZRA79psYDaLqJAL9aI11Feebr5JXrRbSIGCsKtKRc6XopAlDBDaMWN2FLnWIJIx0pz74uSuhb0K97MP6w==","mode":420,"size":6432},"dist/scope/ConditionalTypeScope.js":{"checkedAt":1768031079517,"integrity":"sha512-xZcH803WS3z7aYdWDLrs/AOVvJ/TlS5aDCjQDXZibK0ybmqOKMTcibpQFD6G/RVHVYyQdu7KLBZo+2/CZhsxYw==","mode":420,"size":469},"dist/lib/decorators.js":{"checkedAt":1768031079518,"integrity":"sha512-C5o0qhCr60rH9H/att4rlV+9FePzSBH394UoqvUfICInRdN6R2DEqVswPFsOf6Em8Nih3uhGNe1RYzacIpjl8w==","mode":420,"size":1092},"dist/lib/decorators.legacy.js":{"checkedAt":1768031079518,"integrity":"sha512-YaYnK6mmkdo+OcAmzXgyToOA5Cl7BQzEcf9/RakqNKC131Gu0UBFOe16kQ0lOqx+7BsZ/JwNMkQQvuw+b8dyXw==","mode":420,"size":602},"dist/definition/Definition.js":{"checkedAt":1768031079518,"integrity":"sha512-f2XGQDoj2T+xSOglmwEtZVKrO/8Xj0p9ap2c7A9gQp/BiZ45tLyozAivx12afHv9sT/DcspjyF6yKwNV601gAA==","mode":420,"size":77},"dist/definition/DefinitionBase.js":{"checkedAt":1768031079518,"integrity":"sha512-J2B+tIM3U5LH5mqtj42OoY9lRN1mY1FMyIl1LwUbVU2u4LHSCBCTmoYlbqwbTUrlUdhfHHiJVdY4DrHv2D/+KQ==","mode":420,"size":814},"dist/definition/DefinitionType.js":{"checkedAt":1768031079519,"integrity":"sha512-XYw6NjLGbTiaRYj/BoCYGFd4s2DGwlAgEDb3MNoUzv0oVSDssvvKEK40VHQPKLd6Ifp5sPRblh2/vO9Em4kh1A==","mode":420,"size":796},"dist/lib/dom.asynciterable.js":{"checkedAt":1768031079520,"integrity":"sha512-v10WYW7nLeh25OfKH7tM28lKcMoXwBYF9OOWVj6J/mAgBb5DSy452E2DW4v5lMXIXU8uMzZa0NMvzbR5Vs6D9w==","mode":420,"size":642},"dist/lib/dom.iterable.js":{"checkedAt":1768031079521,"integrity":"sha512-faMy23mS28aaxX8VQg8nlFdAGGNg6/qxVMSgPgrhNkxSgz6yIsUerMYadt0M+C1JFio9jEpKfxLP+XyhOoSYAg==","mode":420,"size":4081},"dist/lib/dom.js":{"checkedAt":1768031079522,"integrity":"sha512-r0b0AG5J9MHT5cnshZ0hlXYPlw3/TpPpkKMjTa/TCtY/h+0Ir1MvuzHY/SoxTlOmvb5y9lRg5YgLgFxBGRI+gg==","mode":420,"size":84301},"dist/lib/es2015.collection.js":{"checkedAt":1768031079523,"integrity":"sha512-9VQzWXUEGj5ecTnc5sEPY+ieCzjn1wkfDR0/2pog6oqHbG25Xh2/2ESN/xAxEYfbG9/Q04ZbsqSWcNUClT3GxQ==","mode":420,"size":872},"dist/lib/es2015.core.js":{"checkedAt":1768031079523,"integrity":"sha512-1ZEHgvoskmQiINXrITnzj9sZ1phO7GhVEFxdgLdjDG5TFF189xoQq49AOQ4RgatAyIJT2nNiveCc8/T83W5uMA==","mode":420,"size":1347},"dist/lib/es2015.generator.js":{"checkedAt":1768031079523,"integrity":"sha512-3Vwlxl5XmNoUE1EHIe4ZSpt0TAfozFrEBodHtx+u3udw0AD9M/oKRgKXBg31XSywoeyo1AVza2QHNUduT/t4nA==","mode":420,"size":645},"dist/lib/es2015.iterable.js":{"checkedAt":1768031079524,"integrity":"sha512-s/oIlajQrkKctriTkJtX+XbfBFBI7D5iQssHFTmezBSw3ecFY22cL0FdMZgsAGdgn1Nl3e8slOQup64BuHY9YA==","mode":420,"size":2781},"dist/lib/es2015.js":{"checkedAt":1768031079524,"integrity":"sha512-ZVrbn1F0PkCZ4n8nQ5ZEMSQsc+8atG3ZYzDvjKLn7dux1SNecNmAK2kRFpTWWMz46trKbF6fqChFf2EQRmTkOA==","mode":420,"size":1274},"dist/lib/es2015.promise.js":{"checkedAt":1768031079524,"integrity":"sha512-Gf5mttyr2iChUsYQ9VpvZ6wALvOLrhXGNxtqB+otmz7WHP7XIWRoDZX3CbC6NWzk4wtuN8GRZcw3ZQ/ASWS1IA==","mode":420,"size":433},"dist/lib/es2015.proxy.js":{"checkedAt":1768031079524,"integrity":"sha512-z1AEHZcHnNKrs1ugRPIg0lEO/UEsYzoJrT9mWrAd2pD9hWqrMCCexVz86DFHsc0TBdMRg/zQtcmnSsOWmJ6thA==","mode":420,"size":488},"dist/lib/es2015.reflect.js":{"checkedAt":1768031079525,"integrity":"sha512-iSZEZgodDOcw9R7cXd1Fs+Apf1xnu8eXGfBlC+tuedDSVPyDJwhHlm3j3jd7XXGY2oBKhkBlHaCU5RuIhIYKcA==","mode":420,"size":428},"dist/lib/es2015.symbol.js":{"checkedAt":1768031079525,"integrity":"sha512-Wgbnf4G8ux9k0AzVBv7hBd4w2rOqkOjXb8gkb2IawXMPYAMPZYoKsqYQdGuo0hj7jbV8mt+Xvx/fgg1enC8AtQ==","mode":420,"size":430},"dist/lib/es2015.symbol.wellknown.js":{"checkedAt":1768031079525,"integrity":"sha512-q9mOP/aupovpN6NyBraMrbT5925j/uuaskNNcXxIONsZWgYxCv3icLeVWZHlSNLnmA99PT50Jh8WgmOEvVQmuw==","mode":420,"size":1956},"dist/lib/es2016.array.include.js":{"checkedAt":1768031079525,"integrity":"sha512-KrcFUaDUElLeWb3+ZKvnS0t7SP2ixEyYpxOCTCR6tiSGryl/GlaaBIgIADtACh4MBySvar4Xtw3SjCY60VqFJQ==","mode":420,"size":902},"dist/lib/es2016.full.js":{"checkedAt":1768031079525,"integrity":"sha512-3mevUJKuunk0pMiYzB2Wh1KEQI4nhxlYOA4FzZpXw175gfLAPCL8PjCqJOmcQlvExdNq9AaV3jAoOBlYacribA==","mode":420,"size":706},"dist/lib/es2016.intl.js":{"checkedAt":1768031079526,"integrity":"sha512-Pc83DHN5aakzZJe/lPdfHmnt6aiM/rveykNZCrlKj1N2V5pUmPcDYK1p+ImM2o0y5gK5LVBkgB7DKMnGrW6WWQ==","mode":420,"size":419},"dist/lib/es2016.js":{"checkedAt":1768031079526,"integrity":"sha512-A259lFZs6MKDcC3a0xznoZBKgebnqo/J84fp34QCXNtXpdQQCMVB5gbeNdu7+qA/RIDYm46Yl1qjVYTMKcdesQ==","mode":420,"size":566},"dist/lib/es2017.arraybuffer.js":{"checkedAt":1768031079526,"integrity":"sha512-TFuO8dlqd0pzgE0WwftD/kpZBbnVe8KQYpd7lSITCg0scVkYznD6GZILS6s3yYMh3J09zeVi9oG3aTNVgLYC8w==","mode":420,"size":445},"dist/lib/es2017.date.js":{"checkedAt":1768031079526,"integrity":"sha512-Q6cbXgYQL3XstQoaO4IeNijpJHhN+StJEWqiuaTsYJOjeIUpbmTvBK/yRU+zMSjPMdfhjUGYSoC0BXVcFDGr7g==","mode":420,"size":424},"dist/lib/es2017.full.js":{"checkedAt":1768031079526,"integrity":"sha512-EVi/AQ+gJLseC8bbT9xt2UP2ucCTq6Baj98MJPzPsGMib8zkz7LUhRPD8yV8tkAJw6kwDHkRBRgGlgglbnNhFQ==","mode":420,"size":706},"dist/lib/es2017.intl.js":{"checkedAt":1768031079526,"integrity":"sha512-XxUrmIGKIRRR219pXxMUxT6Wq2MkMX5pv4JytXjVwIo9QnP6j0uYTY1TTy4rm4husPOUriqq+MpdM67ZFZiGbg==","mode":420,"size":419},"dist/lib/es2017.js":{"checkedAt":1768031079527,"integrity":"sha512-gJds4u7+L2hjJcbImbYLeX3+LtClx2N3pdyAcyHQNGuS69QYI2vcxBQ8YZAPO48FXLIMfeEdpHV2K/0NLmQsqg==","mode":420,"size":1080},"dist/lib/es2017.object.js":{"checkedAt":1768031079527,"integrity":"sha512-3jFMgIOvxo89/Kwg0k6uHnv5OSqmgEaehuT9gkluZDk4CYalbUAW0c0E3STPimCpY2LM7dyPqFW2etqdVeLtwQ==","mode":420,"size":430},"dist/lib/es2017.sharedmemory.js":{"checkedAt":1768031079527,"integrity":"sha512-bANetccMgX+J6hQy4iXr9YhKfKXO2T2rO2gRGhpzlPeQ2gTcTemwcZFJbuM82Qb9MeQ17qXOB0R7wZRubuTK0w==","mode":420,"size":826},"dist/lib/es2017.string.js":{"checkedAt":1768031079527,"integrity":"sha512-v9TbFhDEtPrPtT1rE1etfkuD9G6VQELqganDjuzWnEV9WzP55sPAzNwksGgtjEuKKMN/KxwshYXKxT5DiDL47w==","mode":420,"size":419},"dist/lib/es2017.typedarrays.js":{"checkedAt":1768031079527,"integrity":"sha512-3tnAEQowrT8L2h4vo5GjgEwMx3ysRT1zSYnIZ0v8ZDh6WcPPuJtVzSHkdi9Wjp4ITz//9gkMsKoj0kNmG9gjDw==","mode":420,"size":911},"dist/lib/es2018.asyncgenerator.js":{"checkedAt":1768031079527,"integrity":"sha512-YsYl2yf1hekbRZYxja0cihVfMtTKwV14DS1WbrUpdeluRFd9JjuUjrQRcMHJ+wSjb8ZAqPzStN4ItxZiqfQRew==","mode":420,"size":690},"dist/lib/es2018.asynciterable.js":{"checkedAt":1768031079528,"integrity":"sha512-UxA3qqEcjlhbD4v51AZEVDZVLxvmVno0dDRjjAHw7+Mvcwd91eshDOKj3lqPSC2B9fzULNoroHJK5/KoYYE+Ag==","mode":420,"size":833},"dist/lib/es2018.full.js":{"checkedAt":1768031079528,"integrity":"sha512-fxIc46WQEim6XsUeEg0hfcVRQOEuBBVgJEIkU6Aidinw9lnGhFKm67Mt9WmbqI0HKM4tDJW+Aq0Tt05TRAUJVg==","mode":420,"size":860},"dist/lib/es2018.intl.js":{"checkedAt":1768031079528,"integrity":"sha512-V6xkIhPsVA7HzEnJLs4WON4F7hNINN/aMgDZc5OI5Fe8SPxba4pa+Kq8ZZstfv0KX/sSWkrxntyWp4Zfyyls/w==","mode":420,"size":419},"dist/lib/es2018.js":{"checkedAt":1768031079528,"integrity":"sha512-ATcE7EB/GwaeXgAD9oeWL/zfsNS4qpiE+TjWGk7yYhp37N7XX1kXVXXDe0O89sgt7ZDexIgkaArkGVn+bRP7RQ==","mode":420,"size":906},"dist/lib/es2018.promise.js":{"checkedAt":1768031079528,"integrity":"sha512-EHypMwcffQDqqpV7iWvplALT6LHGNTU7g8IZ6xlM8++wtHv0qL+84NO/iaCC4M1e8Aec7r8ii2KSW0dqFBHpKQ==","mode":420,"size":422},"dist/lib/es2018.regexp.js":{"checkedAt":1768031079529,"integrity":"sha512-bFO5UVnXUjbin+5gCO9RXUYlzclnijnQndh9gCr4ZZHjYguVPE5AitIXzniNGTryU9wfeaAFK8Pxy0n1HLbH+A==","mode":420,"size":533},"dist/lib/es2019.array.js":{"checkedAt":1768031079529,"integrity":"sha512-m65UlQ1haOcVL+ymAcl5b6l/54OTXShN6optB2jb0jguYocTlBsY9beXqwoxXvfdgjuQdRqmUEc7kxYHGusp5Q==","mode":420,"size":521},"dist/lib/es2019.full.js":{"checkedAt":1768031079529,"integrity":"sha512-4A7bM0loT3jagvO7jeW5skeDtZ4yfkOovM4iY870laG2d6WwJCbZ3iBGsDG9L8nhheL9ImNKBZ8JG+DDXEX7FQ==","mode":420,"size":860},"dist/lib/es2019.intl.js":{"checkedAt":1768031079529,"integrity":"sha512-zUso9HhxR/0Ibs7NEpESvSEYZWrhvg5YZOd6E6fnOh9xj35sY/96zaJEyvqPJtb5xRuYwM/R6bydrTUtFrsqXg==","mode":420,"size":419},"dist/lib/es2019.js":{"checkedAt":1768031079530,"integrity":"sha512-G5Ue+esWOL8vJ3vC5fdTgSi5ve07w8MwVjxUgVXL9tLoG592O96kDeVyuLOr/zrMJVhQgexhMxLkF8x0s6L0+g==","mode":420,"size":838},"dist/lib/es2019.object.js":{"checkedAt":1768031079530,"integrity":"sha512-pWRMGW1spB1c5UtaiA14GoZh57L8nLBfPUfv572klz0sgU8Cow3T019kLdS++w52c7f3v9XCUD4TH6yAsVI/IA==","mode":420,"size":519},"dist/lib/es2019.string.js":{"checkedAt":1768031079530,"integrity":"sha512-r67r2D1cXqp6KOC/co5iT9zrOVzhdjGQP9rW1MKEQzJFxXNNH7KGBW4kkXi6qtxLaqJvwgXic4RCskDO07aMUg==","mode":420,"size":419},"dist/lib/es2019.symbol.js":{"checkedAt":1768031079530,"integrity":"sha512-HOzcoLn25ejTDxfEoSp65tiJgt7WlqChYVrsQzai3GNKowWP9saBSSclAhnlPDv+pENozl6o8k1BkLhsxnmPjg==","mode":420,"size":419},"dist/lib/es2020.bigint.js":{"checkedAt":1768031079530,"integrity":"sha512-l3a5el4bdBgoZ9AMBG9ss3hgJMUnR4gQDblukuZewASs1uLdcimWDa0ezqyHcGmfJpukL/RfRGWiWiHrYjC7hA==","mode":420,"size":935},"dist/lib/es2020.date.js":{"checkedAt":1768031079530,"integrity":"sha512-oYaEzRUvCRxPirmOxAC2uvO6/2bNyQlue1wlDMJln4a+f+WoXRmTVd16OVelYT+xsr+9/SYDZVh4cXlKy+qvIg==","mode":420,"size":486},"dist/lib/es2020.full.js":{"checkedAt":1768031079531,"integrity":"sha512-cfbYbvtuD2mjRd88gRUpU/UMLV9FA18r0VwIZjpQzj3pCb1icoPW0+52T5QzIxSDyzI1jrP4CuRnbDVKvQzcYQ==","mode":420,"size":860},"dist/lib/es2020.intl.js":{"checkedAt":1768031079531,"integrity":"sha512-qvJ2bcBvBa2NMsmvLBuyTxixUiRkp1jmBZ+rmWLCboD+Hqp2y/kFc8SN9Ty6VFHvwEqrxL75omfGTN+OCwo85w==","mode":420,"size":492},"dist/lib/es2020.js":{"checkedAt":1768031079531,"integrity":"sha512-YBoyYbYTnit7BnDkX0oAHrJllxQZSdBdKfK6Q7FbmSASBIjZdEgjpV8arc35CuoSbwSC1LSjVvi50rdhErLwow==","mode":420,"size":1175},"dist/lib/es2020.number.js":{"checkedAt":1768031079531,"integrity":"sha512-B6ikD76GL1TfFSusHqc8z6I33F68Eo3juDZtZ9z/vNlxBOImDU8Nmn38tI8ct0q0HloFVVOcNJ5YOCoj+c8H4w==","mode":420,"size":492},"dist/lib/es2020.promise.js":{"checkedAt":1768031079531,"integrity":"sha512-ZL+G0bquboaFmrg52jti8OziKRNPhuSqv7DalELwmjgohStBBVs/j2HnfPL8pTZzE2uWN2mP9BKw++bfJab3YA==","mode":420,"size":613},"dist/lib/es2020.sharedmemory.js":{"checkedAt":1768031079532,"integrity":"sha512-S9gKE8eU/S7sVHRlj0gJZuWwnJcJ4qbaPXe4rYw4u1VU6klopOUYbiIaHBbGcxgRwRy6BB+BfNMdjjvUnm8gGw==","mode":420,"size":513},"dist/lib/es2020.string.js":{"checkedAt":1768031079532,"integrity":"sha512-YiNx5eC+GChpxJg8VYbdZg/+AB6yZrVj2gKVJxqYWhIv7orHOJYkIAl+9kf5ynZngbRWw2Kd1QbW6Xqlc9ZYVQ==","mode":420,"size":706},"dist/lib/es2020.symbol.wellknown.js":{"checkedAt":1768031079532,"integrity":"sha512-o7aet85SJbmVnfl+8r9V5JnuxdUOoxNtSFVONzULttmPbOzH1ifr3tVhaJxfES0rERvD1PwPBEGl96urAZDAjw==","mode":420,"size":731},"dist/lib/es2021.full.js":{"checkedAt":1768031079532,"integrity":"sha512-Kz6dzZUmbGxhDuUpv95nI5Sq2tPTu/LeMMo40S3zfbM2xUNv9nqgztWrP3POMs8ucDASOnWElZkd5eKmabPc+A==","mode":420,"size":860},"dist/lib/es2021.intl.js":{"checkedAt":1768031079533,"integrity":"sha512-ci2f4BPZi7TpUhRHGShnaTuDb9Q0GsCFWctByIpOZlZaLrsM99E7/vObXFyRhr3bkDQtE3elWGvNHMZG+0tqoQ==","mode":420,"size":419},"dist/lib/es2021.js":{"checkedAt":1768031079533,"integrity":"sha512-8l5/xnSiekKNrrnyqxiwKV5IKwAxiIxIbwd0SYNspC51FsCjuGtjCXnOgLvdLWlb9uc3Gay2L90tpgPcpy43nQ==","mode":420,"size":712},"dist/lib/es2021.promise.js":{"checkedAt":1768031079533,"integrity":"sha512-aAk+T9h4kat9dYj4WCtLKYu//NS+eYLwQWUyny1Tq5N2S6Zv+tN4SAFeoCIVWngE83dmQAS2ZS+O6j/oYVeSHw==","mode":420,"size":561},"dist/lib/es2021.string.js":{"checkedAt":1768031079533,"integrity":"sha512-mc/HwA/vNd7asyNrGv2JllMbE7kx+KfGftBR9ywLN+jxNdZAIcHr/E04NjAJtm5l7dPS+Gbd37nH2sVZlR6o1g==","mode":420,"size":419},"dist/lib/es2021.weakref.js":{"checkedAt":1768031079534,"integrity":"sha512-2/xEoDZy45BnelVpHzvrLCmXGk+oeZZmSGe+QMdvUHYjr9VzFXRkwwNnNxtrY/9nROBu7o+YFnYkXl5ePT0UYQ==","mode":420,"size":741},"dist/lib/es2022.array.js":{"checkedAt":1768031079534,"integrity":"sha512-I00wyCJru5eaRvTmFKeRCxuHZ9F7qUX4R6RdJQ/KZm0kGt7CWfw87Y/1jpZvRnj6OzKxc/K1cwjfgwTyCJGuzw==","mode":420,"size":981},"dist/lib/es2022.error.js":{"checkedAt":1768031079534,"integrity":"sha512-fq01IHjczSaB6tUIIb61tSjcRQjFXXpTe0CalK4XgEM/SpuiRAGD1u8mO3LpCa8w4kgvOPnHmP4By6laIdTbMA==","mode":420,"size":1002},"dist/lib/es2022.full.js":{"checkedAt":1768031079535,"integrity":"sha512-EAss+4gJOKvetX2WMw/wXekvK8sup03wBYDO4AeNMkfd8GFIMy3Hf0aKXQSjdT1nbwH/bQfOOL+zUZ+Vbr3Ksg==","mode":420,"size":860},"dist/lib/es2022.intl.js":{"checkedAt":1768031079535,"integrity":"sha512-mKutBpyzyP8CEvc+k436tFFDB1zkebDgMsMyvoxtsFYaTMPpdBSeh83ICwNNOc860SJmDzjXDeoPKihRhLJNhg==","mode":420,"size":419},"dist/lib/es2022.js":{"checkedAt":1768031079535,"integrity":"sha512-nvbRF0JoFs47CrDvJ9Wm57Bj+Tplo/zOlG/I9po6fQwtYG4Iu04c6nR/DBhrPlGpXoWI+4rTdPa02xdFSY+0iA==","mode":420,"size":925},"dist/lib/es2022.object.js":{"checkedAt":1768031079535,"integrity":"sha512-OSQDI99tAkIfqEJtVZ6Hg9/umct0LXt8gYKKHfNlw8hEWnYzl88npAiGldiz2BxNn5Pf7J8KQszYNcJ1n7e6KA==","mode":420,"size":430},"dist/lib/es2022.regexp.js":{"checkedAt":1768031079536,"integrity":"sha512-SOEvvKfl2MXhtp0IhwovC7iMlL8alSNt6thM894N+0ENzu7LXL2/3kfFL4giOx+sAHiLfP3PInOS0/f1F/UlPA==","mode":420,"size":585},"dist/lib/es2022.string.js":{"checkedAt":1768031079536,"integrity":"sha512-C9aTuYFbHUxq4hbrwb08BjSEDBdQ+dvKat7sFGeZ9/JtVkTPdLFBFsJBlp703vjpqlgDGJSMLwiALOmg6Rtmmw==","mode":420,"size":419},"dist/lib/es2023.array.js":{"checkedAt":1768031079536,"integrity":"sha512-t6JJBbPDyYW8riCLL5Ez2vVt1zIQQbW5vSlLbMIfh12xhLBr8wFYWEni1Us+wUvXPAD2QP3hAj1m1gPli+SSXg==","mode":420,"size":981},"dist/lib/es2023.collection.js":{"checkedAt":1768031079536,"integrity":"sha512-MWFJSe9G29bHRpfr+2Ly4JFti9vj3XOwKlG/DBH7pNubJuRocY8cbDjK4RtU4MjZZgs307GnseM7NHxV9KaCHw==","mode":420,"size":433},"dist/lib/es2023.full.js":{"checkedAt":1768031079537,"integrity":"sha512-fVWKP5M7+D91npogbnwGltnrorIWhwRrGI5V98hybMbWVa911Vx7p70yD1Ga1xKk81H5TDJKAv8SZMCez39RYQ==","mode":420,"size":860},"dist/lib/es2023.intl.js":{"checkedAt":1768031079537,"integrity":"sha512-E526riH4fr2gkhQawYKXyB6mSMPtukpA1x+TNsmBOLkiuEGuKrskTwVS2/Dn+0tf9eV7JZ/XoCiyHWsqkcaapw==","mode":420,"size":419},"dist/lib/es2023.js":{"checkedAt":1768031079537,"integrity":"sha512-HoPHfvElDmE6Ya4nnRms6W85QO0J9hORxlAyHJstVg/dill5hmwDvz+bgs+eo7W/M+81YDrIwH3zFagxQd9WPA==","mode":420,"size":633},"dist/lib/es2024.arraybuffer.js":{"checkedAt":1768031079538,"integrity":"sha512-k/uFpZkrAyjoxczRXs/+sDja7Hma2RxfUNBj7zC7SzE2IzdWYao3rOoWA25ZIfkj6NWL1mxyU7Nxc4MLc5PbLw==","mode":420,"size":505},"dist/lib/es2024.collection.js":{"checkedAt":1768031079538,"integrity":"sha512-SmNCSs9qWK0wf2yf+p/rV9WUfuaVoinLa3e8AGHoNO83yB8EGWDFFPJ+lJzFxrDsjVNNhFbbb2WmAhbfwE4Ccw==","mode":420,"size":435},"dist/lib/es2024.full.js":{"checkedAt":1768031079538,"integrity":"sha512-p5cgJHpi0+mzlRVL7XybXPzkrKuczVLbh4dhBRtpcyZW6uB8Ha87gbzJybmks6tZXowD7X3y1ohH40bqbPkY8w==","mode":420,"size":860},"dist/lib/es2024.js":{"checkedAt":1768031079539,"integrity":"sha512-KxKggl5vq7MDnUhA11nqSOAlV1GxCelyyW9LkXm4O4rjogRPfFaRVoHa8528K+XFLNZWQKLlsOoS3VroGzlUWA==","mode":420,"size":1096},"dist/lib/es2024.object.js":{"checkedAt":1768031079539,"integrity":"sha512-cCiq7Jxfi9ECYDK3aFJ0tlASSiL3NA5D/ucI4PfsEfSoQjOpolCGzFbCzrRy1lTIAQukSbohLQuF1v8wHQLb/A==","mode":420,"size":430},"dist/lib/es2024.promise.js":{"checkedAt":1768031079540,"integrity":"sha512-QvVXwiB7/mzVED68mB0LbJdYwF2rrrYMVbff7sd0nTKv7alYIVhVQNYijEhjRTEku0Cv7Z9iVXTf5vKNlmcOlA==","mode":420,"size":502},"dist/lib/es2024.regexp.js":{"checkedAt":1768031079540,"integrity":"sha512-h+3DY14TbQ5RxdnJ3sADNCLj0jGwOJR+uB6UZnKbGWcN94ZZBSZHNvEiNebOdFHuDUDUaAwnq5/s7u7BMbB8oA==","mode":420,"size":419},"dist/lib/es2024.sharedmemory.js":{"checkedAt":1768031079540,"integrity":"sha512-7OR8EQZ7DiAafVSNDk+id++kEoM3DlpGIXGzszA9by7QI7zQpUcm7IsM3C98fnMfC3VIUgmDKX38GrCEH1ZHWQ==","mode":420,"size":641},"dist/lib/es2024.string.js":{"checkedAt":1768031079540,"integrity":"sha512-IhnMthgirOVaB2totfGw2YSwBIogAWtH0TMwGLdtsyfGR8I/WsAV6QQ65TaqdaUY60wMHoQtQj3xk0lU/vvB9Q==","mode":420,"size":419},"dist/lib/es5.js":{"checkedAt":1768031079541,"integrity":"sha512-qBJJYcM/5DYVDym0E3gaWdRu/cmtJfRBR+zUAc6Es9K/tsL9GNVhmY4KjmPQrkOAe7DjPTmNj0/ORCuNvY3KFA==","mode":420,"size":5565},"dist/lib/es6.js":{"checkedAt":1768031079541,"integrity":"sha512-3mHFpOnaDeQbpA0pdrdIQnEmcMa1+yrThOlMTy+ZlCz0ZnSjv0aLFPEZpfD7rA2nAt8bNpsCsUBVbL6MWztnug==","mode":420,"size":1268},"dist/lib/es7.js":{"checkedAt":1768031079542,"integrity":"sha512-6DAb1tJRuJMRrAScZlDZpobW5vsdm8v7fy5wZJvocIsVJ4taCGNjovhS0rXV9cXFEnv44U51jreIyg8BOYLVvQ==","mode":420,"size":560},"dist/variable/ESLintScopeVariable.js":{"checkedAt":1768031079542,"integrity":"sha512-c5+V58E8a6rN3wJhUMCZ3ZZ2sqgfaVKCXxbkQrxOw+6vgwbCkOrPAu2HMV2k9ZXFqUeiHY6rwNA4iEmIfXER5Q==","mode":420,"size":1462},"dist/lib/esnext.array.js":{"checkedAt":1768031079542,"integrity":"sha512-LFlJZphDQ0D7kxVYGTkKEhUFCxRnJoUecWTG0vl+zeThxcuyfAfHLSLKfndwVSMD96xIVk0GLY4Y2qf3SOLd+A==","mode":420,"size":427},"dist/lib/esnext.asynciterable.js":{"checkedAt":1768031079543,"integrity":"sha512-denGhLsjVLLt7bRtKFnNAAo5onH5wIJE/oYWmE7hrsS/KR2UaL21zcI053Q697RvEqEHLXiD4MyAXrappD44nw==","mode":420,"size":833},"dist/lib/esnext.bigint.js":{"checkedAt":1768031079543,"integrity":"sha512-1myl99Q/scjwBJH5JgH+sY45H9ELAp9EIfndiErYD5uNK3nJfwyaeoC0rxgwyxiQRM77pY/g+UOSUZqkHM3u+A==","mode":420,"size":935},"dist/lib/esnext.collection.js":{"checkedAt":1768031079543,"integrity":"sha512-03/WeLy0mtf8F3ZBSwcT2BuGB8yI+lV9uMRjl/0H0+XjQD8QhKhdz1UeZJCWSEQxps+2LY4lWOJy1qh04HVLfQ==","mode":420,"size":630},"dist/lib/esnext.decorators.js":{"checkedAt":1768031079543,"integrity":"sha512-Px+dwwAY4tLiZV/LmCQDrtYvhIyxDBfLB+8g7YEh0uhd7O4QCK3OUHsLWKFzrynYvqZGPTCMp16ZsUve4XR7ng==","mode":420,"size":647},"dist/lib/esnext.disposable.js":{"checkedAt":1768031079544,"integrity":"sha512-mZyBeuzgvysFAuEgweUXhEJQNaCgK+9vBZX+jDtfOPrUA1ge/5lmlyTL5kty8saa9dxV5lVH8TXtEahw2+m5gQ==","mode":420,"size":1285},"dist/lib/esnext.error.js":{"checkedAt":1768031079544,"integrity":"sha512-3cs5cLFWtF24ItQAsx7rHYT/Zisf+3y/LpWPzCLK3vnb9gcGLDj/egN2cJ2gy9UpSQQiVtLlSGUqSiRmP2xkJQ==","mode":420,"size":427},"dist/lib/esnext.float16.js":{"checkedAt":1768031079544,"integrity":"sha512-qyb6pv/so2jC/XeNBsoFuh/Ffi22mC5p59metfs+oKKcfV6DF8N5GIthqEZPXteMCkE1h7kzplsYuMNf8NKEXg==","mode":420,"size":757},"dist/lib/esnext.full.js":{"checkedAt":1768031079544,"integrity":"sha512-5DeL7p5hUXGScBO0ktoeNZ9oYclMcScAb1BvMztyD84OWY+Wkw3pFhAz6ng7apDdw7iucGW9tPGJ99sGoYGB+Q==","mode":420,"size":860},"dist/lib/esnext.intl.js":{"checkedAt":1768031079545,"integrity":"sha512-kE/++Zok7PbSp9k0ZcCARBGJEzrHX2+uDcyLZ/5SBAbfUS9XibJ/zz45kGNCgHF0tN1qBhA8LnCFWt52rYaW8A==","mode":420,"size":419},"dist/lib/esnext.iterator.js":{"checkedAt":1768031079545,"integrity":"sha512-R5zWtmGry0gvkyT/Tb8dEH0KS0wXJ1yTtAy6GNCTIJLVEj4fP+JN6MS5oiRe1UYRHjx0TanfMzhLoSgmQvlRvw==","mode":420,"size":594},"dist/lib/esnext.js":{"checkedAt":1768031079545,"integrity":"sha512-nlvMZW/5uDFIOzoEomtAcLVNZawdZ3SUHtas8FxUYyapGbJjfRHOZWwLTtkIY7GvYON64tDmqas3oI4LCSL3/w==","mode":420,"size":1377},"dist/lib/esnext.object.js":{"checkedAt":1768031079545,"integrity":"sha512-kPUYpDH6wnzUO0UqpT3/fCJ834xtdGVLe2S73DoAApUOGIbG2vlBSbaoVh8+kYc8I+au/8UtbZQ5HBkL4oq51w==","mode":420,"size":430},"dist/lib/esnext.promise.js":{"checkedAt":1768031079546,"integrity":"sha512-aODY9IW426IngujIBd9kWyfTsfTqBwEwFz/HxrPbzX314hLi6l7sqMFCODUrInTgvECrVxMfXNwkW4paM7Oglg==","mode":420,"size":433},"dist/lib/esnext.regexp.js":{"checkedAt":1768031079546,"integrity":"sha512-bm2QhVFCKkVEjAUlbM5kc6OZ0EDSfjoc1UXsmAFM+lMHwo0/nfCRQRcmWeEZOL1yfTJu9cYvD87CeXGEJZjtIg==","mode":420,"size":419},"dist/lib/esnext.sharedmemory.js":{"checkedAt":1768031079547,"integrity":"sha512-KX3PziVqA126sVpDh1H4msR0hY7p2xaE7J8PM8a1RShKZ/l7BzyT3oq+ppRFJ+I40w5P5Yqbvlw9Q6mJ1+DnKA==","mode":420,"size":432},"dist/lib/esnext.string.js":{"checkedAt":1768031079547,"integrity":"sha512-9aX1dNwBIn3x6hvPiDYJsboA5R1i2UWJH9rjXkZr5LrNxMC3VAchYbUOURBbGz6i+rYiwsQ+s89/CPA4o1FXvA==","mode":420,"size":419},"dist/lib/esnext.symbol.js":{"checkedAt":1768031079547,"integrity":"sha512-oD4yWKiGzzEsT2XbdratdfZDbp6zeDs3A/E8kSN/cXXQC3lHOj8uFI15JmG2Fvy+y/gwAkCr7s+NCxjoatQFUQ==","mode":420,"size":419},"dist/lib/esnext.weakref.js":{"checkedAt":1768031079547,"integrity":"sha512-IWYG6cHRPaluaubuyatQEbHq5pZPNWfmGiG5uLkzqlbVnMDPmD1yHxeJQ6Tas0fcPsrznE1yXWSQ4CvtW2QDtQ==","mode":420,"size":741},"dist/referencer/ExportVisitor.js":{"checkedAt":1768031079548,"integrity":"sha512-GfMQyH1vvE1EIelmrKf/vMM2FKmcfF2ErvRxnoc3xtpSdcV3F8lhGpkroDdBw3/7Qa2ySds+HVKpzLaCHclkiA==","mode":420,"size":2515},"dist/scope/ForScope.js":{"checkedAt":1768031079548,"integrity":"sha512-L6pXayqX2/dvsgmeKynUSJeIe4IA4bLhTawXdv/qsoSXzEHKV7vk3EUOUpMcmdvKM0piZLhy7tI9PhLWoc477A==","mode":420,"size":409},"dist/scope/FunctionExpressionNameScope.js":{"checkedAt":1768031079549,"integrity":"sha512-43a+yI4/6VNeJo+4bHkq1X/7XdOZzkENJSC32oNIT7xplXFFuil93qhXVGkKMaV+QH8SssqKJXI2rOH711ERTA==","mode":420,"size":762},"dist/definition/FunctionNameDefinition.js":{"checkedAt":1768031079549,"integrity":"sha512-CtLKrNJqJJyYbBeDhtu4186yp+zcnovpKhzxiFEIHWbz/S3EqDb0knoPwcQ7SLSNMwgu667vW4ayqysS4UwRVg==","mode":420,"size":534},"dist/scope/FunctionScope.js":{"checkedAt":1768031079549,"integrity":"sha512-w8VpZsjAqQCd5Ap84cHoCcC2eN814iMpFDC5NjJyRjcG65uRpYbt6Fh5e4uT3vZX4UzPZbS64nbld8e1y2mkFw==","mode":420,"size":1699},"dist/scope/FunctionTypeScope.js":{"checkedAt":1768031079550,"integrity":"sha512-F1ZXP2/LD3UgNOqodtif9CFqlmLmDrBwOjQ6UIc0qDkDaf++9bq0RHMXbFQ45wzz6RG0pK4q4zfgmp+sDdKOQg==","mode":420,"size":454},"dist/scope/GlobalScope.js":{"checkedAt":1768031079550,"integrity":"sha512-B9xQXDywZk6ZuFmpeB2/Vp2qWusH3mvsUmzFMN2f5f6bSlmPA/1HQiRo9yvRn+1IAwag4anmlRTNvLOL2aLJ3Q==","mode":420,"size":1861},"dist/ID.js":{"checkedAt":1768031079550,"integrity":"sha512-PhD0gfldh+dDP3ZSkJMmizYzRLtVAxUp9Cx9EqWt2aV2xiNmKHxWpmq/2XEbytQbBgxFY/bPcJ8G3/7r+GztbA==","mode":420,"size":499},"dist/definition/ImplicitGlobalVariableDefinition.js":{"checkedAt":1768031079550,"integrity":"sha512-ko7SjKw9CLKi5YSwPcgrbP/Ho6ZTfBY0WFl++A4eXmUkYsXtHytDms2dOlzlChABsdfZQp9cLanDi12Bp5f7ag==","mode":420,"size":584},"dist/variable/ImplicitLibVariable.js":{"checkedAt":1768031079551,"integrity":"sha512-HwmniIRxT4CfjkX3WakS+NqMCJCsXftETPXrPuiQESweLwrtaZK+uUMEYIFpLTCGgqDiyjpGDXOrvw2ll7QTBg==","mode":420,"size":986},"dist/definition/ImportBindingDefinition.js":{"checkedAt":1768031079551,"integrity":"sha512-HoACP9FJAEdfDZXX18dAr1zydjjn4CtMvVrG/7GEqilacBn3cp9erDcg+WVjOk/wcxAfPAy4FnygvPX0fq/Iag==","mode":420,"size":544},"dist/referencer/ImportVisitor.js":{"checkedAt":1768031079551,"integrity":"sha512-/sllutBtHVzCQWhptPUHGVEsBa9dLo3ReFJcccVSr/cPCiOnqPa+tF8CKFJ6dqM+kcz9JdeTzxlgxF3vtyEJfg==","mode":420,"size":1188},"dist/definition/index.js":{"checkedAt":1768031079551,"integrity":"sha512-6hiaZNxciTr+hmk0fQKZolw6AdmQs+A4shu7QYj5ibqe5rFMT1u2kGDl2qDhs7BCPQiYDxPDA5H/WjpEoBOuSw==","mode":420,"size":1507},"dist/index.js":{"checkedAt":1768031079551,"integrity":"sha512-9GKpz+bBMlPA6iCj/DR0t1v/zaiVoregLN3qM2moHB9MKNbsRGKLMKgjHZpqWwfTBexyWrIIhwyjG6+6gJ9oPA==","mode":420,"size":1864},"dist/lib/index.js":{"checkedAt":1768031079552,"integrity":"sha512-AgQHfWJGNCTgeSTg0rOxO/BRsbcz409fZ6CaWnukqYilcfICDaEKDzZc4O/wGte3EmiWTVBJpFGLLLK6KWyqrw==","mode":420,"size":11610},"dist/referencer/index.js":{"checkedAt":1768031079553,"integrity":"sha512-S0MEBMi9EIICrt3lOR+BE27E+3D1eH7MjjC+OACYby+WFOn3Rqg6KZL62FKyAtcydYFGHYSfFQdVLrLsU8CjnA==","mode":420,"size":272},"dist/scope/index.js":{"checkedAt":1768031079553,"integrity":"sha512-s7sJfpK6zOPngFxHDN/5Y4cILZBaSQz13d33+Xp83tLfrAJSySPPQgxstB6sQ1iVoH8883xX7Mjgp4GxKndHLA==","mode":420,"size":1724},"dist/variable/index.js":{"checkedAt":1768031079553,"integrity":"sha512-MCwXNhJatCNU7AM7C1gU1yCzqqh4fi25anrxdpe8hNUsCFtZDKuiGiuDS/D7q4Fh29LIxMq6CsHF2jPNogsmpQ==","mode":420,"size":742},"dist/lib/lib.js":{"checkedAt":1768031079554,"integrity":"sha512-JXuhE4xVkcnAQzW9q733cuOf10aYViLrdiiXaLApgBoLlxpJCRDNk69DgN/8ocEBdW1zf6jsocT/mlK+UGhsZA==","mode":420,"size":599},"dist/scope/MappedTypeScope.js":{"checkedAt":1768031079554,"integrity":"sha512-vqdX3nG8DH7mL1ndrNB9JSHx7AvnMawBeo5wawoqotVmloPL/Hz0TML1iXMliRnUReFS1Ktz+tyMpBN/5d+njQ==","mode":420,"size":444},"dist/scope/ModuleScope.js":{"checkedAt":1768031079554,"integrity":"sha512-rhyColgJ78bEa5fVeUG2rv2OHHGqXMGyOXf4jq5dzCnQyUXKms0x+e9QhMuJhbxsCUSnuO0ls4RUYf9fyNNF8A==","mode":420,"size":424},"dist/definition/ParameterDefinition.js":{"checkedAt":1768031079554,"integrity":"sha512-+WkAPvAHM+p1Z6Gz8fMjv3oIK45ojKvPjuC78KPQBN0qUAPbxTfsPFibH8PM2UzDaCrOs+HMp7lEnQEenBNKLQ==","mode":420,"size":648},"dist/referencer/PatternVisitor.js":{"checkedAt":1768031079555,"integrity":"sha512-kzWvFtm1dxIRPOATUwiS+HFTqc3I5kBG01uFRFLG9vVpLQ7nQCnwVmPjrB/sgKNv2M/Q4/RNGIS6GpsO1TNQgA==","mode":420,"size":3258},"dist/referencer/Reference.js":{"checkedAt":1768031079556,"integrity":"sha512-/F93+4d400VPfw6HRYIxTW0gIBS/OsrRkzA92UvrGnh15KNvBhKZzDrlTya0NS+EiaqZrNpIv9mnL0yeE5rrEw==","mode":420,"size":3388},"dist/referencer/Referencer.js":{"checkedAt":1768031079556,"integrity":"sha512-orLkYRNJliiWvLLT502MzHIvwReg0TeTE1mCCqwuyGxkfJ2J7cMikSeWSgBx2JzzN6d8/oriTa7KQYmPM2L1IQ==","mode":420,"size":21101},"dist/scope/Scope.js":{"checkedAt":1768031079557,"integrity":"sha512-f2XGQDoj2T+xSOglmwEtZVKrO/8Xj0p9ap2c7A9gQp/BiZ45tLyozAivx12afHv9sT/DcspjyF6yKwNV601gAA==","mode":420,"size":77},"dist/scope/ScopeBase.js":{"checkedAt":1768031079557,"integrity":"sha512-PuNITalnpuCUoMkLJij0TN8/wiuVm6oPwK/8XivuaGJ4nwVGS5KPnVjaf1/AP1iBC+lPyZ7ujLd+ZwJJLAmZsA==","mode":420,"size":12975},"dist/ScopeManager.js":{"checkedAt":1768031079558,"integrity":"sha512-RrqTlS0vgCFwddMwQtD7AuEM4ExYKvPkCLXqJ9olZ0pmxX/ytEebL16rp+wCqfd4RJ1uyDoloaEIBlBf0qShLQ==","mode":420,"size":6793},"dist/scope/ScopeType.js":{"checkedAt":1768031079559,"integrity":"sha512-EEjL/JcR9564UI6tVBo02prKtgJ0DwQzauLW/9GJhvLvX9Dx1Qc4aBhc51XUmEHzcsQ5/bqhODDJMWSwhsDNLA==","mode":420,"size":961},"dist/lib/scripthost.js":{"checkedAt":1768031079559,"integrity":"sha512-qExWJ4pwVYPyyatCy1SEVfIArZBAYMtI68xFLIBUOgsFyHSDnjJqR/vm95NlASFXkDygFTZUgnhzEsOzp8Ja+g==","mode":420,"size":1021},"dist/scope/SwitchScope.js":{"checkedAt":1768031079559,"integrity":"sha512-Y7gsrpM8Q6rtGM75ZUHxL0IIW51T0JGTJ8wACPCbQWQ3JU+EmiDC5uDlgZSvbbvuoorWounRzpvq2pGwNYVTeA==","mode":420,"size":424},"dist/definition/TSEnumMemberDefinition.js":{"checkedAt":1768031079559,"integrity":"sha512-qrW2qwcDRe9+FObM1qiZgUR2rCxmQcTr6RUpilLsmX+xGKuQB3w83FWCbB2TIWigeBraxyaJRT0PFDeaA5QkZQ==","mode":420,"size":533},"dist/definition/TSEnumNameDefinition.js":{"checkedAt":1768031079559,"integrity":"sha512-NhoyU/zusBgrS7tYt3INlE66mx1b2jajuZyVts0xchAtMNjWBgDLWvL15opbQvnYR4mGxZ9YTOBBm/Z07iEfhg==","mode":420,"size":523},"dist/scope/TSEnumScope.js":{"checkedAt":1768031079559,"integrity":"sha512-+z0okLu6+rh40n12UQnbSbOjvibcsgVKYPyoqR0TVK/7fzr4o8zPD4DiL+2IKMaadudcUuoCibaiLcY3O/hzYQ==","mode":420,"size":424},"dist/definition/TSModuleNameDefinition.js":{"checkedAt":1768031079560,"integrity":"sha512-hy6CZhqOl6ct9qYRQl+K6vQ0Lnqft7YRamDZhINreX/rjqB8dgv1I+mzc1/D8h380dJiBX2/UbN6lvPVFToUWA==","mode":420,"size":533},"dist/scope/TSModuleScope.js":{"checkedAt":1768031079560,"integrity":"sha512-E/s1TRAlp/U5KaY8kGSzuiNXx1khSTwlIybACyq/FAWO9Pzs7Zp3C/liwAk/ySLNmk91lVfutZsxkG4770HGEA==","mode":420,"size":434},"dist/definition/TypeDefinition.js":{"checkedAt":1768031079560,"integrity":"sha512-7u7ONJI3PWEdBakonbZyrYpLAoPC+/9wOPKlFNmvKU6WZkY0Igz1V4ZDlSw73pyhWI9bGnqxZjUuznUt1yG9qQ==","mode":420,"size":494},"dist/scope/TypeScope.js":{"checkedAt":1768031079561,"integrity":"sha512-tDxlQNEcCKY2SM9TzUp7AwqKrX8BgN1Vld5izD5ZwPkM+PPJflxBE5eXfkomtfgq8j4DeWz3bGhnMy1+08KibA==","mode":420,"size":414},"dist/referencer/TypeVisitor.js":{"checkedAt":1768031079562,"integrity":"sha512-ltLjVC1Rc0juipM4SDOF4avmQB70wp3c4s96m+82xK5uLNo9IpG1ZJKz7GLRPNEiuFN2jkluPfbs+DjwJ75yrg==","mode":420,"size":8779},"dist/variable/Variable.js":{"checkedAt":1768031079563,"integrity":"sha512-iIHnBoPMohkNHrKcRCMT5VPJa2cYFfZvPWR2GChKYOmv6Ppo8U864KhKyF7F6GBBzuZmCes9GkKLOang2uPRig==","mode":420,"size":1034},"dist/variable/VariableBase.js":{"checkedAt":1768031079563,"integrity":"sha512-lgBrMCCg3H+cciSmVxcbxyvU9T+R8jwyphbdHuqhvF+OQwMPQ9/JldGJc9wLTWaevtOeWw2YKKtjsgCgOGtf9w==","mode":420,"size":1323},"dist/definition/VariableDefinition.js":{"checkedAt":1768031079564,"integrity":"sha512-AiI8Gtgrvj4wWtsK5Ij/C1mLjk5Uq8GFNVg27899wSfL9IfpJNJdyFaoxApkmL8GP7QQrfzYKWdnwPBsNod5Yw==","mode":420,"size":520},"dist/referencer/Visitor.js":{"checkedAt":1768031079564,"integrity":"sha512-Lb1yFtPirBGl5xsUaZPRsgu8M8rI7U6Ysk9MRRrSYHaK+OjTVesZroraVdTPb2qT9d7LbnFW5A0SPjN2o3stoA==","mode":420,"size":1274},"dist/referencer/VisitorBase.js":{"checkedAt":1768031079564,"integrity":"sha512-bzNJNakQl3nd5MMQGhCcK+QJX6m23teP0Vjng/Qw7eX3o2PEDqotaJVPG/ROoSeEbS0EZxU3rSFfZAd+Rs9ysw==","mode":420,"size":2042},"dist/lib/webworker.asynciterable.js":{"checkedAt":1768031079564,"integrity":"sha512-+M7WHyhnOgBTbLGV/Rt+V6LY+DiPMzmx8DdFUeDWCY3M2c0kV5ym9Saqhi0T5NXyJF73yff6mt4SV4BjtOHc4Q==","mode":420,"size":654},"dist/lib/webworker.importscripts.js":{"checkedAt":1768031079565,"integrity":"sha512-EFtJQqp1hfvqHI3GBIjS36j80V0AlyGpHYnFj+06JZiTqnirlmU0/D6jluBc4vjz1Hijvc94sMkd+bunPz3vsw==","mode":420,"size":361},"dist/lib/webworker.iterable.js":{"checkedAt":1768031079565,"integrity":"sha512-v2v8Y4bNZ8taPl7PwGF1KUnTY3xbwQvSr4mL7I2d9l/b3oCCb7LyTviGx99MQbMgTGmVZxCPVVmz/yGCPVnjiQ==","mode":420,"size":1875},"dist/lib/webworker.js":{"checkedAt":1768031079566,"integrity":"sha512-LoH+O6fGKKr/i3Q6/MUBg4NK+YPOpqg+IZDzfODTmdx9rt9YJm/scGagUhoYzmXmj7YLRsIxv6cL5UHI4/6K+Q==","mode":420,"size":34557},"dist/scope/WithScope.js":{"checkedAt":1768031079567,"integrity":"sha512-EBbgG7k0kKnZ5htsNMZKYb3goUfD9Tgg6vdyvDKPP9oc7wSD0dyFuuux1uzv0pqbgH64/FlAL9YkE7GmKFZ2wQ==","mode":420,"size":772},"package.json":{"checkedAt":1768031079568,"integrity":"sha512-/xko6QtktFQPmalu4uXxaH4xT2qlPwLON7n83vSgkGDjGNWMKqOM6SQsgYCK1sAiiF0/0zYYnaUTovkvT8a9Yw==","mode":420,"size":1952},"README.md":{"checkedAt":1768031079568,"integrity":"sha512-j88Wu5hl/owhDRJlTXv6Bq9cjYt2F7g1158uNsWKH9hSrQs+29R5cJk6Dno1ZZroGrnXfDUmvoPYJjrP1/fG6g==","mode":420,"size":696},"dist/analyze.d.ts":{"checkedAt":1768031079569,"integrity":"sha512-Yq1EXudQgVxeBtuZk+lulpIRvC/8o7fCb8Ipu5ynw7NccxfGUjKkzpHhwvgJZCWWGWUArHWndmclCCbq9notHg==","mode":420,"size":1997},"dist/assert.d.ts":{"checkedAt":1768031079569,"integrity":"sha512-c86HwrrsrlGmr4hqWyIdwPZkT/R+5zxQ/9+m5AhtXXSMqqVewM12RGCGdCwbyUu4bn7uO9sSUVii4IO9PtSQSA==","mode":420,"size":81},"dist/lib/base-config.d.ts":{"checkedAt":1768031079570,"integrity":"sha512-bkB0YdxL6vWpoqnmEAovdZaRoJZ7i74J9Mtm0REWX+RwKokIdSbNgsrkuWzZw/CZnDzCSlo7GtVcsQXYTdQVzg==","mode":420,"size":429},"dist/scope/BlockScope.d.ts":{"checkedAt":1768031079570,"integrity":"sha512-jiCaxbhn2DNokFPA3IetqnmJr0duPhWbjrA6ZCmX6gUmVTGVXMTdqaNjONOmdfd+gORFNSk1ETcsyq/bexgt+A==","mode":420,"size":440},"dist/definition/CatchClauseDefinition.d.ts":{"checkedAt":1768031079571,"integrity":"sha512-8X04IRczEH8La5y9Mtc9ClfqdzE25BNg73rDCpsrr6I9MCwjTFk8T66fiYlNSjjeO0s1Kko3FHW+dBRbba3nnQ==","mode":420,"size":471},"dist/scope/CatchScope.d.ts":{"checkedAt":1768031079571,"integrity":"sha512-N3bEAkRjZ99ioKVqJEH7EX/lHNPxQ3+C1ofJxDPVmaJShQB35ZFjAaenD3ydp9So9kGx6IKvz01H64cPcDUhIw==","mode":420,"size":437},"dist/scope/ClassFieldInitializerScope.d.ts":{"checkedAt":1768031079572,"integrity":"sha512-yj190dqyGHKQFrY1WMZNREUpBZaKby/sNvf7hteNl6EFAJvKMWvLJ0SzCcRNqZslSt28iQ4zrO9VStCWstVLSA==","mode":420,"size":500},"dist/definition/ClassNameDefinition.d.ts":{"checkedAt":1768031079572,"integrity":"sha512-w/3QLqCzdptUoDpTZe5+s22H0LqQM/h6t4bUxMOAzRhwWvcHelUFeHQSBxsNpQyICPEtjT3nHhuilBWgZNXozA==","mode":420,"size":494},"dist/scope/ClassScope.d.ts":{"checkedAt":1768031079573,"integrity":"sha512-7ld7LMaALcFYq3+juoNm1pLsFzpObkBDry3khdeTdzhlB9PgjcTYiU/EvWK2YtFDxxVSzc3dN8g36sSlWb8ufA==","mode":420,"size":469},"dist/scope/ClassStaticBlockScope.d.ts":{"checkedAt":1768031079573,"integrity":"sha512-e7eeLj5Wvv1yKIndB8GniHKNKsgRZrSxoj1QlFY0iHNRlVPxZozhyWs+iB6gcc307UOWEY5O0CIsQkdPWD2xfw==","mode":420,"size":481},"dist/referencer/ClassVisitor.d.ts":{"checkedAt":1768031079574,"integrity":"sha512-c4ld5HYHAKjIzy5nUgIKhSEtu2uBf7jDShzmPiEqPn0e/nLB4pmWM0OGkxVaYc4IgYzdLetIeXYkWKITbjVjMw==","mode":420,"size":1993},"dist/scope/ConditionalTypeScope.d.ts":{"checkedAt":1768031079574,"integrity":"sha512-6dr7vM8HRkzdfIZ64yfZDEiCq4nk0bQIfkLwXcUw3Bw6178zy626VY9KSXKzQ988ZTVzxBTs8VtyT/445OYhCA==","mode":420,"size":483},"dist/lib/decorators.d.ts":{"checkedAt":1768031079574,"integrity":"sha512-pxOR2VLYpSYlxq8JcixonysG/OfvJkTKOf8KvFxIZEw9bzkuEvyShsjItLuH7Oqpv/i71P0CGPfLjtLyPQNvFg==","mode":420,"size":98},"dist/lib/decorators.legacy.d.ts":{"checkedAt":1768031079575,"integrity":"sha512-gw9pbxejpZdUpyjtNFBXUl03j8qYHCPklPP94wyOPUAQ73mzT+u5QPC82sgIIr7VX3Fxd84pJB+BhVLSvXb5rA==","mode":420,"size":105},"dist/definition/Definition.d.ts":{"checkedAt":1768031079575,"integrity":"sha512-SMHL2SqYkki+BccHWU+4q20cGGQ0tyVWc9OLuPVB03wLmCc3L5cVSUejowyMv8kUzi84sUjws4+0kGKvw9XHxQ==","mode":420,"size":1061},"dist/definition/DefinitionBase.d.ts":{"checkedAt":1768031079575,"integrity":"sha512-ctEpGsBBNxTmo+uhlycQGL+2SX8w/WZtOf2+DAKskawyE31/yQlx9sVOHk1SoClVmPQFw1g9ymVrR9FwDyr5Mw==","mode":420,"size":1119},"dist/definition/DefinitionType.d.ts":{"checkedAt":1768031079576,"integrity":"sha512-QXjH7rG/y2eHJ4wGNZFoI4CimmOg3NjRMzQ3oyCr63g6JrM8bI3KNRbesXmijM/TlsWhrKZghi4qcsJUIHHmMQ==","mode":420,"size":407},"dist/lib/dom.asynciterable.d.ts":{"checkedAt":1768031079576,"integrity":"sha512-zPAsx+q8feJVP8Eb115xASoS4gcjW4niePudP/3hJOdIRlvoIRMOTjLfKdAH8YzlfnhdVsq0ewIm+IuRMvh+cw==","mode":420,"size":105},"dist/lib/dom.d.ts":{"checkedAt":1768031079576,"integrity":"sha512-40S+SYfhKEAgCXWdLWifPVTapNEDarnmV3b+0hHXAdMxNsyiPiM3LBj9v/vfhVSltKkehD8alH1bRtlBSKJzOw==","mode":420,"size":91},"dist/lib/dom.iterable.d.ts":{"checkedAt":1768031079577,"integrity":"sha512-wKvWDzQGDzto01GOQBgQscR7cJMaxjPLQkGuYS15BivzVLqx0YW1ZwJ1e4DostnY4BjOQt/RY/cHoxMDT5AOpA==","mode":420,"size":100},"dist/lib/es2015.collection.d.ts":{"checkedAt":1768031079577,"integrity":"sha512-/k6h50vvz6nZ+dbUZoYAbHhYScqGQ9/yYMDbaAZFj+KN7Bv9uRz0Aak8YHyeSrf1671sB+MZ+6QhnpGXg0LvxQ==","mode":420,"size":105},"dist/lib/es2015.core.d.ts":{"checkedAt":1768031079577,"integrity":"sha512-3Fbc8jke6/mwA6AtSKSuVcEsaArHAO+AjUgDnZY1B1BBfuWAUtGIU8T0a8myLkH0jLg75EGfbj8xA0zZELNwEw==","mode":420,"size":99},"dist/lib/es2015.d.ts":{"checkedAt":1768031079578,"integrity":"sha512-S93rCHbUX+7aX5/F5unQ6wVdc2NbbpYk8syTDeTKSjzrOvA7xjv+BM5v10WRd3rWGozJcUA5j34gC5U8xthJBQ==","mode":420,"size":94},"dist/lib/es2015.generator.d.ts":{"checkedAt":1768031079578,"integrity":"sha512-fV3rqyYjqld8QJbxLgWbNLPZM5nxFmZbFZ5q5B/YFTbuKnkwXdwNXjRmzUe2N77D1NdUA3gt9eKAje1ylBRN6g==","mode":420,"size":104},"dist/lib/es2015.iterable.d.ts":{"checkedAt":1768031079578,"integrity":"sha512-shtVpni6ebSnlQJndT4GGFaQxXE5L+ozSxneQWoY+elfQ4TW1Vhjz3xa5+AEzTk+POBRql+H+gKeoCNTOgac4w==","mode":420,"size":103},"dist/lib/es2015.promise.d.ts":{"checkedAt":1768031079579,"integrity":"sha512-lDzyxgFpcwpQg5lzKzEdKIGtWI96orTOhrt52DApk1ja2HBvdA++0tC9DeLGld5dyu55AKgKAnPOtM6G0H8JUg==","mode":420,"size":102},"dist/lib/es2015.proxy.d.ts":{"checkedAt":1768031079580,"integrity":"sha512-26EIIZeBOwysmv+oL23uKaYcfL2mwiD+Mo8cGoNgwItkcTpnGTbDiSpLRgileWx8+uWxHQObA3ycjUhBgAhKzA==","mode":420,"size":100},"dist/lib/es2015.reflect.d.ts":{"checkedAt":1768031079580,"integrity":"sha512-Y6DYXjaf0Yjcg1y1cEN2FOCtwkYoSXc8GyUcVs6S45517LYDz+5P0f6tc5zBatZitefcNS/OF5I2mgnXqalfaw==","mode":420,"size":102},"dist/lib/es2015.symbol.d.ts":{"checkedAt":1768031079580,"integrity":"sha512-UslFeVgyJb8o3VNADybz8IsRGDhE5zDBS1DSa/eFyJ9bk1ZNROopx6p7VfOnzKXV8GlMyo5e/Q6fd+9nJQVnBw==","mode":420,"size":101},"dist/lib/es2015.symbol.wellknown.d.ts":{"checkedAt":1768031079582,"integrity":"sha512-OZszffrq6V2waxAZHXmC8wCeuMLFzoeVl9qAnTn1G/PAzk+4ZDlaIBSTvnhdt9Y60/XFNLsG1XJNIXPu84x4Kw==","mode":420,"size":111},"dist/lib/es2016.array.include.d.ts":{"checkedAt":1768031079582,"integrity":"sha512-/SCwl+m67nsuJSs9uYePM5nynA2pF4sAyfKOT+9kCknOnFk36S5suXelTRNfPN5wRPAGOD8GqxwIRVNP6AcPdA==","mode":420,"size":108},"dist/lib/es2016.d.ts":{"checkedAt":1768031079583,"integrity":"sha512-Okh1hCon73CEzJSS8fQdf352FRF5whDAa6eM3smDW2ZIRGVIyUqbMQ3xb7rdWJ8Ymefpv2FIfCTtBHQ/skU45A==","mode":420,"size":94},"dist/lib/es2016.full.d.ts":{"checkedAt":1768031079583,"integrity":"sha512-6RStW5yQdfuiFuU5tDdHDH+L736AALQA6fVjr/y2L72GqYEH3Hjb6FCOa8HgMoHDGmm7cjjqDHX4W9EJSpbkxw==","mode":420,"size":99},"dist/lib/es2016.intl.d.ts":{"checkedAt":1768031079584,"integrity":"sha512-JZEPVzmzUOI3EVqxORsmPAs4EuQV6/T6x/tnMkQDWHX8aOwt8IEhzSUOCcwEu3yc/pEK41gtY2tdwwOQOOJVWA==","mode":420,"size":99},"dist/lib/es2017.arraybuffer.d.ts":{"checkedAt":1768031079584,"integrity":"sha512-SPKyyXODQp5EW3pfV5cv3BGSW320D01PoIkBd8FvAYKtyrkhKmXPHsgBea2vkHd5ekmTPSJxYMSGwaYHjNzMxw==","mode":420,"size":106},"dist/lib/es2017.d.ts":{"checkedAt":1768031079585,"integrity":"sha512-AkPWf2huznpavpq10aiidd8/Y9B0s/ED32VVnoP56sY75+La3p3BMooofm8WEsQvR0HoNMjnxreU8gmvjNeBsA==","mode":420,"size":94},"dist/lib/es2017.date.d.ts":{"checkedAt":1768031079585,"integrity":"sha512-8xOsr+8Rj2SV9cKoIznHq8uOeLb0jgm3hKRsWSbTtB5o2sYsx3/+7Q1Qa2z7jdOWHMFZC3iGBkiFjkcf7SFFtw==","mode":420,"size":99},"dist/lib/es2017.full.d.ts":{"checkedAt":1768031079586,"integrity":"sha512-C2h6l2rus5fdss1RxH80ojDHQm62aiQEDV3DwYo5iAgnyMMt8B+y69nc1EnOGmcg1pB17RzpF9o5QmiUzMyrkw==","mode":420,"size":99},"dist/lib/es2017.intl.d.ts":{"checkedAt":1768031079586,"integrity":"sha512-mC1W/Jf9k0/fXG4XqRZKVfjTI/ZrgqyKZAeSLz+d0vKBZbmjoRE81GdNLoWA07PfEBR+h7YUJuvFOKFoB77p4Q==","mode":420,"size":99},"dist/lib/es2017.object.d.ts":{"checkedAt":1768031079586,"integrity":"sha512-fToKXKwfWr52hoo2G9On5fFBfOqVxa2jLnXpBXWfQTMuTpFX7vx9btX7DvOqeb7GISKuH4QzqwN03Gi1YxjPBQ==","mode":420,"size":101},"dist/lib/es2017.sharedmemory.d.ts":{"checkedAt":1768031079587,"integrity":"sha512-LWbIqsrY5qcyxyUNTaVD8Ux6HbqJ9bsnPYjQbULCtpb5O0fnLk1uwdvUwgUiJQvTWpe1U78W9XmdSvTC8w6Fdw==","mode":420,"size":107},"dist/lib/es2017.string.d.ts":{"checkedAt":1768031079587,"integrity":"sha512-G5zKluC11tFvThUJFh2IYyTKECQc9X3f+cq1jY5PNC0x46NwhqM6IGRzO0IWaIzSbaTI9LMmEYhNQGQaS6E1Jg==","mode":420,"size":101},"dist/lib/es2017.typedarrays.d.ts":{"checkedAt":1768031079587,"integrity":"sha512-X+jPg+1muAKoiot896HiczVJAsLSj3KqahdJJqw1Ja0PupsBrR8bUa5V4ohjf9tk1ZgmAjW4eNGf6+jULrj9OQ==","mode":420,"size":106},"dist/lib/es2018.asyncgenerator.d.ts":{"checkedAt":1768031079588,"integrity":"sha512-ww8qiH1hDuj6TeyilIvIm6yA5lrSiDosOcmbr5Nkul+gGSSUBufhph6J2ejQRApxZ4FtQVqyoXrqHBXusB8aAA==","mode":420,"size":109},"dist/lib/es2018.asynciterable.d.ts":{"checkedAt":1768031079588,"integrity":"sha512-ScO1ePrazc2JQn3QKvJmhVkmBKs3O6xUWVWboodmbRMLM3EulhrRjSfB4I1qGuFAVmd27yCtGegGfuzycQ0KWw==","mode":420,"size":108},"dist/lib/es2018.d.ts":{"checkedAt":1768031079589,"integrity":"sha512-69DYbAAkr6Rg6h/lGp5g0XISPg0w6pDvHoQj1/3eFN4Co+eWLmps14yb352pxInrBNNy6AhunafflMBhtoRYag==","mode":420,"size":94},"dist/lib/es2018.full.d.ts":{"checkedAt":1768031079590,"integrity":"sha512-9NvtFW62OYLzN8jjVBbbDUW2WJ0PF9fV6wbdi7M1y+9FJUmJA2yVNUMW64ZTxZ3wBrYmwJjXL+tXK4+kzxF9+g==","mode":420,"size":99},"dist/lib/es2018.intl.d.ts":{"checkedAt":1768031079591,"integrity":"sha512-DpaJknbOcBJV8HBvQMXyPq4wSx6Kk99aY+YIOlQkv9D3Rnm08gnHes0jCpcmYB1UvGcmMJ9UF1Hp7a3gQo4t/Q==","mode":420,"size":99},"dist/lib/es2018.promise.d.ts":{"checkedAt":1768031079592,"integrity":"sha512-yfmMT+tn7lx78dfJ/O6N41zvadz35FbBpCPZUk8blcZY2GX/RBKPuhutmfWDo9eLDbOXpaMPuCAbuaXidiTXOQ==","mode":420,"size":102},"dist/lib/es2018.regexp.d.ts":{"checkedAt":1768031079592,"integrity":"sha512-nnu60DZnL9IzRKP5zh0kuIpEPZScI+2kS5uO710uFmalTHBB2el3j/EwBP+FpDJcbaV6QYlSBiIDLllZOhwfdA==","mode":420,"size":101},"dist/lib/es2019.array.d.ts":{"checkedAt":1768031079593,"integrity":"sha512-j6cD0QEPwjVFlNoFB0cOO+UmcYLEYZetrtW9UHEA7WOpFBDYKdpi5pdVKN5GfUYfdnt+xgDnSByzcr4qFXP4Jg==","mode":420,"size":100},"dist/lib/es2019.d.ts":{"checkedAt":1768031079593,"integrity":"sha512-K7yCjKAymR0J7+ElaLCGRiCMjNdzO+XKGgOMJUWEvOyaceW+tli1I/bPQ+/Or0Ov+Ur0hUdJxbPPvS+eHpplTg==","mode":420,"size":94},"dist/lib/es2019.full.d.ts":{"checkedAt":1768031079594,"integrity":"sha512-PKB9+Y5uutIR+iQtcgBjEznuJGCH6YMRm+rDtLPkwElHCS/qu12ct/8E+9OnEVQyVaqFhj1zdUoCabugJj7MDw==","mode":420,"size":99},"dist/lib/es2019.intl.d.ts":{"checkedAt":1768031079595,"integrity":"sha512-LNeWcDesYNgCwwQiTFgVaa8GV/MZIN8y8vWDpZcPKUXsETXP0/B3VnK2gW/yOW4rKKb8xFTPF1F/PjhYngfjxg==","mode":420,"size":99},"dist/lib/es2019.object.d.ts":{"checkedAt":1768031079595,"integrity":"sha512-U3P12ToDwyUkXyECe6xqSonoZOcBFvkkOQGJ1Xs7u52urd1EpHCkLjyY7aTehIs58FEFnSVIfpI6dByK8Me1xw==","mode":420,"size":101},"dist/lib/es2019.string.d.ts":{"checkedAt":1768031079596,"integrity":"sha512-Hr+e2kStcrmjvGSNIoQAcBPaWOCwWMKldx8939WFUM3A5Xj8Cp9vidTB+s+OrVvc0a7DeG+67qU8rITbb2Jb5g==","mode":420,"size":101},"dist/lib/es2019.symbol.d.ts":{"checkedAt":1768031079597,"integrity":"sha512-wtHthkqJeifsEYmkshGHa9DY+P9vRgBxKCLedyFkfS+nJAHKCQF+I1Urz7ciIOYl8nWqNSMUy/2AxQIl8CUFoQ==","mode":420,"size":101},"dist/lib/es2020.bigint.d.ts":{"checkedAt":1768031079597,"integrity":"sha512-nQ6cRJoC1cJgUSzmNnOs7Iyih2/7gzIQ6AWXv/nbSgTJfuBiGKZG3jlhNZMm+zxccisOC1zEHcpfqZLtg9NEIw==","mode":420,"size":101},"dist/lib/es2020.d.ts":{"checkedAt":1768031079597,"integrity":"sha512-HTgaqiq4uHQXh5h0B3dePiLF5N1qRV2JSl1XcKfBS291zDjWpgoal8Ju6YwrQ8MAR443XN45b5Qs4mbQmgF0BA==","mode":420,"size":94},"dist/lib/es2020.date.d.ts":{"checkedAt":1768031079598,"integrity":"sha512-4jrRHW4lJeScciVQwnVIsVl/DqBl8TZgZvongWtFsGlwpxdiBqlk/u+FANQU8JSc16xtGWmk/6YhetkoNyJg4g==","mode":420,"size":99},"dist/lib/es2020.full.d.ts":{"checkedAt":1768031079598,"integrity":"sha512-VGIfJEXQzMCn+GHw+OAo8MdBlZIHXY6MlDRfhkY9z55/aIn0uowZd5MeqCyBrU4nV7d45i44CbX6dNB1Us5FVg==","mode":420,"size":99},"dist/lib/es2020.intl.d.ts":{"checkedAt":1768031079598,"integrity":"sha512-SIQnaOKSkTf4kDBveKOBCR94f7ixMrtCqBxDbLI+lL9nbtaM1i4nti37azefV0eG3cObECxhd5bVUtSr+YExQg==","mode":420,"size":99},"dist/lib/es2020.number.d.ts":{"checkedAt":1768031079599,"integrity":"sha512-7KY77OzutzdAKQQAHw1XyZVst3dIIQada8iCgRw0mDfPWNaQVmKNymm7DslfGTmo8gZQQ4QZwNAm9p2Zwo2UcQ==","mode":420,"size":101},"dist/lib/es2020.promise.d.ts":{"checkedAt":1768031079599,"integrity":"sha512-MINAcSX1I1H0ltXxkg2M+/pblWjn+5KK4p9oRddowhOWMho/iHOeMnBGWlsPLTK6riJx9tFui8rCJzc5dpDaNw==","mode":420,"size":102},"dist/lib/es2020.sharedmemory.d.ts":{"checkedAt":1768031079600,"integrity":"sha512-GmUSlmcwKrqfOWc3hUFYXAImqy9bx7GFFamv+GB4uAxigNAF+EyDBVhhJhRoUefmzOrhkX1eEeP7GDQtv/7o3g==","mode":420,"size":107},"dist/lib/es2020.string.d.ts":{"checkedAt":1768031079601,"integrity":"sha512-1Ng1XBV3D9yAHrdeWhs+qY/68vDaBqJNtgQ3/gC4dDYm2K0sIQ5YN0HRVUPP5rCBD76Dsjj1C0jLSxA6L1sKMA==","mode":420,"size":101},"dist/lib/es2020.symbol.wellknown.d.ts":{"checkedAt":1768031079601,"integrity":"sha512-kbDs1Szg9LrXapQnLYzg1oM8K0Mx6mzqJx1qw5WBIxb1GwJ30qbkwD7qKKhGHqq4WVgj3XVHFqpIYN+0vDIjMw==","mode":420,"size":111},"dist/lib/es2021.d.ts":{"checkedAt":1768031079602,"integrity":"sha512-w7AoH/NJkqI7sjwRenGLM05zJf/Vplvbe+VjzOCWrULlmPIb18qrRigNMmx5abDLwrCVI2YSHsRAlOSNpvjW/g==","mode":420,"size":94},"dist/lib/es2021.full.d.ts":{"checkedAt":1768031079602,"integrity":"sha512-ltl56kJWubdARBGouZeOFd4qfvETNHC+uJD/3qa6QLeE3GhP6kdFR825dNemAks+t/U/rPEFox5P3CTyjujseA==","mode":420,"size":99},"dist/lib/es2021.intl.d.ts":{"checkedAt":1768031079602,"integrity":"sha512-7U8Tb1Jag/l/9ZLWB4w6l6G3k/ZVSrjmPmeUIuYNcnTgSOOjy3nuytVHUAL1AOC5ADP8lK7GPFZG+/OdCk3RFQ==","mode":420,"size":99},"dist/lib/es2021.promise.d.ts":{"checkedAt":1768031079603,"integrity":"sha512-wLxc2qgY0CEyzjXsnTWZE39AfjJ8VHW6LMXiR+WyUjE2OEDVhPLnzWWzcnL2Hk3aA8xKQnnkrmgmRTqMrvUqqw==","mode":420,"size":102},"dist/lib/es2021.string.d.ts":{"checkedAt":1768031079603,"integrity":"sha512-tKyclGupHnySgOMYqQ9lu6ylYqyIUh443rlhfDlKfxHuu2XydKz/R+AoW10WIdpXd3tbS7BLcxFpg4WcFIe3Ag==","mode":420,"size":101},"dist/lib/es2021.weakref.d.ts":{"checkedAt":1768031079603,"integrity":"sha512-+Hpx/gkCRdXjGotpi/s8ndnJdvXShNaq28sQCz/wjK5z4uT7N+XuXW9DWCGBUuAjhEFOrRxr/eAAhAN8S4e8Mg==","mode":420,"size":102},"dist/lib/es2022.array.d.ts":{"checkedAt":1768031079604,"integrity":"sha512-gNJQib1Ou6+nbqS2X75S+tOSz5FUANxDcOEyWdlwhF0Qw5X3Actn796yk0rYgutNOhkDeK32uXst296OvSmn5w==","mode":420,"size":100},"dist/lib/es2022.d.ts":{"checkedAt":1768031079605,"integrity":"sha512-i4uy0t3pR0kq0KJg/qXnp4NBPM9WH6umCzjOHsAH5xC5IG6wo0zy9ZGh/spZxb0YNld81qZO19bSqORZLTM3lQ==","mode":420,"size":94},"dist/lib/es2022.error.d.ts":{"checkedAt":1768031079606,"integrity":"sha512-xtWmDCqzmwAXccS5XtMx88VBpY3vmEGz0iRkx+c3TFXAWWM1aymaxkinYB+soaSwkI2hynN5eLqXFqSUkxAIeQ==","mode":420,"size":100},"dist/lib/es2022.full.d.ts":{"checkedAt":1768031079606,"integrity":"sha512-x9hXxruIuhCmbDmZ4csvzXgL5uFAcwZ7aJ3ECC/orTnZByF1FtfiOIbN6n0M0f+0SU38+PnTjy/OV/hsnVSr2w==","mode":420,"size":99},"dist/lib/es2022.intl.d.ts":{"checkedAt":1768031079606,"integrity":"sha512-w+PRYBsuiCeyxr2QL//9pM/vkPhCnWVPfxGMMfp1iaRA831TvSlpb3/hhJIHHrp0wiVmdro211OPVPeFgFOC2Q==","mode":420,"size":99},"dist/lib/es2022.object.d.ts":{"checkedAt":1768031079607,"integrity":"sha512-YxI+7xOJw2qf/Wuop5siOEw8Qlm/YlxdZJi307iATkJfhABC418MxSIGZ1Vxi27wsw669UsYfNKvyoMAYlUGAQ==","mode":420,"size":101},"dist/lib/es2022.regexp.d.ts":{"checkedAt":1768031079607,"integrity":"sha512-ZVLzTu6Pyey4SPdpLx8BMBw3OVFcpYqcMBMK4aDjSBup/Ie7xp75Bn89WiCHW8wwJnSjW8rAowHZrUo2CbOw3w==","mode":420,"size":101},"dist/lib/es2022.string.d.ts":{"checkedAt":1768031079608,"integrity":"sha512-LYdS+vtByEBrvXCHDcv68CTdrgaNT24kblTEvAVsQD5+JTeVD+OCkPeM++JR37SjMRES0PnNK4SQkHfeCZ7GGA==","mode":420,"size":101},"dist/lib/es2023.array.d.ts":{"checkedAt":1768031079609,"integrity":"sha512-WmRCyVmnVCWuAwc9qIndwv1elJDIqmAYowl79NeJJ7a9EAOjKjohIf3qqhgmlsRkkk+WnHRn1EU1EKYN72e54g==","mode":420,"size":100},"dist/lib/es2023.collection.d.ts":{"checkedAt":1768031079609,"integrity":"sha512-oLQjtoG7Nhc8a/N0+vkZJbYd8BvNlJ/Fhc9Lw6O+gzHrMBNZpvmJCwQtKCymK98U16MHkVQuGzVydJcbo1IT9w==","mode":420,"size":105},"dist/lib/es2023.d.ts":{"checkedAt":1768031079610,"integrity":"sha512-BedMzZdUmechYKZu+VMx1U3SRKEGtCW/+OhhASZXXy+8qy3V8IBHlVYnQs1nedSIvpKy27X6WIT94q9eI0gBiA==","mode":420,"size":94},"dist/lib/es2023.full.d.ts":{"checkedAt":1768031079610,"integrity":"sha512-0Ol2RPd7rU2yftjVGM+yrjtjYtRUUFYb84zASgHNo83j7vzyB4PwCDrqp8g4XyKgMr9jdEOp0RaSrS+0G65AUA==","mode":420,"size":99},"dist/lib/es2023.intl.d.ts":{"checkedAt":1768031079611,"integrity":"sha512-xJ2WaMYWqR3nwgzqeb0zeoKt7qioqLw9Pgx7yCY5oZiE353Zl+UqUm0v6eBhmrnD58FFo01y8cUn26aoEuXk4w==","mode":420,"size":99},"dist/lib/es2024.arraybuffer.d.ts":{"checkedAt":1768031079612,"integrity":"sha512-aR/fNh/HMvvKpVdTCLblR7jdBFViN7yMwQllfOc87hfBzfy7nk2gGrPVV3ds3s1raa7dxjaGwMfVLacr4H3XxQ==","mode":420,"size":106},"dist/lib/es2024.collection.d.ts":{"checkedAt":1768031079613,"integrity":"sha512-Em8ZvDKYwD+HJBF+n+ajqmBHSeZkWtk7KjTarniUVlzFFGRfisqYXFXZ8Llb2oTaRU+xoXbCjdGxPSSr2UwElg==","mode":420,"size":105},"dist/lib/es2024.d.ts":{"checkedAt":1768031079614,"integrity":"sha512-YN4A1yqNux6PPqeU5/bfnR5Go7UsJHsQlbi2FBnUerfFCA3+QXCc1jqeFb8ZlUwxXdeKYhnEGcD6BqcRKVrWig==","mode":420,"size":94},"dist/lib/es2024.full.d.ts":{"checkedAt":1768031079614,"integrity":"sha512-n/V/405UZDP1Wmm3LY2UhXgXRI++gUQbPg0fOIx7Dk6dMSI0ePNFsydoWVjR2wYi7lSdWEyLiwQpJsAet598gg==","mode":420,"size":99},"dist/lib/es2024.object.d.ts":{"checkedAt":1768031079615,"integrity":"sha512-zjZ+XMCMtnqJLk2fPWtHhXIFTpF4VnoHpOQqRTz3D4gHwmA1xhYBYnpvE7+/jHwWAiNhbbb6yZruYmTNM36JTg==","mode":420,"size":101},"dist/lib/es2024.promise.d.ts":{"checkedAt":1768031079616,"integrity":"sha512-/mbOnQZdHuxlp+KZolbxvbvRPq9Q1Ha6MaQKQ650PdSGlHOmIvROPjyYZyaAz4XxlcKABzXBlXe/72JiDEllpw==","mode":420,"size":102},"dist/lib/es2024.regexp.d.ts":{"checkedAt":1768031079616,"integrity":"sha512-Y4fkd73yBUF0PzY0sKGYo8hNYI/GBU9a3Oqi4MFC6ivXVhVJkgA4onBCJrscbU7MjliYPRm/IKwUt7TnRklqTQ==","mode":420,"size":101},"dist/lib/es2024.sharedmemory.d.ts":{"checkedAt":1768031079617,"integrity":"sha512-iG5UqjTuSXBmda4k6TcoTPF8BPhvhEOaGrGQ6r2ed1g9i2AzOJU7mgcHf7o4WjWfyqFBqDItEs6Yn2ZZ5/ZSGg==","mode":420,"size":107},"dist/lib/es2024.string.d.ts":{"checkedAt":1768031079618,"integrity":"sha512-T0Uhp7IAsY++1Z+j7ubzSQl75j240a9FQQlBY7Xj+CcXd/RLR1/D4qF81Hny/TGpPiasB5AN/AHyNTtWh3VgXA==","mode":420,"size":101},"dist/lib/es5.d.ts":{"checkedAt":1768031079618,"integrity":"sha512-0DrQfIUilSGQAvq5s3NhFLAZlVMXn7xaPwl2p4HZgk/+V4UbwWhngQ55oItaBjWnMhHdAoJg8C5kPBXAr/4e0A==","mode":420,"size":91},"dist/lib/es6.d.ts":{"checkedAt":1768031079619,"integrity":"sha512-QvvP1WJ4WMa18i3Q5d+so9xFWYinz6Eni+NTyD4AkLIVe/BAw2BuLuX4XrrWlJ0geEB9a1JO3WPxymqv7nrFMw==","mode":420,"size":91},"dist/lib/es7.d.ts":{"checkedAt":1768031079619,"integrity":"sha512-0BVD5PcPw4T1G6m8pkcJkB5z1ndUH3efc1eQLK2s7yBgixoJ7PrVHLjaFiqRCeDy8s8MZa6zldhsPAMy39Kn2A==","mode":420,"size":91},"dist/variable/ESLintScopeVariable.d.ts":{"checkedAt":1768031079620,"integrity":"sha512-ZWHbUqVV+/SB4REW91Gjg8Bb9TcUSxt4UPQxPGtJYVUUMchikjAMhHCVPCYHS/ndmzMjsCeOomvLf2vLN+5Rgg==","mode":420,"size":1354},"dist/lib/esnext.array.d.ts":{"checkedAt":1768031079621,"integrity":"sha512-3EJ/NmS1ei9jAc2hBCd2YRS9NJMKsXjtFSv38AJqKOkSLm0F3BXG2tZb0RESeJWiVjeHh6IJQxWtaORTTN0nkw==","mode":420,"size":100},"dist/lib/esnext.asynciterable.d.ts":{"checkedAt":1768031079622,"integrity":"sha512-NvGKtnnVJrHiKG+DDWG6Bt28o30TJECe0N4i2hwg5ihZ5nHBtsxF5ZHMi/ZDxP8I2W1pjU66X5ESR51Y2RaVzQ==","mode":420,"size":108},"dist/lib/esnext.bigint.d.ts":{"checkedAt":1768031079623,"integrity":"sha512-7N/9vySnYNvlD1HlrLWP9tXWozpgPhzJJyPv5djbZY5GLAO3u94bDO4xUlUfCnTkPRY8KhTcOQhBKAYlZJIpAg==","mode":420,"size":101},"dist/lib/esnext.collection.d.ts":{"checkedAt":1768031079624,"integrity":"sha512-R2jwMy5ZQNtd2PvZTSqnNUdrvcuvmNhmnEn4f5ejhQ4nBm3JBdcaQgHVAYnh85A3+18rCQGFPCjSJ7VI8mWN2A==","mode":420,"size":105},"dist/lib/esnext.d.ts":{"checkedAt":1768031079625,"integrity":"sha512-Dv8Kht2dbI3LidbpsW4LfFjliNaEF3xX7xBFy6KiltOYlG2tZYwdu3MLcaaHkKw0fyBWePInr4BJwZW2ebPupg==","mode":420,"size":94},"dist/lib/esnext.decorators.d.ts":{"checkedAt":1768031079626,"integrity":"sha512-sGZQmWb5ds5og1lTIGJn7jLkqd5BsCtbiJDvjRf7DWVt18KpM7wTU5bf49UGAokW+HMJGqk4ZLBFc5Lc//vNYA==","mode":420,"size":105},"dist/lib/esnext.disposable.d.ts":{"checkedAt":1768031079626,"integrity":"sha512-zjZ14czu6csjWsYV9wZihG0yCLrVuANcbPA1O/sFOeUhBiJ44DQAKhqIq8e0p2wJfdk5/0PqTtHNkpwoj4HDWw==","mode":420,"size":105},"dist/lib/esnext.error.d.ts":{"checkedAt":1768031079627,"integrity":"sha512-0HlpEufgwicV3+f1elsAHjyWDPzGRgvxZ0vumGk+JIy+jjv7OcFSXugLsyPszVSdYfKGvoEw4PHjFFTD2iARlg==","mode":420,"size":100},"dist/lib/esnext.float16.d.ts":{"checkedAt":1768031079628,"integrity":"sha512-2D8dYZFHk/NbXBOqADohBVpLRkCC0vGK52+3ZWBE3IJn1FB6CKgWz/2z/TOr1Tl+sxpxBuuhwi+WcYZR8ijbdg==","mode":420,"size":102},"dist/lib/esnext.full.d.ts":{"checkedAt":1768031079628,"integrity":"sha512-EpoKqO28UCMwrx35SxXS13EUcKUG5EJMTcAJUOIXNHLke9IvNkyCkFDYHf9kj02IWC2pyHvVZPeoGLnhWB9teA==","mode":420,"size":99},"dist/lib/esnext.intl.d.ts":{"checkedAt":1768031079629,"integrity":"sha512-4puPOfWk9iw6P0N8jZ0SNYXdmVuptFrKpSg3z1j/uoe39u5Ts5LyqDwK9t3/YYDL5Voj8MNPFlsZtCpClxD0mw==","mode":420,"size":99},"dist/lib/esnext.iterator.d.ts":{"checkedAt":1768031079629,"integrity":"sha512-tBSqk+omLXPHRphcAXWRpdJ2xvgdyQyqjE8OU1Zm8GVaKxmfb+JbgqxE3B/VsN/Qm50d/l00yQaOLgIFxTd1WA==","mode":420,"size":103},"dist/lib/esnext.object.d.ts":{"checkedAt":1768031079630,"integrity":"sha512-l2TcHaA8C3QjwmfrCLXn5tssjcIwGPxL/UpgYWmlntuaaJ5STsegLFexeP9/JZnlwN6zSf9ONCihPeWWgCONKQ==","mode":420,"size":101},"dist/lib/esnext.promise.d.ts":{"checkedAt":1768031079630,"integrity":"sha512-moHOEkdZ2i6uZOzniB1KjSUEjpfN3NVTYxZjFJytjU8cUkzxWleQptvrRXxZVZdi3CrPL1PvgjFZiyB6rVTOaA==","mode":420,"size":102},"dist/lib/esnext.regexp.d.ts":{"checkedAt":1768031079631,"integrity":"sha512-I/vJ+UXyfdoDQFBiJJLx94cu+rJuEGy4lCVG1sBXC0B+SfSQYM2veeYv9uVH8C/mDOwpv/s3f5ZvO1a1rFlPog==","mode":420,"size":101},"dist/lib/esnext.sharedmemory.d.ts":{"checkedAt":1768031079631,"integrity":"sha512-6pCY4B5G6s+OykmblbKzNZNlGfJEv4jb10qhp1gn5cuj8RERQKiFUPbVe6SRGCkTXbhDI0PYhhXxcj2B4s8lVA==","mode":420,"size":107},"dist/lib/esnext.string.d.ts":{"checkedAt":1768031079632,"integrity":"sha512-mc68ZYOG/J24W65vR2v4I48JZrkW9jfIasmCLWatq29I0iydPDDTr83+rgvJn1ayl4P/c8wdZN0e1r5ca6QsdA==","mode":420,"size":101},"dist/lib/esnext.symbol.d.ts":{"checkedAt":1768031079633,"integrity":"sha512-5SFeKhNvclVyZpR+hlm15DTnd50EbNeuMpjkn0oXzelbm0tNyKkTbwLlY5bpHiT8D4eqOrFEnsI2RFt6LwVLhg==","mode":420,"size":101},"dist/lib/esnext.weakref.d.ts":{"checkedAt":1768031079633,"integrity":"sha512-jYyWQqciz+ojitoNl7ze0iqjMBX1EAwhhPSEqv39AnPnCpT3Jc6XjYsVna5eT4KdLvx3kCUyLZlYn4yQb7Drcg==","mode":420,"size":102},"dist/referencer/ExportVisitor.d.ts":{"checkedAt":1768031079634,"integrity":"sha512-fELhpRYf0MnOLXaRdnzCIU/Av3LsDYYVy3WL2a12FnkuzvVK1RlHbiNHTk2Q8PSxbhLAaOiRRDnkSkhWMhCUsQ==","mode":420,"size":761},"dist/scope/ForScope.d.ts":{"checkedAt":1768031079635,"integrity":"sha512-QmJ8Md0iyy6hcmTWtc9M8kz81mFGaLhPoWu6ZkdaF7N3YvasKShXUq7HeAHEJ9ocsReluVJWQ3hPWi9kaIO1xw==","mode":420,"size":482},"dist/scope/FunctionExpressionNameScope.d.ts":{"checkedAt":1768031079635,"integrity":"sha512-F8g1CsxPyIcUl7cl4ZFUCDr68F0E63BqlTjOnMRB7QBguRM70KAfKeYXzjyu1RrZ6R4JwopkUh+FM/xNUYb2Tg==","mode":420,"size":556},"dist/definition/FunctionNameDefinition.d.ts":{"checkedAt":1768031079636,"integrity":"sha512-O7jTnJb+5Q1p47fHNPet7jdlms7V+S0Wzw5mPqmjenX71RyDY04R10dNbmhvPLvXlHCOqbFoE0bt6lB7Tut0ng==","mode":420,"size":580},"dist/scope/FunctionScope.d.ts":{"checkedAt":1768031079636,"integrity":"sha512-Tssc/QVR17D+Ct1aIvrvAvmW6JNlyPM2Abu/SpIVToDXbUkKHpz2wPtua/rD2hq+Rb9OET3wnB2YXCDix6Yfww==","mode":420,"size":821},"dist/scope/FunctionTypeScope.d.ts":{"checkedAt":1768031079637,"integrity":"sha512-KnJIQu/V+HgNF7fJAm3aVHwmnk0VcX9FwDY++7IO0Y4yVAT9Lox8h1nj8wvgwkiSbj2GF4/Zl9S+5BPQpXUSVg==","mode":420,"size":607},"dist/scope/GlobalScope.d.ts":{"checkedAt":1768031079637,"integrity":"sha512-4Nv51Qlx3IziTOPkiduEjxR3ncDpPQj+/T/Qv2EWCIIavo/kLT8H6Ss0+T8cc5NLx+tJhu0HncPRu2ttdGyXVg==","mode":420,"size":678},"dist/ID.d.ts":{"checkedAt":1768031079638,"integrity":"sha512-3tjfd+WkFBzahiYeAi/qaH0ArBU4wOM4jdQvlkBnnVWjl3cmpufOPsvN8j9fd3wzp8YXFBiCUIlnxR1gRLa+SA==","mode":420,"size":101},"dist/definition/ImplicitGlobalVariableDefinition.d.ts":{"checkedAt":1768031079638,"integrity":"sha512-5ahpJDLvvs3PxbkLqWgoc6D0IMU+T8pvM3AeIZqsBJ5Pt5pnJdvIiBMVNNCsdBjW/WK5UW8HHLrCNNh3weCNwg==","mode":420,"size":514},"dist/variable/ImplicitLibVariable.d.ts":{"checkedAt":1768031079638,"integrity":"sha512-06V09TUiKguJWyw2ShCh+7Ol5MVmzS7TpraKfkSiz29R7/IpUHs/Yn8dxdayoJXU4x4Xed6EC+9TQelomAy9ZQ==","mode":420,"size":1093},"dist/definition/ImportBindingDefinition.d.ts":{"checkedAt":1768031079639,"integrity":"sha512-mGFFlOo2UUnsWg442pIk41k8AJUKAwVakaLl/QrvgJcIzs43JZzG6zZKY1UfoBwhwQ/VYocUH5A2v2aQ9LedBg==","mode":420,"size":851},"dist/referencer/ImportVisitor.d.ts":{"checkedAt":1768031079639,"integrity":"sha512-MlndgYbxH9dnAym16fYby0+MGEsK5wXeq75bBxu9M+Sof7g3bQcbkvBcavJPuFO4VE/zQueD2LJJZXBwxlzjjg==","mode":420,"size":787},"dist/definition/index.d.ts":{"checkedAt":1768031079640,"integrity":"sha512-rDYNvIFG2XFLjWMAgwa4TiAgjYBLZwW+kp7IOYjAoT47j+nWsCQWnpMtP+8qONrQ8Hl1wwQjIA/kJ1hUpT5ZcA==","mode":420,"size":516},"dist/index.d.ts":{"checkedAt":1768031079640,"integrity":"sha512-44DVClocfa+jCFzDpgYa6NawSdqcV+p0HEjHbSSrD7Tsc95oX+Je8uP/xxbisvEPBf34CDvyXeP+PuFgGyaqww==","mode":420,"size":408},"dist/lib/index.d.ts":{"checkedAt":1768031079641,"integrity":"sha512-PnVtRHjaGmoHJWzEfPemkQl97c3HhQ44zihBvxAyZoXPZFXOQg/cHRuMqRctgGJahDrWj3v6eA/desxTrU1Rjg==","mode":420,"size":112},"dist/referencer/index.d.ts":{"checkedAt":1768031079641,"integrity":"sha512-2JycM8wozP0SstNFdQnQ8k+CaB4kfSgKv9tHhI0I2yhd/+sL27AFkNwakO1omgHXi57KhAonpQGnVoi9UyHq8Q==","mode":420,"size":67},"dist/scope/index.d.ts":{"checkedAt":1768031079641,"integrity":"sha512-88FFtVOAFi1seaj+YgQVzYid+miqLZx8K0EzEyQbPtUzDDqCdPmdnCbI4v4+4n0I+pIMuKO2Apdwn4+DAy5wSw==","mode":420,"size":625},"dist/variable/index.d.ts":{"checkedAt":1768031079642,"integrity":"sha512-PqZU0iN3mmXcc5+fds1sMV53F9PWm4h/FyZEarv30IA1zujIGlIvfYTDBxFwRXIdkcXmt3BE1j9RVmbKcrTDpQ==","mode":420,"size":385},"dist/lib/lib.d.ts":{"checkedAt":1768031079642,"integrity":"sha512-unJ+5ZQL1Hf1eYaiDbriJHV6V9rYV0tWe1+zD02H8sKBSWeWBO8bp5dlVz9g8JJwPwplpwBzj3xN29PLdnr3QA==","mode":420,"size":91},"dist/scope/MappedTypeScope.d.ts":{"checkedAt":1768031079643,"integrity":"sha512-+fODPz+Ksl68Un/1MJa2iQZoPk/pcnYrimDzmKx0Kj3uGHw5oOpjJbCglD1W6H2bNBbR4gIfBD0x1tzrJAiQlg==","mode":420,"size":458},"dist/scope/ModuleScope.d.ts":{"checkedAt":1768031079643,"integrity":"sha512-FZ4tmne61RuOXfKqzjpg3kQIh1NiJgLAM5jbjWWoclHYK/Gr0EpFDtSWpwN4wVdtQwigEdIUQVqhDuItS22EvQ==","mode":420,"size":437},"dist/definition/ParameterDefinition.d.ts":{"checkedAt":1768031079643,"integrity":"sha512-yoFsHB4T7RC87YT9pwYOI9/xU2TE9xVcULDkRZAmf9k7Zu8RCz4Lquh6e2ZDuCU5rTczZ+o7/6iSoEDtEfZRnQ==","mode":420,"size":903},"dist/referencer/PatternVisitor.d.ts":{"checkedAt":1768031079644,"integrity":"sha512-NIqhdcmjRYzK6bIyh/ynxZLq8OLToiW0zuDWitKOiAvyO2m+2G9E6T3eO9F+ReRs+dENgdWEWLQeZslZDoTnHw==","mode":420,"size":1599},"dist/referencer/Reference.d.ts":{"checkedAt":1768031079644,"integrity":"sha512-jdE6/mJZjIGPABJQeA1ytzhI0+Mu+Mysui1TuQ+KmMsd4pDXAK7fZ4BABcHMZR2id1euzo6ME4MUsXQONZWaoQ==","mode":420,"size":2423},"dist/referencer/Referencer.d.ts":{"checkedAt":1768031079644,"integrity":"sha512-HW4xxslk6OpPInG4oznb22MN6fxSPEElLN0EWaAeHvE2449IhXySCUcsSb16memdx4Ns3QySvKY+7ncfIQnCNw==","mode":420,"size":5531},"dist/scope/Scope.d.ts":{"checkedAt":1768031079645,"integrity":"sha512-Q2B21r8L0EevFMdQSoIVneMBUL0rVHsEuIt/4caOW1xC1VS33CTHDGs8aoyzBUf6eFWNploghDYu9j829INnzw==","mode":420,"size":1333},"dist/scope/ScopeBase.d.ts":{"checkedAt":1768031079645,"integrity":"sha512-s0BbPfdRedig/culJLsjadTzJQmpKom0qQ0h7QgPM9xQBs13YWBxkF7oNAys+F0xupGL+lkS1JIpRCQ5BNu6og==","mode":420,"size":4199},"dist/ScopeManager.d.ts":{"checkedAt":1768031079646,"integrity":"sha512-294UX10hrl7PwtEB6csGELFcUibs3ajCDChs/BbgBqAvtP+jovEZljrq8nzGlncY+qAnBcm1AM692gIoaiXYMw==","mode":420,"size":3634},"dist/scope/ScopeType.d.ts":{"checkedAt":1768031079646,"integrity":"sha512-xYiQZn93OJqa0tApXh7OApzv9QjoP+p7aIK6A1wnyFnB8GtSZz+k9hVdpSoX1MaoTyW2dEy+muZChZFT7Ve7rA==","mode":420,"size":561},"dist/lib/scripthost.d.ts":{"checkedAt":1768031079646,"integrity":"sha512-BV+Sc/s9Y3neV7D/+0IjU9VDC2Q+xxM21rxISNQHiRG+35++f3qXaKmp/qFrU9dtv6OTykUpJZjqA1wZKLlxHA==","mode":420,"size":98},"dist/scope/SwitchScope.d.ts":{"checkedAt":1768031079647,"integrity":"sha512-bNKgVDZfr2IKN/uj/SD7euG34MeOZ06kNLZKltvMp5GfV6CwrLarUmK8htFC5SsizzPnbhmWHB2xB4UIVMxCOg==","mode":420,"size":445},"dist/definition/TSEnumMemberDefinition.d.ts":{"checkedAt":1768031079647,"integrity":"sha512-sUUOXcjeDco+IlYeL4bWN/CVDySh3uTc3fPem9G2gvqw7SISxu1y3a6l9INhn4b0Fg97SK1sZIsSwS3jU/hudQ==","mode":420,"size":522},"dist/definition/TSEnumNameDefinition.d.ts":{"checkedAt":1768031079648,"integrity":"sha512-d63N9GdHj6WCsvGHoyCerzlVuWq95IllhYxL9zbMasvCuzvbneaMsBLy1J1zsBVUPYT0gC9a4y/STVS2giiEIQ==","mode":420,"size":471},"dist/scope/TSEnumScope.d.ts":{"checkedAt":1768031079649,"integrity":"sha512-vD1E19Q593PHyvdYthlOzGwC46aLhqL8ZqDHaOz2d/GUq010iJcdtw53bm2z8f/JzTcHmaEJD89lAzuKHZsUPw==","mode":420,"size":447},"dist/definition/TSModuleNameDefinition.d.ts":{"checkedAt":1768031079649,"integrity":"sha512-3AW+YB1kMygufEegYkS7sU8EsNaRjx5Q5CxjQ0qUF9Htq4oS02eQmfAqxSmbWgfp5VTPItOC+8/xvLxgEkmDvA==","mode":420,"size":479},"dist/scope/TSModuleScope.d.ts":{"checkedAt":1768031079650,"integrity":"sha512-9cxT+xbIHJQLXxM7/nsZ6A6+29BsGuBh0Q2uZsGnhqNaWiHT4ZnaiAU3c7MXaTX/Sj25l5fWgsqLK6DptYGMmg==","mode":420,"size":457},"dist/definition/TypeDefinition.d.ts":{"checkedAt":1768031079650,"integrity":"sha512-b5dTtQRA+ZtnrSg9S8cxF1mWhxcdaP20ZvHOCr0NhzGvKVevkR/lwZUynFv2hDhc6MaseWHxu0BqUvNZor8hsA==","mode":420,"size":544},"dist/scope/TypeScope.d.ts":{"checkedAt":1768031079651,"integrity":"sha512-Lige0tOxkIMlK+h0GphRqyHodgTZ30KZXbTYASMJUK/IM0DaLmkQ/BKYHoMkFf9SUcqJ5om+Tr4SyEXzQ1vdjw==","mode":420,"size":478},"dist/referencer/TypeVisitor.d.ts":{"checkedAt":1768031079651,"integrity":"sha512-jy7FdF0McdxAkE2cdiy1/G2uUwdS8vO6mK7qlZKeozthRSXTOwshLaFOWekW1xg+kAkhVh07RBRxoqbXRPCqrQ==","mode":420,"size":2155},"dist/variable/Variable.d.ts":{"checkedAt":1768031079652,"integrity":"sha512-d/epOnTti0J+ZpPMOBahpPQ4Z1dIYyf49LIcsaQtmzH6Mfz25e9bfsrZWE0SlhadQrXBz2pBYnnxXdeV9NAJVA==","mode":420,"size":484},"dist/variable/VariableBase.d.ts":{"checkedAt":1768031079653,"integrity":"sha512-ummfaysbyNulFyAdJnclWR9wiOr3kS+hL2ojaGh7wyO1oCdTozP07motR77HlvsQ/6tdN/LS/rRtflr+hm6/OA==","mode":420,"size":1370},"dist/definition/VariableDefinition.d.ts":{"checkedAt":1768031079653,"integrity":"sha512-du36VWVmzRXK8iUQ3KCjX3h2lOT1dRgNgGeJgEkUPwoCsZSrn1Ju9n9e1nBpDeDrYn+3agtv4FnOAbzpsOOEFw==","mode":420,"size":527},"dist/referencer/Visitor.d.ts":{"checkedAt":1768031079653,"integrity":"sha512-5F+1b0nfKPG7am4zmqzdsv0cKLfWJOwxxgLc8e9GcPLVxrOY8v8Usx83N1XC+40l7Tg4VEahrpzwpE+qGNRiCg==","mode":420,"size":658},"dist/referencer/VisitorBase.d.ts":{"checkedAt":1768031079654,"integrity":"sha512-9HKeLH0bYS0cQ/d/PEhuFmV0rizeH7WOFXfVR6QfcJ0C9al2vRe31zgMPc/B87vtQkyqPTKq6V9TLwMGzM52mw==","mode":420,"size":801},"dist/lib/webworker.asynciterable.d.ts":{"checkedAt":1768031079654,"integrity":"sha512-7MIUyb/efHxnbCoOUGQFOAfCl7qAWYP3ZOyoqr5FPNoiuPvb0Vxq7kR3WRftY8tFs+mRaGZi/Z5keYWpFu0IvQ==","mode":420,"size":111},"dist/lib/webworker.d.ts":{"checkedAt":1768031079654,"integrity":"sha512-eNAOiAzdJmxePSXDtGHows2vnDjbA5w4kyOH4cFIj9AIyIOw1XtmOK93qDfxw/vOKqlzVeiHIY5NXQDCqJ450g==","mode":420,"size":97},"dist/lib/webworker.importscripts.d.ts":{"checkedAt":1768031079655,"integrity":"sha512-2U1669d4xFCXvCwgAm3kblf+L+2KfbYc0ffeG4yuhrg4vWUWhXoikr4M2wqOjmra279M3iOI0cWCoxUvtx10oA==","mode":420,"size":111},"dist/lib/webworker.iterable.d.ts":{"checkedAt":1768031079655,"integrity":"sha512-6tCujNJJwBlGzUpvpIP0yjqYXbk+s6y9K+ZGUQ1UIhRkkfEzsKOiPmTyMHCPDPoh6tlDUsxLHBMd+wQ7MIAUAQ==","mode":420,"size":106},"dist/scope/WithScope.d.ts":{"checkedAt":1768031079655,"integrity":"sha512-QZl6GYFAKCZbL/Bhe/rUy0QgYEsiReZ7S0BRmTkx7VcGwbaxArDC7XwVSnZwvWiU5/Z1SmDun3o8wk5Ere/9jw==","mode":420,"size":488}}}