{"name":"devalue","version":"5.1.1","requiresBuild":false,"files":{"LICENSE":{"checkedAt":1768031008033,"integrity":"sha512-PJ9nQC9CPLaxA0yNKuTL5G/F6AOwicg/KM40FRjnKKwYQBB4NwLwcqKEwR0NVKRD618vC3u2taM3zagdnw0RsA==","mode":420,"size":1121},"src/base64.js":{"checkedAt":1768031008033,"integrity":"sha512-41fxRPEDGMKJW4N1ACzTZbzQRDBiLIsqZyNbrKfzKygfUCYkqxU7kklKGtnNthiZiaaCyzvW8GaVbj5QUI42Hw==","mode":420,"size":2945},"src/constants.js":{"checkedAt":1768031008034,"integrity":"sha512-/s5k6Wsr5w6JydpDgAj/yzao2WeMnWRvvu5kMSzNHYXTAVAQiA+jY0KNG9mfOpJR678wJJBVGaLS2oPavXP6rw==","mode":420,"size":183},"index.js":{"checkedAt":1768031008034,"integrity":"sha512-S5xoZgD57DHQ1K5bqLP8M62ALReYhCTk+KkSntp8soYdc1KnLOM+KZ1SsXiPFY/0FLSLfc8TlEQX2ZhJfGhR4A==","mode":420,"size":141},"src/parse.js":{"checkedAt":1768031008035,"integrity":"sha512-1xyTNmbIrspyO9zJr4sm8qrQLkUA2KQHDen8vbiPJCmHFQfNdW4l12wb8I8/uaIS1BjJZ6MXxqlz7hdmxA3qbQ==","mode":420,"size":3919},"src/stringify.js":{"checkedAt":1768031008035,"integrity":"sha512-KkGAUVVPp89UKJBUivwLhxTW5PA909n/N2JU6EgPehHZaOZg2YL3NHJ1OAHx2rr0EAOVr6267a9YxEdgU9ylOg==","mode":420,"size":5197},"src/uneval.js":{"checkedAt":1768031008035,"integrity":"sha512-ZH3ayb13fOY+lcQaOGb9q52Pvbt/iddZpoQXJn5C8tnHLb4ynq5sUzAWCY+sOkJtiFAj5OJk9E6JF0e8tvM2FA==","mode":420,"size":7830},"src/utils.js":{"checkedAt":1768031008036,"integrity":"sha512-u2O5HzcqR5d8I7TrSaB3WmRFCR7GYL6dXRyJRcCMMg0WKKHHtvp2ak3Dphf3UVJbFxG6E2wTP9SEj6mxnUdlaA==","mode":420,"size":2373},"package.json":{"checkedAt":1768031008037,"integrity":"sha512-G7XKScfusymaNBT7WASP7Do2kJOW82yYG2B37l3tShBH9TfvxtVadYjLvs7+C0CV+JOvLyw0g9ME3mgIyID+eA==","mode":420,"size":680},"types/index.d.ts.map":{"checkedAt":1768031008037,"integrity":"sha512-8euQ0oeqvcqE09thPXqNr4lpDYvAlQoWWhlDoSUau/3Nxsft90hRLNsPeQTP5qb2uNnvfDNWbzxQhyfixyZROQ==","mode":420,"size":329},"README.md":{"checkedAt":1768031008038,"integrity":"sha512-bU5kohELKMrydc1mZNeYhFxScctpqKXRnAepZeFq4cAMdDcOvbZl60lPO7iOol5jCQphK7ZM4Uzq09k1dP4/hg==","mode":420,"size":6163},"types/index.d.ts":{"checkedAt":1768031008038,"integrity":"sha512-rSUU0neaasH1cg3DdaFvLHTUtSZpbUyKIzPY/fhnrpr7i385D/oqlE+WpTIFjmv42VppKmWQuEdl7c4SOoAGMw==","mode":420,"size":767},"src/types.d.ts":{"checkedAt":1768031008039,"integrity":"sha512-Wgxb/D5DLMLvQ0IqER3XECgZpkLTGZY3ftcEK3lazWsAQjPq07Q0A+DRMOnzI4j3gPAZctPdBvcjtiu5xA8pZw==","mode":420,"size":185}}}