{"name":"@typescript-eslint/typescript-estree","version":"8.39.1","requiresBuild":false,"files":{"LICENSE":{"checkedAt":1768031010215,"integrity":"sha512-t0z/UCQ+RY4AylIo7v6ZCtzCdS9pMnC0+yB0VQa2A+1S+oV4noJtM9o2SOJfDVq7GqTVK4GsuGR2QO4Nb/K7kw==","mode":420,"size":1097},"dist/ast-converter.js":{"checkedAt":1768031010490,"integrity":"sha512-XtklD1pmOhNbQhIHMCHdbz2SFHE9irW5QDvvhbX3M3hkUU+ZY+E2XjoiCUbUwuue5WU3CTqE00vTUvjMsiDmTg==","mode":420,"size":2364},"dist/parseSettings/candidateTSConfigRootDirs.js":{"checkedAt":1768031010491,"integrity":"sha512-ZAQo2TwtgSF/Ky4fs/0fBbvBqh+ImRoCycgeHupoVJ5HAA4YwzyIfU+sXVp/sNtMhDSZLuSWGHX5UxGnXH4+Mg==","mode":420,"size":1150},"dist/clear-caches.js":{"checkedAt":1768031010491,"integrity":"sha512-0x4xhXd1Yepk/Ys/t8Vbs0LZVCyRM9/8z3NbrpUia4g+2zOA5Uu5qZoj+KlwAbexs+5tx+y7QIay7Twv7NbsGw==","mode":420,"size":1298},"dist/convert-comments.js":{"checkedAt":1768031010491,"integrity":"sha512-9oe87Yo4Ar1+hvcjpqteZ6jvw1vpdoFvaiCZJGS0IaW6nM6Cv9uzQKjasa7q76RWuT2CU5W56vhyqjWuKIKurQ==","mode":420,"size":2794},"dist/convert.js":{"checkedAt":1768031010492,"integrity":"sha512-UN5uqKVj/iajucbZx+xLuqlJd99cxktAW1KLhTqghno406+6iqybfe25nSHkOpJuWDZw+YRKLRQWXvRW32CU+Q==","mode":420,"size":139890},"dist/create-program/createIsolatedProgram.js":{"checkedAt":1768031010492,"integrity":"sha512-AhSZJ4y0Nqy5NQRrCPSVdJfNEmXrhVPBDkK72WRNvz8hkpgug6eTWOkTyhaTTSOzvI4KvfYZQR7HPvvz1feQcA==","mode":420,"size":3690},"dist/createParserServices.js":{"checkedAt":1768031010492,"integrity":"sha512-2tM0Lnhe/3czDLA8SkDrCrz8QzwQhC13olY4wbiYiQK9B4JVn8mZ9wYP2Qjr4/+Dm2G2nnD1wX0rDNdhkYQgZw==","mode":420,"size":1281},"dist/parseSettings/createParseSettings.js":{"checkedAt":1768031010493,"integrity":"sha512-G+h1G24jM0yuV75i+WW7Mw6nc8PVDnx2piKQhvm8v76WEMpvCOlKQGFND5TYl4NZljnASwK16xz3Jx69nwlKSA==","mode":420,"size":10761},"dist/create-program/createProjectProgram.js":{"checkedAt":1768031010493,"integrity":"sha512-TewIOrLZFUEggzlt73XJLkleMgnSA6aqWzueOFBCzCpibiABo0lwJRugmagabr5aGQIARtryo9dsGQ7ybMeq/w==","mode":420,"size":1251},"dist/create-program/createProjectProgramError.js":{"checkedAt":1768031010493,"integrity":"sha512-kv7Y/ZXrATrmqK1DG1ocMpzfXEXzDJd3MTHvB1V8ezO0zXWSlLjYMMRqrTkDip0SJH1j95mktn01GjuL3IR+mA==","mode":420,"size":4262},"dist/create-program/createSourceFile.js":{"checkedAt":1768031010494,"integrity":"sha512-5HlktgYpQs58K8iYwxdfs/TT8TGR/Fq8dsuW7RtVejVfwWHHC3jBxnjtRIORFdM9eBmMFxk7sSisfoeYMqi7og==","mode":420,"size":2775},"dist/create-program/describeFilePath.js":{"checkedAt":1768031010494,"integrity":"sha512-Mb8kiJaS+41jJMe2tEsR7gQ3KsN3WT4xp2JjZxeuJa9R3tK/avH7oz++Xc6bVAmkKFa/a5nkZC1QrMDThkOazg==","mode":420,"size":1469},"dist/ts-estree/estree-to-ts-node-types.js":{"checkedAt":1768031007730,"integrity":"sha512-f2XGQDoj2T+xSOglmwEtZVKrO/8Xj0p9ap2c7A9gQp/BiZ45tLyozAivx12afHv9sT/DcspjyF6yKwNV601gAA==","mode":420,"size":77},"dist/parseSettings/ExpiringCache.js":{"checkedAt":1768031010494,"integrity":"sha512-3z2pXS0E5/0BNWZASuCU6e65bpuzsGCVlyQ+SwNe5tq6Xlg1iWtPG7qMYBeA6dgOTu4cY35NanHqXE+xUCTRUA==","mode":420,"size":1471},"dist/getModifiers.js":{"checkedAt":1768031010495,"integrity":"sha512-SjAqeH6q6xXqUO26d/FTSmXUtnkSV43gNKIGzffZ2Qm8v4E+KsFsI+ctddk1j9BTNm0O1gyqCov+O8b87c8ovA==","mode":420,"size":3097},"dist/parseSettings/getProjectConfigFiles.js":{"checkedAt":1768031010495,"integrity":"sha512-b/LUSGkHDe1vmHZhnx3kjIbJY9Po01EOgd/LuCiL1jf406tqZy46Xv/M1YxpDNg1ORKD7CCvp9d34VHZQbBkeg==","mode":420,"size":3589},"dist/create-program/getScriptKind.js":{"checkedAt":1768031010495,"integrity":"sha512-fNid0olwy283tcC7acSBE5hu880poI0GJtKfd44Bpd90tM2wX3zYMZhEV1qvxqBy7AuxodGmi+RsxGug2F6cKw==","mode":420,"size":3349},"dist/create-program/getWatchProgramsForProjects.js":{"checkedAt":1768031010495,"integrity":"sha512-YBj0bgSX4E2ZKbxIVUPUNTlg9foQXYrz6KkpIMaKmepM4kklhyztAD4obFO36N7XoLFnJF5/ladDWw8n+r5amw==","mode":420,"size":17743},"dist/index.js":{"checkedAt":1768031010496,"integrity":"sha512-gf4qUJ/gR0lWZ1MYDbbaZrBKnAXlGxhYtowblSh+8aaOrpuY7Ym909GxvUaLICaPN3SEU4N1PaeIk2DvAs9rzA==","mode":420,"size":3400},"dist/parseSettings/index.js":{"checkedAt":1768031007730,"integrity":"sha512-f2XGQDoj2T+xSOglmwEtZVKrO/8Xj0p9ap2c7A9gQp/BiZ45tLyozAivx12afHv9sT/DcspjyF6yKwNV601gAA==","mode":420,"size":77},"dist/ts-estree/index.js":{"checkedAt":1768031010496,"integrity":"sha512-SP6BiFLm0AOWjKT8J6MwxoFr6dGRK1ApduFA0yw9s6K/5L5DeVFY0yjkyD8rQpISALvYrTr6gcdVV8ZDxat/GQ==","mode":420,"size":1404},"dist/parseSettings/inferSingleRun.js":{"checkedAt":1768031010496,"integrity":"sha512-YvXvWsDix6+4/rDYQPTwBm/8a9rjZ1L/oAjYJM1pm1xQAFVKLrl/ZRED6T9caJ2ffMAQ5xOnsAZRlruo803xUw==","mode":420,"size":3170},"dist/node-utils.js":{"checkedAt":1768031010497,"integrity":"sha512-r+B9bfLbxYh6AIQbmYdotnfuTBqL/O0hbBNqDJ1sblx0739uILDDuzg/Qtx9Q8zVbkDXpEHmF55CR+v4buCFsQ==","mode":420,"size":25687},"dist/parser-options.js":{"checkedAt":1768031007730,"integrity":"sha512-f2XGQDoj2T+xSOglmwEtZVKrO/8Xj0p9ap2c7A9gQp/BiZ45tLyozAivx12afHv9sT/DcspjyF6yKwNV601gAA==","mode":420,"size":77},"dist/parser.js":{"checkedAt":1768031010497,"integrity":"sha512-985sLagts4Z1h+XFRieFfwZxrV2vg9G/u602uxVIVq/DCOmlroDZ4+erd3B5ycbSGi47aZ4SHo2/C2KV/bWV8A==","mode":420,"size":8835},"dist/parseSettings/resolveProjectList.js":{"checkedAt":1768031010498,"integrity":"sha512-XGkB6/hjcFqph5BJ3VHOX68njKiaUWMvo17/HUCxgPm8lXg8cJRJtbHXx1XvOxk5xW2shIk0UrfO2YASDDVdWg==","mode":420,"size":4409},"dist/semantic-or-syntactic-errors.js":{"checkedAt":1768031010498,"integrity":"sha512-8E5j2OkZeiJ5/VMNF6UfzXjPouc/54PYiOfwViRmsfiVquToGYuIwiGN2xofImprEyCP3fD6OQK+LtPzkgTGIg==","mode":420,"size":5672},"dist/create-program/shared.js":{"checkedAt":1768031010498,"integrity":"sha512-DfHlbCaESjtxrPx15xnHFBdTwUOh7l38RMfYi/xrWj24SNMIR5dYe16kLkdBxuJd5k8M6hE1GmZyaa20/xFIkw==","mode":420,"size":4859},"dist/simple-traverse.js":{"checkedAt":1768031010498,"integrity":"sha512-Lhy2gTJT5858LYYY2kUfCtWs1YsEy3dOVU2zMH+oEvbx/4I0Kj1BzRJKK7BzB2qfV5tRtawnWXvQMdWOik4bvg==","mode":420,"size":1893},"dist/source-files.js":{"checkedAt":1768031010499,"integrity":"sha512-Uquh0DAGRi1f9nMUIE3vn3CaRlPq9Lm04m8xOW8lza/7+gxHmqLY2oNtjtUaz167t8ISdhoh+yVodCgIx3myng==","mode":420,"size":1921},"dist/ts-estree/ts-nodes.js":{"checkedAt":1768031007730,"integrity":"sha512-f2XGQDoj2T+xSOglmwEtZVKrO/8Xj0p9ap2c7A9gQp/BiZ45tLyozAivx12afHv9sT/DcspjyF6yKwNV601gAA==","mode":420,"size":77},"dist/use-at-your-own-risk.js":{"checkedAt":1768031010499,"integrity":"sha512-m72R9daWdsgS51anYStTEQgHOa4WZ3fg2X2+b5ps4ZLs/pvaJC+MqL8NuPOCtel/zE12wm4ihTbvtIOP0lKCCw==","mode":420,"size":1501},"dist/useProgramFromProjectService.js":{"checkedAt":1768031010500,"integrity":"sha512-UHoFYdWDf7rSrhqLkrSgd8R3JQc35uCkvYmLQm83qoeFJ0Q6/Fe6435SXL74d5aYVVOM4/MhGBud/kHKaZvlgg==","mode":420,"size":11165},"dist/create-program/useProvidedPrograms.js":{"checkedAt":1768031010502,"integrity":"sha512-wgeBmcFbc3/+Uyuy3LzEii+wcMmopKOMEtK0iCyhWAjVsBROg7EEBqgDgYP6TcI2zUEoOwQNXNczoEE9FEdF3Q==","mode":420,"size":3760},"dist/create-program/validateDefaultProjectForFilesGlob.js":{"checkedAt":1768031010503,"integrity":"sha512-ZDrdrhFPjJ7TVb/Jk7kmE7/aOaGCWcCDGtHfDdi293vQyQ2XsTceo4gTSk0z0+ZtFChmI0/cUtI3dwP+Sw+bAQ==","mode":420,"size":1020},"dist/version-check.js":{"checkedAt":1768031010505,"integrity":"sha512-s+HcTXdJp0Fw8xcik9ptBIwivxOfPFK1btNzL9mAHEtRiU5cKD3rSxPdYCdm2fBu1eWkEWiN+qnZoAeHIla3Bg==","mode":420,"size":2018},"dist/version.js":{"checkedAt":1768031010506,"integrity":"sha512-5DF6wPEP9XvHpW2U23EaAv5DjKjO2kq/J1FtVTLVs+L57DR1oo4saa2pXUb6PywyTqH2Z85YUxWJcZRiNNnMNw==","mode":420,"size":388},"dist/parseSettings/warnAboutTSVersion.js":{"checkedAt":1768031010506,"integrity":"sha512-IwhVO9QoRtBJ5fqUeV2y02fD0TwBLvG9S+61bPwVOjWHKhAcYOdEicLnlduGFzbJ4kb5B7wKL1wiIElr7CKouw==","mode":420,"size":3655},"dist/create-program/WatchCompilerHostOfConfigFile.js":{"checkedAt":1768031010506,"integrity":"sha512-wYQrxF9W0OmMfyJql6d/uBtCl/F9nJdVxFsYH+L3yxsLe05p/jHdiOjFfyEqf/AqjWBW410J2mfHgPHSN8ZTuQ==","mode":420,"size":252},"dist/withoutProjectParserOptions.js":{"checkedAt":1768031010507,"integrity":"sha512-18IHn+IwRh8zOtWhkEa7WYvqZsSCDH3Dktwm3jfJ1bxQAyF/vUa2bbR661Cj7nMhI2B9hqaOlkvD4BQDRJkRBw==","mode":420,"size":738},"dist/jsx/xhtml-entities.js":{"checkedAt":1768031010507,"integrity":"sha512-otuGrlY03Wvlu4ZELBmEOTMXRyoKsW/Js7KrKUrzKPhPv5aOPs7rxnIf6HvE9/Vyd6zwZA6dWPndVRYZRAtIQg==","mode":420,"size":5339},"package.json":{"checkedAt":1768031010508,"integrity":"sha512-ZOHnWdX7HFxa9I78Zqt7mVFdewl4ZcqtIWtZj5tX1UMGgVsvLaWCaTppP2/h14Uli4h8W0zbA1Di5ESfj9oOfQ==","mode":420,"size":2300},"dist/ast-converter.d.ts.map":{"checkedAt":1768031010508,"integrity":"sha512-Ea5+zs43H8OeTHlRVA9hMzCOOQcMDy0sWDz9yGJTaUx5TuTfgngpwXnATB172GRunmWJpRhRL2Vk5b1Sad3XQg==","mode":420,"size":464},"dist/parseSettings/candidateTSConfigRootDirs.d.ts.map":{"checkedAt":1768031010508,"integrity":"sha512-VI3UgHv8hBz+cN23D0JSPrO34e8wCVh1oavhTpMFPkgoSo59j9GT4KFM/UfXzBkCN3N1ghJEgvB2muVYBbvD+A==","mode":420,"size":286},"dist/clear-caches.d.ts.map":{"checkedAt":1768031010509,"integrity":"sha512-eRdR6wu23anNj80t+IBGenMvxDOhjogtCXGBi6l1ciDv+JvGSZ74xiKyBE7jUpb8ifK4jZ2GbAO+EU9RLUIBLw==","mode":420,"size":198},"dist/convert-comments.d.ts.map":{"checkedAt":1768031010509,"integrity":"sha512-nWiDe5l2gapsDOwZsZVPZjT5/lgscB1vkvfPvzdA3ojC/cq92no/g5yNQq+sx8YphLJXuiQxTuljaw/Y+Qztmg==","mode":420,"size":323},"dist/convert.d.ts.map":{"checkedAt":1768031010509,"integrity":"sha512-ir5PdvxJA0IkR5ODCucVPkgDGjTyv+NjeQziBwZeOnFidBst/FvzPNGK6GcbkJEx630jbvpPukZzTRa9KS3YZw==","mode":420,"size":1748},"dist/create-program/createIsolatedProgram.d.ts.map":{"checkedAt":1768031010510,"integrity":"sha512-uZ9H0wf4dHjggVTyVjFHK/EWypK3vxlJOLxq/J7e3ilEb5ymaQHu05cLhXVxTNC885+u07XXu/px5g3p+rzPig==","mode":420,"size":320},"dist/createParserServices.d.ts.map":{"checkedAt":1768031010510,"integrity":"sha512-HZb8UvWww3HFiUEaEE/RPmQYrE2sAO2pkqh4NqPz8rZV27PyQRWEL80hOjn8bYpJaW+bQpFPEFpWWE7CpDsURw==","mode":420,"size":367},"dist/parseSettings/createParseSettings.d.ts.map":{"checkedAt":1768031010510,"integrity":"sha512-jSHqe+U9ObJj1BUvua5+sv7WV+3vEYYFr8ypTXTAvoG8hSZtIta0QJ/Nsf+PVbhdX4kAh5Bh+UQ3wThV2GeYDA==","mode":420,"size":467},"dist/create-program/createProjectProgram.d.ts.map":{"checkedAt":1768031010511,"integrity":"sha512-YZCOgS0F1YOH8mVlQQ1T+YpLYI8DZpnGj4h1sD7wpO9j3blG/rPRynHFn9+8ISO5M1MUz10g/ufXLpK6ifembA==","mode":420,"size":402},"dist/create-program/createProjectProgramError.d.ts.map":{"checkedAt":1768031010511,"integrity":"sha512-JhKyKU/ygsSrqYLFJTDGfDj1aOtzoA326k65chvncDcLGrA70rac2vtywpzRkE0I/jZNjuIPAtxQYb2xpVk3fg==","mode":420,"size":354},"dist/create-program/createSourceFile.d.ts.map":{"checkedAt":1768031010511,"integrity":"sha512-Do35mzEtW4pzdlJvxSfaMr39Vvh0YzKEkPr3ZRCmZU3KC5NIVHMpfsTRb5EL1gGB0TjizWu/EDrYxFSx6LNTjg==","mode":420,"size":392},"dist/create-program/describeFilePath.d.ts.map":{"checkedAt":1768031010511,"integrity":"sha512-RI2cuIU6zcnrvsFhPwG3TOExWg01EVC+fBQ7pyMMfxRHyA4jGjrKyBG7/TW3XgWc9MZguA6VcH6f5RGalDl7Qg==","mode":420,"size":221},"dist/ts-estree/estree-to-ts-node-types.d.ts.map":{"checkedAt":1768031010512,"integrity":"sha512-HL0ZWzeQtn+x9ghdwfZ8JBK/F2iH0xdhhK952LBa8Mlv1XK6uuvYIGEu7Aghgg9BK45o4ZgJ1hDwuX2rK6L0Kg==","mode":420,"size":12675},"dist/parseSettings/ExpiringCache.d.ts.map":{"checkedAt":1768031010512,"integrity":"sha512-YGU3HuhblmbFvXLxwCowLW4fdNReh7RnAU9kfPFqN7k6Jo/VNTdx1kBwtgao0b4JPL9+PmKc1A9YVeIif/VgIg==","mode":420,"size":640},"dist/getModifiers.d.ts.map":{"checkedAt":1768031010512,"integrity":"sha512-faqSB9YQuF61OwI59Kszqzd/K1FNySFh8oRo26pIOqD5zidwLzag9R5pEeddmHUj204CYTFCRo35lv4+qXsjlQ==","mode":420,"size":411},"dist/parseSettings/getProjectConfigFiles.d.ts.map":{"checkedAt":1768031010513,"integrity":"sha512-1QEYUPJdVlw1xou4QuzjqlA5PcqLBMe4xe3848ewVfb+Mu4NjAJSX09XXksv2BxBQB8XlHYNzMoXb+YCpfGWMQ==","mode":420,"size":422},"dist/create-program/getScriptKind.d.ts.map":{"checkedAt":1768031010513,"integrity":"sha512-YP+UXa81ndSzTRtpcPoZQESOnIo+w6hkJ5YVrhBPtgSQPRCk3M6H8rOqM+3szw0BmAuWLdguHkqFj3/HCz8uGQ==","mode":420,"size":334},"dist/create-program/getWatchProgramsForProjects.d.ts.map":{"checkedAt":1768031010513,"integrity":"sha512-mhrHDvSogNuE2+e8I91jiQtnNmVn+VZ5Q/1EIYV04Zjb9XkOldTWk7qtsrkPjV5ecX65MBe2zBejIlJQsewvrg==","mode":420,"size":383},"dist/index.d.ts.map":{"checkedAt":1768031010513,"integrity":"sha512-hbYG7ki2KNl/gVbbrd1bzPHeHCrv6cPkJ0yMLtmuBsM/Ex32o6JdJCtdY8doFFW9FGvaEHl8DLOIN2/ZRqxOMA==","mode":420,"size":733},"dist/parseSettings/index.d.ts.map":{"checkedAt":1768031010514,"integrity":"sha512-O3CRGlrR8qhB8GIyRLd6fU2EJe25tWi748kIdoVYMXrI41u9g2EL9F/uaDRnPkn1NEX+KpvEkaLZviIqO0k5UQ==","mode":420,"size":1809},"dist/ts-estree/index.d.ts.map":{"checkedAt":1768031010514,"integrity":"sha512-QuaTUsmpSQWNM+LOkS1+fd9OdnyW45/Bg4fU89J7AXOIERTsS3etFxgKbGOrbpqxYGK0YmRfXFdDYVrP76xaMA==","mode":420,"size":222},"dist/parseSettings/inferSingleRun.d.ts.map":{"checkedAt":1768031010514,"integrity":"sha512-P/N4b7AuKRlk7L5KUfaos/cAJlP7yxOvuhu+p6yiVuL21ZOqZNIIj0NqqeTf7gFhDYlt0x6rjHQXXGHRODHiWA==","mode":420,"size":270},"dist/node-utils.d.ts.map":{"checkedAt":1768031010515,"integrity":"sha512-dXpshFBFA+UrYBRKtwiyyArZEnXOIOW4png6rkz97+5HM7pDcBoO20vdySwAsAOwzsZS/6XRJ9fbe1/bCWQUsQ==","mode":420,"size":6104},"dist/parser-options.d.ts.map":{"checkedAt":1768031010515,"integrity":"sha512-PvQoyE50ZdsOH3emK6V4L0wnEMmjlQ8mo3hBdWlOztUXN/2ZkHVT0tUQbExdqJ6ZJ+Q6O7vNpW4C0b8sDwVR4w==","mode":420,"size":2697},"dist/parser.d.ts.map":{"checkedAt":1768031010515,"integrity":"sha512-hlXCcWwh+KpcGZgv9fDsTVu6tnZlqEm43jbPNDNkxrnMzwZYLv/yHR/ktTDXDCPS7UwnUvCU6YzLzzS4UK4W0Q==","mode":420,"size":1022},"dist/parseSettings/resolveProjectList.d.ts.map":{"checkedAt":1768031010516,"integrity":"sha512-U0+SYwDPpMHOTQMl74lfIAcWNjOzgPsj0Jc93YeU6eT8xGefH9hPiYNvby6ePxL86ORQXct9YKGyXercDKz+Vg==","mode":420,"size":617},"dist/semantic-or-syntactic-errors.d.ts.map":{"checkedAt":1768031010516,"integrity":"sha512-sBCgggHLzEEQ6SPvHJlIUb+/3qeu+dl+c72U7c/KkJb/bDm4pskuwOXn60D9VlFdsCQwOHwFlqvZvSQnE3CnsQ==","mode":420,"size":384},"dist/create-program/shared.d.ts.map":{"checkedAt":1768031010517,"integrity":"sha512-8ktmuSjwVVhl9/ecSIzzNM0GLXzus6iGRvSpEuCXDlqdMmP5QjYA9XVDXY42xpJ2TQbheJZ+ULW+Ln9IJoqZKQ==","mode":420,"size":1000},"dist/simple-traverse.d.ts.map":{"checkedAt":1768031010517,"integrity":"sha512-HXloliqoqJlsfl9/831CF/cXVhu3OORoysN9AMHI+cIpkCZ5plkm2TKUwys2O3Yl5wiW00++kejehn403CTJvQ==","mode":420,"size":701},"dist/source-files.d.ts.map":{"checkedAt":1768031010517,"integrity":"sha512-JAtts5YKSB9UPWRXfYyfiN2kl6ndictic0hVL9MuOCp0UsQIzXqJ39cDv4pzHHFq2eg+bz6JsQwSHTZVe5tySA==","mode":420,"size":299},"dist/ts-estree/ts-nodes.d.ts.map":{"checkedAt":1768031010517,"integrity":"sha512-iiysh2Nh0MGiSEKt7xVeytfJusp1h4mkdkTGTeJwLmCodeQ2LroWsPwb0ksFe8YNtdFND82oJTuh2CatnLm9iQ==","mode":420,"size":4636},"dist/use-at-your-own-risk.d.ts.map":{"checkedAt":1768031010518,"integrity":"sha512-9j7Ao3z94llDomQle2SnQ3cP1dgimhcon8ky3wJCYzew+/rEWrf2glsP5AQqOmu1ffT1Sh+M4rbWT8iAIDe3hA==","mode":420,"size":334},"dist/useProgramFromProjectService.d.ts.map":{"checkedAt":1768031010518,"integrity":"sha512-NTiNWO9v49Q/7IHmzmYLIT9WaYfs4nOVasVw+wwwynS6w8zfDuOk/GCz5XFX+U4umAzVIOo9X3mlWgZGCC03hg==","mode":420,"size":844},"dist/create-program/useProvidedPrograms.d.ts.map":{"checkedAt":1768031010518,"integrity":"sha512-whwdmMIbj6+PnnJBop3fTWhPrf40yIuMZrPuLAlmfjjB7XzaTP2NWUh3UxRe/NWdASAYVxAS9UhslF1obntkIA==","mode":420,"size":507},"dist/create-program/validateDefaultProjectForFilesGlob.d.ts.map":{"checkedAt":1768031010518,"integrity":"sha512-7fUY9YSZ/796Y2luiCkFfttt6rcTmbjmLIc9MGhpgnR8KpPj/B1ddP83q6zuKTwE+sjIh7kna58b0w7XgQ9CkQ==","mode":420,"size":287},"dist/version-check.d.ts.map":{"checkedAt":1768031010519,"integrity":"sha512-uazCR0qXFiKglinSP6RTsrVB6KqW7xgxilsQWL+I1xAwWcBq7J0ykR8tEw3rNTHa140EDOmnDU1dIv6g62GhRQ==","mode":420,"size":298},"dist/version.d.ts.map":{"checkedAt":1768031010519,"integrity":"sha512-ATQ73hrDuo9zSFkrLDPMb0dxEllUT0qw/M0ridopwmqTCK7HqsStW6oKqFHXQvJKIiQT47n9YFzBnSNt6aG/Cg==","mode":420,"size":143},"dist/parseSettings/warnAboutTSVersion.d.ts.map":{"checkedAt":1768031010519,"integrity":"sha512-6szYUynhB4/ilop8BGFdMehf+fKS+exCiDipEwYw6GVMzDv3a7K8Qh71T/imQB8MTA8cVjki6DJaxNj9PoEFKQ==","mode":420,"size":316},"dist/create-program/WatchCompilerHostOfConfigFile.d.ts.map":{"checkedAt":1768031010520,"integrity":"sha512-9J8h3jp0zIxFoQzIRGZu8AK5BHqZVMIyp78k2QtZuAJ2P6XLFNYnA/d/9+HxRAD1vo357Vp9rnYzZoszAOGnhA==","mode":420,"size":846},"dist/withoutProjectParserOptions.d.ts.map":{"checkedAt":1768031010520,"integrity":"sha512-z+FGxq3/2knjHLqHOposnDv+n2BD//f9ezqLCaHPso5eIqoh5E6Sd9tw9R9hu/9RzqEHwmIl54pZ8ujnWWtXyw==","mode":420,"size":288},"dist/jsx/xhtml-entities.d.ts.map":{"checkedAt":1768031010520,"integrity":"sha512-8XiY7blWd3vB7oLGH8hkXqmmGWpjNjJ+6ouXOUWOuSg1HI/x74sWRVwiCOPJFoVc7wWmXfrwYBN3Et/U7EBBBQ==","mode":420,"size":190},"README.md":{"checkedAt":1768031010521,"integrity":"sha512-D16AMInBFv+DsauG2cbiKgSEwPSCkx8skTvkDRKg9xvJiJ9gaMl6aNokcIWjHU7+whDjNJtXwF/K7SuS7Uk1pA==","mode":420,"size":789},"dist/ast-converter.d.ts":{"checkedAt":1768031010521,"integrity":"sha512-NdzK8VTD6F+C/KWfDFj3sGttH9p0UDtF2dgyDVj/fTVy2CAq0G5dFaHWO5Djccu2W0q9xJ54HpGo96FFpekWJQ==","mode":420,"size":405},"dist/parseSettings/candidateTSConfigRootDirs.d.ts":{"checkedAt":1768031010521,"integrity":"sha512-qlshOMry11ZF4ysDwGwgz6TsmmWNc3w0ZMMQKeaC1Ouq8VouaXoJkZX8sWI3q8EKAPzOS+dDD+xI+DkdvIej1g==","mode":420,"size":259},"dist/clear-caches.d.ts":{"checkedAt":1768031010521,"integrity":"sha512-E0fGTDOExE/M930enz2VBsSBHCNhNv4PPgiY1GOOHNgII1Ke0M3oEmwyExqWIFuIrQ01AyZpEDEJeTS9N3EW/Q==","mode":420,"size":426},"dist/convert-comments.d.ts":{"checkedAt":1768031010522,"integrity":"sha512-udQj85q/6pmFtt248nOVIeUoISYei1kK1GpOxGKT1a5DV/GQMTHGgSBPBE1ZyLP8N29rW2JGI/j8z8cDq/6qDQ==","mode":420,"size":387},"dist/convert.d.ts":{"checkedAt":1768031010522,"integrity":"sha512-486gjAvL4/GfgtZHRMuHJzFUDY/Kb236qdpJXD1JlWLvhfbXEj2ddpaEBDWOfD0rKMAqb91JYO6wo1UkXhlnew==","mode":420,"size":5090},"dist/create-program/createIsolatedProgram.d.ts":{"checkedAt":1768031010523,"integrity":"sha512-i0sFdpXuzwXr9wVgEMXi8+2yGdRr/nlWNDkYopR6zsaXVOY4/o6UzP69R7gBH5SJnwbtp0SgEeytmm6h2k2VxA==","mode":420,"size":352},"dist/createParserServices.d.ts":{"checkedAt":1768031010524,"integrity":"sha512-9yyUQJ8YP0x836HgYHCGGPVu64vV1Wcpy/JzSbr5f6AWTkpGUJEl8Eo29hulZguzdop9iDpONjgvzE00NtAcSw==","mode":420,"size":295},"dist/parseSettings/createParseSettings.d.ts":{"checkedAt":1768031010525,"integrity":"sha512-oqKxatMZXo5zYGml1jnE0/6vKrjt11GvHADvyt1WebOT28Uwkw1MpFo00vatvcsUpCJ84FygC1j6LpkptMUxBg==","mode":420,"size":453},"dist/create-program/createProjectProgram.d.ts":{"checkedAt":1768031010525,"integrity":"sha512-ASUThZaWZwBTYSOYTVBkilk4WfVbtXWlNlhML83W59hbPVgcKTbthl6wjgU3mHgLMRJvJahsVPBk/kw8d+3g4w==","mode":420,"size":504},"dist/create-program/createProjectProgramError.d.ts":{"checkedAt":1768031010525,"integrity":"sha512-aL2szxgQweS6Fq9kHinGBr4818EClZsXIOjLRlFtztZ/WvOZIWCjsPcf1uy0EWgQ4PgdHqSYUnTHdd4JA3pECQ==","mode":420,"size":284},"dist/create-program/createSourceFile.d.ts":{"checkedAt":1768031010526,"integrity":"sha512-LgMcO9j2NM0iPRllm5Er1ZW/+AtggDonLhPHORt82MIRDF/hFj2bJrRu3hOfVA8CJWnONahOxYlaKuXRZt4gFQ==","mode":420,"size":359},"dist/create-program/describeFilePath.d.ts":{"checkedAt":1768031010526,"integrity":"sha512-8Jtr2PhfRrLCy3qRlDaYUnb3Ujsm/YO5YXStl0nt1iB8HeLG6x03A7cVHO2fmLqu0YQchLHBGSvJo2HzIrhD8w==","mode":420,"size":139},"dist/ts-estree/estree-to-ts-node-types.d.ts":{"checkedAt":1768031010526,"integrity":"sha512-MrFuJn3a4kV0lfuos5GQvn9jH2SU2dMhJa4Q7O8K5hoAXlEFMGe9W8w+3wYL4EOpMSBXFjTHA1ihT42+9z393g==","mode":420,"size":13116},"dist/parseSettings/ExpiringCache.d.ts":{"checkedAt":1768031010527,"integrity":"sha512-m0hGfzozqQ+cU22li+RKjJlf8IqaMz2zM9GUFjoKaAsqOqfi1bJwEVE7C3PUHeA9Dkqgd1NUQ5H+20Tp/kVw7Q==","mode":420,"size":599},"dist/getModifiers.d.ts":{"checkedAt":1768031010527,"integrity":"sha512-1sUHj978NRqHNLTRCw1Zuo/l9GF7zxp0hlHJbBegcdNk85EGnQFe2oV6DbSBbKV9PT+2PHGTssOqlMq6VrzFDA==","mode":420,"size":347},"dist/parseSettings/getProjectConfigFiles.d.ts":{"checkedAt":1768031010527,"integrity":"sha512-9j9R7x6joPxlyhKF6A/BGdvCJrpJhbQ005VNCpKSzjYfEIkYT7D99j6u+0s68b4F9nMLCl1RebJtUi8WDxQF0g==","mode":420,"size":746},"dist/create-program/getScriptKind.d.ts":{"checkedAt":1768031010528,"integrity":"sha512-vkAopDLmOGHLMJkKS8oXSIYI0wsatk7SAPWYxaF8fVXXhavldnhzYXCOz73acoGp2JoMEPn6VIa46Q2z+WZXKw==","mode":420,"size":254},"dist/create-program/getWatchProgramsForProjects.d.ts":{"checkedAt":1768031010528,"integrity":"sha512-Q52vwGsWx+evdrR6r/O8i0lp+6jL7vlKCu79u22zKnimHL6a5JEraK+sJ90doo1eyJwKfYYkPPhFSgub0rTwHQ==","mode":420,"size":652},"dist/index.d.ts":{"checkedAt":1768031010528,"integrity":"sha512-gtAjmaorwqiqO+1zjHStrb+Usfq906K+82ft+K155N9k2dmw/NbfUSldDxzVRY9tUmc7mqwbOWler0VQPrdt1A==","mode":420,"size":986},"dist/parseSettings/index.d.ts":{"checkedAt":1768031010528,"integrity":"sha512-6XulwSyNfGOzpnk4oC/PYsjtAehspobWRhfdXUWwlvvHjvynrdsl4bjCQcskbtTUwF0Uw8PjseBQVFm2uLP+SA==","mode":420,"size":3836},"dist/ts-estree/index.d.ts":{"checkedAt":1768031010529,"integrity":"sha512-QW/jc4wJDZeJu+unzoDf2we+wYfkuSKgQWDEV73FEmfYn9+jUnFY01ZU6P58tfpVoQgKlvu5pDtjCGlqLkkQCA==","mode":420,"size":193},"dist/parseSettings/inferSingleRun.d.ts":{"checkedAt":1768031010529,"integrity":"sha512-d7pvmRLQfqUKq/6HrNxoH26LZ0rWuBp2/oob/b3r7VUAG00XKhvUgmtcgtSJxZjtkZghxlwtksMfGLW50X2guQ==","mode":420,"size":846},"dist/node-utils.d.ts":{"checkedAt":1768031010529,"integrity":"sha512-RMmPxen1+iOXAaTN7WeM530ObMSOk48I197h5TIVeMcSCWW8CXo0CNNqbDhA//05Ytz7ci/BMqKDRsAT7w3WtQ==","mode":420,"size":8173},"dist/parser-options.d.ts":{"checkedAt":1768031010530,"integrity":"sha512-LpSFY25AxU+BXBns7nBaHoJ1J24H8owmDLpvTSeAsqVgKv1flkYpTxe451Yux26RrRZr7DMymIY6p/fTsGlKYQ==","mode":420,"size":9337},"dist/parser.d.ts":{"checkedAt":1768031010530,"integrity":"sha512-SXQFDnVHL7d3kGWSicMV/BJY8ZjEidXgGQAaAaFCVRwR1p31jx5e8CUIXGET+6I2sLwj55kvconRPpIznetCzg==","mode":420,"size":1002},"dist/parseSettings/resolveProjectList.d.ts":{"checkedAt":1768031010530,"integrity":"sha512-C4p8YXy6+YJQPBp8XA+AKlrQX62VCuwSaPAbjxfOmgSkAhQqs6Wu5d7lDcD5kpuBZuqs0cUU3xwMMdyS6TV9kw==","mode":420,"size":730},"dist/semantic-or-syntactic-errors.d.ts":{"checkedAt":1768031010531,"integrity":"sha512-MigLABrj8gCz84D9bs9EhNt9F8gOPjWxV/i9F/J1socvfAGTa421gOMW6fMca/L4QOEnOwF1LUzVChKqHSex4g==","mode":420,"size":700},"dist/create-program/shared.d.ts":{"checkedAt":1768031010531,"integrity":"sha512-cJZ03k0OhkwAzbmMayY0zLFaQ1rwoaj+sNxGR8FbWLiS6+M0louy65wHoAwrsg4DZpfGPm0nrkC52bnmRxPprA==","mode":420,"size":1179},"dist/simple-traverse.d.ts":{"checkedAt":1768031010531,"integrity":"sha512-iZxVD2MSdscQNIPMkEYI/hzIkJsfOiHu509xSISTPapinsQd4WJkqQSEAAVw7cUlYhLr/+b+/eBaPI8G+Y8TxQ==","mode":420,"size":610},"dist/source-files.d.ts":{"checkedAt":1768031010531,"integrity":"sha512-OrEtjThM8ht/HLqvMhJVAJvOrwhESS0AkHpzVRXW1LdmXfNfYERsDKk2CsUh0POR6Y99wlVBzH2Mta6fJ5MPAA==","mode":420,"size":227},"dist/ts-estree/ts-nodes.d.ts":{"checkedAt":1768031010532,"integrity":"sha512-MoZhJPRq6ssqvAWOrFtgv8wOycMjVI6RSlfH3gzOPzbzy3K1dPvdNvYQGGjD2giScgoEhUUnhQ3KeD+s+0YWsQ==","mode":420,"size":4677},"dist/use-at-your-own-risk.d.ts":{"checkedAt":1768031010532,"integrity":"sha512-IKb3S39p+y201MgLOCrpaSac39x1Y/4JbR0pxpcNaKEX9kEsimld8tibEWxh3AiQLFqwvAcWyN0mqVGwWP95RA==","mode":420,"size":343},"dist/useProgramFromProjectService.d.ts":{"checkedAt":1768031010532,"integrity":"sha512-hTVfCrA/klmsi9FVkvxI8gxqPbpYu58s/KYrT6qLWHjPP9k7v2NPgGEnRn/l6/7QS22+FHobWq8UogaYmof5bg==","mode":420,"size":1087},"dist/create-program/useProvidedPrograms.d.ts":{"checkedAt":1768031010532,"integrity":"sha512-GsuY9dWtcB+RHCXPlgihiHljmDayR+Sp9OjT86RrhtMHljkI0BDGuAT1WPad7nli7X8uRlu2KLSGiS3Tc+Fgmg==","mode":420,"size":735},"dist/create-program/validateDefaultProjectForFilesGlob.d.ts":{"checkedAt":1768031010533,"integrity":"sha512-qhBAMbovTKsUPRmpQPcWAiIWA8dJ3KXa08iz3n1zs8evdW0yb71yQsvTyLREnlImqe0j3B9VDKJAzuDwQRkuwg==","mode":420,"size":452},"dist/version-check.d.ts":{"checkedAt":1768031010533,"integrity":"sha512-EmtjtGVS00wZve4v9S963/xxphAG3Foahh4gM3jPbVcMivJrU0LKCofdkerlHVULgNUbzKb1hSAvW3bl2koiXA==","mode":420,"size":293},"dist/version.d.ts":{"checkedAt":1768031010533,"integrity":"sha512-lIL9D4Y8WMjJUO5p5fCxiknJA/J4dTZLeahH5XB5hmSqJgBdch/0xJC3P3ZthsDrZliWa+eyO/ko6tvicL2yBg==","mode":420,"size":75},"dist/parseSettings/warnAboutTSVersion.d.ts":{"checkedAt":1768031010534,"integrity":"sha512-yImXGdKSFQIJeNP6WAYx0DZIu/IA9+2nJ2Bz/bSFn9l1wJ5TL34YUqGXNJJzWB7K5EH7RZCJnZr+HZWWyUVXFQ==","mode":420,"size":363},"dist/create-program/WatchCompilerHostOfConfigFile.d.ts":{"checkedAt":1768031010534,"integrity":"sha512-jNV10+a8Rk2eLkw9wq5/n0nLandOjWIkvFpvryxns8lfKic9E+Joofvd4B1JlTQDYL4jBfSGCs+uPidsCiQnxw==","mode":420,"size":786},"dist/withoutProjectParserOptions.d.ts":{"checkedAt":1768031010534,"integrity":"sha512-rAzmFGPUyxo0ofX1UpnEAF04Fa73YDrq0zCfAX/LWPfX2ozR4G2uy4SzgiMecxe9kUT3Xumb6jActVR82xPMRw==","mode":420,"size":565},"dist/jsx/xhtml-entities.d.ts":{"checkedAt":1768031010534,"integrity":"sha512-OG15bOm/K6f+WWpjiz3faDktpGLoDCh/FpJDZn7uoSHNbdMe6duUjwPFp+E4YH80PI6A/w5iN1NDizBXSZqjTw==","mode":420,"size":104}}}