{"name":"@eslint/config-array","version":"0.21.0","requiresBuild":false,"files":{"LICENSE":{"checkedAt":1768031005294,"integrity":"sha512-3Gto0TuM+VlkS5NfEZKwLHGqelz2U71DtEgPqJ7sjU0/FqInjsjDtAqx/bIzsxc6eP2DWQ1vc54Mno/1bCglVw==","mode":420,"size":11357},"dist/cjs/index.cjs":{"checkedAt":1768031005294,"integrity":"sha512-BwBW5N1rZCGNk7mszLCzgcjcvIn3mYIKKPNTK2dIprht1PNbwE9Hq3ioz/cOodvigJG+KGvIveJP7O2JM4DDqQ==","mode":420,"size":43249},"dist/cjs/std__path/posix.cjs":{"checkedAt":1768031005295,"integrity":"sha512-CHxUYg4gtaldq4GC2SoUG15lh3FIg1kiSpk9jdZoSsVskuUu8pr6KD6Zlwwt8J3KOupcmrYUllj4ZEwAEIMGhg==","mode":420,"size":42909},"dist/cjs/std__path/windows.cjs":{"checkedAt":1768031005297,"integrity":"sha512-IJlszRzV/DAFdo9YCR6W1wBWNMsbPRoJyFZTCfCA3HiAKCR5gRig4hSJh5zfn2wUWeTkuTvagcLABezWC7NOMg==","mode":420,"size":54457},"dist/cjs/index.d.cts":{"checkedAt":1768031005298,"integrity":"sha512-KF32TDBfNH78FvGkik5K5mUfmyx5JNCNUIOEe+dqmRwp2gGLSdrDSZuEw6h5HGcd1GJWtxLBaNsg+/vrvH8swg==","mode":420,"size":6731},"dist/esm/index.js":{"checkedAt":1768031005299,"integrity":"sha512-XmlU0eq1pgsAHaJ0KzZbdSLzAdIhrEYhZ3BloIl7nV2kA0YivapbJVk1EmJ5NgJtPLpvrJCcXurU5dpck8JHog==","mode":420,"size":42573},"dist/esm/std__path/posix.js":{"checkedAt":1768031005300,"integrity":"sha512-OfYgmVp/1nDgpLWfuBWUMxCRVkNKy1QvjbaxoU80Rv4c9ctvdGaA0JOZeJMbN05K7ALtxUp4ouUkHQpvFyW79Q==","mode":420,"size":42486},"dist/esm/std__path/windows.js":{"checkedAt":1768031005301,"integrity":"sha512-TZ6rkFrnZO7ZNh+MXkZ1ThiuNqQNniQbgaz4V1g4/sc4S3Q6uoBW2GXRxzdTZcMADlTy0elwsrI2KOaAzlWqjw==","mode":420,"size":54034},"package.json":{"checkedAt":1768031005301,"integrity":"sha512-p2RS2CHBXrHctHNe4373sudp6ie/DUCgJjSUGlLJVPpz/nYyQAUxu5PXxFbhEc8OOxqGrY5cd8uOXOif7fu5jw==","mode":420,"size":1849},"README.md":{"checkedAt":1768031005302,"integrity":"sha512-fJpGMnuHesxZ6uIPycyXy/EmnGGfWodZ44RmcqcrejslAqqwzOe/ojhxuyuFEocjRAx13Tm3W/HPCkMWl1eskQ==","mode":420,"size":17957},"dist/esm/index.d.ts":{"checkedAt":1768031005302,"integrity":"sha512-O/j4deLTLSzzsLplPTKRbvrY238si2Y0YnlLjKhS5Sf4zU0Tob+nQBKWwmzaeAdY32RqMoIz3sf3zufivJiB2A==","mode":420,"size":6730},"dist/esm/types.d.ts":{"checkedAt":1768031005302,"integrity":"sha512-Nmd2o9BGAaDsuBe8Ov9mKeTZ6cy0G5o1ifOZ7ys28XGtHL6CMNCMDaedBLJ77vxrdw5NTOzWI0ssISkjYhZIew==","mode":420,"size":444},"dist/cjs/types.ts":{"checkedAt":1768031005304,"integrity":"sha512-KBxAwAphUAAtZtnY24g93UpJKse5xdvjTv10G1SSCa0tcMshcHoq8NH7n4bNfMEr/MqjAznM0JBLYgfM1Uoxzw==","mode":420,"size":447},"dist/esm/types.ts":{"checkedAt":1768031005304,"integrity":"sha512-KBxAwAphUAAtZtnY24g93UpJKse5xdvjTv10G1SSCa0tcMshcHoq8NH7n4bNfMEr/MqjAznM0JBLYgfM1Uoxzw==","mode":420,"size":447}}}