{"name":"color-name","version":"1.1.4","requiresBuild":false,"files":{"package.json":{"checkedAt":1768031006200,"integrity":"sha512-E5CrPeTNIaZAftwqMJpkT8PDNamUJUrubHLTZ6Rjn3l9RvJKSLw6MGXT6SAcRHV3ltLOSTOa1HvkQ7/GUOoaHw==","mode":438,"size":607},"index.js":{"checkedAt":1768031006200,"integrity":"sha512-nek+57RYqda5dmQCKQmtJafLicLP3Y7hmqLhJlZrenqTCyQUOip2+D2/8Z8aZ7CnHek+irJIcgwu4kM5boaUUQ==","mode":438,"size":4617},"LICENSE":{"checkedAt":1768031006201,"integrity":"sha512-/B1lNSwRTHWUyb7fW+QyujnUJv6vUL+PfFLTJ4EyPIS/yaaFMa77VYyX6+RucS4dNdhguh4aarSLSnm4lAklQA==","mode":438,"size":1085},"README.md":{"checkedAt":1768031006202,"integrity":"sha512-/hmGUPmp0gXgx/Ov5oGW6DAU3c4h4aLMa/bE1TkpZHPU7dCx5JFS9hoYM4/+919EWCaPtBhWzK+6pG/6xdx+Ng==","mode":438,"size":384}}}