{"name":"eslint","version":"9.39.2","requiresBuild":false,"files":{"LICENSE":{"checkedAt":1768031070905,"integrity":"sha512-T2C622nmNAYjHKhwFTSb65JUU30ZjZOqvq70hIj012qeopB+QvPXqCYYfR7RUeDUJ8RKUkGyr4D6keNLw4bJ9g==","mode":420,"size":1094},"lib/rules/accessor-pairs.js":{"checkedAt":1768031070906,"integrity":"sha512-k2ERJ/MAUxldKT1b2weQX11dHCQJ4ExALYZeDcWDsGIKYwiMkkx6zjMPHjC/X6nmrHxa1GCWxkdSwB39rgA+6g==","mode":420,"size":11210},"lib/shared/ajv.js":{"checkedAt":1768031070908,"integrity":"sha512-R6UCYxtqJV+gRVtlDQOMcYr7Sq/2+ftAHAE4Fe4ihz+rSs6i3fRLwjtvK9+rM3/luyCR2niisYgz2WAIYVQyaQ==","mode":420,"size":931},"messages/all-files-ignored.js":{"checkedAt":1768031070911,"integrity":"sha512-+2ITpgKewX7WylQHbFBkhsvsV/RmaX9GOfOywom15B5YS7hz7tC4gArK6Zzig5MpjIaeJovvzknc8mmsXfUMDA==","mode":420,"size":660},"messages/all-matched-files-ignored.js":{"checkedAt":1768031070911,"integrity":"sha512-JhhReXaDW7s2hdsErKasCYHZOJsS9Q5WU2hFqrHFaJNyfDG9QT/+dk355+wdRz/wyQYcnCiYDWzAqO4SfG0L8Q==","mode":420,"size":1025},"lib/api.js":{"checkedAt":1768031070912,"integrity":"sha512-GG8giKpAk1tR5YYL6nZOpz8zB/cbMXA8FLyGeaxnK8gQ+Iqj/uRICv6jcxFlBaFehC0xC/2kUZieKN4HoK7qGA==","mode":420,"size":1609},"lib/linter/apply-disable-directives.js":{"checkedAt":1768031070913,"integrity":"sha512-Vbe/siIbgOlwTlCe2h6b2myi4aSSlR3h+zDX9yedG7zijXPEVLmscAfdFp6fThZm2QydktxxIuoQdmPiZtqoOg==","mode":420,"size":19105},"lib/rules/array-bracket-newline.js":{"checkedAt":1768031070913,"integrity":"sha512-XsC1rEhGIBkZ0WqKvwp1wnQpLGrCWCJh+SC0O8RCi1gRY2a/9HsCoEgAr2W9nvq1qJyuycFR25dHLh7Hs6/mjA==","mode":420,"size":8123},"lib/rules/array-bracket-spacing.js":{"checkedAt":1768031070914,"integrity":"sha512-TJcdpEDxC7oaghUJPBZqM8eYhNe+3NoemJ2oWxlhd1gYy7BXXSk10GqJX9g3YShg56E5rCcB7yYI27AYGRRqZA==","mode":420,"size":8071},"lib/rules/array-callback-return.js":{"checkedAt":1768031070918,"integrity":"sha512-9k+f+blkc/rV/NUWsqrXVto+Pn5uJqREU/KdfjxAiv/5zDD9AEvghn2nmX8tc0PR12QqUJvpMyFeiKMEgxeshA==","mode":420,"size":12815},"lib/rules/array-element-newline.js":{"checkedAt":1768031070920,"integrity":"sha512-TK1fdCDWkxKmEV9sTmqrrEAIiHXs9uKIbbNwihCmR3uXGFMZ839RGeMTMsiZqdWPRruvVbid82SguNnbWhtmXQ==","mode":420,"size":9070},"lib/rules/arrow-body-style.js":{"checkedAt":1768031070960,"integrity":"sha512-2CzQfEGGZ16lwo0PSPIykkj/Euwq2Vjy1VvgE6UDjPUj8Fh1+9OzpdapSghu7OdL4lm6M/inGWpA5kXo9NatlQ==","mode":420,"size":10365},"lib/rules/arrow-parens.js":{"checkedAt":1768031070961,"integrity":"sha512-Ek/3UhrfzI5N2mj5UEHKugKbgMiJ+WBl3lMFWdt03DrhXakIS+wmXFnQMxHGbHCnPWPasuPNdNaLC8cR7yVr8Q==","mode":420,"size":7119},"lib/rules/arrow-spacing.js":{"checkedAt":1768031070962,"integrity":"sha512-UGjhkLLt/NJoTBM1QU4dC0fkD0/9pT3narCEhSGodPnOCXnTOhLs/AZh5NSE1JchsklTVZLR71xtZPMTesWjcg==","mode":420,"size":4618},"lib/shared/assert.js":{"checkedAt":1768031070963,"integrity":"sha512-1vXYYhuW6k7HL3DUoIBY/lfqemnbR4C4Z1f1iiH1Igg9IneKmOQLbgkDzsOhmG1hMieUATcJPD47jjVuDoDlvA==","mode":420,"size":524},"lib/rules/utils/ast-utils.js":{"checkedAt":1768031070963,"integrity":"sha512-tyX8daE1wh3BD1wLJRfCGQ5kXJ8sfu0wQhTNr+UIcs2k4KZPlu2da2wEo1p9GGvOKMtcGD2EJ1WTkF6u8DO7HQ==","mode":420,"size":79320},"lib/shared/ast-utils.js":{"checkedAt":1768031070964,"integrity":"sha512-mLWFJfkZZM+QZC3JG3WRqvT5GUYx4ci/btLZsjxSOxURjy93ILez6vBgmB9frwjr8dCxq1eD+PiJKcDMkZdeyA==","mode":420,"size":897},"lib/languages/js/source-code/token-store/backward-token-comment-cursor.js":{"checkedAt":1768031070964,"integrity":"sha512-Vdu3XYpMFe3uw1EBuSiEfefcokXnRhYk8Nvb+fWLGfGF0iIkf1eZMGf6VD1KOjEKVDACBFEn+hm/GAhdgARsRQ==","mode":420,"size":1877},"lib/languages/js/source-code/token-store/backward-token-cursor.js":{"checkedAt":1768031070965,"integrity":"sha512-8O7slId1ceEoW05v8V2eGXjr/LP4z8/FCTBTWClfYjlfgYz0ta07pbKPD/fydN6PEkuaukOEUkR84QL8Xc9oHQ==","mode":420,"size":1606},"lib/rules/block-scoped-var.js":{"checkedAt":1768031070966,"integrity":"sha512-NuL3SVkj1gO6wJMygiJpWX4TO5M0OikRuDC+OrIOBLGheHNr9e6P7Tr9C2kufgKq0wyhDXCH3h8JUixRwG0QTQ==","mode":420,"size":3501},"lib/rules/block-spacing.js":{"checkedAt":1768031070967,"integrity":"sha512-8UjH0/koLQchDXAqqRBC40GSQnjmsbvdeV+Mv9oq9m8GfSSbBLeneFtzs3Ha16rVZC1K6bO9eaxolckqFVZBxg==","mode":420,"size":5159},"lib/rules/brace-style.js":{"checkedAt":1768031070969,"integrity":"sha512-9gRImo40BWxzZHXufDeBznYuDKCZgArCn+B8UPi1XR1A8uATNxdGyGScLj3IdaemD0jA2UvygJgheGTvo5RPcg==","mode":420,"size":7592},"lib/rules/callback-return.js":{"checkedAt":1768031070970,"integrity":"sha512-7b2KnamDWtqTN5iOSnSkCPHj9TKi5w5dvHr+JiE1gFUnDMuGnFB6Sj3rGxXIGPGYT1WvEogkDZ2vVKbf3kIDAA==","mode":420,"size":5879},"lib/rules/camelcase.js":{"checkedAt":1768031070972,"integrity":"sha512-vuMkyKxiGNVgqgyQBJL1hF7rycKw/KMRex+U2Qebrj81jSa6Lwji1fbBoc0NYlZz5lNR1f7ubmb7VLpjKqYkJA==","mode":420,"size":10363},"lib/rules/capitalized-comments.js":{"checkedAt":1768031070973,"integrity":"sha512-KoyeahLMs/Zll7YslVc6n2PDXOVv++Y0MV/8b/pzitOBB8dUqHpjzVj1jbB2TVCEO/6KRqO/l0UlkT9jPjQPmQ==","mode":420,"size":9285},"lib/rules/utils/char-source.js":{"checkedAt":1768031070974,"integrity":"sha512-caO6V4XASseenS9AGnRv1D1BKHIUHIX6hhDFXakSCx2oRWiKtcdw447sX3MmPxir87VrNzu5+mo7dmEx2NrpHg==","mode":420,"size":5905},"lib/rules/class-methods-use-this.js":{"checkedAt":1768031070976,"integrity":"sha512-FJVuKlzLQ2QyS420dWUuhTYDooC3wUfxYIa6vmHd0BG0oKxTcjOsrho01oGq119CT87/yQyctdf2vAXVqIZfbQ==","mode":420,"size":6393},"lib/cli-engine/cli-engine.js":{"checkedAt":1768031070978,"integrity":"sha512-wOfhgSa1Wxd8+blTJCOLDrtFYTzpNNkADNcFBrqrHNH4VXJ5MNkO0uFmlEr2kAZ2iLeIhw4MXQKBOSV+JmnSDg==","mode":420,"size":33638},"lib/cli.js":{"checkedAt":1768031070979,"integrity":"sha512-Q1oWl9/i62f83hZgZfIT5U8jHEkwUJWSoUEJgt7LT7vM6LBxdTnJSKPA30UZJxYEKUgtW1adZGKu8MJ9J3qFzQ==","mode":420,"size":15272},"lib/linter/code-path-analysis/code-path-analyzer.js":{"checkedAt":1768031070986,"integrity":"sha512-a2UgeKyerWdg3LRn8s7UGTD07G5o49EBL1iFEfDp3FUR0j8t4yTWsa1623YwAtCq/N+Mew7CIxZWzmhLdA8vrA==","mode":420,"size":21086},"lib/linter/code-path-analysis/code-path-segment.js":{"checkedAt":1768031070987,"integrity":"sha512-k+etS39XDC4YVuaeEO94s7f4Whwq2MCrvhvDumiJ3V54x53aTS36znQFDKtBQlJ0CETjFaWU42AXx+n1jqwYGQ==","mode":420,"size":7742},"lib/linter/code-path-analysis/code-path-state.js":{"checkedAt":1768031070990,"integrity":"sha512-KNpdm10A0LRy25tlbtXlMt/ZEX/F6X6g/GNPSxdQ6C+xOU9EoeeZQaQ1yVWuajVGeikaGmRhhvLgegxzzU5luw==","mode":420,"size":71055},"lib/linter/code-path-analysis/code-path.js":{"checkedAt":1768031070992,"integrity":"sha512-iIh/aqSBk+RVSpQ8PnPqQy5XCGPFHxrFbe8Wvt8u9uddVeabTshXA4zVNjQZF9e3VNJjTWIrp6C/QNWYTbXfQw==","mode":420,"size":9609},"lib/rules/comma-dangle.js":{"checkedAt":1768031070994,"integrity":"sha512-CZVvt+1ydSOFinurUBr1FT57SqkT0x/24qSmJNCoO4IXKozH3gwkownR9rq3Tj1Zh/NoVOTl9BGuv19QHs3wiQ==","mode":420,"size":11652},"lib/rules/comma-spacing.js":{"checkedAt":1768031070995,"integrity":"sha512-1GmFI4NtFXO/dLIWFROn8eNy5lmATQds1C/DPbsCYAJm1cTKr+TjmhK5Y/GbqcxCa2RSBlE2jUOubCGTteoH6A==","mode":420,"size":5892},"lib/rules/comma-style.js":{"checkedAt":1768031070996,"integrity":"sha512-8Afb7zClcJIlmpzzdNNd+eQXuBzlxYhU/gBas6Z0coZiEjyENot1vRJv0N8VBnesTqhDKey14LgNdE1Cop2+YQ==","mode":420,"size":10241},"lib/rules/complexity.js":{"checkedAt":1768031070997,"integrity":"sha512-TBn37wblzazmIAZcI2hkGRVdPbrasb4+5H8C2n2D6A2k/C9T6AivYeNgLr/o47+JXosSwf4sSjazGfFMGCMieg==","mode":420,"size":5194},"lib/rules/computed-property-spacing.js":{"checkedAt":1768031070998,"integrity":"sha512-Axw0+6rvkPvEmhMQu2nmfUtqnAslBGUZOEeXy1Te/d9OVSRpyi89dds+mNF3CEShewQktpI7Wi2txazOodPpzA==","mode":420,"size":6703},"lib/config-api.js":{"checkedAt":1768031070999,"integrity":"sha512-vESAUVv4MHDnbDLpRLDU0uxX9SBwsP8r3gHMPPmrbISFJWy+XBusN/HTaGKswWgYIppSaWQMASjV8wyzHju2nA==","mode":420,"size":225},"messages/config-file-missing.js":{"checkedAt":1768031070999,"integrity":"sha512-Z4ET1DCrjfJII0/P6m3xpvBqN0/78cXpM8VaCYppyD601Zm3tlfSQUbECOTS/Z0/ul+amN2bvhioZ6Sx+fmoOw==","mode":420,"size":526},"lib/config/config-loader.js":{"checkedAt":1768031071001,"integrity":"sha512-kfa6xKZALudzGMqJiNgOcvJHhfjUw+f6pWt6s0ofOBXvJqtzhgdzGLhX0Jdq3CjLGdFmQo+60hYe1tDC1mUT4A==","mode":420,"size":27997},"messages/config-plugin-missing.js":{"checkedAt":1768031071001,"integrity":"sha512-mHUxtDhmBuBOLTz1d3fijgoFV+33Klby8Ka9UFzroI8/xqFA6dvs1RfMXXxlAnwRpN+XG1fZi2kN82isC/IyDw==","mode":420,"size":445},"messages/config-serialize-function.js":{"checkedAt":1768031071002,"integrity":"sha512-Hctd9UdAEtjpgDk4rkC3p6bbPjLiagUPUQxu+lPGrZjS572VmNjx5veoljmgCRkr9RD6kWRPwqJa55Zn0IER9Q==","mode":420,"size":942},"lib/config/config.js":{"checkedAt":1768031071003,"integrity":"sha512-AbqKwUI8YGXJ+rDB9TMadluFnQ/+eEI5ZacwK3uJaY5axSN+ZpQnlSkJqI7UFIS5uQ/Yt5QIY7ioF00ixGoa5g==","mode":420,"size":19019},"lib/rules/consistent-return.js":{"checkedAt":1768031071004,"integrity":"sha512-Q5zndNR2N6Mmde0ChN184aVYC15hRDqMkmtrxq8esqDiWy+856zXvy79zXH2IS+Z6ku/ZK4e8DT/00K2jLRgVg==","mode":420,"size":5739},"lib/rules/consistent-this.js":{"checkedAt":1768031071005,"integrity":"sha512-CjYtWB07soya31//YSTahFQuswtH/likgjPQk2xW/w6RmF++/u7fjtbtIPr6kFbUz+FBUkxTGEuW4u0Ctgasfg==","mode":420,"size":4429},"lib/rules/constructor-super.js":{"checkedAt":1768031071006,"integrity":"sha512-afXD3b+1ndhOJIrrk5opZEQ5CCI+9+D4ENFx4EY+FEwo2ngH4EQrgWRm1jfw9DHlXT0adgeCEc90SP7dU6qWfw==","mode":420,"size":12051},"lib/rules/curly.js":{"checkedAt":1768031071007,"integrity":"sha512-nkqnZl1Y+uyKVlJ4Z/xwTj6yiP9AjgbWsWSVzJqukMlqawalSV+A12l8RHW5rNqDj+aIMAwAY6VogZY7sF9M+g==","mode":420,"size":11758},"lib/languages/js/source-code/token-store/cursor.js":{"checkedAt":1768031071008,"integrity":"sha512-dLt8eH9mEki4c+kDbaMjBzyQvzbROCoZuqX194VJIaCsQvncQW+w5RCiIEIoXxddSLPsmTluHA0OXL8Rv6GNDg==","mode":420,"size":2198},"lib/languages/js/source-code/token-store/cursors.js":{"checkedAt":1768031071009,"integrity":"sha512-ATVflxrSeNY0eUVskei19xrP4eZn4WZcqajDNeu9J8GKAiRfrrMIRyCTGZ7jDwImCs2me3OrRDVitdnehDzm8g==","mode":420,"size":3714},"lib/linter/code-path-analysis/debug-helpers.js":{"checkedAt":1768031071010,"integrity":"sha512-eUNUCLMVEfNdBb61N4/n1VCTVWJvAzJBI90nhsM2jhYfHFPZjTvfXk0qg0JqlMNj3ySaTXcXJlX2GpQibGrLgg==","mode":420,"size":5833},"lib/languages/js/source-code/token-store/decorative-cursor.js":{"checkedAt":1768031071012,"integrity":"sha512-Tbdmy720Zbj7VIELbIv7NBxX+jctRGyuf0M1Dbm3JhCC6Phnsj2a1NitxoDSlF86OuA93s53ehRQMWrgI1L+QQ==","mode":420,"size":953},"lib/shared/deep-merge-arrays.js":{"checkedAt":1768031071013,"integrity":"sha512-I+SIdW132IxhsQXaNzlUClQ+YeAd4ALaUmOQWWjwXUTBlhNptI5u/Y4F8lQAQKr+uZhaBiv1stWgIc0q5r4Cgg==","mode":420,"size":1574},"lib/rules/default-case-last.js":{"checkedAt":1768031071013,"integrity":"sha512-yg5uNLVlLtBOPURtkIj1hypURK5FvpXKHJCLYcWYtdlN0tIRgTtLxtkYgG3OMq3THZGdGINzNtWvtgKt1740Aw==","mode":420,"size":1103},"lib/rules/default-case.js":{"checkedAt":1768031071014,"integrity":"sha512-/aUDE0C2qvAlwA45BRbbQ59fEi/wdupDMpFU+734wsmM8n7lz1B8SuYx+fDoYozx9chHmY6lNDTvf46NELD6MA==","mode":420,"size":2311},"conf/default-cli-options.js":{"checkedAt":1768031071015,"integrity":"sha512-IjTJT+TEZLnjYVYBINudr/8L/vL2J3Q/ysLAI0yXQL+4OlA2lDositcNj31bYfQUd7uVZfjALLF8iOBYaoE2sA==","mode":420,"size":615},"lib/config/default-config.js":{"checkedAt":1768031071016,"integrity":"sha512-zTOn0I0LMhjgVzXtaTMOXETNDsqJ6sSHuuwZmYWXJWXJidg86fapme1C3wiObLwcL4TpgziVq/f/msF00YIB1w==","mode":420,"size":1697},"lib/rules/default-param-last.js":{"checkedAt":1768031071017,"integrity":"sha512-/zqfLC4zqCGjeUI8a4v+RrGUaUiaCwCIyO1EBRiizd8hBxgxFVZJzZJunmwJMWTmKEl5Ailx75jgEVilc0/2PQ==","mode":420,"size":1690},"lib/shared/directives.js":{"checkedAt":1768031071018,"integrity":"sha512-V814ajZF2tzlfoMc4DFcQoiTDUvMIxt4vabbSaWreXgMJhTdggEXskJMTnu9EJnm+FFCI1tIZYLfBlm5KREnMg==","mode":420,"size":413},"lib/rules/dot-location.js":{"checkedAt":1768031071019,"integrity":"sha512-SfAhenZYZziZ9Uh8bMT7KZ6sNQaHi4HPeGbLolUhUNJzokDadrs7QZhSROQhElBDDZJ6uzKEu1aWKC4aXdVZag==","mode":420,"size":3404},"lib/rules/dot-notation.js":{"checkedAt":1768031071023,"integrity":"sha512-eNoXxEwVLWjRcLg6vs30RoqIRDPQ5aM1yHpnMItOBapcC5jLzhEt6+fDyhKVJnE6Tu1iWaxdzenkpeF8aMarVQ==","mode":420,"size":5192},"conf/ecma-version.js":{"checkedAt":1768031071026,"integrity":"sha512-OsWAAMwMGyBkdmE1US/HY777PJJLu873lZLy0PfhB33fZmpVLboIxQdoAoJncRFG4jbxOtR7EJG9akm97i6wOQ==","mode":420,"size":304},"lib/rules/eol-last.js":{"checkedAt":1768031071028,"integrity":"sha512-2JRTPAuepKaEe+o8VwyC4Y7sNwLIqfbN3q2cUV1Hr6NmZgiR7T1LitTKPIFU2iqJdx17YRT00Q2VI3hpA9t3XA==","mode":420,"size":3566},"lib/rules/eqeqeq.js":{"checkedAt":1768031071059,"integrity":"sha512-n8Gu7b2Qg9G+EgjLlbeBy2J2hSjGik0Q5qAOrMpaW9GqVlT51FdeNao7N5fkQHWjaaHS9L6ZOJ/+eev2Sx9h+w==","mode":420,"size":4874},"lib/eslint/eslint-helpers.js":{"checkedAt":1768031071060,"integrity":"sha512-LmgoxkuQmhYDjBI0QS+Hyjtbf0T6aBNgPOXJN+m/ordKzMX++n/OgbV//wn3Ff1JBSlW2g7/4ywObaKile9xtg==","mode":420,"size":45262},"bin/eslint.js":{"checkedAt":1768031071062,"integrity":"sha512-qF+dPrWaa/JxjYX6StIYYEd8O0ZdJNN4CaASTUIQr+lcdOyuWCSELASC6NfnVtnozTpASdatePRw6wTDirQoEg==","mode":493,"size":5610},"lib/eslint/eslint.js":{"checkedAt":1768031071063,"integrity":"sha512-JQC69Knp1ct2ZKWJkGxVg7BX1vkqO5Qtufp/nw4tLUQNWapO1ot1XBVaMJZzEjxvfuMfODY/9I447dw3zq9YmA==","mode":420,"size":42128},"messages/eslintrc-incompat.js":{"checkedAt":1768031071064,"integrity":"sha512-WVDW9z1l4N+RMxce/UJLvdMVUUOCl8XvS/I0AKdqYB+7y4JfMvp6XT7SttYnbmlnNDhu36AfI/mB0LsidLSRsA==","mode":420,"size":5231},"messages/eslintrc-plugins.js":{"checkedAt":1768031071064,"integrity":"sha512-EE0gZ3A/3iEDWryNFS1tA5sdlPp9wEmMEHwQNWyxRmIpHYKWL6zoe2hRxoKL0o6khhNon7VPOe+ErmC/ygq64w==","mode":420,"size":932},"lib/linter/esquery.js":{"checkedAt":1768031071066,"integrity":"sha512-LAFdhb/+MIaxdlZo/s3IQe3NWR+KUN6VKn6lrTjkpyhjbj7a9v5zqDWPxqvtX+g3d0N9fro0j39rhcrUGZ2WKw==","mode":420,"size":9350},"messages/extend-config-missing.js":{"checkedAt":1768031071068,"integrity":"sha512-P6pVIWU/1eNMWqXIb4qdktvo4UBjiYy5kUijRbte/L3prGIcB6YkC0SrfsT5LcMSThzss+TQXmnbRE75OgzNDg==","mode":420,"size":418},"messages/failed-to-read-json.js":{"checkedAt":1768031071068,"integrity":"sha512-o22a4OfyQjsWCFYxJa//htvBljOk/J1P+Wor9VsvSRmcUESNQlsK8f56YxbGpxC7jWAjnHAW5lVcoAxihbsc+w==","mode":420,"size":157},"lib/linter/file-context.js":{"checkedAt":1768031071069,"integrity":"sha512-D3uNgECOcpamI2hbKtpkWCVDaHDAL1iBa1RwAkh1RBg8czSOQMnRE0b8L3v0ml7WLffRqUIMN2XAYxaKDN9qXg==","mode":420,"size":3612},"lib/cli-engine/file-enumerator.js":{"checkedAt":1768031071070,"integrity":"sha512-pbsmhTwumnMZB8594pzyCxJvy3mjZO6CcyT7YdnT4KO5Nog44sFpALNXZoyj44wjM6Xbj13US8DkAr+WyJGRlA==","mode":420,"size":16651},"messages/file-not-found.js":{"checkedAt":1768031071072,"integrity":"sha512-QC6ffo3knXsOLQRUkrYW2gZrbp6XhUA3ZPmxVi0BQQUldYPnvxi/oBuQDAVQwP14yR5H9MdwLcjq8DaUs07iVg==","mode":420,"size":268},"lib/linter/file-report.js":{"checkedAt":1768031071073,"integrity":"sha512-X7ewG21te5g9fAGL37KonBlLEj/4geyw0gLJAk/5gQGiBSyyDdZtROwCjgDKZ6/726+8/1Uzg5mbYtrO5O9efg==","mode":420,"size":18710},"lib/languages/js/source-code/token-store/filter-cursor.js":{"checkedAt":1768031071074,"integrity":"sha512-4GkXIyY2XbkwD5YNdAbTBD0EEXdfArKsb83CIJpgXgYu+5mP8xxAjXprMzOxzbQwGXndemNh6OMU8yRxNm6Eaw==","mode":420,"size":1110},"lib/rules/utils/fix-tracker.js":{"checkedAt":1768031071076,"integrity":"sha512-2UpOJ+oCOv9biTHIewd5RRltQHdRdxn7ORmGdxVwlBbATN3LEQ2U7BJD76vzjp+VK/aSGaNtDWf0+Mf2lxc4sA==","mode":420,"size":4030},"lib/shared/flags.js":{"checkedAt":1768031071077,"integrity":"sha512-askbPybvMORrrzibPmh5OfSECkagKhshvSmDyObkS7d+eVTdSwNsNsi9HAGLZuCALrbjZbn0qkkAWZ+cKQZvHw==","mode":420,"size":2725},"lib/config/flat-config-array.js":{"checkedAt":1768031071078,"integrity":"sha512-x5RXsU/R9m4aKxd//bEPZVw0QS8zh7x3F05x/IKuHDfCv2vkD2IR3eynZFI28DYPClNzs3E5nQ4MDlhs/GBUjQ==","mode":420,"size":6745},"lib/config/flat-config-schema.js":{"checkedAt":1768031071079,"integrity":"sha512-9Axum4deSSx5oSAun2P88KxX61vtueWwOJYPcQywm3jpDxhz1i+IA1wIEgZ4jd9ppNu7ROGxE5UI93AYkj9s+Q==","mode":420,"size":15790},"lib/rules/for-direction.js":{"checkedAt":1768031071081,"integrity":"sha512-qqnIjVqDuqSmJ3TwMhF0OaGHLRenXBXHUljhKtBG3GqPfa39GRgqGMUQkqksAbJWTOsecS/EKRnleG0SkwKCQQ==","mode":420,"size":4305},"lib/linter/code-path-analysis/fork-context.js":{"checkedAt":1768031071083,"integrity":"sha512-SZMG5DgIVIwwMpSj5cGxl9QEqy2Falr3UBA95BChHNVrjRZ8Y1Jz98NTAI0d0pOzftZviqDHPvwMNFeVcU3Qug==","mode":420,"size":12317},"lib/languages/js/source-code/token-store/forward-token-comment-cursor.js":{"checkedAt":1768031071084,"integrity":"sha512-jI8Dh9CJjKAXJ+76ev1bkZqNmahNhlMP0c2PZ3kmzSKjW6nBjkq1V3e1+b+6vvS+fuyPB7Deiqah73s6cRAlQg==","mode":420,"size":1911},"lib/languages/js/source-code/token-store/forward-token-cursor.js":{"checkedAt":1768031071085,"integrity":"sha512-3Ye9q6Q83sq5je5xromoXVAc1VP9mECN3QQp9FsjnPVDXXk7tEeS1H1fn4eTmqggP3LssuVwEY38CFpHBdufng==","mode":420,"size":1684},"lib/rules/func-call-spacing.js":{"checkedAt":1768031071087,"integrity":"sha512-mbkpqF5SLHWDgWQyrb4VXsd/V9sT9qUVTufuzkRuxRKcPAhCZ2MqS4Mn8s8+u8fJj7dbA2ZW09zQ3GROCK3n8Q==","mode":420,"size":8290},"lib/rules/func-name-matching.js":{"checkedAt":1768031071088,"integrity":"sha512-VJ9Yvc8XCvr7uQ45os7ZTeWAxHRrK/tVXFJcGN8ZS00iCmo67+QHUSocf3wG9vV0ThjrhevaHIC/yxNwRJpqKA==","mode":420,"size":8835},"lib/rules/func-names.js":{"checkedAt":1768031071090,"integrity":"sha512-ACUng0tRDyGZq4JUzRJGRIhmXFnX6H+/FMgYk8o6H6UjLk/TcnAf15LhlfuwGCXuhieUxKLjcUY5uvx3cVeG2w==","mode":420,"size":5135},"lib/rules/func-style.js":{"checkedAt":1768031071091,"integrity":"sha512-XcAI3Qf+jG8ZmtAihEGaRYV+dPDMn1f05irHd1OFn5g/FRhPfDIC0n+z1oekZIT7iCw9k5cHISbVYsr0lt2JYg==","mode":420,"size":5337},"lib/rules/function-call-argument-newline.js":{"checkedAt":1768031071092,"integrity":"sha512-Q0MkiEaNqMIusFR7UcYDl4ZoXdBSWYU+AmtDHTkDLte87VtNi+Mo2VnB+Ymfw+symvrVkCRfAl/jZvODVH/zzg==","mode":420,"size":4222},"lib/rules/function-paren-newline.js":{"checkedAt":1768031071093,"integrity":"sha512-vmaMvPKu+8GqD1868CXwA2mfv1Xcwfild0V0rUwoYCHfCq5ZjRX/U5MnsVqvGS9QCU1FnaTB+zFEIXn9+MjyeQ==","mode":420,"size":10198},"lib/rules/generator-star-spacing.js":{"checkedAt":1768031071095,"integrity":"sha512-hS3CIo6HetyVcVKnqhP6VOZ9/67M6MsjXPN351JRKFZcG3wv/wCKZtkFkObK1ef/Snte9pnK+9wYXuR7K57rKA==","mode":420,"size":6319},"lib/rules/getter-return.js":{"checkedAt":1768031071097,"integrity":"sha512-K5vwO+pCiEPesY5/JaqkClu9xv2d29t1cAZjjR2OhOlFbtKHikd/L4GpIdHqohn3uJX/2mmJyFTvojp03axB7w==","mode":420,"size":5756},"lib/rules/global-require.js":{"checkedAt":1768031071097,"integrity":"sha512-OxplTY5znYkzUivfX+/TWEX2PAvnItUqRTnFSy7bXoAhPZXJhmQvzy5u4uFxbtUYPTAYPTAtR/FCietqyLdXjQ==","mode":420,"size":2853},"conf/globals.js":{"checkedAt":1768031071098,"integrity":"sha512-2AKQpJoLyTVz46dPsPVRV/39wg+w7gMUWMeL8yDjaWCWHfKugowOfuHSyzjBHigabg0IxLr5VtTD+w+lon306g==","mode":420,"size":2612},"lib/rules/grouped-accessor-pairs.js":{"checkedAt":1768031071099,"integrity":"sha512-kRHw9KZnQT7MRSW2KRtCU51QCIbF2pgS8LdXeaRD3dZ/RGtMWpOyNEmJDqiq9k/0KGTATXQ2wr1kDbfBtS6W2g==","mode":420,"size":7185},"lib/rules/guard-for-in.js":{"checkedAt":1768031071100,"integrity":"sha512-GrlQzTmJqOY1eFfg0JcnNQfkRbQSgLTm3H0R/9uS1wUXo3J8kL15fVPK6lP1MC01rssm4dhkNgr5bmDbolSrHw==","mode":420,"size":1924},"lib/rules/handle-callback-err.js":{"checkedAt":1768031071100,"integrity":"sha512-FeUD5N+h6M8qdwnwZn5M54z7B/hjgY55sVGt9NWCmgHioIk0Hxz5zSIWV3+mizhz0Z8yewTr582p/CS3VmCmfQ==","mode":420,"size":3247},"lib/cli-engine/hash.js":{"checkedAt":1768031071101,"integrity":"sha512-uZVgATEWPnVd9F0CVuk+IMDB1VHJSN8ynXtH6+WKLGJvpu6LPOYACDyYbKhXvMXvIiS+/eBbTiKvn5FhTvmqQQ==","mode":420,"size":1057},"lib/cli-engine/formatters/html.js":{"checkedAt":1768031071102,"integrity":"sha512-taOM7IluQWX/I2OVdj7zgPsTawMrUJOD2kV+U5RnYlAANx6REhTntK4teehb3DI+x4b9dRm0TcGc85MHGD8gqA==","mode":420,"size":12525},"lib/rules/id-blacklist.js":{"checkedAt":1768031071103,"integrity":"sha512-/GrWEboFz8H5eCKEGsZEoXy8o+7yB/M6pELyu8LGphdXW6W8OJOpVhUzr/a/kT4P0a0UDBJuH7igy1Lvf/54tA==","mode":420,"size":6700},"lib/rules/id-denylist.js":{"checkedAt":1768031071105,"integrity":"sha512-NCfH7pMaMzvuuFy8rJ2pxC4vPselMb1q5o9HeJwxhtpKvEeroh3cXtx74r3oMiMVuf7F5fVFk9dwU0pkv9eYsQ==","mode":420,"size":6357},"lib/linter/code-path-analysis/id-generator.js":{"checkedAt":1768031071105,"integrity":"sha512-dwI0bpLchN8nbv0dz5zgQT/X5MHpome/1pUEbkEdxGHilZAVBFYc6BBImkspsaqnUZpFm05i9ezCi/nZpDokTw==","mode":420,"size":885},"lib/rules/id-length.js":{"checkedAt":1768031071106,"integrity":"sha512-e74FbMPyhR0RnAbZFCTB0dP7tCSIR4N8n04NyDNO3XgsOdoR9EVkv4c7yx2N4sYf8Fm/w+rhM2Yjts0qXujSww==","mode":420,"size":5613},"lib/rules/id-match.js":{"checkedAt":1768031071107,"integrity":"sha512-vprvtHDij6veZytQ89ELWt2jiUE3qV1enYq8kJYIbM/sOGpD//qnT9aTG3w08tRwIsFad2kLD/cCOx/TErgTJA==","mode":420,"size":9208},"lib/rules/implicit-arrow-linebreak.js":{"checkedAt":1768031071108,"integrity":"sha512-+FNINXCznl8Z6OwUIodrbkZVyL1lA3wTkBft20LGBliEdxjuYiYyVoBX+zm92flQ9JIkGgnzWuy6TLBWBMWbtQ==","mode":420,"size":3147},"lib/rules/indent-legacy.js":{"checkedAt":1768031071109,"integrity":"sha512-qBqZx0884GawSF9b1j8Un+guN+mL6e3+bSbqmrRHwHL0f/o1rGgs4QQ6l6LIQilne3Efdme41GijrXCdLuJGZw==","mode":420,"size":35743},"lib/rules/indent.js":{"checkedAt":1768031071110,"integrity":"sha512-x6Vram2HLqysGzF7AM3NjyEQO2A7x8w6sPHmNT2QK8G4Adv7MwQVfT4MZpKoqZeXlr+pAuIS0FFN6Fu01mDUXQ==","mode":420,"size":66474},"lib/cli-engine/index.js":{"checkedAt":1768031071110,"integrity":"sha512-JK7qkO9nXT7W0TSOYLYyNWijfKA1+PJFc2963YbtlyqPNVR9CzAGwpC91yCTjiTFazOUgFFpU0/zb+57GNw+PA==","mode":420,"size":97},"lib/eslint/index.js":{"checkedAt":1768031071111,"integrity":"sha512-xEWdaVT4G5m1/wjncwW/vuS5ZTx1vRMrG2ylMfH9+5gd6RmQSRLGjMU8u3b/dOJK+p64DrDI/5w6L7jRpdQ/oA==","mode":420,"size":155},"lib/languages/js/index.js":{"checkedAt":1768031071113,"integrity":"sha512-vFfMMb6oDRx1wUAPAnMXhCcRqPweu65DWEAQ0oM5P9nwgip812JQmst9RLBk7oMFXLEHJx81SbskYhUcaxZuFA==","mode":420,"size":10597},"lib/languages/js/source-code/index.js":{"checkedAt":1768031071114,"integrity":"sha512-Uk5eg/whbA9kqbN72pZCsYuewbSN4SedUSjprw3K599tPqATqJeFsOOsYDIIU6qh/pmkYKE07PAWrzEEp3aFFA==","mode":420,"size":96},"lib/languages/js/source-code/token-store/index.js":{"checkedAt":1768031071116,"integrity":"sha512-++VNliKVFMNMIVMSUED3Ok1oviXvRIqvdInuh+xsOzJqzwlXReRQ609jcmLYrRULn4eNTvR7QxBJNoiHJ5preA==","mode":420,"size":22659},"lib/linter/index.js":{"checkedAt":1768031071116,"integrity":"sha512-TtmX9gBnym1GOEnGcY47Cs0IJKQroFqxuaq8eL8eD5gYPREE+pqZTyYFGdZvpB14gl1k2wRe7vbq9lig/oJw+A==","mode":420,"size":179},"lib/rule-tester/index.js":{"checkedAt":1768031071117,"integrity":"sha512-E45Gf4ddIIQSa4+hJCVkD4fKSYBPyHmCsbz1b6Xsua9qK1Jjcw+vFKebx1sNJ8EBYXs5B/q3kUdMxaT0NDoi7g==","mode":420,"size":96},"lib/rules/index.js":{"checkedAt":1768031071117,"integrity":"sha512-VsMA9Ac9jYfT8GRcR8IB0Jxr4SMisGBM3nPqvsno4rBvp1GxPBQSKK7FmggZKaBqHUIdvWCJfIzYk3fmivxqiw==","mode":420,"size":17913},"lib/rules/utils/unicode/index.js":{"checkedAt":1768031071118,"integrity":"sha512-/CCgxCV34xJ21z8S8fKYSDzRTye+LNwBoUXXRdydLnUoGzCBMC2BPIYKBp2Q5vuT6K72IxVBtQ0IpoYLK3MV6g==","mode":420,"size":446},"lib/rules/init-declarations.js":{"checkedAt":1768031071119,"integrity":"sha512-FO+hCBcyHo/qxnVdtYpCvKvEz6trWQFq9Asfi1L8cxnTTw7GiPGQGy+P4+9EnZ2JfBKl5I4Yb4msMYKFJ6woiA==","mode":420,"size":3974},"lib/linter/interpolate.js":{"checkedAt":1768031071121,"integrity":"sha512-pzEDwAgw0kmQ7maFcVv7yqzWOAh35HR2uHMSJnJvGHREgUF3L6Da0KA7SjSR/H6LcK7l5WoQgypih/RQgQCHDw==","mode":420,"size":1344},"messages/invalid-rule-options.js":{"checkedAt":1768031071124,"integrity":"sha512-jCtHL6w3e2leyjS2ysbr1NXVvP8Aq1irem6+PS6fRWkxGGikdTDB+jO5qltAeCPADdEY2rlwYFqHhK+jfqw9tg==","mode":420,"size":648},"messages/invalid-rule-severity.js":{"checkedAt":1768031071125,"integrity":"sha512-gZsrBTbcuUJnpW6wJ82cPxxCyndFL8+3KLAl9FztgoEHvsWqP1lsllBmcHzHNKp5SWKq18KB4djFHFxDqDHL/Q==","mode":420,"size":408},"lib/rules/utils/unicode/is-combining-character.js":{"checkedAt":1768031071125,"integrity":"sha512-ONaD4/2WrjICk7UOvuxYROqsyR7GuMoJJwpmXus7PWl0uRSRzfoNG3IXEsysT3DT2vbYZt8NN0hxJvWLiJ649w==","mode":420,"size":446},"lib/rules/utils/unicode/is-emoji-modifier.js":{"checkedAt":1768031071126,"integrity":"sha512-8e7UlJdreJ/qTVNlpHQG1ggNTvtTY/t2aqe5hBg04fUTUdK66uRc1nTfTH7SrHmJvHZj/msShPFwJWY0Y1RUvw==","mode":420,"size":364},"lib/rules/utils/unicode/is-regional-indicator-symbol.js":{"checkedAt":1768031071126,"integrity":"sha512-lYE0Z0eslV/9K9cfbdoxzY86Ddxj7YJqIxg8XyT3/Z4Zjj8H32qHMh7zW7zCz+AroiWoXXID7ozwhHDH+LYiMQ==","mode":420,"size":394},"lib/rules/utils/unicode/is-surrogate-pair.js":{"checkedAt":1768031071126,"integrity":"sha512-PtUTWjroazElur8sht8V1xrcI4q9CFs7xLzIVmvPPut2owRe3D1ZkvrO2pRFAV66rKRcVZ1BRH2xynE6ml/ODg==","mode":420,"size":468},"lib/cli-engine/formatters/json-with-metadata.js":{"checkedAt":1768031071127,"integrity":"sha512-TO62c5i1JQ3lgDu2IgGJsU1umvhOL0MO1tCeygusFFBPdA6qQLTLuBxhGYZA0KZA2sW6o/cLbWbUiwxeMcDjfA==","mode":420,"size":392},"lib/cli-engine/formatters/json.js":{"checkedAt":1768031071127,"integrity":"sha512-RT6OTHBAHXJt8Yx72/7TFHinElLMoF4h9eFAzPdum/uRFrswVtljPv5lS8+AZWoxKJwNGRr3afeTZUp44nsnMw==","mode":420,"size":347},"lib/rules/jsx-quotes.js":{"checkedAt":1768031071128,"integrity":"sha512-9vJbNroz8gN+hJOIs5xicgrIU6IUPzHx60SGmCsaMFWT+SIGnr5xhRG2gvZm4NhGGS+3kYZOpFW369JTY7qCWQ==","mode":420,"size":3147},"lib/rules/key-spacing.js":{"checkedAt":1768031071129,"integrity":"sha512-xuLO/1JtjRCxO+K7ETX4DJolgBFEnJ99JKcSVu7WU/cwigCq6EHFmL+zYOZMvc7BMgBB2dXJBulbNa/WalRYEw==","mode":420,"size":21268},"lib/rules/keyword-spacing.js":{"checkedAt":1768031071129,"integrity":"sha512-lohD3xmFomWF3g9INmFA6ap0yGjWaamemHIj52mlxN8crNjjisvN7kMfDnH4+SY/CGNzC7FIaAWkhleADhl+5A==","mode":420,"size":20417},"lib/rules/utils/keywords.js":{"checkedAt":1768031071130,"integrity":"sha512-Ccb+ZQyU8ifPyfWKcqMACoBTB8TGLgAEXQIaiH20zr8NmnWGE6J5F5Ij1FmousodF5XfH6kKNhI/BjKuCoE0eQ==","mode":420,"size":741},"lib/rules/utils/lazy-loading-rule-map.js":{"checkedAt":1768031071131,"integrity":"sha512-H0XQazJRSi1+SBH9lqcNeAeJkgz2JA07em711TE7UmOvYstb+n1jHahMTDd+RQw6VtQ6UIwHK4nOE5RP6zWEuQ==","mode":420,"size":2622},"lib/eslint/legacy-eslint.js":{"checkedAt":1768031071133,"integrity":"sha512-44NLbdPlKZmx6rES37UXr3tErWt6vcrTzx9fCs+UoLiBGxOptbbBgr5nJOsSVpM+jpWR3D342MuNpclTNtFFWg==","mode":420,"size":25681},"lib/languages/js/source-code/token-store/limit-cursor.js":{"checkedAt":1768031071133,"integrity":"sha512-kulZ7FX1ZxcKRXqitXpjnCotWjjxF0zcX35E/bKUcZAJhFX2pQci/tCepC2AeUKJFIWc5Hke4DRWtrjeJUN+Kw==","mode":420,"size":1027},"lib/rules/line-comment-position.js":{"checkedAt":1768031071133,"integrity":"sha512-4voQp1ETZwodg74mLb4qBgd4phWlPkpD6OYO7/mjaOAKJwQao5vztwmnNiwBQl/g/pNB+KbGji0USKvfnQ0XOA==","mode":420,"size":3736},"lib/rules/linebreak-style.js":{"checkedAt":1768031071158,"integrity":"sha512-2hKWV88YJC32cdbZ/yYuS6rUWoQVDx0U4ApHfdFmEMZrYQ8wcqKsCs4DJjjS+q65X6WEFN/KVbxzHV9ZT45eDw==","mode":420,"size":3569},"lib/rules/lines-around-comment.js":{"checkedAt":1768031071160,"integrity":"sha512-Xrmr1G1Wo/RUIBboTQ8tH5Q5FDxr4syxv2/H83Qcc09u1Ym2lKEkuwS4ojjIH4BlJuTmX0XQRyyNczxWRF/kqg==","mode":420,"size":15497},"lib/rules/lines-around-directive.js":{"checkedAt":1768031071161,"integrity":"sha512-8+yEOOvBDZBL/EzWjrunPtuV7SKu6Xl+Gl3JUlJnr97OyPl5o4yPbAd/7rGEBIGbKdKUFRXIr37jY3GvRvZ0EA==","mode":420,"size":7023},"lib/rules/lines-between-class-members.js":{"checkedAt":1768031071162,"integrity":"sha512-8LtXgR86b63qbcVjqBVz1QxGm4ngtmggjhaE86SXCRzQm77SffL7vziIracz/sYp2rb8nfIDUyS9FlHFI1u5XA==","mode":420,"size":10129},"lib/cli-engine/lint-result-cache.js":{"checkedAt":1768031071164,"integrity":"sha512-a9tTBr1G3Qonc58mrOAydtfVfbKslOiaE+4cBWaiqJ+CMwt/4jsvHxkuVYHtwSDzaBnVvr2cZhxyoOYE+2NMSg==","mode":420,"size":7233},"lib/linter/linter.js":{"checkedAt":1768031071166,"integrity":"sha512-skTpCyr7vz0gfzEhLWBZZxMMeG1nxwmSyQus9YPQ/RArKkrQYNUUN9focwQMQ7UuUGT7xvqbyzbLCmjUeHW8Xg==","mode":420,"size":77778},"lib/cli-engine/load-rules.js":{"checkedAt":1768031071167,"integrity":"sha512-q/ngIM2ntVralOCQnf6n7jG3wlp+OcG0+IkKlwRQk8PrKg7VpMkum7k2/AhyvEz0FGdgjaKpAbrWZ58FLPf+pA==","mode":420,"size":1297},"lib/shared/logging.js":{"checkedAt":1768031071168,"integrity":"sha512-8oj0oezkBwcinuoq0mYC+GDceA2J558G2H84qfUj7/J3Cims0yxLxWOtFfLrJto/7bSgovyO5Ah1avG5c+czHw==","mode":420,"size":635},"lib/rules/logical-assignment-operators.js":{"checkedAt":1768031071169,"integrity":"sha512-YA1W0O6r55GWgV9YeouMjw3XvAT7Zd/1uNBHyETl2dQnmj2EuOJYHB4NZCDXtAytTBpAaLCcY4e4cjPJUR3NBA==","mode":420,"size":19047},"lib/rules/max-classes-per-file.js":{"checkedAt":1768031071170,"integrity":"sha512-+cgLdJdpTuQlcXpJqx72IxSaey2x3PiBNW7Yo1yO9UfVU+nTGnG8v/wPNxmpqiDCnesI3UZ4otzhASiw874AWA==","mode":420,"size":1858},"lib/rules/max-depth.js":{"checkedAt":1768031071170,"integrity":"sha512-xBnbKWfW4DCct6qGGFAlcHaJ5c1VcUQuBEggwKxiLO1aK/odR9gZfDvrVqKA2qGZ4Rg4aMRgNo216LrQUpHppg==","mode":420,"size":3633},"lib/rules/max-len.js":{"checkedAt":1768031071171,"integrity":"sha512-u8LDblbV/mfqsFtDv9bA7LAz5R7DI+mlczirFifrn/6l4Q4NTgwJ4lcaZJirXeLBQS3uc38tfy7U+3d6u7IRwQ==","mode":420,"size":13652},"lib/rules/max-lines-per-function.js":{"checkedAt":1768031071172,"integrity":"sha512-mr/UsjMSy7jVG19RwJtSbCCXqGA5Z2I6uRYTGOLVntVnhm/wi1xVgaFxpGn06kQY+GW5ZM2lmpTTmwIJYn0MWA==","mode":420,"size":6050},"lib/rules/max-lines.js":{"checkedAt":1768031071173,"integrity":"sha512-yE9yqF8/Ak3ZX+zGAI0A65rdBXPn4E4yDs0+QoEAz/btZCsyfk6RhfWigr+GBiISBJQ9m4KmOPNJpq3imCSHzw==","mode":420,"size":4403},"lib/rules/max-nested-callbacks.js":{"checkedAt":1768031071174,"integrity":"sha512-7a3xWNCvN09luAUM3fO8dtV9OB9FykB6//a9GzOkwAcYcd1Cegtk00GijmYiS/C56LcPL6mtYJeGYIJyb+xMMg==","mode":420,"size":2691},"lib/rules/max-params.js":{"checkedAt":1768031071175,"integrity":"sha512-8O678s147+3iH1/7DAFKZvCZ/rzU5PExMcZAzBr+xqirAcWaX2Ji+plrmoWYb72PRZGg5bd6FzDFcueFxrSX3w==","mode":420,"size":3075},"lib/rules/max-statements-per-line.js":{"checkedAt":1768031071176,"integrity":"sha512-DQ+JDqgFkcQFH5XiQ7whV2CUGQbLempPnAkuFQRq+/AZ8r1bSebySle6NbmZmETKFoYUERgQ5dAA/AoIjQrmVQ==","mode":420,"size":6738},"lib/rules/max-statements.js":{"checkedAt":1768031071178,"integrity":"sha512-k+2hJmtTypSjY6QD1HOZFCZqnGaQrU661fv18I6XFC2lmDP4owXqboOpc8MmA0hXcJomheGnKKk5y7KtJ1O45A==","mode":420,"size":4575},"lib/rules/multiline-comment-style.js":{"checkedAt":1768031071179,"integrity":"sha512-cRAvM//iZ3NWMtGwuGJZ/IW7hxhCyCd6NENsIcJXvoWDKEJGFvVuiaTIJ3hwcZx+agK6S1BX5RdElsQgXluDfw==","mode":420,"size":18395},"lib/rules/multiline-ternary.js":{"checkedAt":1768031071180,"integrity":"sha512-St0J6o1ToJ8io0Ws8WVX69fAmunCeCOg6h1GgzxbBy+CWme9tSdhWepelTnlC8Wloli2aXs0wpvTo+Oi5SalVA==","mode":420,"size":6541},"lib/shared/naming.js":{"checkedAt":1768031071182,"integrity":"sha512-cwvl/4ZvKbf5iZn0G4Yws6llp/eLmumD9gRzy0erpJ22s0YNsLh/DwVLXTy0hBmNJ00phXPcUI6LaFp/Ssbv4w==","mode":420,"size":2952},"lib/rules/new-cap.js":{"checkedAt":1768031071183,"integrity":"sha512-ej/hcyYmlnmUlrG9e1SwPzQJEcKIGd4XKWS5z9ZUfEi7SrKRDT8gGTZNlkZ+gZGVGFGiZltL2w4jB9Q6Zkk1+w==","mode":420,"size":7204},"lib/rules/new-parens.js":{"checkedAt":1768031071184,"integrity":"sha512-3UnijQJIoInl0kHhgGGz1E3H80g7fQUmYc+uwnEOXgMy+3pU2zZ0ZWQ2C2zlZVPDBCZeUppI64bOgBKMttRl7Q==","mode":420,"size":3167},"lib/rules/newline-after-var.js":{"checkedAt":1768031071185,"integrity":"sha512-z1IVqP6VFCUV2W/p/T4sThD5/1VyXrwEiwJ0wrxFulS01Zy/O0gznGANFjOAHaLXyHwXDEdpD8tUlHMPqMEAUQ==","mode":420,"size":8852},"lib/rules/newline-before-return.js":{"checkedAt":1768031071186,"integrity":"sha512-+uAHXLRbpnIviNiHp8bPmX+NXa4XioxPWbvOj3cNSFpg5U977fSEPds0zfNNbmsRf8lW9IihLr0fb8Y1GT3LOg==","mode":420,"size":7126},"lib/rules/newline-per-chained-call.js":{"checkedAt":1768031071187,"integrity":"sha512-IvZr/FvltUph+OE3Q3Iv23WooD8dtO3/GZVG8lXcaQzDxJo3CzpT2Oo76PmGTAu5EWN8WtRPprp1koE7cW38yg==","mode":420,"size":3883},"lib/rules/no-alert.js":{"checkedAt":1768031071188,"integrity":"sha512-dPR2mWIqZnj5W3rsN9z/5m8EXM7weVQ+cQftfkyff5Z/ib2XcydB/Ru3U9JG8KKu0gLtQxBE/DcwqGCV0hiONA==","mode":420,"size":3843},"lib/rules/no-array-constructor.js":{"checkedAt":1768031071190,"integrity":"sha512-If44/bxjZaEWFEZOhvYaHnvlKlUPiu24oe9XFP+NQVsQFldNjRiDyO+jkxU6g77c1gDb0+RZ6OlHYwZY846vOQ==","mode":420,"size":4995},"lib/rules/no-async-promise-executor.js":{"checkedAt":1768031071191,"integrity":"sha512-jfT2QZAWLFcc58LfBwKYF0Xe1KeBRYI5wYvx6qp1qoaH11DT0Z+mrEwXNJpI2TJgTg5tClky/rxCpQmcvg3CqA==","mode":420,"size":1007},"lib/rules/no-await-in-loop.js":{"checkedAt":1768031071192,"integrity":"sha512-gbsJP/mrk1t4jiDt0aYzmRusBOf0yqqYnb1oEgHuij2sJTVGfQJltFw79c1+AgzbqDGTF7H+8QZ1sMQt9+91Dw==","mode":420,"size":2494},"lib/rules/no-bitwise.js":{"checkedAt":1768031071193,"integrity":"sha512-xczkbLtHnI2t9YMwXgSZBtnxrj0UU8gdb85LF40TJKF7Uzo4JdzHJgvxM/RUPf5Ral09/CleYMG+ZxldXGdqeA==","mode":420,"size":2948},"lib/rules/no-buffer-constructor.js":{"checkedAt":1768031071194,"integrity":"sha512-tF0q/mJWKBbc6RVDH7qpCw5T5oDVN9l65huThWSIoCNjxIYIlsiaGHWH8lLaMw7PNuE/cvXF4qO/pnDenMwKKA==","mode":420,"size":1868},"lib/rules/no-caller.js":{"checkedAt":1768031071195,"integrity":"sha512-Y0bUeuPXY2LATqTe3VTgpJQ4Tn325w0e9F8ubqcgNN1kCNOtmyzwc+huhJ+oOLbFK1Lhr/Q5PUMQail4uPAEDQ==","mode":420,"size":1086},"lib/rules/no-case-declarations.js":{"checkedAt":1768031071196,"integrity":"sha512-lAAGUAuExzeQ4dnhEAop/NMgcC2NiOUwNm2kMqpYxz23aMCIv+y9yjqNlFXqYyyg4TLeeXSbPDTnTcn702LaNw==","mode":420,"size":1867},"lib/rules/no-catch-shadow.js":{"checkedAt":1768031071197,"integrity":"sha512-piKoAI5gODiDPkzf4b0fkkA+SR1TzRP7wEBgaSGBAmItKaG2h/z+UqXWw33M8crOHFnJyjtiMC1fUjm7iYmHSA==","mode":420,"size":2515},"lib/rules/no-class-assign.js":{"checkedAt":1768031071197,"integrity":"sha512-f7H8VUYZSgM/7T8LhntW7Y9Q7zRTACOCgFiH7k/ckpFnce2z4c2IXvFzBmXU45pl5rjzEwxybkOZ4rsDdYd3cw==","mode":420,"size":1566},"lib/rules/no-compare-neg-zero.js":{"checkedAt":1768031071198,"integrity":"sha512-l6mTS6Jod7q6/HD3JLIlhtve1YFjBgR/0iKhUshGTcz6Y7haeR5QXxZLc+q+aZ3/8+rAHBaukbhXkvyOghz0+w==","mode":420,"size":1662},"lib/rules/no-cond-assign.js":{"checkedAt":1768031071199,"integrity":"sha512-x36VPBmqAchrlLrNwKz1WkAzIVz4pPOaeZrLxj2Dv3idyytYTuLvMeEGeLKS9XyPJh3IidW4LeSvbBedKyRD5w==","mode":420,"size":4837},"messages/no-config-found.js":{"checkedAt":1768031071199,"integrity":"sha512-1xd/02ZTKGUZcUnastLVYhlj0ei+lW1Fr9wk2j+ZTa/IzHH/qpH4o6eFeNP/p1WzvtuWOljFG+KVIqyhjyx6jw==","mode":420,"size":527},"lib/rules/no-confusing-arrow.js":{"checkedAt":1768031071200,"integrity":"sha512-d2r30Y8TOBY+A/BRiDPSfZfWvBqHnh501Qu7Lx5ZKKf/y48Rx/QpYz76JvyoyiGmbnFelT7jnwFcwS1mzU5rjQ==","mode":420,"size":3232},"lib/rules/no-console.js":{"checkedAt":1768031071201,"integrity":"sha512-0H/3DnaLwBhVUCfZ0Yuzop0rMOzPJVrRWGBbfXI1pfY4ukHvpklveY5fxmfO6/sa8Q0LNT6gV+Qfnq43e4TWGg==","mode":420,"size":6233},"lib/rules/no-const-assign.js":{"checkedAt":1768031071201,"integrity":"sha512-XZn2bLjFuKnlhlh9B7lfyH6fHm7k5i9bdcgu2c/zJ1XAhN0ejqZvSgx3DYfGyIhibdWWQLu30XRWbU43gtIqTw==","mode":420,"size":1848},"lib/rules/no-constant-binary-expression.js":{"checkedAt":1768031071202,"integrity":"sha512-Wn+Ads6snaOn0W/2miu9ILpcv3hSrfvZmhp3mSs2ttkx6Pa3Qy8ZLkNn+VsEn5fVFHsPI6Ef1YNUOPaHukgFCg==","mode":420,"size":18150},"lib/rules/no-constant-condition.js":{"checkedAt":1768031071203,"integrity":"sha512-YAsn0MF5lC4TgQOqWnuGLsBsJuU2p3PzJS9ZHlZwUtcka7E1QvzSzxz/bFJ8xh/HEPsMZ98Pwm8EfPP0dpob/g==","mode":420,"size":4469},"lib/rules/no-constructor-return.js":{"checkedAt":1768031071204,"integrity":"sha512-V+y2r3Q8ApgyOZ27evesboN0cF1HmLyLKfpooAzu5joj+0TP6mtuveduM0L276JyrBIf0DrdJ6YlmmF+LMTbCQ==","mode":420,"size":1191},"lib/rules/no-continue.js":{"checkedAt":1768031071204,"integrity":"sha512-ZPJHBB+2UbTLk6F6nNcOHG2Rl4REzULGk7B4nd6vvn1jvSEoaaVcDUM3D+PsBgg39dGObpihn3e0xZrBcajxIg==","mode":420,"size":784},"lib/rules/no-control-regex.js":{"checkedAt":1768031071205,"integrity":"sha512-VCLq6kfY1AKmNLuOLl1EMWN4ZERAJaxTU1BIpwGnqqTbfQYO2CSZkerv8aDAIBrC1pRYgZUDvYgBkazqNjZ5rg==","mode":420,"size":3830},"lib/rules/no-debugger.js":{"checkedAt":1768031071206,"integrity":"sha512-lexaf0/zkfGNGwr4d4Psf0vdTFmWbUNufd1ktJbjgujTdsKLgmtDKw4W0G9i3YPoQWWs/2WxxAUm6g94Obbkxw==","mode":420,"size":793},"lib/rules/no-delete-var.js":{"checkedAt":1768031071206,"integrity":"sha512-clLahT7lGrQoU6nF4O0xsP6Zo1sGGJtsgijAKdAw10iwDZgUZHlMcYg5UmWcUiUvKkjEyDgacSkB/iHhTBbB4A==","mode":420,"size":852},"lib/rules/no-div-regex.js":{"checkedAt":1768031071206,"integrity":"sha512-IVJGK1nhQkPMF3LdGMeC/4Y5MXbnsdxcjIbAsg66riP+aKbkC6VT3AX8at4oQnm3xPiXxg8de7nJRVRMsl+dyw==","mode":420,"size":1245},"lib/rules/no-dupe-args.js":{"checkedAt":1768031071207,"integrity":"sha512-G88JwKGDrye44Us0HSiBRPNOsyR6B/U3raU0TrtNZFg+uiRBgjeMmd4094u0YLwkAinPHu90cwhDWu60SCqqsQ==","mode":420,"size":2387},"lib/rules/no-dupe-class-members.js":{"checkedAt":1768031071208,"integrity":"sha512-9PPt1KZi2R2H/LOkSHl1VU4VgVzT9xdR1QZplehhPb4eYQO7f7NsXg8m7bHWIDjRI6f8DsVKu9ryfnGrL9kADA==","mode":420,"size":2905},"lib/rules/no-dupe-else-if.js":{"checkedAt":1768031071210,"integrity":"sha512-b8rxazReddCqeOa2NOVUNDAuDKx9eTTyG0yCt+c8/pFLA3g26eJdJxz2REYoYWG7PWsqHepAbGhYeShgrJyKrg==","mode":420,"size":4197},"lib/rules/no-dupe-keys.js":{"checkedAt":1768031071211,"integrity":"sha512-bCpN46RtCRfycWbOh0MJnBUhz6V+Cu1yAg1ZlIzg7bsZOaKw8OUgb0EZdJLPJBl94y7imXYTytkt1TPo1LX52Q==","mode":420,"size":3963},"lib/rules/no-duplicate-case.js":{"checkedAt":1768031071211,"integrity":"sha512-KP8awcRM/buAXd/d1UKiHMpv/jeul2vBT0vqbM8BTZ7fTc7wxfHUg1XVa0O8U5475W4c3rnpXbivHbivz2eliA==","mode":420,"size":1765},"lib/rules/no-duplicate-imports.js":{"checkedAt":1768031071213,"integrity":"sha512-45Xv1xpynWVXywLVrwHSoIjT41O6F6CypWyROKCxew4Hh0MHuDKnKdnGVCHUSjggtNCgAFdAOkA5WqnFqJPX8g==","mode":420,"size":10024},"lib/rules/no-else-return.js":{"checkedAt":1768031071214,"integrity":"sha512-OVFISt2c1noy3PstRHBo8NGc723JXSg91YICapuWecdMFCXijUr5wC2kpcy5ws09dWjYgrUnoFsDhssbba73tA==","mode":420,"size":13405},"lib/rules/no-empty-character-class.js":{"checkedAt":1768031071214,"integrity":"sha512-lqWpWxAI2W3gkMPvPjr0Rmr50sbikY4julab9OD9a59qXWE1dvq2cx4wcqeKO0Wc5nQPriySdLwjydtJo62dLg==","mode":420,"size":1938},"lib/rules/no-empty-function.js":{"checkedAt":1768031071215,"integrity":"sha512-D1uuoAhAUSvS8SzK5wp0wRkjAKTaPPEQ8CrCJFeqb2DtRtJt19UyXS140t4FgTRfBrD3EqQxnqpw+UCM8so8LQ==","mode":420,"size":5754},"lib/rules/no-empty-pattern.js":{"checkedAt":1768031071216,"integrity":"sha512-rASD1ch6FDolBfeCpOk9WwPXKDmhj7EhU4oedADw2nWnZHrJkL/uEWLwK/3mEG5mHmGAs9CN7kQ787gcAAQnVA==","mode":420,"size":1841},"lib/rules/no-empty-static-block.js":{"checkedAt":1768031071216,"integrity":"sha512-ENovOtzgnlAoe9M8tAssxgYGw4+N451kZyluJY7tclvDdBN5dIB1vSAAedv/HKdQ7pq0tLgyqYo0k9afnpGLBQ==","mode":420,"size":1589},"lib/rules/no-empty.js":{"checkedAt":1768031071217,"integrity":"sha512-bAkuJ7xLAkKB/rinBgyVKYtvORmxiyTWvHwc8G36lltMeAmNMlhTzswEbc9GO64AEdKdgMEq8qjdelxrT5r9bg==","mode":420,"size":3202},"lib/rules/no-eq-null.js":{"checkedAt":1768031071217,"integrity":"sha512-FmBYeGEaOVgP2DBvcAJCSmMliKq2shUzPvQADjbHHfrbwNQPrI/9lpn1q1D/qHaq6xZ2IpV2YZnq+ZnfuTaXBQ==","mode":420,"size":1117},"lib/rules/no-eval.js":{"checkedAt":1768031071218,"integrity":"sha512-tFK4k+CUqtVvNAxtZZFKykVmWTi8P5M+NC9rAilR+9iAjWwInhHR0qNgAYLS6d+PhTHZlpJtC6u80nPcbMAc9w==","mode":420,"size":7542},"lib/rules/no-ex-assign.js":{"checkedAt":1768031071218,"integrity":"sha512-KvoRcqNwmY/eKTAG9Wv1bejvUUL4c9w7R+9iRMf4YcOtbL2QMjjEIkNmciSBqIscL7EZw3e7a60hyQRW8snlfA==","mode":420,"size":1301},"lib/rules/no-extend-native.js":{"checkedAt":1768031071219,"integrity":"sha512-zYDNzzsW/KpJFZJMixPerpjLHfpH/PaBpsLr0sNt7zzr3bJkrENUnndiS5ScgrmTtztMNFSAPylCotmuWH9klw==","mode":420,"size":5421},"lib/rules/no-extra-bind.js":{"checkedAt":1768031071259,"integrity":"sha512-iGq6FScIldLBWazSVSsXkOdQgTDtRuMHaiY3+6qLk0DbsA9eIF246ghf1cj8YBRYtrDXKFJE+9M6MRufKzuJYg==","mode":420,"size":6007},"lib/rules/no-extra-boolean-cast.js":{"checkedAt":1768031071260,"integrity":"sha512-VyCEvWJuVy4a848lgoBRvMEJHp+LNf29+VBzwF4LKYEqQgYJGZcNJ4R0iQ6PqWp/TKQzqLqKv966HEZhk6ZrFA==","mode":420,"size":10590},"lib/rules/no-extra-label.js":{"checkedAt":1768031071261,"integrity":"sha512-TYvjMkkIuzTNK9KjhdT9xKcThcmenh2ZT9OIarT+cPDR+t7ieNQT1lwl2AOEyJ45nardv6US/GYbRQgDd6ku1Q==","mode":420,"size":4265},"lib/rules/no-extra-parens.js":{"checkedAt":1768031071262,"integrity":"sha512-bzn6komxEyZ2r+BSptZVlTKrwKJI4j47y54K7MymBN/6y5zqL67XdUn690FPysbM2Q6IZ5mVuuwEjQEQeAC3Jg==","mode":420,"size":43596},"lib/rules/no-extra-semi.js":{"checkedAt":1768031071263,"integrity":"sha512-gUy4zR02QHsKMHpR/UC+TrSoI5fDEFRn7TC1VuJZQm58uBluzJutPUWHGuRtdRv3VlKlUK1fTLtpXU7zsbiaXg==","mode":420,"size":4628},"lib/rules/no-fallthrough.js":{"checkedAt":1768031071265,"integrity":"sha512-0Bet9iBZ7WWZcGwa08ktJ5QRl9ggOz2v4Zc6rh6auEKcAFGsSrCJ38OkHqKk8xLs0xxU5sNtjO0YZ+xvKRBTCg==","mode":420,"size":6966},"lib/rules/no-floating-decimal.js":{"checkedAt":1768031071266,"integrity":"sha512-i5yfXtCHoj13lWKGUg2qL/G6mu7lqAiZdnq0bvzaT0dughGouq4jc4+bFxahDOjpQahiiYi6LoE9koU8c+FXRQ==","mode":420,"size":2568},"lib/rules/no-func-assign.js":{"checkedAt":1768031071267,"integrity":"sha512-+APqDCA6lWQJVX+M3R2/NJRIIfqXNxZ5ZkEvod9KtEYZHXBOWqt8Qc64+nsHuM2wymwNJAt9QuMDJIz9hCC1eA==","mode":420,"size":1861},"lib/rules/no-global-assign.js":{"checkedAt":1768031071267,"integrity":"sha512-wUDpO3hdjkpzkqVtT0vLmZWa5IwncjwjgaTSCWyL+c1+vewbdr1o3Ugs8YFOxL5UeE+UqkDTFI5oawnhQ6nOsQ==","mode":420,"size":2426},"lib/rules/no-implicit-coercion.js":{"checkedAt":1768031071269,"integrity":"sha512-bKY7H1sa+6OHgQg9FzokcUWyQFQmLhLA351a30M4qHqMW9FGK050pUscsO9z/FuCZcMtOTEH0U0SlC0doSaO/A==","mode":420,"size":12600},"lib/rules/no-implicit-globals.js":{"checkedAt":1768031071270,"integrity":"sha512-p6Z+wULDue19jtulcqAmM3Fx01WAx+daRzWjpKhh0wcz7+Ny0/6iCJL9860lEs7xb6BbT/QaPrybOfnxxACYSQ==","mode":420,"size":4626},"lib/rules/no-implied-eval.js":{"checkedAt":1768031071271,"integrity":"sha512-x4RhjBlwxA2h+DHWmaoL30FG/IbVtmljAyALVWB082qF0hNuJ62BIy7+3lepTfrAIOvf7lXwFw1M8ki/NPOHLA==","mode":420,"size":4339},"lib/rules/no-import-assign.js":{"checkedAt":1768031071272,"integrity":"sha512-JJvY45mQ4J93p7N7BBF2Cj37OKmH/97yWFXRXzaeHW1FAuBXPEPgzOZpK1IdzvLOh0zfaK2Rl7fYdhmzpfkmJA==","mode":420,"size":6179},"lib/rules/no-inline-comments.js":{"checkedAt":1768031071273,"integrity":"sha512-miZya8O15kdWp+n51froTjvAtCTAVq3rXVwIFBNY7gafiJVFH1oEv/LjZ3c2R64WCjDorsHFAUbiWn2EyPUGHQ==","mode":420,"size":2691},"lib/rules/no-inner-declarations.js":{"checkedAt":1768031071275,"integrity":"sha512-QFvPqW0Po7v6zoniHHjLlP1MvaV40zV45edIfA7XvapCJsJXrFL5TXrExfR9Vggr761tNSRaHb1u3NCFt0DqjA==","mode":420,"size":3221},"lib/rules/no-invalid-regexp.js":{"checkedAt":1768031071277,"integrity":"sha512-W5CO7vg7VU/t+4/MoXl/37hQs08S0rASr/Nn+ayEsuYSM1Oyjq4Dpl20HzwYjFxFKT+XFRggZ6/36SjVt6KQGw==","mode":420,"size":5962},"lib/rules/no-invalid-this.js":{"checkedAt":1768031071278,"integrity":"sha512-Q8leVf+0k7zIIYQmTn3jmn+zCt8SjH6icuQF95K8ssh3eTZ0HGgK1C7IAPYhSC3mteJIkXl8Zn2HPE9YlVutpA==","mode":420,"size":4488},"lib/rules/no-irregular-whitespace.js":{"checkedAt":1768031071280,"integrity":"sha512-FsTsytWWUGleBxUaPI7Qcy/BRbbxoCk9sc9kZDogA8Jk0AcDvYnarcxtiBYhMViy4NV9ESFcvbJmBDXRD1qXxw==","mode":420,"size":7853},"lib/rules/no-iterator.js":{"checkedAt":1768031071281,"integrity":"sha512-thyqQTLce7xPVIceIxR/w3c3DpJWsfEAMfQ6xMOhslPtJK+2eAQEZ5hJHoA0FED/lLDBS1/hDcsVBIrL2Wqn6A==","mode":420,"size":1110},"lib/rules/no-label-var.js":{"checkedAt":1768031071281,"integrity":"sha512-O03ANnuwbLxUB2zL4gX3tEI8IRXzes9pcOQGMk3XstaaejeJAit34/lAm5rSNKv6t3nfralRiS5sfluIspMf0g==","mode":420,"size":2063},"lib/rules/no-labels.js":{"checkedAt":1768031071283,"integrity":"sha512-AlHu5oqklmZXpmB7ryktjx5WF4kggB4Y58ZEFWZFzXqb803R+L+v/fXKOOI/UwW+2iAe0DpfOXliYQk3ZoKVsw==","mode":420,"size":3365},"lib/rules/no-lone-blocks.js":{"checkedAt":1768031071285,"integrity":"sha512-uDGCPbo8mqEH1xi7sWkWV+/FrDqwewYUlzEe83iSjBsCnnYXh9HzbkWGThnG9RwDr6VqKseZUTXV9NGq7+IKlA==","mode":420,"size":3320},"lib/rules/no-lonely-if.js":{"checkedAt":1768031071286,"integrity":"sha512-bfQdMcHbkqBLnMy9wOyq5Nmmh1xGgVQ7O07oF1zoidQifW+VyLk9XqkseL2kMP0A7lujmSBj9KY4NJH16FLbsA==","mode":420,"size":3303},"lib/rules/no-loop-func.js":{"checkedAt":1768031071287,"integrity":"sha512-0lnVSuOzVgtPPPm+aLQJDanNeXifdBXUw2W85rqx+E7wLFaHlpMSMuUEluP7VKipV79wHAkk2d0SpGF++QXodg==","mode":420,"size":7035},"lib/rules/no-loss-of-precision.js":{"checkedAt":1768031071288,"integrity":"sha512-uaWD4LSX73NsHjzRzP8rVDdK1rfzHDujTxroY4cjURixXzIwJ7eqANatBt5LPZvsbs4KbF9UkVOVEqBejnhxBw==","mode":420,"size":7393},"lib/rules/no-magic-numbers.js":{"checkedAt":1768031071290,"integrity":"sha512-Uci+ZJXiOV+484ygVsB1RNrLYhkD1kIJjWLcn1GXRvS1DYISskI4bZscKkKPvPaIrIPWi9A4eNIwjSkjBBAEFQ==","mode":420,"size":10580},"lib/rules/no-misleading-character-class.js":{"checkedAt":1768031071291,"integrity":"sha512-W7o9D9i66Ye+souoBNf2LLgU81BlAqZ+NmddK0Ar6Q1YT/2Eoum1I5TiDEH1Iz/O9pf7jywnD7hz1I3p929d9g==","mode":420,"size":16369},"lib/rules/no-mixed-operators.js":{"checkedAt":1768031071292,"integrity":"sha512-eUsgQB4uaHdIOuMXJeSv8xUJkfsJZy9mczc3AR5llswnUm1Lz3OLQk3l6+UjVqGv5scOf8m61wHxmL0VE9teBA==","mode":420,"size":7147},"lib/rules/no-mixed-requires.js":{"checkedAt":1768031071293,"integrity":"sha512-iXSK6UeYA/Boya5fX2P73LXf9TOZgjW/dh4FUxd9VznsemByyDcZm/ijfhb9IgA2jW3RenscHBU3/eKBJK2xbA==","mode":420,"size":6383},"lib/rules/no-mixed-spaces-and-tabs.js":{"checkedAt":1768031071295,"integrity":"sha512-n76StsQyizicZUCuuZ44sYZQt1HpfkYCgRuz1NQwnB8zJ/+N/RfFa6dwcMCLQTk5ygPPueLitW2MemCx9ni1Tw==","mode":420,"size":3465},"lib/rules/no-multi-assign.js":{"checkedAt":1768031071297,"integrity":"sha512-1KqX6z7FsqM8or86IjLiUnYQFsth43PVdzcP/fiVJuvlEWL77Gq9ocF+QKs+GwPX9WmGr/Ua8W9J/y2NCYKaIw==","mode":420,"size":1327},"lib/rules/no-multi-spaces.js":{"checkedAt":1768031071297,"integrity":"sha512-clJB/wq1h8FEDVb/fybc67FWavfb7/qKoIfHsghC6QXxXzAEXV2Mc/WhSRXKksfkL2cKaIF54RnW4TGTVuijLQ==","mode":420,"size":4588},"lib/rules/no-multi-str.js":{"checkedAt":1768031071298,"integrity":"sha512-kw2g8HUY5c18KSTYfiGxpgiXE0irNROpgkB9M0KW3ATbxVPnVg66rpKh9qJEyyprlhPH11b3FqVB29TfqjYbvg==","mode":420,"size":1610},"lib/rules/no-multiple-empty-lines.js":{"checkedAt":1768031071298,"integrity":"sha512-kSaXFbOX82JD1yCFRjN2qPI9Gvqp9/+UEj60A2ggy+bqtrWnzl5EPvT/8Mm6+p6qaJWn6U5x2bjvZsLginm3SQ==","mode":420,"size":5581},"lib/rules/no-native-reassign.js":{"checkedAt":1768031071299,"integrity":"sha512-ptiPABjMz0uCHk8SsdFTHTeT0tWA7UV93x5WooiH8hbPm7aSd8XQVHYZn8iNTYN1QnU3e0JIuqNiWxbHE9wvhw==","mode":420,"size":2765},"lib/rules/no-negated-condition.js":{"checkedAt":1768031071300,"integrity":"sha512-79H7WOPbagamlKqrEKdeqeCBThqPLrJ8HsHkJ45AuEN5DYB0oBwpFv9A1rhMdprcrR7maahulSsThpTV/bzt0g==","mode":420,"size":2431},"lib/rules/no-negated-in-lhs.js":{"checkedAt":1768031071301,"integrity":"sha512-2WN7IW+yA5gtWXj7TNIFzXnXAY9/rmCyXzT9xtghEUV5I8NATNUa5kNiJwcfTkfydyPSbmrC8i1abuDhIDrvoA==","mode":420,"size":1338},"lib/rules/no-nested-ternary.js":{"checkedAt":1768031071302,"integrity":"sha512-M/faiSH5rYPVM3Al8caZA8RMIU3DZa+cektrA14gl642vE6s23Eu+/Aw/10oftUSgNWlt/huPTc+uj9nA3th3Q==","mode":420,"size":960},"lib/rules/no-new-func.js":{"checkedAt":1768031071303,"integrity":"sha512-kIJ1N3VbXXvqxVe+V55JkA9iMDCMSlJ81eLSGZVGaUMcooBfUzvZFOzoRX4TUjuNxPAiRGIlk8Rh/yQVQJ9k5w==","mode":420,"size":2393},"lib/rules/no-new-native-nonconstructor.js":{"checkedAt":1768031071305,"integrity":"sha512-LgBmKMEFw2xmQMDnNQUPIQjHzbooVovgz3b8HQ8uMDYsRswl2YLk207Ihil3fxwjOkkTu+CDJl866CbwsHGYIQ==","mode":420,"size":1754},"lib/rules/no-new-object.js":{"checkedAt":1768031071305,"integrity":"sha512-BFniLur1PpuoGJmOBnqrO6z5YI7CM5XX9QRuAuGB40xqKfx4ew+km3r4kxw+vQj1wE+EMyYDm71qu4+JLQOxCQ==","mode":420,"size":1866},"lib/rules/no-new-require.js":{"checkedAt":1768031071305,"integrity":"sha512-kM21N58DZBDNLXh9S8U+STvAUwiDmcMGdiWTxFLhzHyab5ASS+yYr4LfxyDL4xGgQ+TJGPYrEc9QLyb3R4Aauw==","mode":420,"size":1588},"lib/rules/no-new-symbol.js":{"checkedAt":1768031071306,"integrity":"sha512-RsocC1ONsLFxetj93bEwVQLYZitKhLfal8TbWLYJ+r2Eph+ei0AUin/mq4tESJrLSI/SZJZanrxqTeTmrubL7Q==","mode":420,"size":1739},"lib/rules/no-new-wrappers.js":{"checkedAt":1768031071306,"integrity":"sha512-aglUIZkhNrk8mAk3NMsKWx/FM2ffsZB6h4pgPBjPUZEG0Mlo0rGly0isTYwD/xuuTkOd0kdZZxAoQ108T27jDA==","mode":420,"size":1460},"lib/rules/no-new.js":{"checkedAt":1768031071307,"integrity":"sha512-JZZ4HqDYVoJ4cuK1+u9Z0fDnPAlCHg8aiV7zi32DuhIkAf5CWAXY4armm3HwrK7qv5GzcWB0SnySs1CSoyfujg==","mode":420,"size":905},"lib/rules/no-nonoctal-decimal-escape.js":{"checkedAt":1768031071309,"integrity":"sha512-7B9kHl0giPUkHDhQZw2R1S6ahgORXskq034aay/rQ/RT+U0hEcU2mD/oKuojbr4FBMhu1LNcP2dlr9jEeOEqSA==","mode":420,"size":4566},"lib/rules/no-obj-calls.js":{"checkedAt":1768031071310,"integrity":"sha512-dbAZbu4BlrzyeTLCPJUSsoy+kv3pARs3RmEc4asltZND1v9FueFyUr8tL0RPxOPYOdg2yKiL8hHTT6+99s6mhg==","mode":420,"size":2466},"lib/rules/no-object-constructor.js":{"checkedAt":1768031071314,"integrity":"sha512-rPdNzOE48ifYVDD4Aa1UQUE1XNj8tsEUpC5EU2FJS9+Vasma72lFjS5pAP659W1tkVjh0JqUHbMikTnTYQ52MQ==","mode":420,"size":2923},"lib/rules/no-octal-escape.js":{"checkedAt":1768031071315,"integrity":"sha512-UY7TeEdY9vQCqcac+D5QSLAQZ59/boUSqmhBSxVE79zz9jD+QynhF5WmQho1Pb4GUfSN3UpZ5sQuNFcbz7Jg7w==","mode":420,"size":1175},"lib/rules/no-octal.js":{"checkedAt":1768031071315,"integrity":"sha512-3CoR+uiu4HTMJb/uvoMownULFli/aENH7VbvP0dR6rUov2H5Hi9pycJSmN5sLwSqvBY32u2exVravGUImz0jVg==","mode":420,"size":832},"lib/rules/no-param-reassign.js":{"checkedAt":1768031071316,"integrity":"sha512-m/DrzaSlj52WjSywBfamKnMPqSAeSIMuENRzYTVJMjy/0/mIgEztlNfRXNhqdWDPHkEJYSeU1Nnlv2uqhZU/kA==","mode":420,"size":6363},"lib/rules/no-path-concat.js":{"checkedAt":1768031071317,"integrity":"sha512-SYlq+04JP+xPRPN9091NwGbfgbeMaK9uopegMkb4OHWEsvVrcxw7mF72l5i5/YRfwMAh0vTXEFAtXBFLzfOMbA==","mode":420,"size":2012},"lib/rules/no-plusplus.js":{"checkedAt":1768031071318,"integrity":"sha512-CayPMkyQy0vc0SS+tay2dfd/jIIxf+XvxzMQychj/PsN4oRkzI9BW51d2Zjxd3P0GYH2w2KJRzk0MtKkcugYoA==","mode":420,"size":2672},"lib/rules/no-process-env.js":{"checkedAt":1768031071319,"integrity":"sha512-mLhP/WnlNlx6INz1F+1tCvoVsYJS8fm3ZJ+IhZT2P6TRJWVObA9BtOKogQkiK2TeH51njGhTav1y2UPR6OyTBg==","mode":420,"size":1646},"lib/rules/no-process-exit.js":{"checkedAt":1768031071320,"integrity":"sha512-9iBGCZXgwS+vhsuFFkM9jyDw4C2jBJBmtJ6GUZaBNYQRx5WbOUpFmsa7auoixmJr4LA4N/SGi0QKo0FdVFqZ4w==","mode":420,"size":1735},"lib/rules/no-promise-executor-return.js":{"checkedAt":1768031071321,"integrity":"sha512-pQNglexS4Nhwf6BqD7I4qLQ2xfRjYEDCRWXNMLcvPiZ5hheqOeDSbeH82wimPWkq/2125MniPL4f+HUpD/BESA==","mode":420,"size":6675},"lib/rules/no-proto.js":{"checkedAt":1768031071322,"integrity":"sha512-3DXcqcpLx3+yBtgax1iZ4+Jkk0hY1t1y5Vzn10sXqLMwJ0F63JYn20eNN4lsaJqYKGDHAFyRptmwUThobYV6MQ==","mode":420,"size":1093},"lib/rules/no-prototype-builtins.js":{"checkedAt":1768031071323,"integrity":"sha512-HD1CMdI0bsD6++iqF17Lvpi7yWU59sWMA7m5WfKEbx0LIwnfrDQTRNM4pOKbs6ERLgFZVuXTHsD9dzt8T0pTKA==","mode":420,"size":4721},"lib/rules/no-redeclare.js":{"checkedAt":1768031071326,"integrity":"sha512-EHDCU3suPNw9dvgpgIdg3HwPehrcJ5QzqwZ5iZjBmpN3pe4sqok9LcHbX/euXvYQV5GG/Fx+RCVfIJ+T+HpPuA==","mode":420,"size":4425},"lib/rules/no-regex-spaces.js":{"checkedAt":1768031071327,"integrity":"sha512-s8DGAQeTr8PFPpbGWCe5pOY6IBtUjCjg7ScBzdYOrwmVJeMUO6g17exziAsj0X3cQr38wOBJ4WHYltxU8HqwrQ==","mode":420,"size":5276},"lib/rules/no-restricted-exports.js":{"checkedAt":1768031071329,"integrity":"sha512-KJLow1QrDxsqMmFMoqloCNeZxa4fV96vajHgPALCVcrOcaeNit1Du5ShKuLOr1iQzvGTtuBbpdA68uTTHn+Zzg==","mode":420,"size":5636},"lib/rules/no-restricted-globals.js":{"checkedAt":1768031071331,"integrity":"sha512-zzI0nKkVaEjmAXRRXLBuR2pDUB3i81PgsVqYmL8L9CqTfrmksFEvt24iuCjDRTH0KqtWRTh3NNzkj8ynlrBFQQ==","mode":420,"size":6229},"lib/rules/no-restricted-imports.js":{"checkedAt":1768031071332,"integrity":"sha512-saw+iQVuQMG2WKxo6ygU1qifkrZ+90OvfhDSkcx60IKmBFTolKNKDRPPQsxhgaTyl+b07NOLJgS5VmGwN8jrQA==","mode":420,"size":23880},"lib/rules/no-restricted-modules.js":{"checkedAt":1768031071334,"integrity":"sha512-gX5y6uyeIVK7NvEn3od6ftgyXo00loXynfdCumMVzmOCTNt8+2awc+3HBrPw8P7oq7m4yKlQt8zhMrv2cEWe9A==","mode":420,"size":6128},"lib/rules/no-restricted-properties.js":{"checkedAt":1768031071360,"integrity":"sha512-y+9dZaoUFx04m/6XTWFQBtsDxk+rhCHL49do+65n04cEbKdvw+qX+hvvRE4PUdAai7Q/IKTZBfN/+QqjVxmHGA==","mode":420,"size":5948},"lib/rules/no-restricted-syntax.js":{"checkedAt":1768031071360,"integrity":"sha512-bM+NKRnkAoCS0lNo7OXbKq/L3tLrX4rtNYu2TeMP2GfqFCRSigXWCSztL5ClwXOrCb/0u/4scK5AmlYKAhnDLQ==","mode":420,"size":1698},"lib/rules/no-return-assign.js":{"checkedAt":1768031071362,"integrity":"sha512-ZCFAiUJ8gcFOT5Kwp3qFSEV+BFRJpxvKbcc4U/gSo/PVrHiKSETzCvUYLeEg8xcLL8/0fFP+T1hfDsN7bUEwhQ==","mode":420,"size":2259},"lib/rules/no-return-await.js":{"checkedAt":1768031071363,"integrity":"sha512-5R3iEmS503VYgw3lu4fHrAuet2AWMqjr9tUFvGCxgtX4+zzYTkQXBJLxMgl0u4XSlvFsG0e43vLojZhGJFdWwA==","mode":420,"size":4457},"lib/rules/no-script-url.js":{"checkedAt":1768031071364,"integrity":"sha512-B69qc+WMFJIrkeEQRiCLVVI6suURFLCTfFLicj94ax0UcQhLnm8OUbwIQBx8PZgNfMZupRdljohct0aExkiC8g==","mode":420,"size":1512},"lib/rules/no-self-assign.js":{"checkedAt":1768031071366,"integrity":"sha512-a6oKLH3kZsvN31dbov6fhZnrvg+WLgjDjGRccQh+icUj+880BJTif9i59wHXHzSGjaenfaLbx+y2ZMmmWLJsiw==","mode":420,"size":4666},"lib/rules/no-self-compare.js":{"checkedAt":1768031071367,"integrity":"sha512-YDNirjC5Suhvt4No6WxZ8jovWGCchubQBR3/d2adP81FDRjmF5zQ8156n47sFyXsSG6xh9ApZbN0ElC5ZkKvbw==","mode":420,"size":1705},"lib/rules/no-sequences.js":{"checkedAt":1768031071369,"integrity":"sha512-RIGRVuTNeHg+rhd09aqloQDV+a1wGKZ3S78z01z08c/eZShRYFlZmB+xcH0fqCFRm5qhpn0jfYRrNEskMM9tqA==","mode":420,"size":4011},"lib/rules/no-setter-return.js":{"checkedAt":1768031071371,"integrity":"sha512-1DP2ZN2zIxzPzgdCyRfqwISZks7I/9BsnwFZ3LWc7h44gnpUEQnbDvSAjXHMwblMse1G2EupQRAN/FJar1FNmg==","mode":420,"size":5725},"lib/rules/no-shadow-restricted-names.js":{"checkedAt":1768031071372,"integrity":"sha512-tlAGrrZ735oTrKyitiFMN43L6xhp+FSYG3ydwGGeEaXPyx/ijUCwQCAwjRtFCFDE9u1D6mmzVD5VipctogS4bQ==","mode":420,"size":2672},"lib/rules/no-shadow.js":{"checkedAt":1768031071373,"integrity":"sha512-/Iud73tv8sF8X6GJ91uOi6VGUSmQm0EBJUv4ghWNFy4VgckoXHvrgoixSs9pUTDq/DSyBO3ntIFQujN2U36EJw==","mode":420,"size":17353},"lib/rules/no-spaced-func.js":{"checkedAt":1768031071374,"integrity":"sha512-EVjzYWlL1LMXAf+H7E4RSA9mI0ySLWlkU0gBjPj6CHqiU+dhVY21mJSyW1VUs4JXqE4SHTgkyOwZvpVx0vhVVw==","mode":420,"size":2603},"lib/rules/no-sparse-arrays.js":{"checkedAt":1768031071375,"integrity":"sha512-qI4/KiSbpIwcfmAOESGeOTk0J9+a8ytKEAVrkA4Px+qQldkkoX8R+uehLBTzzdnO8pfW5Pzz3nhH78rWCx17HQ==","mode":420,"size":1483},"lib/rules/no-sync.js":{"checkedAt":1768031071375,"integrity":"sha512-1zq6X7KjlA50P7OcLS8LXdb4Aii1c72hN5LGt1qaQ6Yq/aRuBY1/YWCekhgSSPa7xN7Ol05f8mU2MKBbkqpBIw==","mode":420,"size":1887},"lib/rules/no-tabs.js":{"checkedAt":1768031071376,"integrity":"sha512-hghmKnSCuW5qxBBgNbuH6XojsrmbgLRimG50aNbdwRlQRxFfl3OTP63X0hLgxOmXFE2Oeux3OCkrqsx61+BVbQ==","mode":420,"size":2449},"lib/rules/no-template-curly-in-string.js":{"checkedAt":1768031071376,"integrity":"sha512-QVQ8a00D31ZW2CvdVYceUOD+mpSHt39xOpF1Uyx0N3aJGwvzf+etzl1S7JtX8XkUBZrlIMb16DiHkmCDGpPU2Q==","mode":420,"size":989},"lib/rules/no-ternary.js":{"checkedAt":1768031071377,"integrity":"sha512-ftGs1d3dx5eZDNKsAolelpry8MzTX64/r+FSi7ObM8rac5kk3w0VllQC1ZQ5hk7/HVbOmFcoSSNqGhUCFjGxlQ==","mode":420,"size":785},"lib/rules/no-this-before-super.js":{"checkedAt":1768031071378,"integrity":"sha512-XIc056Lmely0T3z8fXRtOpTHypCRe/X2lMWs3FdlWTyttGzt69cfaYUNAGqf6NOSVdNcRa5EUZSNzgArw3GdLA==","mode":420,"size":9043},"lib/rules/no-throw-literal.js":{"checkedAt":1768031071379,"integrity":"sha512-kLqKFa9gNsCN7i0ZRMsEwOUc9Ss/ivjp1QoblckIjythWPDDnaoWdX/nKq3mENXTKH3kgOEiYV4DkkdRliQiEw==","mode":420,"size":1088},"lib/rules/no-trailing-spaces.js":{"checkedAt":1768031071380,"integrity":"sha512-owzzaCMcgeMYfqehvGzaaWbxDlGTcauhCdwEGNH0L6ffevcNTZy69sMGn+jS61ht9V9XZJoe5jwHsg1gFb40Lw==","mode":420,"size":6110},"lib/rules/no-unassigned-vars.js":{"checkedAt":1768031071381,"integrity":"sha512-/39Qb3TxvgnJBEr/vuyEjbH+f52LT8pbWKAk/01mkKK6lBJzt/nn+imxU41j/5g6+jtXcYTJ7Le/H2iCU6DsPw==","mode":420,"size":1964},"lib/rules/no-undef-init.js":{"checkedAt":1768031071382,"integrity":"sha512-NcUojGGvrsZgqLYPkD28NPV7kMLXco/7JuxUHmGLf608KmpMP/v3uWsFeOLMuJ1K5oYvedy1lCORaP9mPdYQRw==","mode":420,"size":2409},"lib/rules/no-undef.js":{"checkedAt":1768031071385,"integrity":"sha512-i7TJFdhQhTIH6chn5VBMfjO2lG7f4JbaDz+YHNxHaQIpEL/CpPUuqdvA88nsie2f85WRi70610c0dAkCyp774Q==","mode":420,"size":1899},"lib/rules/no-undefined.js":{"checkedAt":1768031071385,"integrity":"sha512-kRzIGYzILMdl7y5L6yeK9WKD1CYIJNp84pmDt3r+QaauF9TVYb1LsQWl7TiyEpuoZdykwKvl821cHz65fyLGpw==","mode":420,"size":1861},"lib/rules/no-underscore-dangle.js":{"checkedAt":1768031071386,"integrity":"sha512-1I78YURjY0fgqmoVWbkvTEBZ5Mg55VErUjBsegzbn9emBpYZQJAX6fHLrIbOasCtPU+wiviuJ+NJB7U5CCzTLA==","mode":420,"size":9535},"lib/rules/no-unexpected-multiline.js":{"checkedAt":1768031071386,"integrity":"sha512-fNx7rS5Fv9ANQnjAZVxseIA3ZgPUmNPr7oJL+LOnsxR/89s4c4vZ+zWcjK6CXijW5G1t+EyHlU+arzqhltkSeA==","mode":420,"size":3477},"lib/rules/no-unmodified-loop-condition.js":{"checkedAt":1768031071387,"integrity":"sha512-7h9rWNVT/KDsJEeTt06NoLqH6XRHrZwBJIUBvVBGl+nKjj3m6G0FXbkHtUsgncJ/mXd1fYDUyGQTe2ooUlJ6Sw==","mode":420,"size":10035},"lib/rules/no-unneeded-ternary.js":{"checkedAt":1768031071388,"integrity":"sha512-j48w/i/ZM3J4R8CqOePegUGKBzBMad2Qd/kyv9ZfgAJWljh7p6Y9wZRqsBqXnEGS0A2+18D9itV8d76zjjnjLg==","mode":420,"size":5935},"lib/rules/no-unreachable-loop.js":{"checkedAt":1768031071391,"integrity":"sha512-1hC0oj4YOFp1Brbyx+sMDVbp+C5bFhExgMl3HBdgFdMiWcJcDLVYH1M66PNvmy04062FJcjIknIRZaOUIHAWNA==","mode":420,"size":5076},"lib/rules/no-unreachable.js":{"checkedAt":1768031071392,"integrity":"sha512-RcyfdLjA2L8i9X64NywwXBWqla6MZ11J2UdATIUcESYBfWFkk5J5qAVJ+rIQlp+nYWh1ifiI+YjywQwqTB2UZw==","mode":420,"size":7498},"lib/rules/no-unsafe-finally.js":{"checkedAt":1768031071394,"integrity":"sha512-cHeKkftdGR+IU4fBwdtDY1vUeXcR9rxKsPY1QWYUK63MYqtIe8OuvxDpg+5pyq4pDONRsExWdZ+CLWmNkksufg==","mode":420,"size":3339},"lib/rules/no-unsafe-negation.js":{"checkedAt":1768031071398,"integrity":"sha512-v8F135VDadZAO2dn/ZKymcH5Cy4SMYTX4L6RpcF9F82HCw84FxF7oEoHFVGcbSPx8dhNeR+5tw4guJnWDrFz9A==","mode":420,"size":3972},"lib/rules/no-unsafe-optional-chaining.js":{"checkedAt":1768031071399,"integrity":"sha512-BYACCwkbg/1uiWoCV5VnWAfXALtkclDZmTvuAVURaQXVZcUBux1vwpCjWN8PjanTkiU41kIFLhbCQ/itUipc8g==","mode":420,"size":5389},"lib/rules/no-unused-expressions.js":{"checkedAt":1768031071400,"integrity":"sha512-EF6FHSbRvyhroUiItnI+Rt3hng7nZ2umAW3rWzizfCLsJJrqd0id59eTBY2gRWTA+iMi4Ty2G1RQKLbx3HosWg==","mode":420,"size":5520},"lib/rules/no-unused-labels.js":{"checkedAt":1768031071401,"integrity":"sha512-MkehwSPJWpefNd5ozA1Uq5lMoUrWJHCVw8AthVCUoozd7oWhn230eAQS6C4X4dKN3yIE1C36pXJiChp426LGwQ==","mode":420,"size":3878},"lib/rules/no-unused-private-class-members.js":{"checkedAt":1768031071402,"integrity":"sha512-MPnoD4wzFNffAKBIrovP1SgeqN0iiRyzkt7WO8DDlGm+vQZxZHueHDKdPAdtPA/JtpC0VGxHHiO3zZoejW3Vrg==","mode":420,"size":6277},"lib/rules/no-unused-vars.js":{"checkedAt":1768031071404,"integrity":"sha512-/dXK5ntEr9HnWoOWL/CUh8JkH/HaDPjwQu75ob9+unT0Zjk+W3JMEFsC0EZMrdxob3gD6/fhD1zLZp0dkpZryg==","mode":420,"size":48552},"lib/rules/no-use-before-define.js":{"checkedAt":1768031071405,"integrity":"sha512-F5zItcWoMn5tftFotH2JXXiVv+DTDYSUVTnBXkQRs65/FxYp350WFb0iB0EzHdpDCk4FfD6HgfxGpnTYGF6yDA==","mode":420,"size":11866},"lib/rules/no-useless-assignment.js":{"checkedAt":1768031071406,"integrity":"sha512-dtU7N6ss8y7x2Lq9Gh9cdx2KiwyYkx9fP0NOhUhIWkvruunk2MqKm6q+TYiAFIvPZcQnqKynUT1XOKecP2u9mA==","mode":420,"size":19334},"lib/rules/no-useless-backreference.js":{"checkedAt":1768031071407,"integrity":"sha512-f5l/At+iCIHZwT3ok4fc/9NNU6EMYkJcWMcMkIJQGOyl9xWTCRfF5Z8LF0GiSWWdNPMOwQniZ2JNWaMXlip4Fw==","mode":420,"size":7662},"lib/rules/no-useless-call.js":{"checkedAt":1768031071409,"integrity":"sha512-VnKnMl0B+N4HxkYITXP/AnpDKrKD48bSGG+ovvqlv9bd7Ln9mBUHJaNEsnrre+Q6NwsvQTvpJ36lqd34FKUJCw==","mode":420,"size":2779},"lib/rules/no-useless-catch.js":{"checkedAt":1768031071410,"integrity":"sha512-fOSRFi02qORFm0yHyxPoVvpslEu3SGBKmmgiP5hAHTLov4rDErODXbQe4lQyeqdqi3uNN3nWujZFmlwMsdstiw==","mode":420,"size":1310},"lib/rules/no-useless-computed-key.js":{"checkedAt":1768031071411,"integrity":"sha512-QBvpkMEskFDqa5XgbXCLEHXs5mUjHvWHdt/yzk+DYdd8dWEFSoBRAB4oNOLgHHpX89jO4vOEq/AztRAY/o007g==","mode":420,"size":5936},"lib/rules/no-useless-concat.js":{"checkedAt":1768031071412,"integrity":"sha512-hr2cvBIFFSTY85H2J8Pr6wUfIgA54Oe9Si7Z1tciN10lkMEV2UWFFPY/vuws9ivPHYiVts+PvSv71B0dxf9Lnw==","mode":420,"size":2966},"lib/rules/no-useless-constructor.js":{"checkedAt":1768031071413,"integrity":"sha512-IVvQqs7hLCZ/KnMgCv3+dP6peKtyLDuTyVZJyHIzdvcUFtTkeZpaCfo+LvGn6px5TNYFiEWsC3n5H7RXwm/eSQ==","mode":420,"size":6986},"lib/rules/no-useless-escape.js":{"checkedAt":1768031071413,"integrity":"sha512-FrRA8sdnatvvSpFiArnFTR/htqwT6zo7pBgO/EVi91R/BIYiZj4YX9py1o4HSzxD+0MrOVRuj1h7epsdu2BEGQ==","mode":420,"size":11065},"lib/rules/no-useless-rename.js":{"checkedAt":1768031071415,"integrity":"sha512-xoILFqDaqGQBySENNLE36KFwHA4Me7d9057TmNktNbn/7Y1kvOfdUfmr1+zklLob8V0jfoE3dDPRzX/5WtF2GQ==","mode":420,"size":4929},"lib/rules/no-useless-return.js":{"checkedAt":1768031071415,"integrity":"sha512-9N1Agl7nL1AvUPbTyCIr+sNHg1c77zE4zU40elBXPe+GRp6eocAasXxLSkkFPCBQS+SlQYhXTGVYv7O3UEBaNQ==","mode":420,"size":11954},"lib/rules/no-var.js":{"checkedAt":1768031071416,"integrity":"sha512-u7PxICQ7lrh4Z/b1VpJ4PzWf5lw/l6SO+c8lTTyvAmnZH9Gq8ZLf2lFD5Mb7eGBil8zf6qRRqtmJhbssTFxb9Q==","mode":420,"size":11461},"lib/rules/no-void.js":{"checkedAt":1768031071417,"integrity":"sha512-Gfp5Thw2mM2FCkI7uzuFfgT1WN0yAjXpg2yyemudJrRu+N2qCmaRG2xQTD5vVIRpYhVX/OXrX+CLicZ+cVbMDw==","mode":420,"size":1366},"lib/rules/no-warning-comments.js":{"checkedAt":1768031071418,"integrity":"sha512-F/yR7P1g3za+Y9v+WuOB4kHWYWzpr+HYdbahc7ajnorYcMtq7q/UZuX4UrdmhT1+WQ38L3r+GN1P+aof2P1cdw==","mode":420,"size":5670},"lib/rules/no-whitespace-before-property.js":{"checkedAt":1768031071419,"integrity":"sha512-q5pOL21ZB+cFrizTs05chVXKD41NcdkzL2zoBJxGcHWsTQTcjSFsMPoHCrsYHjOmekPeaAM7XdtLDxohIwq7Dg==","mode":420,"size":3883},"lib/rules/no-with.js":{"checkedAt":1768031071421,"integrity":"sha512-MTfYpYmwPhdtUQUcw1maUNkEUD37Y/9Hm43UCiR9MFYyUndhHP5LkMF9AEN9R9pvWHpMjeiYgrK5u0zLivsryg==","mode":420,"size":757},"lib/rules/nonblock-statement-body-position.js":{"checkedAt":1768031071421,"integrity":"sha512-Jh/rNigerlMwFSxjHylpzyPQrUmMcHYoVoQw5XX4yEIsT7fz+HHea3VwsleHoGTkPtp0wkCtKgxNm2RIPY8OTQ==","mode":420,"size":4418},"lib/rules/object-curly-newline.js":{"checkedAt":1768031071422,"integrity":"sha512-v94TwgDpGN2d5TfWaVLe17Pjj8HXz/CDEN2V9V4hn2ShFoxLxoKYnbH0t6AgQbqQhttwo3tc5s7hSsZG5ret9Q==","mode":420,"size":10115},"lib/rules/object-curly-spacing.js":{"checkedAt":1768031071424,"integrity":"sha512-eWM4XOAgRbXoTN9ykCGSm/EBdsaNwA/jMUvJqSJqh37h1qm77eYegh0Sbs++KsReNv+SxzI6W49EtRZOGPGChw==","mode":420,"size":10399},"lib/rules/object-property-newline.js":{"checkedAt":1768031071424,"integrity":"sha512-Ev4c9sFDJtXUDu8A7vQI/+p3ZOfpbJAnXi+YutDndIY8CZnPJiX6AdkpassNec2l2VEUe7aMoO60IgkE0Q+JlA==","mode":420,"size":3758},"lib/rules/object-shorthand.js":{"checkedAt":1768031071425,"integrity":"sha512-30BBOXZfZG8pqk92ODb2UQvNJpAMvle6NQYQfeis7TJXQUvT0lw8bgsAeT2LKyI64/CrhakxY/UenjtKQVNxuQ==","mode":420,"size":18543},"lib/rules/one-var-declaration-per-line.js":{"checkedAt":1768031071425,"integrity":"sha512-1JXfXwOnmpjZiZ5DxUpASvm7ZkFYal6P+f6JIIRW4qAdl3NkNOztSjtecfqx+s2neKLuHOLrqIXeSHz7V46SWw==","mode":420,"size":2995},"lib/rules/one-var.js":{"checkedAt":1768031071427,"integrity":"sha512-gKBgXDdGNUp1huOgFbEJhX06ice9619vp5HZx3f/BqeVhVAy8bO6B82wjKOj4glw5YgX0yIVIUXWvK1eAKBPnQ==","mode":420,"size":19182},"lib/rules/operator-assignment.js":{"checkedAt":1768031071429,"integrity":"sha512-YikZc/NImJMBvOltlf5h6I/SZJjRRUB4vF+e34hW0x0sTkowIT4W0gx3m8YAMVjy3Zbuu6osDdBQlASz81NZXQ==","mode":420,"size":7536},"lib/rules/operator-linebreak.js":{"checkedAt":1768031071429,"integrity":"sha512-2iM7BEXppt87ttk4ZT53VYH0Z3VFT4dKSO2TbihAJi5abTr1hz5QW9BE+/ChABbbpu69Z0nACPTZBJiJ/duoMw==","mode":420,"size":8901},"lib/shared/option-utils.js":{"checkedAt":1768031071431,"integrity":"sha512-CGFIXy5YShYQEEuA6CY0BHSiUyBGMsgcIjOK97ZRJz7rjfxRSwS/HpMiYpSNlWzC3xlfYTnHOE5DzLagVOF4Wg==","mode":420,"size":1271},"lib/options.js":{"checkedAt":1768031071431,"integrity":"sha512-1k5JIR48h5HGYemokkP+7Ri/+e3cAICHPpiSbt92MMIBkE1DHtgjQDBz42i18+I+2B2ChMi2t0CXWVVwJDUFNQ==","mode":420,"size":14524},"lib/rules/padded-blocks.js":{"checkedAt":1768031071433,"integrity":"sha512-DulzX0eWBdZ13pVsHAEv4gDXkX6THmvOyH7wVyPidb6ytZiXszNF+i3ns+LYf1yEbmBs2ovIrNtQjRnIMFK2lA==","mode":420,"size":8910},"lib/languages/js/source-code/token-store/padded-token-cursor.js":{"checkedAt":1768031071434,"integrity":"sha512-5hYf0LiK2Hsy2h2ug5NbhKRJSw6b9qtMjHaeydOKCepgAQ+7ToeYCyTt8ZfTLz2rlt/JLD+A31V+FxO0lU68HQ==","mode":420,"size":1577},"lib/rules/padding-line-between-statements.js":{"checkedAt":1768031071458,"integrity":"sha512-6bjZmGBr9LamAZJlUlA+60QawEZwS11+RyvfsF2kdLHKQrFo+vXJUwV8Ug5cRc0ddZr02/uASUlXDldpeX9I6A==","mode":420,"size":16989},"lib/services/parser-service.js":{"checkedAt":1768031071459,"integrity":"sha512-yzD4hLIDKtcK5bOneRUYUFxf+sPUqPgZffOipoDYkrR17vIDxsPQYuMTjHs81nq7ZQxeMyF7s1wniOkZaGKh7w==","mode":420,"size":1810},"messages/plugin-conflict.js":{"checkedAt":1768031071459,"integrity":"sha512-Ua/OduMoGbelZDY0QxsdvZMLrRNbFYVZi9YKH7QcWi+L4qFyXPdfRS6xS+adoTPLIMFFpMZturk460ShkN4xRQ==","mode":420,"size":518},"messages/plugin-invalid.js":{"checkedAt":1768031071459,"integrity":"sha512-k1W+wL4v3TTCjWCVuXRQqyHP0GclkJTc/gV9km4bKgKn0g1o+44dLsz5EQz1ZnKiaZTON6A2wMoCnAr8pm6+kg==","mode":420,"size":653},"messages/plugin-missing.js":{"checkedAt":1768031071460,"integrity":"sha512-IpUbeIKut2ZP6kwOrIGUGaDsB4JVAfhoIR8bMmJWjJCBnjDjp87dEh162/Jj9OVqYBUOvuTgJoTMBAABVNFYPA==","mode":420,"size":659},"lib/rules/prefer-arrow-callback.js":{"checkedAt":1768031071461,"integrity":"sha512-ZOGtUHTrzkhuBtv4TbDJp0zAyFGZW7zUjF7+s9AGz6Vqa6UZSSl6X8anSrNoO7NtyrCAvPGHPyUldNxPi3YAcg==","mode":420,"size":11667},"lib/rules/prefer-const.js":{"checkedAt":1768031071462,"integrity":"sha512-xbuw9DkcjoAfFB3Qas4r3Pq1vx3heXpzFzQriLRYk4cuIVsYvlRlJMLJ0w1tpH1CQ+gybw4bP5amDiesB8BD/Q==","mode":420,"size":15780},"lib/rules/prefer-destructuring.js":{"checkedAt":1768031071464,"integrity":"sha512-snwIvj4WHJ8aXeYnGd3yLUDMzQSYkAJnJvHYyuE/UST1nrhSXPVBHOQmPiS0kupD5xaSo0YdRFuWAFozTOrNHw==","mode":420,"size":8931},"lib/rules/prefer-exponentiation-operator.js":{"checkedAt":1768031071465,"integrity":"sha512-SyfhrN7RgO33s9a9R7goAIuaj5/FrMomVLIHhXZxtvRaGz306RHG8/5/dEvwraV+If1Dqex3xWYd68zhiV4PMQ==","mode":420,"size":6727},"lib/rules/prefer-named-capture-group.js":{"checkedAt":1768031071466,"integrity":"sha512-x3hPUpD2olN+tc2U6vdwBzomd2sc9dv2neB6/IE1HbfwmrIOYW5eW7Zij9OJoY6ntWkizVvg4bmD3f8ysB0kLQ==","mode":420,"size":5048},"lib/rules/prefer-numeric-literals.js":{"checkedAt":1768031071467,"integrity":"sha512-WOMNtApd1EVIMiUwirQmyJ7YNMMsEHb2pXdvetj3tASqbKQo9VVvRWTSGl/VRzfjgm9NRgH7M/woweHWAth0Ug==","mode":420,"size":4504},"lib/rules/prefer-object-has-own.js":{"checkedAt":1768031071467,"integrity":"sha512-RjQ7yHegY8rxk6llI6RdGQD8Gjz28URI7sH/eBtVxFsh6Wwzyq47Fva5kt+78+Vk/ZvRrnKCfCR1cR70rvolFQ==","mode":420,"size":3804},"lib/rules/prefer-object-spread.js":{"checkedAt":1768031071468,"integrity":"sha512-y5mRhg+vvDkw3pP1IxJv89FyHDkPsiAAP+em2Dg1wk5+G9/zVxu04qOqEu2G2YADP2oSrLZ+5jNW6bnEQ+UDcA==","mode":420,"size":9489},"lib/rules/prefer-promise-reject-errors.js":{"checkedAt":1768031071469,"integrity":"sha512-sIKXsUb0549zg15qSf6VzV8aG7EApJmuvr8pqWfMaMvX7IhURooDFH6C+6tdVhjC96joZBHELA8D7rOE70yCww==","mode":420,"size":4614},"lib/rules/prefer-reflect.js":{"checkedAt":1768031071470,"integrity":"sha512-ydEARizZNa9yVe/4sNOhmV7bMq1rdz8QCHBBUVAX5l7VaygsIwZIq9LfHvvzL7/A7GyrIhME/0tXax5ke5hJCA==","mode":420,"size":3828},"lib/rules/prefer-regex-literals.js":{"checkedAt":1768031071470,"integrity":"sha512-xTvotJydChRSKZ0cGthkd8DDWaV+Ncj/QAwMqog4kMFZB4qHXi0vwLEk2Yid+7ciyf3GT6JDKBNleHwH07PR3g==","mode":420,"size":14379},"lib/rules/prefer-rest-params.js":{"checkedAt":1768031071472,"integrity":"sha512-Huu1q1d6eQ9zgKARUsGQKheCHnnOAWHnHwgAuesxwcu8OvKYt+1tuAIoZHqd/PpntPmir/2ubi18zyx550Qjdg==","mode":420,"size":3032},"lib/rules/prefer-spread.js":{"checkedAt":1768031071472,"integrity":"sha512-wxmQ2y9Xk9SQ8JeGbq7PL6sLG4xRbn+o/aAZoL5ZzLjVrQ6hBD6Ldx72zPad+rLvoCN9cbgAAGpkNR1Pt/2TrA==","mode":420,"size":2555},"lib/rules/prefer-template.js":{"checkedAt":1768031071475,"integrity":"sha512-H4ZHKNJSKAfJqzfQE+1YEXHkQt6kkDrgHJAFzc9C/ElcXQS5R6bagQmN7p99C8YNqojvx+LewWQippre+FU2yA==","mode":420,"size":10537},"lib/rules/preserve-caught-error.js":{"checkedAt":1768031071476,"integrity":"sha512-9cqRLfF6EzpX/0sCDOpycjBPv1D74obxfq4KxOdich/R+lDPGP8/GWb+fywLrCJp9m0tXnuVem6weaelicQZXQ==","mode":420,"size":16269},"messages/print-config-with-directory-path.js":{"checkedAt":1768031071476,"integrity":"sha512-8AB6QJgcMAcR+AFQTfhddKsqg9w2aepD4VBL7ZcL42Fx+Uei3pxpiEqudc0AyOYA6ibRI+3CNnJK1PJC2AGr8w==","mode":420,"size":252},"lib/services/processor-service.js":{"checkedAt":1768031071477,"integrity":"sha512-+uCsCPIhDVRIpix1RswxU0Ah5++SyC358oFK3B67mlnaSH9f6CQn0e2UAnxokRwBfBxl9d3TPTCf90kTJiAomA==","mode":420,"size":2956},"lib/rules/quote-props.js":{"checkedAt":1768031071478,"integrity":"sha512-hSHABbwp0c5DDQ+rzCQpq/L588cTwI6JiqxMJoi3N8TRwxwHl2SkIhu5zZupYOJMSuPDvXOt3lSNwczhFcXmug==","mode":420,"size":10129},"lib/rules/quotes.js":{"checkedAt":1768031071480,"integrity":"sha512-D3wkQLOwLYwAA/KN+ViHLxPEc7gcMn2vY02LHO60Sr5N0t1FzJkDzobEfshJP4ri9QyotgT+T95i18PZSdGPHg==","mode":420,"size":10934},"lib/rules/radix.js":{"checkedAt":1768031071481,"integrity":"sha512-jtW8NAMAqlmwhMwvuFmkpjFDmbH2gzyfnN5mOB2Pug8LWsyUIJ+BxcyozuFvSeZo2oCrL2rU97iIhe6FVZfbTg==","mode":420,"size":5549},"lib/rules/utils/regular-expressions.js":{"checkedAt":1768031071481,"integrity":"sha512-rtZLmucCHuVKicqgwX55sEsJIHaK90d/XI6aiM2TGODV4cEmabx537P/Ff2cRnirlmFxvuQ9D+zXydELKM8Plg==","mode":420,"size":1380},"lib/shared/relative-module-resolver.js":{"checkedAt":1768031071482,"integrity":"sha512-5sHrXktyrcjE9EaDrEWS+RBAkH+VSFhwXzbw26LrY7qoB5wlBZk6UifBh4jS0Og/pEw+WguW/L3lJhpr3JooyA==","mode":420,"size":1028},"lib/rules/require-atomic-updates.js":{"checkedAt":1768031071483,"integrity":"sha512-pGAjLBzJSjDZv64//41OyTvHxzqZvKmGqic1FaMuDUgfSbHZbqLTuyVQ3S3pn+6fZz9eyIJFtycCBASbahhcwg==","mode":420,"size":9293},"lib/rules/require-await.js":{"checkedAt":1768031071484,"integrity":"sha512-P0tUIeuzqrS4Y7TYIX+Eg/R5DbnOrmnh8PdjUSNDkpkK6Na+Xi96y0RnBlbhQS7ECZLvsIkbpgi2erqfeoo8Lg==","mode":420,"size":4564},"lib/rules/require-unicode-regexp.js":{"checkedAt":1768031071484,"integrity":"sha512-ojSpntAWrODh8gsktYh/dcK09bHmouwRDANvtOEqIewEjx2T8zsA+JnHsm1XWmdrBI6NKIY/0YGEiMD1bM3E3A==","mode":420,"size":7765},"lib/rules/require-yield.js":{"checkedAt":1768031071485,"integrity":"sha512-JVH7lvtZFPhZbNSRJOUi3qQkDPmzANrtooHARktL8mfcpMdjRlLTU4L2CBuf7gbkaOvxY+ntJLW02vcAoQuCAw==","mode":420,"size":1718},"lib/rules/rest-spread-spacing.js":{"checkedAt":1768031071486,"integrity":"sha512-Vmb5bPKyoje0QpHcyejMHab8EyN01uWXFfTqetuwMk/G8w79YES5/Tkkdb7ZkKPFqcH1JvkEF3vQSNRU0SubJw==","mode":420,"size":3739},"lib/linter/rule-fixer.js":{"checkedAt":1768031071488,"integrity":"sha512-IIwudht0ozM9xv7ERkJp+qnL5Omt7btfbuxTtFjdAlVypGV6U4es10DaNFO84ttZXtMa/1qa9hgujxycJ4ydBw==","mode":420,"size":5158},"lib/rule-tester/rule-tester.js":{"checkedAt":1768031071488,"integrity":"sha512-q5xWH5Pel/dDyWyNfctgEKcykwHvSQfxqnqcjutMYUu1T2WFDeOjItVdWXdhHIXCtnYj5QTFQKg5HVCvGCOk0Q==","mode":420,"size":47220},"lib/linter/rules.js":{"checkedAt":1768031071489,"integrity":"sha512-+jP9xfmvSnYQiN6rg/seYvSj5f8oHaI+a0YKJLNEBLysIVszCodRTgiLHuBQZIZbFt5gXUsG29gRRPm2DCsh8g==","mode":420,"size":1673},"lib/shared/runtime-info.js":{"checkedAt":1768031071490,"integrity":"sha512-bUcmHPDgORUp3rlZPuwNXcWn6DY3DYEdRZtgYzcRXmRjx/UMFIGNIWZe3blc2yvaebj4K6OgoEVFMp586mEfzg==","mode":420,"size":5142},"lib/rules/semi-spacing.js":{"checkedAt":1768031071490,"integrity":"sha512-Adx12Lfaro5BQ8RGjyvi5rUMCEq5UinB+n+GnY0NIB7Aaa0GyIYZhia3xwCJMrVutr7tYtiMmVxHtpwECZspdw==","mode":420,"size":7384},"lib/rules/semi-style.js":{"checkedAt":1768031071491,"integrity":"sha512-JS1oiXeWWjXVG9AieoQnCaH8NWggwE3zxMRZj+Or4TvAw9/ejwL9mKUOYd6nHYItwgef0Nti5qcVolLwwiLoFA==","mode":420,"size":5246},"lib/rules/semi.js":{"checkedAt":1768031071492,"integrity":"sha512-SqeuO5YVQ0zpDex6XXeJwcuJJr/XYB+SccPESxxHsX7tw/ZYYxeNR/ydf8ionK5u8662VXoWk/h0RXma25be2g==","mode":420,"size":13324},"lib/shared/serialization.js":{"checkedAt":1768031071492,"integrity":"sha512-wI63WLLvEgrdOVupJL/Ub2ttVMXLt5e6pPfzbsf0cbcgu2xylpfaDJJzsRRHjArJ/zZMA7UIESKXgrHrsCHdVw==","mode":420,"size":2111},"lib/shared/severity.js":{"checkedAt":1768031071493,"integrity":"sha512-EkTcbiqymmUiOw1xRmRrA0HSo0WvE21ETXT32uOkjLfwB8mXykn8EMBeZpE+/ntmO4vGU8yBiTcA9qPwIhKgoA==","mode":420,"size":1177},"messages/shared.js":{"checkedAt":1768031071493,"integrity":"sha512-TSJw5DtOrjB1UaG3e3JNSlQluQ5V140YhT6LIo3UwfXhscyoz7zsVtt542nsqw/aaVBpdlSjTmnEiwtvT+Bh4g==","mode":420,"size":546},"lib/languages/js/source-code/token-store/skip-cursor.js":{"checkedAt":1768031071494,"integrity":"sha512-Z6JJ0xRw7EWev4oCC6m8wgLoN95OJkxIZvI5FfvYmjlfjjOfMHxsyU+Q7sAgqEBhyRVru6wNnwf5xp1uxdn1xw==","mode":420,"size":1062},"lib/rules/sort-imports.js":{"checkedAt":1768031071495,"integrity":"sha512-Y8trUNXG7aUa5S6OB7Sgu6xgXKtHdbdHB6JmebAk2eQeqhWlhX+kcXESRaMhw3Ng0VEJDdp00CBzP08okXtlNQ==","mode":420,"size":8603},"lib/rules/sort-keys.js":{"checkedAt":1768031071496,"integrity":"sha512-6/+fP7/fQDXe+Gc8molt7Mt+T1v1awGqx107vY1GfKSaZbALRAQyrYnkUh6b4PHnlfm12qSI3fgM6VsnAm4Jsw==","mode":420,"size":5880},"lib/rules/sort-vars.js":{"checkedAt":1768031071497,"integrity":"sha512-hGqyN9samHzYI4EFVY6Gk7BGL4oqt+ny/uFR1a1WF2TcQzrQiLlngLShFJsZC/qqUS1/0av1cMHSffSQ+3eEPQ==","mode":420,"size":3320},"lib/linter/source-code-fixer.js":{"checkedAt":1768031071498,"integrity":"sha512-9XRXPOGFqgs3ZBb6yZm+a+fb+7NUYkmoR+iXgEg7ipR1OmdiT6wFt+68YKN4Q7Ujfmmn3I5Gk+nMmRWz7r6fnw==","mode":420,"size":4209},"lib/linter/source-code-traverser.js":{"checkedAt":1768031071499,"integrity":"sha512-m+ko72YECOcNv8NbmjBIZz5ajiPJWPg8aJN89gej9BG0OvuPbjBGRRJ9/7g1xIlDkhslfAOiHvHybzALEVfahA==","mode":420,"size":9803},"lib/linter/source-code-visitor.js":{"checkedAt":1768031071500,"integrity":"sha512-xkoNwKXJTBrO6ETgBDyRxl7oXrPUASV1LF21k0QIxUmc/XI4Jzn+itL+Z0+Cu9jb2Wf6DgnQ+4TREjGATX76Ng==","mode":420,"size":2147},"lib/languages/js/source-code/source-code.js":{"checkedAt":1768031071501,"integrity":"sha512-QyNGHQuwvnxK8yIoogP0VSrXVW1nERcFnEHjjtdwErI0FHCCKDyFtZV5tLW848Mc0VJNHUjLNoeFpiVE9fvRtQ==","mode":420,"size":39643},"lib/rules/space-before-blocks.js":{"checkedAt":1768031071502,"integrity":"sha512-o2IOTIUTrcbcJJrdi4fxf6LyGz7NTm64E1TylOvKFeN0a7rT1pSRalN6jGDIdFbHLC7UeOvLcqFxdciiwiZkLw==","mode":420,"size":6328},"lib/rules/space-before-function-paren.js":{"checkedAt":1768031071503,"integrity":"sha512-6p7Uhazm+M3cwJy2GW9XTHBW+K8HqmzeE7v4bOrXdgwGWeFnnD+CmRaTQvoLV7W+4TCLcjHoUTnw6zunqZjWPA==","mode":420,"size":5253},"lib/rules/space-in-parens.js":{"checkedAt":1768031071503,"integrity":"sha512-xzDeBMe3rAGq+XeA4C9WQIn2VxqDMwjqBbmX62r+FeaVswIqfVwu4WB9LhBwlrpZ5+GD3rUy1faW6vFVyPttCA==","mode":420,"size":9314},"lib/rules/space-infix-ops.js":{"checkedAt":1768031071505,"integrity":"sha512-UhDJdiZYIDwfPVXo01psunpf7EQAyLrCklhTJXK0ehZW08EyPsC+nXRBtjL3Qc3kV4clj/jXXKJwvzgRpprt2g==","mode":420,"size":5890},"lib/rules/space-unary-ops.js":{"checkedAt":1768031071506,"integrity":"sha512-Vtd9Yiv8r2FxAGBSCFlTRse/qfgrnvjFbKL404QaN9qqzBiW6+UJmJUh1qEdicDJ70lD4v1xE8zPTySee4fOyw==","mode":420,"size":10644},"lib/rules/spaced-comment.js":{"checkedAt":1768031071506,"integrity":"sha512-2iGqZ1lOOC6zVme/rFRCb39Ugug9Tha7TvctW/oP/KsP32Xweab3ZBCUARmRISCkyJGybclFZDo1E0KiEwL46A==","mode":420,"size":11246},"lib/shared/stats.js":{"checkedAt":1768031071507,"integrity":"sha512-L4nANQcOEGInjr4kiW/bdyAC9k4+KAoepXWmRYzQ+5mYaJcWZgubsNvKnEo7EZN+r02ePDhqUugkuBesk1lj6g==","mode":420,"size":638},"lib/rules/strict.js":{"checkedAt":1768031071508,"integrity":"sha512-0+Dij1GztzlL9I7dBgS97FwdZjtic20zCjGJ5f7LaXrWvD5I2WQbHMip5cyJrU9Ug45EkCNXc2+mjeKNuV78WA==","mode":420,"size":9141},"lib/shared/string-utils.js":{"checkedAt":1768031071508,"integrity":"sha512-8+2dbbNiWGVIMhLIGmYIO1pAce+i4C7sJXwgtq0H2d8DHha25qd9juFefa45QkD0x5z9fb1ktPHckJe68+Dceg==","mode":420,"size":1549},"lib/cli-engine/formatters/stylish.js":{"checkedAt":1768031071510,"integrity":"sha512-IKZMhBs9gQitwZNVyhNoNz2iNn5XaAkLzgQpo4x9AplPwnLXs3vXwx98FO1vAxglQ9I/BRmFpwO7dufamhw1tQ==","mode":420,"size":2961},"lib/services/suppressions-service.js":{"checkedAt":1768031071510,"integrity":"sha512-vC8gnpoYWi2CFmenO3aWYdUwO6W4s75UFHNCkTjinoipTTVoZijawQw3A82QUb/BGp+6ivgPNTWm43TDI5+35Q==","mode":420,"size":8663},"lib/rules/switch-colon-spacing.js":{"checkedAt":1768031071511,"integrity":"sha512-HBpYWdXmcV92ViV8Ovp/yu/unrbIUtBP+AndTwAq6gBFcAQDbdkHp5v9AVzAF6AWZADsqghk/MXRgIU83Oz3jg==","mode":420,"size":4701},"lib/rules/symbol-description.js":{"checkedAt":1768031071511,"integrity":"sha512-i/pjL4X2tCfBf0inhn7JrPplEW70fDtKZg/AwQt4D6nYNHHn/ECx3Z1okx4QAKwAoZyc4ej5ZnOniIXgHU88Tg==","mode":420,"size":1701},"lib/rules/template-curly-spacing.js":{"checkedAt":1768031071512,"integrity":"sha512-dd6WR5xIfSUMKnw7EpqPvcGIKwI93bETgM4wPUFzv52lt8nYZDk9rurRNsdMU/qn5Flavgepz3xvv0LV2ohISQ==","mode":420,"size":4337},"lib/rules/template-tag-spacing.js":{"checkedAt":1768031071513,"integrity":"sha512-g6cILmUJ90TKaw+exvGPn60kEPsfznnTJu4DvgePbQFhreVlS+UGHwOFO1lFqL1QI4alu7iQBLnwo4owHbQdAQ==","mode":420,"size":3059},"lib/shared/text-table.js":{"checkedAt":1768031071514,"integrity":"sha512-MAhnGrzUYiBjIvGfRQkDA9EdvyPpzf4VaIDNQEzkH5rtARR3qCek89Q1H1zoAH1g1kXpTAq20YiimTHIwFwr9w==","mode":420,"size":2213},"lib/linter/timing.js":{"checkedAt":1768031071515,"integrity":"sha512-taIUdUv+b9GBO6VKTBf0rt7Kcv79H5igYAVd0UurY0BG+54o0HYb6/n/Mei5S+5JpjKvEBkYsurrr1hD4Q6BYw==","mode":420,"size":4723},"lib/shared/translate-cli-options.js":{"checkedAt":1768031071515,"integrity":"sha512-qHkRIp8cHRxnScyHuwfHA+9bLrGYv0fOzWG5V0z8HlsrDRft9/2fx9ioMHfsKZURJ/TlqeqU4ZBqQ+0XPnssng==","mode":420,"size":7536},"lib/shared/traverser.js":{"checkedAt":1768031071559,"integrity":"sha512-X0V8QhYFQwfIBXuicUC7QyyrJ74QV0psACe2ewjj3LpvcUJDpI+jfJLo2mHzm8csDw9qnOUWKCu4KPqb8B6e0g==","mode":420,"size":4858},"lib/rules/unicode-bom.js":{"checkedAt":1768031071559,"integrity":"sha512-MCIX+EVhEBixPfSf2b6knLVvLOf0RUjxTjKyGScGj32VDuveOrH+bk3iO4kNItv1gwreJ4rJaVR2GPothRYBHA==","mode":420,"size":1716},"lib/universal.js":{"checkedAt":1768031071560,"integrity":"sha512-En8e1i6675Vw56VdL5VF8uWYy2aNMGsIvYEa6tzmJQEfQxsgrn0OzkVLo/jRuteAEtZ+q8mbr2LLfiAEm6R67A==","mode":420,"size":181},"lib/unsupported-api.js":{"checkedAt":1768031071560,"integrity":"sha512-5nH+nZ7FXScp/wrIKzDxxdqc/Xa47TK4cIlb2x2zI++zvPb0Zg5MMBoWBMcy43NupmGILl7mIKBMKqiwmAHqtQ==","mode":420,"size":910},"lib/rules/use-isnan.js":{"checkedAt":1768031071561,"integrity":"sha512-0yCTe6Jsxek5WuCPyQZb6tp0dm67IBiMoV0bRmRM05TVWRKw6yfpUeO2Zo3kYM0pPTZ4qzSJBxw7XOhsWEr7Ew==","mode":420,"size":7130},"lib/languages/js/source-code/token-store/utils.js":{"checkedAt":1768031071562,"integrity":"sha512-woFlPyVFdNnWmfsUoTnHzBfdquxtBU4/rVPOm4zcyeCPKM5KKmxpeg9cB1Ecc9fmzs8Dai/KuOI4bDvlnaBvDA==","mode":420,"size":3399},"lib/rules/valid-typeof.js":{"checkedAt":1768031071563,"integrity":"sha512-Y/KZRU1fQ9Y20zRBXFnUB6mVnnsy7a1il7+WYA25eV9RjtQmjpRjfXuFW7DWlKVwZRQffIIR5/lGiMTAA0oQBw==","mode":420,"size":4262},"lib/languages/js/validate-language-options.js":{"checkedAt":1768031071563,"integrity":"sha512-FU3bEvDh1Z39Vp/h4U2EO4zEIftZU80NCk5ADaOoGl6IeHLeUP3EOcuND2lEZJjitXF5F1ES7FuSzRUhkFCBvQ==","mode":420,"size":4687},"lib/rules/vars-on-top.js":{"checkedAt":1768031071564,"integrity":"sha512-+2VQc+xJSznKCKfHBVL1DUucMqEYumPQzDFYGRB/czwGby0mtbCg11PjwKZ0TDKCY5lzXyKZTdH+PpIAlu/qtg==","mode":420,"size":4304},"lib/linter/vfile.js":{"checkedAt":1768031071565,"integrity":"sha512-hgsisgJVe1swV/tyVFA0zw44yS+BytsCdlH6ESdZ1szGhB2ts4j3AByU0jU4r28g0rybcQLZqFbdZHOrk8bPAQ==","mode":420,"size":2816},"lib/services/warning-service.js":{"checkedAt":1768031071565,"integrity":"sha512-ZXWIieCpdufPLNV73cKMymxgnu4Kl7CWqUlBMJakfhEFhmiiLCSfCJBmnVQks5VkKUWtUWN9y5wRZD5l2R4Vmw==","mode":420,"size":4178},"messages/whitespace-found.js":{"checkedAt":1768031071566,"integrity":"sha512-M5KIfaMzE1Lcvhmu8T35U5OLVeytwUBBAHK9xIxmvpNUNFNeoC+miGimckPG1KnrqHOGN8VOh4ss8Gc7KplwmQ==","mode":420,"size":386},"lib/eslint/worker.js":{"checkedAt":1768031071566,"integrity":"sha512-PPMaLumUDogyo9R5+ZKdHhrBZIwvwy7vtJzZyZrLM1DruvZa/vLSSyr3trSmAub0dnc5dV8ecLSLp1UBUJ5hqg==","mode":420,"size":5380},"lib/rules/wrap-iife.js":{"checkedAt":1768031071568,"integrity":"sha512-fAK4TbHqO5l4RO9ywbOv8Z7ASaXQt6CGNPjJUNwsza+QCcnmcZbBDTYWkU/oJ3PaL1PtzGxCZcj/gG9HBiIQEg==","mode":420,"size":6914},"lib/rules/wrap-regex.js":{"checkedAt":1768031071568,"integrity":"sha512-WxAruVKQMMfsGt3oDpSgXpq9PBFnN4cy2NbA1cBJTZQ3knibSDjuybJzP0cqLRTTSiwItLVM7hbJlrn/bmzXeg==","mode":420,"size":2167},"lib/rules/yield-star-spacing.js":{"checkedAt":1768031071569,"integrity":"sha512-mnpX6/NxlMt9OePAPYIhFcJnUFmnn2TCznCKfGWzKznGQJX+wHmKUNB4u+4LJ3xZEJ2C/GByVnNml0SZTVTp3A==","mode":420,"size":3992},"lib/rules/yoda.js":{"checkedAt":1768031071570,"integrity":"sha512-RQCBh6EAgWoaLVor0BdLutBoT2LvvqGTILtH5gF496YjohfJ+FKpWcrgGX8+RGdohiOwn84BpQw4rcCqVV+5Bw==","mode":420,"size":9713},"lib/cli-engine/formatters/formatters-meta.json":{"checkedAt":1768031071571,"integrity":"sha512-pHpQXCeBw/pz7HdKpVBVpsmZ9WryheIlUkMjn45F6z1BHkMq4or8mQ1HKmAEQpYHyddO90A3E2cffX8pRjeXJw==","mode":420,"size":1039},"package.json":{"checkedAt":1768031071572,"integrity":"sha512-gVadjsuBgajaxb5dP7Y9apHE3vBi5/kyvvWNosOxygHGXt1qjZxV4a/4zqrO2VrGqNWIvdjIBp25S7Wj2uCQ/w==","mode":420,"size":7225},"conf/replacements.json":{"checkedAt":1768031071572,"integrity":"sha512-XmsUoeo2/ibFiE7anKEEX3mGkzaJojpUONkUYWslljxT55Tn3ZznJMn/y9jCFlN8LkB9SbJTOC0aulcaZUX/8A==","mode":420,"size":987},"conf/rule-type-list.json":{"checkedAt":1768031071573,"integrity":"sha512-jCH7V7kWXaGaUkAz8IftcSnFLfsYM94YqIq0RcO9Fffzc0yrnvrZdLSFX5U/kDGUDVIaZxuaIOSXqXwzqHmpDQ==","mode":420,"size":2537},"README.md":{"checkedAt":1768031071573,"integrity":"sha512-pq/pESl/QY9N/btrmvHYYloW2Ahfw/WdVHIi4b+BBacTJUkl6IOk8lHHMb2KyGtok3nysNMVaUCcFHB3ls8e9A==","mode":420,"size":20147},"lib/types/config-api.d.ts":{"checkedAt":1768031071574,"integrity":"sha512-Fvp5W1oQJh/Y/GjHsqsFSyjfKpphFSGwOlJKoK/RY2uspR4Mgq1gDo1uJDp7aq1dg4nCZjP76k3ZKBbDaojWPw==","mode":420,"size":231},"lib/types/index.d.ts":{"checkedAt":1768031071575,"integrity":"sha512-XrLyGZMorglX3eaqOO5fjojLkX5rZekSpEAGOOvQ2exK2j1Sy4CKozl1yahDpTo8w5F7M1fOV4MBeKdlxJEG7A==","mode":420,"size":38280},"lib/types/rules.d.ts":{"checkedAt":1768031071576,"integrity":"sha512-qCB3+HmmBrKTdAxk0OSk81tCFJuUzRNEEMFzs6bFTLk09MqpTNvRqcidMDM2y/vlwscdKOJ3gaJfDuS1MfBorg==","mode":420,"size":130354},"lib/types/universal.d.ts":{"checkedAt":1768031071577,"integrity":"sha512-pMJKIeETNl6WMmMu0S381RYbPdvVmSersq8Tp4A6C2uUIXLIfguJqpQCXzpPAQtnYXpsfl/mChgugcnE6NyRWg==","mode":420,"size":140},"lib/types/use-at-your-own-risk.d.ts":{"checkedAt":1768031071577,"integrity":"sha512-G1uwJDUnTKXMLUz1bU1dbnFxJ1tRgfm3QIise9WhYyhvqfOuo/ygrV0EDiWDzpRTxk5SI63SIMgUDN9jTN9fvQ==","mode":420,"size":2807}}}