{"name":"@jridgewell/remapping","version":"2.3.5","requiresBuild":false,"files":{"LICENSE":{"checkedAt":1768031007126,"integrity":"sha512-saakd7FVlV7sB0lJxPAaywkJ8R69jC/1QO2e2TcVLl8ZDaccoi9woo8schL6tVJhKyT8pyy4mSRgiae248P97g==","mode":420,"size":1080},"types/build-source-map-tree.d.cts":{"checkedAt":1768031007127,"integrity":"sha512-FobM9Di0ZX784U2h7VyXN3x3+J79IvG1+TGzV7xGb6V8jH88kODaCGOHnDr9kFG4Fh7mToTsAcHe22B8rX2yzA==","mode":420,"size":858},"types/remapping.d.cts":{"checkedAt":1768031007127,"integrity":"sha512-fxgcF5TGx5RHAk52rbOBl3Mm+poNedPw0nyz9plpzCse6NyhPqub9nGzx32hP9+xk2snhq6heqc/4tt9Ac0E6Q==","mode":420,"size":1145},"types/source-map-tree.d.cts":{"checkedAt":1768031007128,"integrity":"sha512-79zxRHSbZuVeAad5W9bBFlR3B4sovVUHl2MX4gHcp1glS+DEvwFM6mNR7186mt51D9KB9UZHwLRKP7vkU+4V1w==","mode":420,"size":1688},"types/source-map.d.cts":{"checkedAt":1768031007128,"integrity":"sha512-1SdFj7rkyd9MNDRbgDf0s/0Td/LKDe84NgN2APrgaD/8nO35AQYhoPHDmmKsUU/rXwjOfvKmR8b57szKHsLczQ==","mode":420,"size":667},"types/types.d.cts":{"checkedAt":1768031007128,"integrity":"sha512-jcF93nhB2J7gO0b4UsSo9xscnofxUivt1QT2/vbmT2KMV118TPiKZsFURkKgP+X132YyYjDWNOQ/HDBcGB0pXg==","mode":420,"size":619},"dist/remapping.umd.js":{"checkedAt":1768031007129,"integrity":"sha512-dJooZfK1gLiIEikP44+kKzdI4+4ETFWemU9PW7wVyNTmaBnjYnjUi9zqmwyNhsqpKMGqZH1heVysSgER4ctf8g==","mode":420,"size":7880},"package.json":{"checkedAt":1768031007129,"integrity":"sha512-FAgMn0xTHvD+/IOtsn3EZxsRfrEatt3rIMzGiLpBqSt7HSKrNeSkj4E4TqVFq9wRiB+JQSgZd1iF/yjBO12pqw==","mode":420,"size":2307},"types/build-source-map-tree.d.cts.map":{"checkedAt":1768031007129,"integrity":"sha512-g1/TDiGSCq90R/L/Yh2q4uAzUJ0I442J9+z5VSm8VBt+cQbqU2BTcChnaa8SCtR0+q412P0a2F10G0dJeSQwKQ==","mode":420,"size":375},"types/build-source-map-tree.d.mts.map":{"checkedAt":1768031007129,"integrity":"sha512-g1/TDiGSCq90R/L/Yh2q4uAzUJ0I442J9+z5VSm8VBt+cQbqU2BTcChnaa8SCtR0+q412P0a2F10G0dJeSQwKQ==","mode":420,"size":375},"types/remapping.d.cts.map":{"checkedAt":1768031007130,"integrity":"sha512-il8w2zuhxxI0fNvLKNfpxb81HbMz0wV1hXLE46PIXqkqspz1LQHnXhKw7luW1H9xy3MNWx/3SMK5aBZKHGRz8g==","mode":420,"size":534},"types/remapping.d.mts.map":{"checkedAt":1768031007130,"integrity":"sha512-il8w2zuhxxI0fNvLKNfpxb81HbMz0wV1hXLE46PIXqkqspz1LQHnXhKw7luW1H9xy3MNWx/3SMK5aBZKHGRz8g==","mode":420,"size":534},"dist/remapping.mjs.map":{"checkedAt":1768031007130,"integrity":"sha512-BNLUu67aGdiVRF9IbrCe71Q4MXm94d3HAkTCGx07GyCvJOvhR+TSW8zkkynDIh7cRZyYgNX5E4SYdNXdzCdHMw==","mode":420,"size":3558},"dist/remapping.umd.js.map":{"checkedAt":1768031007131,"integrity":"sha512-c3ftZfm/8Fd2HRFym9kvx+qZxq5X55Hj78MCPHMF+2vCNL/DBadN/GuqmXgLgbqbPFOA71Xfm0drzz68P2h3DA==","mode":420,"size":3849},"types/source-map-tree.d.cts.map":{"checkedAt":1768031007131,"integrity":"sha512-Q5Wbljq0ABjwY1df3Po8DmLkqdX8iOb85Qo5znFIAzCEjWj6Ehl9pTN+qi/Nf4nvcrakqjjAwMmgLuoOctGsJQ==","mode":420,"size":1222},"types/source-map-tree.d.mts.map":{"checkedAt":1768031007131,"integrity":"sha512-Q5Wbljq0ABjwY1df3Po8DmLkqdX8iOb85Qo5znFIAzCEjWj6Ehl9pTN+qi/Nf4nvcrakqjjAwMmgLuoOctGsJQ==","mode":420,"size":1222},"types/source-map.d.cts.map":{"checkedAt":1768031007131,"integrity":"sha512-wMjCOjINtFAnwJimCho3dynp8koqjbyLJLYKpiGaJ79xRsDwdkwqoM66w2lScsKBBz4q1oRaaanK/LUxINkthQ==","mode":420,"size":688},"types/source-map.d.mts.map":{"checkedAt":1768031007131,"integrity":"sha512-wMjCOjINtFAnwJimCho3dynp8koqjbyLJLYKpiGaJ79xRsDwdkwqoM66w2lScsKBBz4q1oRaaanK/LUxINkthQ==","mode":420,"size":688},"types/types.d.cts.map":{"checkedAt":1768031007132,"integrity":"sha512-SPQY77F99bz7503AsHUSEqKUZG7ybHSHX5sr92lOpo1PWaNRxi0kQoAOioVvNuY+PZjj7uSmE/1FoErPsI3v6w==","mode":420,"size":679},"types/types.d.mts.map":{"checkedAt":1768031007132,"integrity":"sha512-SPQY77F99bz7503AsHUSEqKUZG7ybHSHX5sr92lOpo1PWaNRxi0kQoAOioVvNuY+PZjj7uSmE/1FoErPsI3v6w==","mode":420,"size":679},"README.md":{"checkedAt":1768031007132,"integrity":"sha512-3ztBZaIQq6Jz0PwGOUqetiX55yzq2ExcCMF5CpjUSuOCdPm2ezWtM+ZgX5OPq6rNKPUi3Td5oYES9MhnRIEEBQ==","mode":420,"size":7304},"dist/remapping.mjs":{"checkedAt":1768031007132,"integrity":"sha512-ZeEECFA8uP8o66FiLURZ6wXEDwNmnVojwPssgr8IdS1CfDGiySaeapcX0Fom0Bmn2MLmqfrs2BLQC6+BIywvxw==","mode":420,"size":4829},"types/build-source-map-tree.d.mts":{"checkedAt":1768031007133,"integrity":"sha512-qj+G42EwftF4x/0aCWrYcfKJNdCJxsP6hJtkOuz+hL99A5eb1sV9U5lPHDFMwlEPOhXHzw/NseIQ8WD+AY8XVQ==","mode":420,"size":858},"types/remapping.d.mts":{"checkedAt":1768031007133,"integrity":"sha512-4uXbr2myAorGx3AXhFlNNc79TMXcWvx7KoWHHjg8ImaRvANMLSGibEq7wIm4iqjCJJnwhbbBT5bT0IP2NBgZpQ==","mode":420,"size":1145},"types/source-map-tree.d.mts":{"checkedAt":1768031007128,"integrity":"sha512-79zxRHSbZuVeAad5W9bBFlR3B4sovVUHl2MX4gHcp1glS+DEvwFM6mNR7186mt51D9KB9UZHwLRKP7vkU+4V1w==","mode":420,"size":1688},"types/source-map.d.mts":{"checkedAt":1768031007133,"integrity":"sha512-oTUSqRBcCPbkTA0ZyDhiMegok56bfsrjpm7NyyD2zW8sg2wCNd2p6YBwG7rzKDqMji9ATBOsAH2rkvyAM/MNQw==","mode":420,"size":667},"types/types.d.mts":{"checkedAt":1768031007128,"integrity":"sha512-jcF93nhB2J7gO0b4UsSo9xscnofxUivt1QT2/vbmT2KMV118TPiKZsFURkKgP+X132YyYjDWNOQ/HDBcGB0pXg==","mode":420,"size":619},"src/build-source-map-tree.ts":{"checkedAt":1768031007134,"integrity":"sha512-MumN00WpOZ4LHdsXtMWnb+PT63pFlDOR3dHFjCCNajnvWNAg5dcw4UYYJPxsEQy3sdr7R4qxyO9n1sQPs4APbQ==","mode":420,"size":3393},"src/remapping.ts":{"checkedAt":1768031007134,"integrity":"sha512-SrHW77/AGRZOLCdLVMRigLYjHnaH09tW3kyNGqo9AcKhJcodQJbnLymAEJjVtcnCgQTS8+LQ9BcnFv05DkFJvw==","mode":420,"size":1448},"src/source-map-tree.ts":{"checkedAt":1768031007135,"integrity":"sha512-z/u5MsIELqmy8Pg9oM3MFJ2+46my7pBy1uOm36UfHQKx4iQwhoYtM7L+n0VVM1uNPDzEvnRBdplh864Y2IH5Pg==","mode":420,"size":4823},"src/source-map.ts":{"checkedAt":1768031007135,"integrity":"sha512-Q828bD4spWez9JqlBEycriRJMOyl+GSdcu5s1x34lu33HO7l2U9e4NFtwbNTh3KKpTkd2yIFby07u5a0VlNwgA==","mode":420,"size":1357},"src/types.ts":{"checkedAt":1768031007135,"integrity":"sha512-YNKgsUkppHHuuF4P4QebScZXQsf8h6f/8gkRIXRiBISuZB6+CRYVVTxwvl+QAqkCRhLzSldfZT+ZtqHihI/v0w==","mode":420,"size":588}}}