{"name":"unist-util-visit-parents","version":"6.0.1","requiresBuild":false,"files":{"license":{"checkedAt":1768031009004,"integrity":"sha512-cQvy4TvDNGTww5W7wo7SHRjv/0G8g3u/v8V2BhwwrAM+M5M2Z7W8hy+cQrU+e4exnULY2LrZ0EQqBk6Fj/Sdrw==","mode":420,"size":1099},"lib/color.js":{"checkedAt":1768031009263,"integrity":"sha512-YO2PvDCl8+P1wwMT1jQEsGOPIRh21YsB24mbv1hzFFJ7hu0zzpSkkygm12vQyzcfP7LESUP3Ah8Xd88efCw6Cg==","mode":420,"size":90},"lib/color.node.js":{"checkedAt":1768031009264,"integrity":"sha512-OmxucNOQNXYeGwggus6Kce8nyEKArOFfU/RJePVoplIZ0N8kpeoltOZlLSPojqP8qWcgKkwzj88DoUq3wES+8A==","mode":420,"size":120},"index.js":{"checkedAt":1768031009264,"integrity":"sha512-G8kXnstMue997AwXhFsjyy8/FRk7mx1ny3hRhloO2Qyjfs5U/Zph52/+qOdLDIw70rWNUg40kjeZz2tD7clZ4A==","mode":420,"size":108},"lib/index.js":{"checkedAt":1768031009265,"integrity":"sha512-LpX6Sz1dzbU2ZNIiyKTzUOLKs6R6CWlJ7J0he6kqADgL5wzmkfwwtom5n5TLnYbXGnDrsp58BwJ9zQOQH07A0w==","mode":420,"size":11714},"package.json":{"checkedAt":1768031009265,"integrity":"sha512-VVQEGQDv9WW+eQThPJr8qCWi6EehoifHYM6J3Vo3vDxd1Uk6E+1yyCdYtDbNJU2Zn9kV4GEGdRGNPU1qylN5CA==","mode":420,"size":2497},"readme.md":{"checkedAt":1768031009265,"integrity":"sha512-d8ibys/PyqCwUyWJMug/uaPdW0fBgaIiIKKXWrx2H+MLbn5pmvdtvYWZa734AfovZG+X1Kko85fZ2QFbUvEu2A==","mode":420,"size":10403},"lib/color.d.ts":{"checkedAt":1768031009266,"integrity":"sha512-LBC+XWZf8c4Imp6W53QudJn3YSHucNAZufJpU+Le75FTkV1nieHNR1xR1Uph11GgPWSl1oYDW+EJBabmtNYXtg==","mode":420,"size":91},"lib/color.node.d.ts":{"checkedAt":1768031009266,"integrity":"sha512-LBC+XWZf8c4Imp6W53QudJn3YSHucNAZufJpU+Le75FTkV1nieHNR1xR1Uph11GgPWSl1oYDW+EJBabmtNYXtg==","mode":420,"size":91},"index.d.ts":{"checkedAt":1768031009266,"integrity":"sha512-wdUT4p8pMb9uFS8rE0ydatbrW6qqpy5DpD0W2QQG7XZWuqmwN94FBqGFNKKEy+zoFDZLkFDsSi+kNryOOzFMGg==","mode":420,"size":349},"lib/index.d.ts":{"checkedAt":1768031009266,"integrity":"sha512-fIQdy5dPH9xJVak/PjVxLiuxZBetseSY+FlYkbRKBG7a53jZ8yfQ0pNdzEiJAo8K9nIwwDWJNSytp4PGB6kuCw==","mode":420,"size":6323}}}