{"name":"picomatch","version":"4.0.3","requiresBuild":false,"files":{"LICENSE":{"checkedAt":1768031007742,"integrity":"sha512-iQJoeMXWqmJ6+ML4rS5/Uc95niPtI5BGjke8o2hiHatanYndkWcYZ3rCDXtNRPY5ncBKgQsUkvelrGRUZkVoWw==","mode":420,"size":1091},"lib/constants.js":{"checkedAt":1768031007742,"integrity":"sha512-KITGQyaAGevJuQ2NnD2Y8dew2s4h9qGD9Mm0X/pt7MRKxMzhAs6X+G2yJH5Y4+/qjVE+cNbAW6f9BIYwoNah/A==","mode":420,"size":4458},"index.js":{"checkedAt":1768031007743,"integrity":"sha512-dWOwoZcdtcEv969sGsoAc9OyvIzRP2rBClqwudZ0sDk9z7kxppEhWSAayEtrG5OpKllCnKZyaZ3OVB+MAyHHtg==","mode":420,"size":479},"lib/parse.js":{"checkedAt":1768031007743,"integrity":"sha512-UbNzcKq3PT97U436qq9JJUZJZuwhBmtN79TmEPsVzxyN1hksyAYk0UP0rFtyXJJ6DqS7zQhp9h6fPWVEomsgIw==","mode":420,"size":27544},"lib/picomatch.js":{"checkedAt":1768031007743,"integrity":"sha512-4aECD2sNxhZfoMbmNvXI6TrvJZB49nxw9iP0gEHeIbN0LbvuVtYIHlqOqOZ7wNoWbEoJ47DabZ2YlPyxmc0X6g==","mode":420,"size":9881},"posix.js":{"checkedAt":1768031007744,"integrity":"sha512-h8VLaD9UWTQ161k+8WOyXboqJ04n89oyNTYHwqEsw0im6aT9yeHztQxz/XtyLNM/KPCMWJY3MDTC89VKpZfcpA==","mode":420,"size":60},"lib/scan.js":{"checkedAt":1768031007744,"integrity":"sha512-w6ae9ePRbYvyCBhUhEF8IUNwOb1qJTfTqQwsHHx5Wgis1MoegEaTPMlw3Yx3GDNypYCj5bMS5rQPPBPQHJeBYw==","mode":420,"size":9189},"lib/utils.js":{"checkedAt":1768031007744,"integrity":"sha512-6VUlW8uuNGsKHYbDBLmrKSAU3I7s0GxuhUTau7G+0DjtnIiBFvceeIbd8W9TEEMkK1TGhCZQX8NLK0rYMwk9Cw==","mode":420,"size":1994},"package.json":{"checkedAt":1768031007745,"integrity":"sha512-4rZSPseOPhV77u2OW5G8nNa4C4y+umT3vXA/1UUFsNjCQwCq9g9liCrO1Dx+o3aT8rMy1QZq7jGzvmHodOk+AQ==","mode":420,"size":1953},"README.md":{"checkedAt":1768031007745,"integrity":"sha512-ErnURSGk0C6tsrkrGhGWgRhfWzLvVTGVqfSFdkmal2rBydhu3l24KG0H+DnfGR5OZLhqeSD30ohsD8xkj5cz/Q==","mode":420,"size":28608}}}