{"name":"run-parallel","version":"1.2.0","requiresBuild":false,"files":{"LICENSE":{"checkedAt":1768031010606,"integrity":"sha512-UOL/xGxwuTxsayJ0nO2SgwXC182o0nLZBOeagglDRd22rd1cJjlutgtlpdE8Sd463UDlKjR2VFYYD1GyHr7Xog==","mode":420,"size":1081},"index.js":{"checkedAt":1768031010606,"integrity":"sha512-/wZPeJkGsdswZL09gi/HENtDpRyPXN1IkSV9ZmEFaj4BKLHCai3/nL5Lyw+yVP7b0kKBja8A+4e5biijegnFaQ==","mode":420,"size":1034},"package.json":{"checkedAt":1768031010607,"integrity":"sha512-56xaki+SFvCUavZLKew7/IjfFWai1nDck5f1hTxdV88+OxW6RGnUxFddWb+TIh1UuiOi2FIe4CGPSzfmzyVWSA==","mode":420,"size":1291},"README.md":{"checkedAt":1768031010607,"integrity":"sha512-JbMQ5fPgwlVHkMEne4CXv/Q5c3vDm7Jf7ISdGVtqEI8d+5WUOE8c4GtmqYAbjLqVnJQl9JPUgb2ELi4YPEs6yg==","mode":420,"size":3157}}}