{"name":"tinyexec","version":"1.0.1","requiresBuild":false,"files":{"LICENSE":{"checkedAt":1768031011009,"integrity":"sha512-66hLvqB2IAi0crly5Mzp4iojlnnuCaQxfP/epq1lJ7GdK3YYeQTbuDlJuEn6nq0uYoTYfsq7gYfEo4XyrkMR9Q==","mode":420,"size":1065},"dist/main.js":{"checkedAt":1768031011009,"integrity":"sha512-7U7WKiR/L2947Ura+XENhfMPQXuL+c8KODLC/8uAtoWhy0qB0i6whBczUzjfH/nNdm7ZiZf1cFIjStEsCdztRw==","mode":420,"size":16289},"package.json":{"checkedAt":1768031011010,"integrity":"sha512-ttdAf5vJaXhkz964SvriUI6DdChSgP4h93LLONxQcqVfEvU+diSnqUGLfD7gsJ/1VU0bP7rJ9MY9P+18J+ceig==","mode":420,"size":1398},"README.md":{"checkedAt":1768031011010,"integrity":"sha512-iY6rtuGXxTooUTFmgAFWCgKQk+j2Fk4eZ5ZaiMI3SSfa5tSN2mHJYo1UTI0/NeGuQV41g5nMwyu39lHFGIrW+w==","mode":420,"size":5596},"dist/main.d.ts":{"checkedAt":1768031011010,"integrity":"sha512-w4PEm60Gviq6t60hDLwOSoS98xgsItY8FbMc8j81tf33zNUglAwvUDcMV2rzXTB0DNetJuX+UjT9rSm4mV998g==","mode":420,"size":2645}}}