{"name":"unplugin","version":"2.3.11","requiresBuild":false,"files":{"LICENSE":{"checkedAt":1768031075396,"integrity":"sha512-4DG7hTF5RilkJ3lr21B3rdm+v4KjlLKeyrkIAP0si7EA/HPcclmxc1CnPGp7Tl2CXdgEjFjSq2Kj06hPeOIrhA==","mode":420,"size":1077},"dist/context-CQfDPcdE.cjs":{"checkedAt":1768031075397,"integrity":"sha512-66w7/kRXf1nj46gGPTpGyiPFz+mxb8WTy37jMV+iNLLVwb/AY5WYlVzd056TnPBvZHDU5xdEYoBTxX95Ph4WwQ==","mode":420,"size":5180},"dist/context-CrbHoDid.cjs":{"checkedAt":1768031075398,"integrity":"sha512-ybxzLgBKAjdrMJU3R31JMBMVt1Z0GZXwGLFz3MpEYnLtjs69rzSFKa7u3M1I+9du5nr7MpuoRVEgDPXzyJ88EA==","mode":420,"size":1922},"dist/context-D7WFmOmt.cjs":{"checkedAt":1768031075398,"integrity":"sha512-Z3D6+wq6QWO1Ee96D8FQE2kq+GtW51YfLC/NEo+qLufl99ZaVpD8Gx4FNG7BPGJT93qeoXvLoeS1/GKnVtA9/w==","mode":420,"size":2809},"dist/index.cjs":{"checkedAt":1768031075399,"integrity":"sha512-d/PNJiRMqqkg3TZynqny/s65r3S3We7Nbb3CeptHOrmdJH1uQAWPQ96Z4fcISENBUQ7DakyTLN5opOXBmjdDKQ==","mode":420,"size":37221},"dist/rspack/loaders/load.cjs":{"checkedAt":1768031075400,"integrity":"sha512-yEgO5ViTVi3Q21SjYxluCu2hhW5pwMJVAPOWWQcYGSdDLo7if+MDtbDNq8Z8VnZGdQmnnnne0+Fi+Wbgjk9vZA==","mode":420,"size":1250},"dist/webpack/loaders/load.cjs":{"checkedAt":1768031075401,"integrity":"sha512-jiZmnyW7F4U6B7NFJL4OF7tMneukBzL7a57mqV93cWy/hK86+BKA8LudxOG6FihrgmC+3BKFfGpxBQST5w/l5w==","mode":420,"size":1197},"dist/rspack/loaders/transform.cjs":{"checkedAt":1768031075402,"integrity":"sha512-uhIYZjZny/kMEbOIU9zBYrceFziuH0oIcgQOodrDDYfFs048dSs4rpC3lWAhBlivoNpnPFTsmDDgMY+wA9Nl+Q==","mode":420,"size":1109},"dist/webpack/loaders/transform.cjs":{"checkedAt":1768031075403,"integrity":"sha512-d3vLbDKgiHM0cOeBSx1xBLiU5DSvemMcqzFtLe+sITr3vbrAqFRmrm/lrHfOtqi5fKG56lPNdxx50p8K8hq1BQ==","mode":420,"size":1211},"dist/utils-CJMEEaD7.cjs":{"checkedAt":1768031075403,"integrity":"sha512-ocZLLOsI7KswUWfFADRnsBic02As7FwdpwvSb90zAlNF5f43jZSx22Bqi+BFf3183JeioJXpbDkOeLU2RggDmg==","mode":420,"size":2447},"dist/webpack-like-DDVwPJ4e.cjs":{"checkedAt":1768031075404,"integrity":"sha512-2kAZaXT8VsWxmZgjGVBOgVhA5/KlyTInQls0tVXuEaX5lPZdMFWkJNoMmf6vkiUcYJEjgXsSllNbLOCL5DcR/w==","mode":420,"size":1491},"dist/index.d.cts":{"checkedAt":1768031075405,"integrity":"sha512-XSIPZp3Nghn3IjAj1etutzn+moplkHYrfIrpS683SdarxVI2Ml5ncbQOgUzbFt5IzIoHMIr2Q6BTctmzTGIucA==","mode":420,"size":9716},"dist/rspack/loaders/load.d.cts":{"checkedAt":1768031075406,"integrity":"sha512-at35Ct00Yl7S/MvVW0YgsXwG3hZbgvwmTHSdn30qm62DIqOW0icV6wPgf0dvRM9P8ThX7TQm6dflOyIudcL7Mw==","mode":420,"size":185},"dist/webpack/loaders/load.d.cts":{"checkedAt":1768031075406,"integrity":"sha512-V0sj60vqcOOrut4ITWy6FZ/KfJvIVcaK9PJoO/VPnQwl6T+kRE6DV5b0Txn4vjKA4cn/CaaUclFNUX5ByiVqLw==","mode":420,"size":186},"dist/rspack/loaders/transform.d.cts":{"checkedAt":1768031075407,"integrity":"sha512-fQWJKZmMQK6EDE4CSSqX39+9slERUGWTW1RPsp4sqEQHt4d1yQWlHsCZxRxpczYMPQtMN0dFJAryAcGgwQhoZw==","mode":420,"size":200},"dist/webpack/loaders/transform.d.cts":{"checkedAt":1768031075407,"integrity":"sha512-sa58hz5ZkJWD4RfSa3m6V3XAXZ4Privfgdk+Vn0wlOyB1JQC+Cw0pGEErkfvIMccSusIT3dT6aEJ5kkSUGgFBg==","mode":420,"size":201},"dist/context-Csj9j3eN.js":{"checkedAt":1768031075408,"integrity":"sha512-LZW07whTDLCAK8fg9IuLq9EdDcH8QZddaeYMmD8sU76AteZcPjU9AcSTziJKqgUg0X67Z4sqmtzKXygJUYIRcw==","mode":420,"size":3692},"dist/context-DkYlx1xL.js":{"checkedAt":1768031075409,"integrity":"sha512-1I1VImgt1j2ZcnxXenWZZJqoQFcWd8upkGSzABbE7ot+TONvRk+k2oT6PflQPyPAp3EPAR0cFismu9cdtp6uDA==","mode":420,"size":1448},"dist/context-OCFO8EW1.js":{"checkedAt":1768031075409,"integrity":"sha512-edK7/4Gp5PTmnH7gRDNGZOmxLpLdjwZwOhHj9NSi89jn/W0Ldhz+7Lx5QXMCxl+ylzfrX0iuZJFP6DQGnvevrA==","mode":420,"size":2039},"dist/index.js":{"checkedAt":1768031075411,"integrity":"sha512-d8UtSLQlIwayD4M+qw67FgO61Z+mGTmLzJV7QTxVFKHzcrlBHUD9YxzuoxVAUNbnuiIxRDiS4L6eDrRRzLaeig==","mode":420,"size":35979},"dist/rspack/loaders/load.js":{"checkedAt":1768031075412,"integrity":"sha512-ky8MnR511ImTSRVKEbSgall6GuTBl0tfgAZNvZpvkdsUQRhsmBXUbcxHyp6hRyN/UaTRxg7xo4dLyBKDUOrxfg==","mode":420,"size":1224},"dist/webpack/loaders/load.js":{"checkedAt":1768031075412,"integrity":"sha512-gD/OHL0M0z30EtmaGH/bimOhE0RLu1xb72fRj7JQz9lC4abLkhYasCYdHiZ7b6oKT3SJX4z6w2ynbwB4hdX+fw==","mode":420,"size":1164},"dist/rspack/loaders/transform.js":{"checkedAt":1768031075413,"integrity":"sha512-w+cxDIe6fwhOh/tvhcTmR/80NpWJPuUCDEAFTME5x0GYDkzS7fZo4URVNyaejg3El/Yk1WqPwR0Hqxj5qlzoyA==","mode":420,"size":1093},"dist/webpack/loaders/transform.js":{"checkedAt":1768031075414,"integrity":"sha512-keuTdnVVGjKOo76OU1eRXkQD54TlFJoh7BUHmUap4Oxa5ccQwFVfVeMyyZrttWWMuY1n1K4StM7fHa1FLKOCFQ==","mode":420,"size":1195},"dist/utils-BosfZ0pB.js":{"checkedAt":1768031075414,"integrity":"sha512-9C8ItVxeRKsGGybbZ5Da2kadbX8itSoJY0S6F34ewNlpxlTNB+BIvvRKFHsK55kHhDY5NTgr2IQ76oe/YXk+WQ==","mode":420,"size":1756},"dist/webpack-like-DFGTNSuV.js":{"checkedAt":1768031075415,"integrity":"sha512-dESdAL3ufI3anKx63qg42iuYCpKjpnlQ5BLBp/sNvXxS4MdcTzAGAYmOfWCEOe3jC16DvWyH4qFa1HugSVMPjA==","mode":420,"size":1219},"package.json":{"checkedAt":1768031075415,"integrity":"sha512-HRuP8MxHKrv3gSK/Q60CZhlaENxqkJQpntNRdPjOB74d7tqCIAGD7XeKzZ8Wpyv7SKpr9kMuiAWw0IB6L5bmvg==","mode":420,"size":2472},"README.md":{"checkedAt":1768031075416,"integrity":"sha512-6mXzKhc6W2bC2jG5qItseAPusf4QVbS/XhnASYfe4u/Vrr2ZXuOKsZ8g9FPKCbBe5ZEpnM7yfJhB97P8rrmBrA==","mode":420,"size":1162},"dist/index.d.ts":{"checkedAt":1768031075416,"integrity":"sha512-/3UBAQbapeyyE1yk7U4UFEz5jILSpA5gql+q2bE7/HG05tEAU0yu16y+6hs6uqM4dG9jFQPihsO3rz3n7ZakaQ==","mode":420,"size":9716},"dist/rspack/loaders/load.d.ts":{"checkedAt":1768031075417,"integrity":"sha512-XdI++wA9o/O8D8+iasdJbYNGoz0ajqMNt4GogEuw/ijXBfVZYZmjTPS+HemLOY1rgHz+CWJv4iLETIeoCfG/LA==","mode":420,"size":211},"dist/webpack/loaders/load.d.ts":{"checkedAt":1768031075417,"integrity":"sha512-KRJyb9vYQyAZbKR93w5nf71arTd0qrA596C9G1eiDG/mzwmwzq4NpbwvQ4Au9A1tkUNUGZMJRQfSjv01HHmENw==","mode":420,"size":212},"dist/rspack/loaders/transform.d.ts":{"checkedAt":1768031075417,"integrity":"sha512-RW1YmhWr2tgUbCFkVeLd7dOmYOewFdQ/X9DGo76OvsnKh74UwdJ3vj4M3+a00cPeomHELf7coT8tx0xP6qHJQQ==","mode":420,"size":226},"dist/webpack/loaders/transform.d.ts":{"checkedAt":1768031075417,"integrity":"sha512-+hwemikzckXY0jo+V2FWjvHel2PsJ2h3r1DZNII+Lkl0npPGzAegdRPPkJlYD5EoaMXbf3EIFP9xbPQWBe9w6w==","mode":420,"size":227}}}