{"name":"@humanfs/core","version":"0.19.1","requiresBuild":false,"files":{"LICENSE":{"checkedAt":1768031005294,"integrity":"sha512-3Gto0TuM+VlkS5NfEZKwLHGqelz2U71DtEgPqJ7sjU0/FqInjsjDtAqx/bIzsxc6eP2DWQ1vc54Mno/1bCglVw==","mode":420,"size":11357},"src/errors.js":{"checkedAt":1768031006142,"integrity":"sha512-7d4urUGBanMj5KlcwdArBy2tUsz+b7rUnVss10Z/Ww4dFqBOvReDSiONaIy0P1SvrQIaK+vrvPVpUpUq3+sbCQ==","mode":420,"size":1792},"src/hfs.js":{"checkedAt":1768031006142,"integrity":"sha512-lVRa429m/nuZI6feGuwihuuOMcNYQfvSRLeOjbPTzlbIXdiyxayxlk7xLnzE05lpB3GduXuwb/dVoEKvb1wXPQ==","mode":420,"size":22870},"src/index.js":{"checkedAt":1768031006143,"integrity":"sha512-gUIQi4z3DrmgAimtVeImOJxvYjVbnFw88WLBQZrsHxvq2Gaf7+DNYKXG1wfUDjIS03bWOBeFEMIIY/XfFGl5Kw==","mode":420,"size":178},"src/path.js":{"checkedAt":1768031006144,"integrity":"sha512-JQDaWtJWb9/XLhch+ndjf5kYjymwjDe/01QyGJKeq8REDLeEicTrkxHgngkRWUEs3LZXrpaYaVmPW1GiVFRZIw==","mode":420,"size":6001},"package.json":{"checkedAt":1768031006144,"integrity":"sha512-JXfC1T2U9HTZmtQC6hsIUxLr4oIpDuDe/G6O0+RzZD9J0pMTMuuX6tAbUkRQoZIuLoWMdwYd3yxNIMV4gcX04A==","mode":420,"size":1072},"README.md":{"checkedAt":1768031006145,"integrity":"sha512-XUeEotdw9L7TmDslhIYvkk+l5fr4NXZTs3cM/9SMKoJ1LllIwgEiqPHF7uCqqSVxcZQGDZx6ccHjJhlOGICbAQ==","mode":420,"size":3336},"dist/errors.d.ts":{"checkedAt":1768031006145,"integrity":"sha512-VdSd+Ikj4wa4SwWC9CuSz4Wd8rmyUGsoKmFrMqNebFyTNhn8BSoS3iCIo5T3nBDrBP8QOhju6eW6QIss301UgA==","mode":420,"size":1333},"dist/fsx.d.ts":{"checkedAt":1768031006146,"integrity":"sha512-92nUyHz05DNuDdS5EeVAZ9I6b12132syQT1GneG0hHKo0eGi9A6PD87JJzo5t0QDr3vq3Ag6sP8bsF1yPwLqNA==","mode":420,"size":8091},"dist/hfs.d.ts":{"checkedAt":1768031006146,"integrity":"sha512-C2MXux55bQQyWUBzgQq64hDOxFiAM0vte0uTVINF0Z+QdDJs/rWD7MTSTNUatOxG2xUB05nenYV2zt5l+QWFPA==","mode":420,"size":13528},"dist/index.d.ts":{"checkedAt":1768031006147,"integrity":"sha512-hgnFXvx6VdENhIHOg66CaB7P+rVZIWNXJmfe+lHa/hVxxiYoccX4CaQc3ZjkW+SsJM8xd3MrxUs8o4pSbF2IaQ==","mode":420,"size":95},"dist/path.d.ts":{"checkedAt":1768031006147,"integrity":"sha512-8AbhW+zXDKOhw9gKC2gaqu/+ly0scGHuRL/cFhypi2z+fwBISZD6IewSST/gqZNIZ3sI4TG32X+CSf+WjeS5qw==","mode":420,"size":3082}}}