{"name":"@rollup/pluginutils","version":"5.3.0","requiresBuild":false,"files":{"dist/cjs/index.js":{"checkedAt":1768031076672,"integrity":"sha512-DYx/TcG7C/je8Lm7gnZAef3Rfxjxi0r/UGbvIMQBtW8imDuRO/P66O7GBk3h7RBjxE28glrAVCs4lWpg5WmUmw==","mode":420,"size":15827},"dist/es/index.js":{"checkedAt":1768031076673,"integrity":"sha512-79AZ0KPfx+91u9w1W2+YikCZ1dLgDVwvKlsUsRr505Pmw85Oei3EevXNt9X+3IVRKcyc18b+L7xQL+4iHvM8/Q==","mode":420,"size":15441},"dist/es/package.json":{"checkedAt":1768031076673,"integrity":"sha512-Cj8csVIsbnWVGGqaVO0HP/pZCybH0xsId/Gckl+EcDfp+XIGa/7WJgmxkOsrwh/3sxUU4Iw95keA/vWYLLsh8g==","mode":420,"size":17},"README.md":{"checkedAt":1768031076674,"integrity":"sha512-luePS91uZ2bPpyWzFDqQVqJ8i1Sjyvc1BX4JfuJFRs7zbYj7xgtRjmJSsBHaIigLUzOllSHdmgJfVBk+vssoHA==","mode":420,"size":8015},"types/index.d.ts":{"checkedAt":1768031076674,"integrity":"sha512-kcZTIJKUXfNe5wyl2JgmwEp5nghg2YdlKDQphdfIiMwYjerWOX79sm4quTlQLHG1WJu1WfNmoXESJkQBnAjjsw==","mode":420,"size":4409},"LICENSE":{"checkedAt":1768031076675,"integrity":"sha512-+MNMf6Un82mOjt6EL3mKgq094wsLdm3KbCSStF8EU7VRzI9wDsofMWGddLacEU23NCrQfFAH5RjWjg4Ubw9Ppw==","mode":420,"size":1151},"package.json":{"checkedAt":1768031076675,"integrity":"sha512-RxC5OXnq5NNYQQ9qtKznjYiV+ayZNGNU1VYMfbaQyW0XovtQjxyQkr+jmPJS24NSendZxX/aEKbVHpb0F9qFPw==","mode":420,"size":2361}}}