{"name":"@eslint/js","version":"9.33.0","requiresBuild":false,"files":{"LICENSE":{"checkedAt":1768031005484,"integrity":"sha512-T2C622nmNAYjHKhwFTSb65JUU30ZjZOqvq70hIj012qeopB+QvPXqCYYfR7RUeDUJ8RKUkGyr4D6keNLw4bJ9g==","mode":420,"size":1094},"src/configs/eslint-all.js":{"checkedAt":1768031006055,"integrity":"sha512-VTe0xrT5aL5L79+64Ga/mI6PRS8PAa27oRgaHu/S/+zAbZrjkoTwRUfxfI7Wlb1MqiwYqVtixPvAW73QWqYvQA==","mode":420,"size":7721},"src/configs/eslint-recommended.js":{"checkedAt":1768031006055,"integrity":"sha512-pT3XAcW+nXxa2v2jkTyXY5EVHNubXhvRlSkPrgNdEGnEJ7vi3dA1bTAQYDXsn+8U/7xHnePfPzJwL7jarlucpw==","mode":420,"size":2470},"src/index.js":{"checkedAt":1768031006056,"integrity":"sha512-G/UB3/5e5UIkr+qibMCP05okVX+ZPYRPnDjrcg6O5xznQgalcPw9VYigDM3E+HUEnzKH0Q146ssfweqjDc614A==","mode":420,"size":499},"package.json":{"checkedAt":1768031006056,"integrity":"sha512-ExN7tvYFXYAIz9HpNgBCBNZOQ47+BCsC5/lRJZBNl/ufU7wPjKljXEONpESK5vrznJb8sgLc/Xj6gDrn7QnzKw==","mode":420,"size":783},"README.md":{"checkedAt":1768031006057,"integrity":"sha512-lSqk6c2+VAi16D4k3uvk7++GxGllGE8RoBI9khh/geEzaIC1An/W3ZVI/MXvRfxo5Y1xVCSl6BjpVa94eo+t5w==","mode":420,"size":1621},"types/index.d.ts":{"checkedAt":1768031006057,"integrity":"sha512-liSbaqfN7j+ddg90zcA0vHqhoRhNLp3S9bXuejJx4PkgabCMjHd0gzz9rjwiKQNe++2BNugrtZeXscvnzyr9Lg==","mode":420,"size":316}}}