{"name":"unist-util-visit","version":"2.0.3","requiresBuild":false,"files":{"license":{"checkedAt":1768031008995,"integrity":"sha512-00mBaAegOXNJDyksTMrytYh98gH+v/fruetGXfLv5IVYnw8WD5PgOTOdM0A7q244DNs0Ynq8gFk4JA6SWxIdbA==","mode":420,"size":1099},"index.js":{"checkedAt":1768031008995,"integrity":"sha512-H/SxKbVNrYA6WlKpPbH6md16ax63EuJ9S/p7yNJPHD5S4RTQSmIWDDv+pbawaWYM7Vac4O6X5m9cxf++9f2Pug==","mode":420,"size":668},"package.json":{"checkedAt":1768031008996,"integrity":"sha512-y4BlcGcV5NAZOTxlInQGqZUJcAaysc0ZGO5eZlf79GPdvFFOY1F3lWV1RZybZbco0Tym0ivy4sK0+08jr26QDw==","mode":420,"size":2495},"readme.md":{"checkedAt":1768031008996,"integrity":"sha512-eNaA2jtdtGNqNo5wY7CzKCVGgVXwwaAWBET3cjscHmmid8mMwK883xnWsld0scEGquTv1vii49Ex9UByMmarXg==","mode":420,"size":3714},"types/index.d.ts":{"checkedAt":1768031008996,"integrity":"sha512-sBbz5o2SYHccLlXSQ2LCI1F0Vtd8WpxS9B7QIIw30Ll0ZDgWiqm5NQ5iG6+Vx7rMy8eza9AdxGpWjQ8dsYdi2w==","mode":420,"size":2579}}}