{"name":"locate-path","version":"6.0.0","requiresBuild":false,"files":{"license":{"checkedAt":1768031005935,"integrity":"sha512-0fM2/ycrxrltyaBKfQ748Ck23VlPUUBgNAR47ldf4B1V/HoXTfWBSk+vcshGKwEpmOynu4mOP5o+hyBfuRNa8g==","mode":420,"size":1117},"index.js":{"checkedAt":1768031006828,"integrity":"sha512-7b7GorGxx2tmv7PMbrSltDd3pXPccgf+f2MScTS2KoBhk+xnb5azjkuRhsLqNgwvQgTTFWHGi3IT7cY5kkGbcQ==","mode":420,"size":1329},"package.json":{"checkedAt":1768031006829,"integrity":"sha512-IpiQ/p1YptABd+DclxElYZVbGJmLBuXOxvz8sMZd0KYH5PS2kIxASuIueIb7ISnw7iPlxGSBw/Lee7Elwg004g==","mode":420,"size":786},"readme.md":{"checkedAt":1768031006829,"integrity":"sha512-9q4G3CdvVZZ0G85lAvIiMDPxzs5vZeTzG+vvUQHannWa0tWU3HR/lcRUku9czcRjePH+DOzWDkaoxowGW3k+1Q==","mode":420,"size":2205},"index.d.ts":{"checkedAt":1768031006830,"integrity":"sha512-5abounc4iD0mndn+94j1QmjWnEPxsgCy6WQQjcQYNEj8YJMFk102P67mgj5qh86UUhPnK5Ix6aLiikdIaQKAkQ==","mode":420,"size":1580}}}