{"name":"@eslint/js","version":"9.39.2","requiresBuild":false,"files":{"LICENSE":{"checkedAt":1768031068821,"integrity":"sha512-T2C622nmNAYjHKhwFTSb65JUU30ZjZOqvq70hIj012qeopB+QvPXqCYYfR7RUeDUJ8RKUkGyr4D6keNLw4bJ9g==","mode":420,"size":1094},"src/configs/eslint-all.js":{"checkedAt":1768031068822,"integrity":"sha512-zOIGNh8K4vLgucktnDHff65uGG8iz+PjgLNYWHsuS1EvDA3dajcY+b5wwDGG4U9TMhiI/H7eG6z9HvXPuduclg==","mode":420,"size":7776},"src/configs/eslint-recommended.js":{"checkedAt":1768031068824,"integrity":"sha512-3WDUXoW7lNOtzPTsT9//M4A7fXMjM4yFSFNL1ImqwH7BDi94aZMzZYZ1fLgKukbAoE5jrAQAHsvGPc3MJ2rEMg==","mode":420,"size":2753},"src/index.js":{"checkedAt":1768031068825,"integrity":"sha512-G/UB3/5e5UIkr+qibMCP05okVX+ZPYRPnDjrcg6O5xznQgalcPw9VYigDM3E+HUEnzKH0Q146ssfweqjDc614A==","mode":420,"size":499},"package.json":{"checkedAt":1768031068825,"integrity":"sha512-81FTSsnb+9QloI9bQKF6XpHAL9yeSb8ypI5MN0/sggnFPahQXVd5EN39Cot3NqNJ6sL3cwNb3QHtgOdsqaCmZw==","mode":420,"size":783},"README.md":{"checkedAt":1768031068827,"integrity":"sha512-GnTe5tYiNg79Dy8J/iHflVUVPFhTyBvq0ILa+DCeS7JDcKwshyLt9LcBwEnkyejXNpM0UPxFjNcOvfXXrDFhXQ==","mode":420,"size":2577},"types/index.d.ts":{"checkedAt":1768031068828,"integrity":"sha512-liSbaqfN7j+ddg90zcA0vHqhoRhNLp3S9bXuejJx4PkgabCMjHd0gzz9rjwiKQNe++2BNugrtZeXscvnzyr9Lg==","mode":420,"size":316}}}