{"name":"@eslint-community/eslint-utils","version":"4.9.1","requiresBuild":false,"files":{"LICENSE":{"checkedAt":1768031073701,"integrity":"sha512-mU2zG37iToppUpJAeVzAygm/RjK7uiIHsBwn5ymHYdwCyKfYX1/ZNQTRdjEbLPtQXuiXKulo9U8sJqWe6Y7Iug==","mode":420,"size":1071},"index.js":{"checkedAt":1768031073702,"integrity":"sha512-Ff1UoiAfrqwCL07fdaJBiw/8xKDxuPW+Rip6To5Y6hVu003ZAJu0b8ns0+TAjKuUVvXZU7btxtwjdZ0VhVNarw==","mode":420,"size":88365},"package.json":{"checkedAt":1768031073703,"integrity":"sha512-YBux5N910e4cQOU/bhr/9CSaCC2WV+MnpiRyiY8hCo24mS9vmwd9+A/zUYYS3jUJLUfxm/M9KOradVYuhShg3w==","mode":420,"size":3064},"index.js.map":{"checkedAt":1768031073704,"integrity":"sha512-avN9RWyasP1fkoSSo/pd0pzW4FnLD+s7u4Zbo1oNs65eM7YzO1V3FGbyERwo3CvKpTXZqhS+UZRQW09r8AFFrQ==","mode":420,"size":152486},"index.mjs.map":{"checkedAt":1768031073705,"integrity":"sha512-XR3Kvp8Ad2KQ2cvMRw/D7DGniFrO+rsHmjK75YQzIxRxdjGUd2I+xyxHlWXot0OG2bvzlWTEErh+BxP9RN2jag==","mode":420,"size":152426},"README.md":{"checkedAt":1768031073705,"integrity":"sha512-uk7PMVenw+e72tuY7SKWCOFJcjZdmC5UbMiJUhEhUq5favRwqBG8ym2PP9WRdPCf5B4TXomdso7TtfT941/VWA==","mode":420,"size":1684},"index.mjs":{"checkedAt":1768031073706,"integrity":"sha512-QRDzoniioBFJh1tSUGM7TPa5yCighJB3BQ/JwD6NzhD/k9JPZXIfnRjgAAzn2wyYOLWXYrKkti1mPmmieSuHeQ==","mode":420,"size":87240},"index.d.mts":{"checkedAt":1768031073708,"integrity":"sha512-HZeZRi2OiHRvkm4a+CqOl0CbinVuNdqGJBdYkJ8RceNgjEkldt9QOnL+Po3Zcs/fp1QdzmDGuz31V2D8DOR3SQ==","mode":420,"size":9832},"index.d.ts":{"checkedAt":1768031073708,"integrity":"sha512-HZeZRi2OiHRvkm4a+CqOl0CbinVuNdqGJBdYkJ8RceNgjEkldt9QOnL+Po3Zcs/fp1QdzmDGuz31V2D8DOR3SQ==","mode":420,"size":9832}}}