{"name":"mdsvex","version":"0.12.6","requiresBuild":false,"files":{"LICENSE":{"checkedAt":1768031008629,"integrity":"sha512-IXed0vC7vMIYlX3NHhv9SUO9iNJkVYtDzHyNnYmnPPEBVXvbZCYS0TXh5JZBU9sVDRHzfruiHveFPr0f0Z4Y0g==","mode":420,"size":1061},"dist/components-DzBOjdti.js":{"checkedAt":1768031008629,"integrity":"sha512-B3VRRhV6q/hrg5APtdsR7Mf05yawH3nke+AAS/MawcRsiCjo9YfMFgpHuvRhsj/ZMVYmZy3t/wxzJDqek7KCSw==","mode":420,"size":22017},"dist/main-hjyl9aFB.js":{"checkedAt":1768031008632,"integrity":"sha512-b6l7BjkJUfU6w3No1mwvbPlFYffl+ocf2rFYBbNchLuWqNjzAT0ZJI4WUFH91vFrVxfLZpkGXxx0oAuVfBE0Eg==","mode":420,"size":573487},"dist/main.js":{"checkedAt":1768031008633,"integrity":"sha512-nOAx8gZOZtd6uUlF03A0elId3WyQtY4V4h9POtcqwPWeRsSilWB6xmoshahXEithxOIruLjVX5Eg2kJR/4ZMVQ==","mode":420,"size":205},"dist/prism-Thd-V7xt.js":{"checkedAt":1768031008634,"integrity":"sha512-aHxbYEc7J4d3KNM5o8M4ZqL54KgI0v8HB4hhmovGir2d0q2a1i7isVu7c9HPKwfI2CGcPquuXKpsjrXdvbXZnQ==","mode":420,"size":51710},"package.json":{"checkedAt":1768031008634,"integrity":"sha512-JGxORFU/RhnywrHUKb4yjRWHpZcb1VOB6A1oEEgHMveE4jr+vjgSeRvy+8HfupoYNBXENEsx7UqqmJHK9n0SXg==","mode":420,"size":1940},"dist/components-DzBOjdti.js.map":{"checkedAt":1768031008634,"integrity":"sha512-QK4qH7dpU2Fz75DK1s5y9TdPLhmSXUaCVP4T5UZrEwH7pu9j76VZ/WOLcCwtmA2VrGgrosGxI7+4w0oEHKfyBQ==","mode":420,"size":47514},"dist/main-hjyl9aFB.js.map":{"checkedAt":1768031008639,"integrity":"sha512-DtZj+RgCK79CaEyMI/aAeFguRVtC2rfZEkE2h3lDxY1HrjJ1WLOFgwXWQXb4BnvLVpJWFJB0BmxukifPBf4Ahw==","mode":420,"size":984176},"dist/main.d.ts.map":{"checkedAt":1768031008639,"integrity":"sha512-eIsrtjNqJH4+t0uHQhuvBxD/rC5pFh+QPkvCxVgScdHgCke3raEpaGLIW6JZEdvleQW8Ch2psR+aX58I+2T/8Q==","mode":420,"size":90},"dist/main.js.map":{"checkedAt":1768031008640,"integrity":"sha512-/EY8eEOmbTt2w8pcUHbXHbeGiNM9cHZi6PzBwCwJbLfUwpVRYupLfREmM/+K19qxzQkuq1/jMJZb6Nl4uwxYJQ==","mode":420,"size":90},"dist/prism-Thd-V7xt.js.map":{"checkedAt":1768031008640,"integrity":"sha512-zhUwmdz7vfb3zeESiON+kDX3tYQEI3gKTJyFb3WAHfUzb0MWdCvgM+7wtoT2OchGCLsZUY03vjAnVx9B/mrJuQ==","mode":420,"size":88253},"README.md":{"checkedAt":1768031008641,"integrity":"sha512-lFEWPUS3eHGohSICaXzErQKpS1l+qd8QFp4Cc5R0q/jOHuLy5dmDlnEqsm7WZtw+x3OhxvQUb9+BHKBxy/JsnQ==","mode":420,"size":488},"globals.d.ts":{"checkedAt":1768031008641,"integrity":"sha512-Y//onIY0O2qZJ+M21qqzmhVH+k1Vp7s5mPFa8JYgYMsGVIiuwdtE7R3UTCgwskiEjHbmMQghcryohTxBK14JwQ==","mode":420,"size":367},"dist/main.d.ts":{"checkedAt":1768031008641,"integrity":"sha512-ahfD4mb7v6WlAJf04YmM9twO4XPg3SLRLfVSqZiAvr+60hoLLl+1VV1LrZdDWr+E8bcFBIM8W2l468AKBU/5wg==","mode":420,"size":10817}}}