{"name":"@eslint/compat","version":"1.3.2","requiresBuild":false,"files":{"LICENSE":{"checkedAt":1768031005294,"integrity":"sha512-3Gto0TuM+VlkS5NfEZKwLHGqelz2U71DtEgPqJ7sjU0/FqInjsjDtAqx/bIzsxc6eP2DWQ1vc54Mno/1bCglVw==","mode":420,"size":11357},"dist/cjs/index.cjs":{"checkedAt":1768031005308,"integrity":"sha512-SYybgOV9LFQJiGsH5DpX0Aw7Y22UR07me+OG0DHfDNMI4z5YbijAG61+nnhaxdraa57M8GO2ugCiT+vbJDu1jw==","mode":420,"size":11717},"dist/cjs/index.d.cts":{"checkedAt":1768031005309,"integrity":"sha512-zwtKk0zl1a6ey597Qq3BoUvgcDvUQgDkiTmUJu9dU5Murdvcyy7QaZpENEYYhFfztbd/ltkIi92rG8MUgaBAvg==","mode":420,"size":2420},"dist/esm/index.js":{"checkedAt":1768031005309,"integrity":"sha512-ssI6VEtoMXEwTp4a/Iy/zOgOIBZZLJNqgCV0t/CJruePbYctfSZY1hVv4khiqVxkWArDcdwY/IKavNjVXE1ttQ==","mode":420,"size":11596},"package.json":{"checkedAt":1768031005309,"integrity":"sha512-WhvTabohLO1Y2bLWM7UYfFnqutmAKdij785MNffxEJDQOSM4tOG/srvkP82WgDY9i9kadAtr64xeSw3TvP3K+w==","mode":420,"size":1573},"README.md":{"checkedAt":1768031005310,"integrity":"sha512-2P5EZC4MDYCaKztDJqp8p4+tysNQlpYZToDWUS5qzZDnpr5xj2YoG8Gb3gc2ceNCU8mI80R/JPDy4fpQu/20RQ==","mode":420,"size":8758},"dist/esm/index.d.ts":{"checkedAt":1768031005309,"integrity":"sha512-zwtKk0zl1a6ey597Qq3BoUvgcDvUQgDkiTmUJu9dU5Murdvcyy7QaZpENEYYhFfztbd/ltkIi92rG8MUgaBAvg==","mode":420,"size":2420}}}