{"name":"@antfu/utils","version":"9.2.1","requiresBuild":false,"files":{"LICENSE":{"checkedAt":1768031011116,"integrity":"sha512-ucwY6xKL5RTA98hlqyeQ6r0InbGViplATiQKqiVL+wmcoFSJwIl4t4MRTeIaQEFxdsSQcEVu2AXg9AN4Pfe7rw==","mode":420,"size":1094},"package.json":{"checkedAt":1768031011116,"integrity":"sha512-upaoohk2IQjDgqsL/xk02vh7pB260UY7wMLrXvVNBxNCZk6qw3ytZzh79HGRmaHHFD06K5W5jqHdkDWWxi4xgA==","mode":420,"size":1361},"README.md":{"checkedAt":1768031011116,"integrity":"sha512-5JZ/gTlm9EjdVBA336FjqRkCSCBH7LZXcMJd8pF7vB05BwE7FqATFncSB4LQydP0HAXixpFZ2LA2ImELGlBTvA==","mode":420,"size":807},"dist/index.mjs":{"checkedAt":1768031011117,"integrity":"sha512-F8zNeT9VWvub9RIrRf6jfHzpLVKqa6yYgWKihTVViVUNHRx+6JfN4JShEA42Q7PX/3LI4qeIj9m/5G2CeY3BnA==","mode":420,"size":24206},"dist/index.d.mts":{"checkedAt":1768031011117,"integrity":"sha512-4Kl69sbwF+OIBftkHc0/ZKfTPtTcBxIRtMcUUygS2hFjO38KF0NKNiz4lNvIYRtPfodDXHpduW3ye2/sgVkKHw==","mode":420,"size":17245}}}