{"name":"esbuild","version":"0.25.8","requiresBuild":true,"files":{"bin/esbuild":{"checkedAt":1768031011381,"integrity":"sha512-ytY22Gl166zYPa2uPHkaFLNLZWmyqIXm28SpnpQgraTphWlBHHA4B9MWy2JSgqcgMtWkpjMo89mHFGXcUYyB2Q==","mode":493,"size":9350},"install.js":{"checkedAt":1768031011382,"integrity":"sha512-A/MhGi5PLSIIiCZ3UmEEpyMjR76/MtEQoZ/ObaKJxJmAm7IJaIjXnVkcwnlnKc0dQ3KfIJME3hEwu4h6ClXGBw==","mode":420,"size":11160},"lib/main.js":{"checkedAt":1768031011382,"integrity":"sha512-gLpYb2B8Vdy0GtUj5bLNuEnYiEM9enrslad8KDdYEMtKQl122shV36sXMg/aTWy4ulFfBM71RCdVtQ9Q4qqrrQ==","mode":420,"size":88698},"package.json":{"checkedAt":1768031011382,"integrity":"sha512-1cLm06Ql66iJ9T5dyvWiHXtI0R6alf56OPU0IMyzB8DG2mYApgTJEYiLqHOMuHxJ6C3DdDXTL2zV6Jv71BTK1Q==","mode":420,"size":1463},"LICENSE.md":{"checkedAt":1768031011383,"integrity":"sha512-oQ9lr3GFGv53nYkl4A1WgBdsYLdqABglgLT15u2KH3GyGBkTT0Aa1apEyikCaWk8KOERe9SHT8f7hVezAfkAxw==","mode":420,"size":1069},"README.md":{"checkedAt":1768031011383,"integrity":"sha512-d8nFKDXLOjrfvX2ysOMMH70lmd6JzrJCMUDtSrlqRENr7wchIAA9o1hMX6i1xG+1AX6+N2fbGqAKklwnjx8wxA==","mode":420,"size":175},"lib/main.d.ts":{"checkedAt":1768031011383,"integrity":"sha512-FeSWlW7AN+XuVP71W7gp0y2UDV2Pc+ymmI1rno1Ck85r/om8ZTRz6gdrNG8Et2NPNrvObieLCRs1k0YsKrZsng==","mode":420,"size":23392}}}