{"name":"punycode","version":"2.3.1","requiresBuild":false,"files":{"punycode.es6.js":{"checkedAt":1768031005877,"integrity":"sha512-29y6LV1NVv7EgzIFDDj2Xno+6gtjkROdJ/+w1JKFGukjudYxhycqADkBWrJ/ytP7xMIVP7xkKtLFJeR8N0xocA==","mode":420,"size":12780},"punycode.js":{"checkedAt":1768031005878,"integrity":"sha512-yIxRBg+triSRDRItZeINUw58keNQxToni/rGa4XhykuXaBLUfHKNKz3AEVDr2WUABXgRO0SwIeqeN83jP3wReQ==","mode":420,"size":12711},"package.json":{"checkedAt":1768031005878,"integrity":"sha512-GGQMv5M+N86DxtdImY2AmPAi2zLBNBdnKgSlVEuioZCogghYifDD3x1lAObB1GtLrj2HdQFcRGCG2hT6b5NTxQ==","mode":420,"size":1227},"README.md":{"checkedAt":1768031005879,"integrity":"sha512-C0vi6/nPcxTsJih6h//DKm+NG2CgNeNSA0sTPecq+wOSERMQGkqLWnCYrAcOX8SR6GffAAy6Y2ORvblKzWoRlg==","mode":420,"size":5719},"LICENSE-MIT.txt":{"checkedAt":1768031005879,"integrity":"sha512-fWtEu2WGJSgbSBlOWj06B0Ur6h8lZQbdFveiGUHvPw0lnhvNDMYgJkK/H9EpvBh+ajkh04LVaNMSvYPzAjl5oA==","mode":420,"size":1077}}}