{"name":"magic-string","version":"0.30.21","requiresBuild":false,"files":{"LICENSE":{"checkedAt":1768031073401,"integrity":"sha512-6a38SMR/m2/ABiYhLR8b/w8zz4ihASiZ2O2HdEjXViAZICSVPl5v+SHV8JuGDiW0a3P4LQ3Cw+pW5DfYtSpyUA==","mode":420,"size":1051},"dist/magic-string.cjs.js":{"checkedAt":1768031073403,"integrity":"sha512-2fQUJUS1himjiw9ZnehEWZX+ZwlXbBptm4mT4YbEnXRL59ihyb42F/0oCmE4jgqbdlZO/4SHdQoMNLnVOP8ULQ==","mode":420,"size":38935},"dist/magic-string.umd.js":{"checkedAt":1768031073404,"integrity":"sha512-rxgkLFr162bP/uJQS/ZkJUCGzbsR89/H5TQOnuGVxnohuLXIIw/uKwc0cIJ9ZN9ua/P668jIIvXXVOZUoNlOlg==","mode":420,"size":42936},"package.json":{"checkedAt":1768031073405,"integrity":"sha512-sNrgii92QHuwDCNhd8Xl41LVkjI2HCxh1E1sX/qHIiiUE/BGh9MpIKLq3KEKfL2UTeKL4FsMXX9ZJZBj8TjokA==","mode":420,"size":1840},"dist/magic-string.cjs.js.map":{"checkedAt":1768031073406,"integrity":"sha512-WjdYSczmKsv7b11GX0uwzgtE5s7Fv/emiq0irm0Ed86nT31fb5lFbBqCApvIWZNUc70/QuFUYAioOsH4arSp0w==","mode":420,"size":95751},"dist/magic-string.es.mjs.map":{"checkedAt":1768031073407,"integrity":"sha512-gEd8ubdIbEQbktCrkyHowafzhhL8loVGu5uVXUMBLEerN2rzNJBZhyKGF1F+BLmmXB3lRGxtWzbhY+GgDGzaVA==","mode":420,"size":95273},"dist/magic-string.umd.js.map":{"checkedAt":1768031073408,"integrity":"sha512-kg28NVE4dHKLjvb2tOjIEzDJidzPzy5t/e42IxL/2oDVaD3PQ2Pv+WFtXXjZqAQVPqq8lhAHhTgkaPHo6YfLQQ==","mode":420,"size":112594},"README.md":{"checkedAt":1768031073409,"integrity":"sha512-FEaUtBevM9KcGl6L3ND6/SzqvnsR3EeD6zT56JokBbHV6Ih+z2GyXWYin1oKgXE2Lh4jAmDdPJh/FdPJdN0KJw==","mode":420,"size":12608},"dist/magic-string.es.mjs":{"checkedAt":1768031073411,"integrity":"sha512-oy/29xB7yqmQMHArho+1k5B5QYhYPucCGX4PLjxu/wx537Z/jt50Ncyf+4P7uIJGFfIgtVGyjiFhPl7Ut042Rw==","mode":420,"size":38739},"dist/magic-string.es.d.mts":{"checkedAt":1768031073413,"integrity":"sha512-kbjtGShwKhSQZr4iFwBBe6wgN5hnn9DsXc+M1IkGrAey2WK5VHh0y1YYm5K/qMP8j3kTT+qXJdk+rBph3l6+xA==","mode":420,"size":10017},"dist/magic-string.cjs.d.ts":{"checkedAt":1768031073413,"integrity":"sha512-kbjtGShwKhSQZr4iFwBBe6wgN5hnn9DsXc+M1IkGrAey2WK5VHh0y1YYm5K/qMP8j3kTT+qXJdk+rBph3l6+xA==","mode":420,"size":10017}}}