{"name":"fast-levenshtein","version":"2.0.6","requiresBuild":false,"files":{"package.json":{"checkedAt":1768031006952,"integrity":"sha512-RHSCxnUTXnajzc1qO+JvM3bcyUVHT0ShQDEZlfBllc2ruIRT2NbL99APT6BzwJ1s0OBopPjIV6TH5Vr7VbWwKQ==","mode":420,"size":998},"README.md":{"checkedAt":1768031006953,"integrity":"sha512-SCx0Uac0lA4WsYQKX46+IwJ0U3yIbASd9x+R75SRfC9jvir2GPRMfKe0Jt/dQ5QddADp3VFv2WcvWKsW5PgmDg==","mode":420,"size":3414},"levenshtein.js":{"checkedAt":1768031006953,"integrity":"sha512-4ekYJb58yg/Za2nmgK804dqnJ1zwHgtMyw3i1fDoz1Oowo1Vz+c4TY5lvNHFmI4rWDu/CD+T/hpBUAnuUol8YQ==","mode":420,"size":3932},"LICENSE.md":{"checkedAt":1768031006953,"integrity":"sha512-C6Nogtp0CvDA7Olfl9i5wmvNcVhYyNMH+B5dyp0v9T86bbdesFw9hUzDze+syDMYk5DCn9uC36UM5h6FLLD32g==","mode":420,"size":1100}}}