{"name":"@typescript-eslint/scope-manager","version":"8.39.1","requiresBuild":false,"files":{"LICENSE":{"checkedAt":1768031010215,"integrity":"sha512-t0z/UCQ+RY4AylIo7v6ZCtzCdS9pMnC0+yB0VQa2A+1S+oV4noJtM9o2SOJfDVq7GqTVK4GsuGR2QO4Nb/K7kw==","mode":420,"size":1097},"dist/analyze.js":{"checkedAt":1768031010248,"integrity":"sha512-6QlpJqKPY/3BK+U9Ath9kW9JRKHqFn54jU4yt/6l0MQzRkuSLJHFLX0sLeONPCgcdze76qzkOlfCLy3oscA5+w==","mode":420,"size":1708},"dist/assert.js":{"checkedAt":1768031010248,"integrity":"sha512-LzcdVY6hhINdjVBNT+neGaynRLluWpay8JJipkieYxFSyrOsf2BQsrkA0a/vMX+HOpeVsfGkdp6y+BDQ2ndkfw==","mode":420,"size":261},"dist/lib/base-config.js":{"checkedAt":1768031010248,"integrity":"sha512-PWlkQnwDPP5QcwC7LmtnI/5sAaCjpIiY8AKkGJUS0bM4IMXemXulvcMGsIe3f+IMmXEpZe66UfRcUdlUEcu7kA==","mode":420,"size":715},"dist/scope/BlockScope.js":{"checkedAt":1768031010249,"integrity":"sha512-rMet5WGCf1BA40b9KdMfTn3vRMJ5FzYJT5O86jJaRPD3Nj8f2phdrE8FkZGIKM6D7/3OMTeRRs4dxZlErcdRtQ==","mode":420,"size":419},"dist/definition/CatchClauseDefinition.js":{"checkedAt":1768031010250,"integrity":"sha512-fQw4kktDrdx+cdEu9YJnz7OaqF9SLdakD3KjFRb98A+iRWYzbGGMieHd3fJ9x1Rm9hnQsgQ03pjI4rBA2ySKqw==","mode":420,"size":529},"dist/scope/CatchScope.js":{"checkedAt":1768031010250,"integrity":"sha512-oBvll74iZUzsJmIB37QUQkElGRGTDfjgVRF+NKnSphwQpsRhmBAunyVSMQc5lRbgYUYTRCDIqBEY3Nlj8AHsNQ==","mode":420,"size":419},"dist/scope/ClassFieldInitializerScope.js":{"checkedAt":1768031010251,"integrity":"sha512-ooizlv50uEXb1gMfAjLNmjWtU9/AoJgjRPL9ZsuZNBazD9RAxKPWR5a1zY0WCqhc1tBJMTItvCuUs5ziKnjiGg==","mode":420,"size":499},"dist/definition/ClassNameDefinition.js":{"checkedAt":1768031010251,"integrity":"sha512-JHSpWVLpV+UfcTnYqfDHhAyoSvI+/PGmEXtv4s49PcZnAEs0rNBM5k/HYSzuFwlUxEK5CIMQbTj+zYq4kXjjyg==","mode":420,"size":518},"dist/scope/ClassScope.js":{"checkedAt":1768031010251,"integrity":"sha512-F6oAT7SW7MV18NGMsZD7kiEvV2gCV0xBJS+CW3PjWAMR+F+Nl08Pszgw6sNDpzp3ELNQHZDy+Yycs0kcnz4aaQ==","mode":420,"size":419},"dist/scope/ClassStaticBlockScope.js":{"checkedAt":1768031010252,"integrity":"sha512-32n74PKrAAw0i0Hcx0I3RrrqhsNWWLbo1E+BM2EJlXY3wOU+UP9eKg9JuL6uSrmcB9NkwyynlwuLm3EOuDYNjA==","mode":420,"size":474},"dist/referencer/ClassVisitor.js":{"checkedAt":1768031010252,"integrity":"sha512-5Ice3/kBzZwuYYm+C+Oha+4WIxzavPdV3foVtYQ/PA42byVVMgdwOepmgg3SCS/hNLrR0i+xlcmFhahFfX0vyA==","mode":420,"size":9139},"dist/scope/ConditionalTypeScope.js":{"checkedAt":1768031010253,"integrity":"sha512-xZcH803WS3z7aYdWDLrs/AOVvJ/TlS5aDCjQDXZibK0ybmqOKMTcibpQFD6G/RVHVYyQdu7KLBZo+2/CZhsxYw==","mode":420,"size":469},"dist/lib/decorators.js":{"checkedAt":1768031010253,"integrity":"sha512-C5o0qhCr60rH9H/att4rlV+9FePzSBH394UoqvUfICInRdN6R2DEqVswPFsOf6Em8Nih3uhGNe1RYzacIpjl8w==","mode":420,"size":1092},"dist/lib/decorators.legacy.js":{"checkedAt":1768031010254,"integrity":"sha512-YaYnK6mmkdo+OcAmzXgyToOA5Cl7BQzEcf9/RakqNKC131Gu0UBFOe16kQ0lOqx+7BsZ/JwNMkQQvuw+b8dyXw==","mode":420,"size":602},"dist/definition/Definition.js":{"checkedAt":1768031007730,"integrity":"sha512-f2XGQDoj2T+xSOglmwEtZVKrO/8Xj0p9ap2c7A9gQp/BiZ45tLyozAivx12afHv9sT/DcspjyF6yKwNV601gAA==","mode":420,"size":77},"dist/definition/DefinitionBase.js":{"checkedAt":1768031010254,"integrity":"sha512-J2B+tIM3U5LH5mqtj42OoY9lRN1mY1FMyIl1LwUbVU2u4LHSCBCTmoYlbqwbTUrlUdhfHHiJVdY4DrHv2D/+KQ==","mode":420,"size":814},"dist/definition/DefinitionType.js":{"checkedAt":1768031010255,"integrity":"sha512-XYw6NjLGbTiaRYj/BoCYGFd4s2DGwlAgEDb3MNoUzv0oVSDssvvKEK40VHQPKLd6Ifp5sPRblh2/vO9Em4kh1A==","mode":420,"size":796},"dist/lib/dom.asynciterable.js":{"checkedAt":1768031010255,"integrity":"sha512-v10WYW7nLeh25OfKH7tM28lKcMoXwBYF9OOWVj6J/mAgBb5DSy452E2DW4v5lMXIXU8uMzZa0NMvzbR5Vs6D9w==","mode":420,"size":642},"dist/lib/dom.iterable.js":{"checkedAt":1768031010256,"integrity":"sha512-faMy23mS28aaxX8VQg8nlFdAGGNg6/qxVMSgPgrhNkxSgz6yIsUerMYadt0M+C1JFio9jEpKfxLP+XyhOoSYAg==","mode":420,"size":4081},"dist/lib/dom.js":{"checkedAt":1768031010257,"integrity":"sha512-r0b0AG5J9MHT5cnshZ0hlXYPlw3/TpPpkKMjTa/TCtY/h+0Ir1MvuzHY/SoxTlOmvb5y9lRg5YgLgFxBGRI+gg==","mode":420,"size":84301},"dist/lib/es2015.collection.js":{"checkedAt":1768031010257,"integrity":"sha512-9VQzWXUEGj5ecTnc5sEPY+ieCzjn1wkfDR0/2pog6oqHbG25Xh2/2ESN/xAxEYfbG9/Q04ZbsqSWcNUClT3GxQ==","mode":420,"size":872},"dist/lib/es2015.core.js":{"checkedAt":1768031010258,"integrity":"sha512-1ZEHgvoskmQiINXrITnzj9sZ1phO7GhVEFxdgLdjDG5TFF189xoQq49AOQ4RgatAyIJT2nNiveCc8/T83W5uMA==","mode":420,"size":1347},"dist/lib/es2015.generator.js":{"checkedAt":1768031010258,"integrity":"sha512-3Vwlxl5XmNoUE1EHIe4ZSpt0TAfozFrEBodHtx+u3udw0AD9M/oKRgKXBg31XSywoeyo1AVza2QHNUduT/t4nA==","mode":420,"size":645},"dist/lib/es2015.iterable.js":{"checkedAt":1768031010259,"integrity":"sha512-s/oIlajQrkKctriTkJtX+XbfBFBI7D5iQssHFTmezBSw3ecFY22cL0FdMZgsAGdgn1Nl3e8slOQup64BuHY9YA==","mode":420,"size":2781},"dist/lib/es2015.js":{"checkedAt":1768031010259,"integrity":"sha512-ZVrbn1F0PkCZ4n8nQ5ZEMSQsc+8atG3ZYzDvjKLn7dux1SNecNmAK2kRFpTWWMz46trKbF6fqChFf2EQRmTkOA==","mode":420,"size":1274},"dist/lib/es2015.promise.js":{"checkedAt":1768031010260,"integrity":"sha512-Gf5mttyr2iChUsYQ9VpvZ6wALvOLrhXGNxtqB+otmz7WHP7XIWRoDZX3CbC6NWzk4wtuN8GRZcw3ZQ/ASWS1IA==","mode":420,"size":433},"dist/lib/es2015.proxy.js":{"checkedAt":1768031010260,"integrity":"sha512-z1AEHZcHnNKrs1ugRPIg0lEO/UEsYzoJrT9mWrAd2pD9hWqrMCCexVz86DFHsc0TBdMRg/zQtcmnSsOWmJ6thA==","mode":420,"size":488},"dist/lib/es2015.reflect.js":{"checkedAt":1768031010261,"integrity":"sha512-iSZEZgodDOcw9R7cXd1Fs+Apf1xnu8eXGfBlC+tuedDSVPyDJwhHlm3j3jd7XXGY2oBKhkBlHaCU5RuIhIYKcA==","mode":420,"size":428},"dist/lib/es2015.symbol.js":{"checkedAt":1768031010261,"integrity":"sha512-Wgbnf4G8ux9k0AzVBv7hBd4w2rOqkOjXb8gkb2IawXMPYAMPZYoKsqYQdGuo0hj7jbV8mt+Xvx/fgg1enC8AtQ==","mode":420,"size":430},"dist/lib/es2015.symbol.wellknown.js":{"checkedAt":1768031010261,"integrity":"sha512-q9mOP/aupovpN6NyBraMrbT5925j/uuaskNNcXxIONsZWgYxCv3icLeVWZHlSNLnmA99PT50Jh8WgmOEvVQmuw==","mode":420,"size":1956},"dist/lib/es2016.array.include.js":{"checkedAt":1768031010261,"integrity":"sha512-KrcFUaDUElLeWb3+ZKvnS0t7SP2ixEyYpxOCTCR6tiSGryl/GlaaBIgIADtACh4MBySvar4Xtw3SjCY60VqFJQ==","mode":420,"size":902},"dist/lib/es2016.full.js":{"checkedAt":1768031010262,"integrity":"sha512-3mevUJKuunk0pMiYzB2Wh1KEQI4nhxlYOA4FzZpXw175gfLAPCL8PjCqJOmcQlvExdNq9AaV3jAoOBlYacribA==","mode":420,"size":706},"dist/lib/es2016.intl.js":{"checkedAt":1768031010262,"integrity":"sha512-Pc83DHN5aakzZJe/lPdfHmnt6aiM/rveykNZCrlKj1N2V5pUmPcDYK1p+ImM2o0y5gK5LVBkgB7DKMnGrW6WWQ==","mode":420,"size":419},"dist/lib/es2016.js":{"checkedAt":1768031010262,"integrity":"sha512-A259lFZs6MKDcC3a0xznoZBKgebnqo/J84fp34QCXNtXpdQQCMVB5gbeNdu7+qA/RIDYm46Yl1qjVYTMKcdesQ==","mode":420,"size":566},"dist/lib/es2017.arraybuffer.js":{"checkedAt":1768031010263,"integrity":"sha512-TFuO8dlqd0pzgE0WwftD/kpZBbnVe8KQYpd7lSITCg0scVkYznD6GZILS6s3yYMh3J09zeVi9oG3aTNVgLYC8w==","mode":420,"size":445},"dist/lib/es2017.date.js":{"checkedAt":1768031010263,"integrity":"sha512-Q6cbXgYQL3XstQoaO4IeNijpJHhN+StJEWqiuaTsYJOjeIUpbmTvBK/yRU+zMSjPMdfhjUGYSoC0BXVcFDGr7g==","mode":420,"size":424},"dist/lib/es2017.full.js":{"checkedAt":1768031010264,"integrity":"sha512-EVi/AQ+gJLseC8bbT9xt2UP2ucCTq6Baj98MJPzPsGMib8zkz7LUhRPD8yV8tkAJw6kwDHkRBRgGlgglbnNhFQ==","mode":420,"size":706},"dist/lib/es2017.intl.js":{"checkedAt":1768031010265,"integrity":"sha512-XxUrmIGKIRRR219pXxMUxT6Wq2MkMX5pv4JytXjVwIo9QnP6j0uYTY1TTy4rm4husPOUriqq+MpdM67ZFZiGbg==","mode":420,"size":419},"dist/lib/es2017.js":{"checkedAt":1768031010265,"integrity":"sha512-gJds4u7+L2hjJcbImbYLeX3+LtClx2N3pdyAcyHQNGuS69QYI2vcxBQ8YZAPO48FXLIMfeEdpHV2K/0NLmQsqg==","mode":420,"size":1080},"dist/lib/es2017.object.js":{"checkedAt":1768031010265,"integrity":"sha512-3jFMgIOvxo89/Kwg0k6uHnv5OSqmgEaehuT9gkluZDk4CYalbUAW0c0E3STPimCpY2LM7dyPqFW2etqdVeLtwQ==","mode":420,"size":430},"dist/lib/es2017.sharedmemory.js":{"checkedAt":1768031010265,"integrity":"sha512-bANetccMgX+J6hQy4iXr9YhKfKXO2T2rO2gRGhpzlPeQ2gTcTemwcZFJbuM82Qb9MeQ17qXOB0R7wZRubuTK0w==","mode":420,"size":826},"dist/lib/es2017.string.js":{"checkedAt":1768031010266,"integrity":"sha512-v9TbFhDEtPrPtT1rE1etfkuD9G6VQELqganDjuzWnEV9WzP55sPAzNwksGgtjEuKKMN/KxwshYXKxT5DiDL47w==","mode":420,"size":419},"dist/lib/es2017.typedarrays.js":{"checkedAt":1768031010267,"integrity":"sha512-3tnAEQowrT8L2h4vo5GjgEwMx3ysRT1zSYnIZ0v8ZDh6WcPPuJtVzSHkdi9Wjp4ITz//9gkMsKoj0kNmG9gjDw==","mode":420,"size":911},"dist/lib/es2018.asyncgenerator.js":{"checkedAt":1768031010267,"integrity":"sha512-YsYl2yf1hekbRZYxja0cihVfMtTKwV14DS1WbrUpdeluRFd9JjuUjrQRcMHJ+wSjb8ZAqPzStN4ItxZiqfQRew==","mode":420,"size":690},"dist/lib/es2018.asynciterable.js":{"checkedAt":1768031010267,"integrity":"sha512-UxA3qqEcjlhbD4v51AZEVDZVLxvmVno0dDRjjAHw7+Mvcwd91eshDOKj3lqPSC2B9fzULNoroHJK5/KoYYE+Ag==","mode":420,"size":833},"dist/lib/es2018.full.js":{"checkedAt":1768031010268,"integrity":"sha512-fxIc46WQEim6XsUeEg0hfcVRQOEuBBVgJEIkU6Aidinw9lnGhFKm67Mt9WmbqI0HKM4tDJW+Aq0Tt05TRAUJVg==","mode":420,"size":860},"dist/lib/es2018.intl.js":{"checkedAt":1768031010268,"integrity":"sha512-V6xkIhPsVA7HzEnJLs4WON4F7hNINN/aMgDZc5OI5Fe8SPxba4pa+Kq8ZZstfv0KX/sSWkrxntyWp4Zfyyls/w==","mode":420,"size":419},"dist/lib/es2018.js":{"checkedAt":1768031010268,"integrity":"sha512-ATcE7EB/GwaeXgAD9oeWL/zfsNS4qpiE+TjWGk7yYhp37N7XX1kXVXXDe0O89sgt7ZDexIgkaArkGVn+bRP7RQ==","mode":420,"size":906},"dist/lib/es2018.promise.js":{"checkedAt":1768031010268,"integrity":"sha512-EHypMwcffQDqqpV7iWvplALT6LHGNTU7g8IZ6xlM8++wtHv0qL+84NO/iaCC4M1e8Aec7r8ii2KSW0dqFBHpKQ==","mode":420,"size":422},"dist/lib/es2018.regexp.js":{"checkedAt":1768031010269,"integrity":"sha512-bFO5UVnXUjbin+5gCO9RXUYlzclnijnQndh9gCr4ZZHjYguVPE5AitIXzniNGTryU9wfeaAFK8Pxy0n1HLbH+A==","mode":420,"size":533},"dist/lib/es2019.array.js":{"checkedAt":1768031010269,"integrity":"sha512-m65UlQ1haOcVL+ymAcl5b6l/54OTXShN6optB2jb0jguYocTlBsY9beXqwoxXvfdgjuQdRqmUEc7kxYHGusp5Q==","mode":420,"size":521},"dist/lib/es2019.full.js":{"checkedAt":1768031010269,"integrity":"sha512-4A7bM0loT3jagvO7jeW5skeDtZ4yfkOovM4iY870laG2d6WwJCbZ3iBGsDG9L8nhheL9ImNKBZ8JG+DDXEX7FQ==","mode":420,"size":860},"dist/lib/es2019.intl.js":{"checkedAt":1768031010269,"integrity":"sha512-zUso9HhxR/0Ibs7NEpESvSEYZWrhvg5YZOd6E6fnOh9xj35sY/96zaJEyvqPJtb5xRuYwM/R6bydrTUtFrsqXg==","mode":420,"size":419},"dist/lib/es2019.js":{"checkedAt":1768031010269,"integrity":"sha512-G5Ue+esWOL8vJ3vC5fdTgSi5ve07w8MwVjxUgVXL9tLoG592O96kDeVyuLOr/zrMJVhQgexhMxLkF8x0s6L0+g==","mode":420,"size":838},"dist/lib/es2019.object.js":{"checkedAt":1768031010270,"integrity":"sha512-pWRMGW1spB1c5UtaiA14GoZh57L8nLBfPUfv572klz0sgU8Cow3T019kLdS++w52c7f3v9XCUD4TH6yAsVI/IA==","mode":420,"size":519},"dist/lib/es2019.string.js":{"checkedAt":1768031010270,"integrity":"sha512-r67r2D1cXqp6KOC/co5iT9zrOVzhdjGQP9rW1MKEQzJFxXNNH7KGBW4kkXi6qtxLaqJvwgXic4RCskDO07aMUg==","mode":420,"size":419},"dist/lib/es2019.symbol.js":{"checkedAt":1768031010270,"integrity":"sha512-HOzcoLn25ejTDxfEoSp65tiJgt7WlqChYVrsQzai3GNKowWP9saBSSclAhnlPDv+pENozl6o8k1BkLhsxnmPjg==","mode":420,"size":419},"dist/lib/es2020.bigint.js":{"checkedAt":1768031010270,"integrity":"sha512-l3a5el4bdBgoZ9AMBG9ss3hgJMUnR4gQDblukuZewASs1uLdcimWDa0ezqyHcGmfJpukL/RfRGWiWiHrYjC7hA==","mode":420,"size":935},"dist/lib/es2020.date.js":{"checkedAt":1768031010270,"integrity":"sha512-oYaEzRUvCRxPirmOxAC2uvO6/2bNyQlue1wlDMJln4a+f+WoXRmTVd16OVelYT+xsr+9/SYDZVh4cXlKy+qvIg==","mode":420,"size":486},"dist/lib/es2020.full.js":{"checkedAt":1768031010271,"integrity":"sha512-cfbYbvtuD2mjRd88gRUpU/UMLV9FA18r0VwIZjpQzj3pCb1icoPW0+52T5QzIxSDyzI1jrP4CuRnbDVKvQzcYQ==","mode":420,"size":860},"dist/lib/es2020.intl.js":{"checkedAt":1768031010271,"integrity":"sha512-qvJ2bcBvBa2NMsmvLBuyTxixUiRkp1jmBZ+rmWLCboD+Hqp2y/kFc8SN9Ty6VFHvwEqrxL75omfGTN+OCwo85w==","mode":420,"size":492},"dist/lib/es2020.js":{"checkedAt":1768031010271,"integrity":"sha512-YBoyYbYTnit7BnDkX0oAHrJllxQZSdBdKfK6Q7FbmSASBIjZdEgjpV8arc35CuoSbwSC1LSjVvi50rdhErLwow==","mode":420,"size":1175},"dist/lib/es2020.number.js":{"checkedAt":1768031010271,"integrity":"sha512-B6ikD76GL1TfFSusHqc8z6I33F68Eo3juDZtZ9z/vNlxBOImDU8Nmn38tI8ct0q0HloFVVOcNJ5YOCoj+c8H4w==","mode":420,"size":492},"dist/lib/es2020.promise.js":{"checkedAt":1768031010272,"integrity":"sha512-ZL+G0bquboaFmrg52jti8OziKRNPhuSqv7DalELwmjgohStBBVs/j2HnfPL8pTZzE2uWN2mP9BKw++bfJab3YA==","mode":420,"size":613},"dist/lib/es2020.sharedmemory.js":{"checkedAt":1768031010272,"integrity":"sha512-S9gKE8eU/S7sVHRlj0gJZuWwnJcJ4qbaPXe4rYw4u1VU6klopOUYbiIaHBbGcxgRwRy6BB+BfNMdjjvUnm8gGw==","mode":420,"size":513},"dist/lib/es2020.string.js":{"checkedAt":1768031010272,"integrity":"sha512-YiNx5eC+GChpxJg8VYbdZg/+AB6yZrVj2gKVJxqYWhIv7orHOJYkIAl+9kf5ynZngbRWw2Kd1QbW6Xqlc9ZYVQ==","mode":420,"size":706},"dist/lib/es2020.symbol.wellknown.js":{"checkedAt":1768031010272,"integrity":"sha512-o7aet85SJbmVnfl+8r9V5JnuxdUOoxNtSFVONzULttmPbOzH1ifr3tVhaJxfES0rERvD1PwPBEGl96urAZDAjw==","mode":420,"size":731},"dist/lib/es2021.full.js":{"checkedAt":1768031010272,"integrity":"sha512-Kz6dzZUmbGxhDuUpv95nI5Sq2tPTu/LeMMo40S3zfbM2xUNv9nqgztWrP3POMs8ucDASOnWElZkd5eKmabPc+A==","mode":420,"size":860},"dist/lib/es2021.intl.js":{"checkedAt":1768031010272,"integrity":"sha512-ci2f4BPZi7TpUhRHGShnaTuDb9Q0GsCFWctByIpOZlZaLrsM99E7/vObXFyRhr3bkDQtE3elWGvNHMZG+0tqoQ==","mode":420,"size":419},"dist/lib/es2021.js":{"checkedAt":1768031010273,"integrity":"sha512-8l5/xnSiekKNrrnyqxiwKV5IKwAxiIxIbwd0SYNspC51FsCjuGtjCXnOgLvdLWlb9uc3Gay2L90tpgPcpy43nQ==","mode":420,"size":712},"dist/lib/es2021.promise.js":{"checkedAt":1768031010273,"integrity":"sha512-aAk+T9h4kat9dYj4WCtLKYu//NS+eYLwQWUyny1Tq5N2S6Zv+tN4SAFeoCIVWngE83dmQAS2ZS+O6j/oYVeSHw==","mode":420,"size":561},"dist/lib/es2021.string.js":{"checkedAt":1768031010273,"integrity":"sha512-mc/HwA/vNd7asyNrGv2JllMbE7kx+KfGftBR9ywLN+jxNdZAIcHr/E04NjAJtm5l7dPS+Gbd37nH2sVZlR6o1g==","mode":420,"size":419},"dist/lib/es2021.weakref.js":{"checkedAt":1768031010273,"integrity":"sha512-2/xEoDZy45BnelVpHzvrLCmXGk+oeZZmSGe+QMdvUHYjr9VzFXRkwwNnNxtrY/9nROBu7o+YFnYkXl5ePT0UYQ==","mode":420,"size":741},"dist/lib/es2022.array.js":{"checkedAt":1768031010274,"integrity":"sha512-I00wyCJru5eaRvTmFKeRCxuHZ9F7qUX4R6RdJQ/KZm0kGt7CWfw87Y/1jpZvRnj6OzKxc/K1cwjfgwTyCJGuzw==","mode":420,"size":981},"dist/lib/es2022.error.js":{"checkedAt":1768031010274,"integrity":"sha512-fq01IHjczSaB6tUIIb61tSjcRQjFXXpTe0CalK4XgEM/SpuiRAGD1u8mO3LpCa8w4kgvOPnHmP4By6laIdTbMA==","mode":420,"size":1002},"dist/lib/es2022.full.js":{"checkedAt":1768031010274,"integrity":"sha512-EAss+4gJOKvetX2WMw/wXekvK8sup03wBYDO4AeNMkfd8GFIMy3Hf0aKXQSjdT1nbwH/bQfOOL+zUZ+Vbr3Ksg==","mode":420,"size":860},"dist/lib/es2022.intl.js":{"checkedAt":1768031010275,"integrity":"sha512-mKutBpyzyP8CEvc+k436tFFDB1zkebDgMsMyvoxtsFYaTMPpdBSeh83ICwNNOc860SJmDzjXDeoPKihRhLJNhg==","mode":420,"size":419},"dist/lib/es2022.js":{"checkedAt":1768031010275,"integrity":"sha512-nvbRF0JoFs47CrDvJ9Wm57Bj+Tplo/zOlG/I9po6fQwtYG4Iu04c6nR/DBhrPlGpXoWI+4rTdPa02xdFSY+0iA==","mode":420,"size":925},"dist/lib/es2022.object.js":{"checkedAt":1768031010275,"integrity":"sha512-OSQDI99tAkIfqEJtVZ6Hg9/umct0LXt8gYKKHfNlw8hEWnYzl88npAiGldiz2BxNn5Pf7J8KQszYNcJ1n7e6KA==","mode":420,"size":430},"dist/lib/es2022.regexp.js":{"checkedAt":1768031010275,"integrity":"sha512-SOEvvKfl2MXhtp0IhwovC7iMlL8alSNt6thM894N+0ENzu7LXL2/3kfFL4giOx+sAHiLfP3PInOS0/f1F/UlPA==","mode":420,"size":585},"dist/lib/es2022.string.js":{"checkedAt":1768031010275,"integrity":"sha512-C9aTuYFbHUxq4hbrwb08BjSEDBdQ+dvKat7sFGeZ9/JtVkTPdLFBFsJBlp703vjpqlgDGJSMLwiALOmg6Rtmmw==","mode":420,"size":419},"dist/lib/es2023.array.js":{"checkedAt":1768031010275,"integrity":"sha512-t6JJBbPDyYW8riCLL5Ez2vVt1zIQQbW5vSlLbMIfh12xhLBr8wFYWEni1Us+wUvXPAD2QP3hAj1m1gPli+SSXg==","mode":420,"size":981},"dist/lib/es2023.collection.js":{"checkedAt":1768031010276,"integrity":"sha512-MWFJSe9G29bHRpfr+2Ly4JFti9vj3XOwKlG/DBH7pNubJuRocY8cbDjK4RtU4MjZZgs307GnseM7NHxV9KaCHw==","mode":420,"size":433},"dist/lib/es2023.full.js":{"checkedAt":1768031010276,"integrity":"sha512-fVWKP5M7+D91npogbnwGltnrorIWhwRrGI5V98hybMbWVa911Vx7p70yD1Ga1xKk81H5TDJKAv8SZMCez39RYQ==","mode":420,"size":860},"dist/lib/es2023.intl.js":{"checkedAt":1768031010276,"integrity":"sha512-E526riH4fr2gkhQawYKXyB6mSMPtukpA1x+TNsmBOLkiuEGuKrskTwVS2/Dn+0tf9eV7JZ/XoCiyHWsqkcaapw==","mode":420,"size":419},"dist/lib/es2023.js":{"checkedAt":1768031010276,"integrity":"sha512-HoPHfvElDmE6Ya4nnRms6W85QO0J9hORxlAyHJstVg/dill5hmwDvz+bgs+eo7W/M+81YDrIwH3zFagxQd9WPA==","mode":420,"size":633},"dist/lib/es2024.arraybuffer.js":{"checkedAt":1768031010277,"integrity":"sha512-k/uFpZkrAyjoxczRXs/+sDja7Hma2RxfUNBj7zC7SzE2IzdWYao3rOoWA25ZIfkj6NWL1mxyU7Nxc4MLc5PbLw==","mode":420,"size":505},"dist/lib/es2024.collection.js":{"checkedAt":1768031010277,"integrity":"sha512-SmNCSs9qWK0wf2yf+p/rV9WUfuaVoinLa3e8AGHoNO83yB8EGWDFFPJ+lJzFxrDsjVNNhFbbb2WmAhbfwE4Ccw==","mode":420,"size":435},"dist/lib/es2024.full.js":{"checkedAt":1768031010277,"integrity":"sha512-p5cgJHpi0+mzlRVL7XybXPzkrKuczVLbh4dhBRtpcyZW6uB8Ha87gbzJybmks6tZXowD7X3y1ohH40bqbPkY8w==","mode":420,"size":860},"dist/lib/es2024.js":{"checkedAt":1768031010277,"integrity":"sha512-KxKggl5vq7MDnUhA11nqSOAlV1GxCelyyW9LkXm4O4rjogRPfFaRVoHa8528K+XFLNZWQKLlsOoS3VroGzlUWA==","mode":420,"size":1096},"dist/lib/es2024.object.js":{"checkedAt":1768031010278,"integrity":"sha512-cCiq7Jxfi9ECYDK3aFJ0tlASSiL3NA5D/ucI4PfsEfSoQjOpolCGzFbCzrRy1lTIAQukSbohLQuF1v8wHQLb/A==","mode":420,"size":430},"dist/lib/es2024.promise.js":{"checkedAt":1768031010278,"integrity":"sha512-QvVXwiB7/mzVED68mB0LbJdYwF2rrrYMVbff7sd0nTKv7alYIVhVQNYijEhjRTEku0Cv7Z9iVXTf5vKNlmcOlA==","mode":420,"size":502},"dist/lib/es2024.regexp.js":{"checkedAt":1768031010278,"integrity":"sha512-h+3DY14TbQ5RxdnJ3sADNCLj0jGwOJR+uB6UZnKbGWcN94ZZBSZHNvEiNebOdFHuDUDUaAwnq5/s7u7BMbB8oA==","mode":420,"size":419},"dist/lib/es2024.sharedmemory.js":{"checkedAt":1768031010278,"integrity":"sha512-7OR8EQZ7DiAafVSNDk+id++kEoM3DlpGIXGzszA9by7QI7zQpUcm7IsM3C98fnMfC3VIUgmDKX38GrCEH1ZHWQ==","mode":420,"size":641},"dist/lib/es2024.string.js":{"checkedAt":1768031010279,"integrity":"sha512-IhnMthgirOVaB2totfGw2YSwBIogAWtH0TMwGLdtsyfGR8I/WsAV6QQ65TaqdaUY60wMHoQtQj3xk0lU/vvB9Q==","mode":420,"size":419},"dist/lib/es5.js":{"checkedAt":1768031010279,"integrity":"sha512-qBJJYcM/5DYVDym0E3gaWdRu/cmtJfRBR+zUAc6Es9K/tsL9GNVhmY4KjmPQrkOAe7DjPTmNj0/ORCuNvY3KFA==","mode":420,"size":5565},"dist/lib/es6.js":{"checkedAt":1768031010279,"integrity":"sha512-3mHFpOnaDeQbpA0pdrdIQnEmcMa1+yrThOlMTy+ZlCz0ZnSjv0aLFPEZpfD7rA2nAt8bNpsCsUBVbL6MWztnug==","mode":420,"size":1268},"dist/lib/es7.js":{"checkedAt":1768031010279,"integrity":"sha512-6DAb1tJRuJMRrAScZlDZpobW5vsdm8v7fy5wZJvocIsVJ4taCGNjovhS0rXV9cXFEnv44U51jreIyg8BOYLVvQ==","mode":420,"size":560},"dist/variable/ESLintScopeVariable.js":{"checkedAt":1768031010280,"integrity":"sha512-c5+V58E8a6rN3wJhUMCZ3ZZ2sqgfaVKCXxbkQrxOw+6vgwbCkOrPAu2HMV2k9ZXFqUeiHY6rwNA4iEmIfXER5Q==","mode":420,"size":1462},"dist/lib/esnext.array.js":{"checkedAt":1768031010280,"integrity":"sha512-LFlJZphDQ0D7kxVYGTkKEhUFCxRnJoUecWTG0vl+zeThxcuyfAfHLSLKfndwVSMD96xIVk0GLY4Y2qf3SOLd+A==","mode":420,"size":427},"dist/lib/esnext.asynciterable.js":{"checkedAt":1768031010280,"integrity":"sha512-denGhLsjVLLt7bRtKFnNAAo5onH5wIJE/oYWmE7hrsS/KR2UaL21zcI053Q697RvEqEHLXiD4MyAXrappD44nw==","mode":420,"size":833},"dist/lib/esnext.bigint.js":{"checkedAt":1768031010281,"integrity":"sha512-1myl99Q/scjwBJH5JgH+sY45H9ELAp9EIfndiErYD5uNK3nJfwyaeoC0rxgwyxiQRM77pY/g+UOSUZqkHM3u+A==","mode":420,"size":935},"dist/lib/esnext.collection.js":{"checkedAt":1768031010281,"integrity":"sha512-03/WeLy0mtf8F3ZBSwcT2BuGB8yI+lV9uMRjl/0H0+XjQD8QhKhdz1UeZJCWSEQxps+2LY4lWOJy1qh04HVLfQ==","mode":420,"size":630},"dist/lib/esnext.decorators.js":{"checkedAt":1768031010281,"integrity":"sha512-Px+dwwAY4tLiZV/LmCQDrtYvhIyxDBfLB+8g7YEh0uhd7O4QCK3OUHsLWKFzrynYvqZGPTCMp16ZsUve4XR7ng==","mode":420,"size":647},"dist/lib/esnext.disposable.js":{"checkedAt":1768031010282,"integrity":"sha512-mZyBeuzgvysFAuEgweUXhEJQNaCgK+9vBZX+jDtfOPrUA1ge/5lmlyTL5kty8saa9dxV5lVH8TXtEahw2+m5gQ==","mode":420,"size":1285},"dist/lib/esnext.error.js":{"checkedAt":1768031010282,"integrity":"sha512-3cs5cLFWtF24ItQAsx7rHYT/Zisf+3y/LpWPzCLK3vnb9gcGLDj/egN2cJ2gy9UpSQQiVtLlSGUqSiRmP2xkJQ==","mode":420,"size":427},"dist/lib/esnext.float16.js":{"checkedAt":1768031010282,"integrity":"sha512-qyb6pv/so2jC/XeNBsoFuh/Ffi22mC5p59metfs+oKKcfV6DF8N5GIthqEZPXteMCkE1h7kzplsYuMNf8NKEXg==","mode":420,"size":757},"dist/lib/esnext.full.js":{"checkedAt":1768031010282,"integrity":"sha512-5DeL7p5hUXGScBO0ktoeNZ9oYclMcScAb1BvMztyD84OWY+Wkw3pFhAz6ng7apDdw7iucGW9tPGJ99sGoYGB+Q==","mode":420,"size":860},"dist/lib/esnext.intl.js":{"checkedAt":1768031010282,"integrity":"sha512-kE/++Zok7PbSp9k0ZcCARBGJEzrHX2+uDcyLZ/5SBAbfUS9XibJ/zz45kGNCgHF0tN1qBhA8LnCFWt52rYaW8A==","mode":420,"size":419},"dist/lib/esnext.iterator.js":{"checkedAt":1768031010283,"integrity":"sha512-R5zWtmGry0gvkyT/Tb8dEH0KS0wXJ1yTtAy6GNCTIJLVEj4fP+JN6MS5oiRe1UYRHjx0TanfMzhLoSgmQvlRvw==","mode":420,"size":594},"dist/lib/esnext.js":{"checkedAt":1768031010283,"integrity":"sha512-nlvMZW/5uDFIOzoEomtAcLVNZawdZ3SUHtas8FxUYyapGbJjfRHOZWwLTtkIY7GvYON64tDmqas3oI4LCSL3/w==","mode":420,"size":1377},"dist/lib/esnext.object.js":{"checkedAt":1768031010283,"integrity":"sha512-kPUYpDH6wnzUO0UqpT3/fCJ834xtdGVLe2S73DoAApUOGIbG2vlBSbaoVh8+kYc8I+au/8UtbZQ5HBkL4oq51w==","mode":420,"size":430},"dist/lib/esnext.promise.js":{"checkedAt":1768031010284,"integrity":"sha512-aODY9IW426IngujIBd9kWyfTsfTqBwEwFz/HxrPbzX314hLi6l7sqMFCODUrInTgvECrVxMfXNwkW4paM7Oglg==","mode":420,"size":433},"dist/lib/esnext.regexp.js":{"checkedAt":1768031010284,"integrity":"sha512-bm2QhVFCKkVEjAUlbM5kc6OZ0EDSfjoc1UXsmAFM+lMHwo0/nfCRQRcmWeEZOL1yfTJu9cYvD87CeXGEJZjtIg==","mode":420,"size":419},"dist/lib/esnext.sharedmemory.js":{"checkedAt":1768031010284,"integrity":"sha512-KX3PziVqA126sVpDh1H4msR0hY7p2xaE7J8PM8a1RShKZ/l7BzyT3oq+ppRFJ+I40w5P5Yqbvlw9Q6mJ1+DnKA==","mode":420,"size":432},"dist/lib/esnext.string.js":{"checkedAt":1768031010284,"integrity":"sha512-9aX1dNwBIn3x6hvPiDYJsboA5R1i2UWJH9rjXkZr5LrNxMC3VAchYbUOURBbGz6i+rYiwsQ+s89/CPA4o1FXvA==","mode":420,"size":419},"dist/lib/esnext.symbol.js":{"checkedAt":1768031010284,"integrity":"sha512-oD4yWKiGzzEsT2XbdratdfZDbp6zeDs3A/E8kSN/cXXQC3lHOj8uFI15JmG2Fvy+y/gwAkCr7s+NCxjoatQFUQ==","mode":420,"size":419},"dist/lib/esnext.weakref.js":{"checkedAt":1768031010285,"integrity":"sha512-IWYG6cHRPaluaubuyatQEbHq5pZPNWfmGiG5uLkzqlbVnMDPmD1yHxeJQ6Tas0fcPsrznE1yXWSQ4CvtW2QDtQ==","mode":420,"size":741},"dist/referencer/ExportVisitor.js":{"checkedAt":1768031010285,"integrity":"sha512-GfMQyH1vvE1EIelmrKf/vMM2FKmcfF2ErvRxnoc3xtpSdcV3F8lhGpkroDdBw3/7Qa2ySds+HVKpzLaCHclkiA==","mode":420,"size":2515},"dist/scope/ForScope.js":{"checkedAt":1768031010285,"integrity":"sha512-L6pXayqX2/dvsgmeKynUSJeIe4IA4bLhTawXdv/qsoSXzEHKV7vk3EUOUpMcmdvKM0piZLhy7tI9PhLWoc477A==","mode":420,"size":409},"dist/scope/FunctionExpressionNameScope.js":{"checkedAt":1768031010286,"integrity":"sha512-43a+yI4/6VNeJo+4bHkq1X/7XdOZzkENJSC32oNIT7xplXFFuil93qhXVGkKMaV+QH8SssqKJXI2rOH711ERTA==","mode":420,"size":762},"dist/definition/FunctionNameDefinition.js":{"checkedAt":1768031010286,"integrity":"sha512-CtLKrNJqJJyYbBeDhtu4186yp+zcnovpKhzxiFEIHWbz/S3EqDb0knoPwcQ7SLSNMwgu667vW4ayqysS4UwRVg==","mode":420,"size":534},"dist/scope/FunctionScope.js":{"checkedAt":1768031010286,"integrity":"sha512-w8VpZsjAqQCd5Ap84cHoCcC2eN814iMpFDC5NjJyRjcG65uRpYbt6Fh5e4uT3vZX4UzPZbS64nbld8e1y2mkFw==","mode":420,"size":1699},"dist/scope/FunctionTypeScope.js":{"checkedAt":1768031010286,"integrity":"sha512-F1ZXP2/LD3UgNOqodtif9CFqlmLmDrBwOjQ6UIc0qDkDaf++9bq0RHMXbFQ45wzz6RG0pK4q4zfgmp+sDdKOQg==","mode":420,"size":454},"dist/scope/GlobalScope.js":{"checkedAt":1768031010287,"integrity":"sha512-B9xQXDywZk6ZuFmpeB2/Vp2qWusH3mvsUmzFMN2f5f6bSlmPA/1HQiRo9yvRn+1IAwag4anmlRTNvLOL2aLJ3Q==","mode":420,"size":1861},"dist/ID.js":{"checkedAt":1768031010287,"integrity":"sha512-PhD0gfldh+dDP3ZSkJMmizYzRLtVAxUp9Cx9EqWt2aV2xiNmKHxWpmq/2XEbytQbBgxFY/bPcJ8G3/7r+GztbA==","mode":420,"size":499},"dist/definition/ImplicitGlobalVariableDefinition.js":{"checkedAt":1768031010287,"integrity":"sha512-ko7SjKw9CLKi5YSwPcgrbP/Ho6ZTfBY0WFl++A4eXmUkYsXtHytDms2dOlzlChABsdfZQp9cLanDi12Bp5f7ag==","mode":420,"size":584},"dist/variable/ImplicitLibVariable.js":{"checkedAt":1768031010288,"integrity":"sha512-HwmniIRxT4CfjkX3WakS+NqMCJCsXftETPXrPuiQESweLwrtaZK+uUMEYIFpLTCGgqDiyjpGDXOrvw2ll7QTBg==","mode":420,"size":986},"dist/definition/ImportBindingDefinition.js":{"checkedAt":1768031010288,"integrity":"sha512-HoACP9FJAEdfDZXX18dAr1zydjjn4CtMvVrG/7GEqilacBn3cp9erDcg+WVjOk/wcxAfPAy4FnygvPX0fq/Iag==","mode":420,"size":544},"dist/referencer/ImportVisitor.js":{"checkedAt":1768031010288,"integrity":"sha512-/sllutBtHVzCQWhptPUHGVEsBa9dLo3ReFJcccVSr/cPCiOnqPa+tF8CKFJ6dqM+kcz9JdeTzxlgxF3vtyEJfg==","mode":420,"size":1188},"dist/definition/index.js":{"checkedAt":1768031010288,"integrity":"sha512-6hiaZNxciTr+hmk0fQKZolw6AdmQs+A4shu7QYj5ibqe5rFMT1u2kGDl2qDhs7BCPQiYDxPDA5H/WjpEoBOuSw==","mode":420,"size":1507},"dist/index.js":{"checkedAt":1768031010288,"integrity":"sha512-9GKpz+bBMlPA6iCj/DR0t1v/zaiVoregLN3qM2moHB9MKNbsRGKLMKgjHZpqWwfTBexyWrIIhwyjG6+6gJ9oPA==","mode":420,"size":1864},"dist/lib/index.js":{"checkedAt":1768031010289,"integrity":"sha512-AgQHfWJGNCTgeSTg0rOxO/BRsbcz409fZ6CaWnukqYilcfICDaEKDzZc4O/wGte3EmiWTVBJpFGLLLK6KWyqrw==","mode":420,"size":11610},"dist/referencer/index.js":{"checkedAt":1768031010289,"integrity":"sha512-S0MEBMi9EIICrt3lOR+BE27E+3D1eH7MjjC+OACYby+WFOn3Rqg6KZL62FKyAtcydYFGHYSfFQdVLrLsU8CjnA==","mode":420,"size":272},"dist/scope/index.js":{"checkedAt":1768031010289,"integrity":"sha512-s7sJfpK6zOPngFxHDN/5Y4cILZBaSQz13d33+Xp83tLfrAJSySPPQgxstB6sQ1iVoH8883xX7Mjgp4GxKndHLA==","mode":420,"size":1724},"dist/variable/index.js":{"checkedAt":1768031010290,"integrity":"sha512-MCwXNhJatCNU7AM7C1gU1yCzqqh4fi25anrxdpe8hNUsCFtZDKuiGiuDS/D7q4Fh29LIxMq6CsHF2jPNogsmpQ==","mode":420,"size":742},"dist/lib/lib.js":{"checkedAt":1768031010290,"integrity":"sha512-JXuhE4xVkcnAQzW9q733cuOf10aYViLrdiiXaLApgBoLlxpJCRDNk69DgN/8ocEBdW1zf6jsocT/mlK+UGhsZA==","mode":420,"size":599},"dist/scope/MappedTypeScope.js":{"checkedAt":1768031010290,"integrity":"sha512-vqdX3nG8DH7mL1ndrNB9JSHx7AvnMawBeo5wawoqotVmloPL/Hz0TML1iXMliRnUReFS1Ktz+tyMpBN/5d+njQ==","mode":420,"size":444},"dist/scope/ModuleScope.js":{"checkedAt":1768031010290,"integrity":"sha512-rhyColgJ78bEa5fVeUG2rv2OHHGqXMGyOXf4jq5dzCnQyUXKms0x+e9QhMuJhbxsCUSnuO0ls4RUYf9fyNNF8A==","mode":420,"size":424},"dist/definition/ParameterDefinition.js":{"checkedAt":1768031010291,"integrity":"sha512-+WkAPvAHM+p1Z6Gz8fMjv3oIK45ojKvPjuC78KPQBN0qUAPbxTfsPFibH8PM2UzDaCrOs+HMp7lEnQEenBNKLQ==","mode":420,"size":648},"dist/referencer/PatternVisitor.js":{"checkedAt":1768031010291,"integrity":"sha512-kzWvFtm1dxIRPOATUwiS+HFTqc3I5kBG01uFRFLG9vVpLQ7nQCnwVmPjrB/sgKNv2M/Q4/RNGIS6GpsO1TNQgA==","mode":420,"size":3258},"dist/referencer/Reference.js":{"checkedAt":1768031010291,"integrity":"sha512-/F93+4d400VPfw6HRYIxTW0gIBS/OsrRkzA92UvrGnh15KNvBhKZzDrlTya0NS+EiaqZrNpIv9mnL0yeE5rrEw==","mode":420,"size":3388},"dist/referencer/Referencer.js":{"checkedAt":1768031010291,"integrity":"sha512-rpQLMvp3Pi7XGCQLT2um06dqdnNK8SQ+2Kop6csizoRsT1EPzNO1nUcg71b8o3RwUt0NvCERVLp+dUl+70ktQA==","mode":420,"size":21023},"dist/scope/Scope.js":{"checkedAt":1768031007730,"integrity":"sha512-f2XGQDoj2T+xSOglmwEtZVKrO/8Xj0p9ap2c7A9gQp/BiZ45tLyozAivx12afHv9sT/DcspjyF6yKwNV601gAA==","mode":420,"size":77},"dist/scope/ScopeBase.js":{"checkedAt":1768031010291,"integrity":"sha512-PuNITalnpuCUoMkLJij0TN8/wiuVm6oPwK/8XivuaGJ4nwVGS5KPnVjaf1/AP1iBC+lPyZ7ujLd+ZwJJLAmZsA==","mode":420,"size":12975},"dist/ScopeManager.js":{"checkedAt":1768031010292,"integrity":"sha512-RrqTlS0vgCFwddMwQtD7AuEM4ExYKvPkCLXqJ9olZ0pmxX/ytEebL16rp+wCqfd4RJ1uyDoloaEIBlBf0qShLQ==","mode":420,"size":6793},"dist/scope/ScopeType.js":{"checkedAt":1768031010292,"integrity":"sha512-EEjL/JcR9564UI6tVBo02prKtgJ0DwQzauLW/9GJhvLvX9Dx1Qc4aBhc51XUmEHzcsQ5/bqhODDJMWSwhsDNLA==","mode":420,"size":961},"dist/lib/scripthost.js":{"checkedAt":1768031010292,"integrity":"sha512-qExWJ4pwVYPyyatCy1SEVfIArZBAYMtI68xFLIBUOgsFyHSDnjJqR/vm95NlASFXkDygFTZUgnhzEsOzp8Ja+g==","mode":420,"size":1021},"dist/scope/SwitchScope.js":{"checkedAt":1768031010292,"integrity":"sha512-Y7gsrpM8Q6rtGM75ZUHxL0IIW51T0JGTJ8wACPCbQWQ3JU+EmiDC5uDlgZSvbbvuoorWounRzpvq2pGwNYVTeA==","mode":420,"size":424},"dist/definition/TSEnumMemberDefinition.js":{"checkedAt":1768031010293,"integrity":"sha512-qrW2qwcDRe9+FObM1qiZgUR2rCxmQcTr6RUpilLsmX+xGKuQB3w83FWCbB2TIWigeBraxyaJRT0PFDeaA5QkZQ==","mode":420,"size":533},"dist/definition/TSEnumNameDefinition.js":{"checkedAt":1768031010293,"integrity":"sha512-NhoyU/zusBgrS7tYt3INlE66mx1b2jajuZyVts0xchAtMNjWBgDLWvL15opbQvnYR4mGxZ9YTOBBm/Z07iEfhg==","mode":420,"size":523},"dist/scope/TSEnumScope.js":{"checkedAt":1768031010293,"integrity":"sha512-+z0okLu6+rh40n12UQnbSbOjvibcsgVKYPyoqR0TVK/7fzr4o8zPD4DiL+2IKMaadudcUuoCibaiLcY3O/hzYQ==","mode":420,"size":424},"dist/definition/TSModuleNameDefinition.js":{"checkedAt":1768031010294,"integrity":"sha512-hy6CZhqOl6ct9qYRQl+K6vQ0Lnqft7YRamDZhINreX/rjqB8dgv1I+mzc1/D8h380dJiBX2/UbN6lvPVFToUWA==","mode":420,"size":533},"dist/scope/TSModuleScope.js":{"checkedAt":1768031010294,"integrity":"sha512-E/s1TRAlp/U5KaY8kGSzuiNXx1khSTwlIybACyq/FAWO9Pzs7Zp3C/liwAk/ySLNmk91lVfutZsxkG4770HGEA==","mode":420,"size":434},"dist/definition/TypeDefinition.js":{"checkedAt":1768031010295,"integrity":"sha512-7u7ONJI3PWEdBakonbZyrYpLAoPC+/9wOPKlFNmvKU6WZkY0Igz1V4ZDlSw73pyhWI9bGnqxZjUuznUt1yG9qQ==","mode":420,"size":494},"dist/scope/TypeScope.js":{"checkedAt":1768031010295,"integrity":"sha512-tDxlQNEcCKY2SM9TzUp7AwqKrX8BgN1Vld5izD5ZwPkM+PPJflxBE5eXfkomtfgq8j4DeWz3bGhnMy1+08KibA==","mode":420,"size":414},"dist/referencer/TypeVisitor.js":{"checkedAt":1768031010296,"integrity":"sha512-ltLjVC1Rc0juipM4SDOF4avmQB70wp3c4s96m+82xK5uLNo9IpG1ZJKz7GLRPNEiuFN2jkluPfbs+DjwJ75yrg==","mode":420,"size":8779},"dist/variable/Variable.js":{"checkedAt":1768031010296,"integrity":"sha512-iIHnBoPMohkNHrKcRCMT5VPJa2cYFfZvPWR2GChKYOmv6Ppo8U864KhKyF7F6GBBzuZmCes9GkKLOang2uPRig==","mode":420,"size":1034},"dist/variable/VariableBase.js":{"checkedAt":1768031010296,"integrity":"sha512-lgBrMCCg3H+cciSmVxcbxyvU9T+R8jwyphbdHuqhvF+OQwMPQ9/JldGJc9wLTWaevtOeWw2YKKtjsgCgOGtf9w==","mode":420,"size":1323},"dist/definition/VariableDefinition.js":{"checkedAt":1768031010297,"integrity":"sha512-AiI8Gtgrvj4wWtsK5Ij/C1mLjk5Uq8GFNVg27899wSfL9IfpJNJdyFaoxApkmL8GP7QQrfzYKWdnwPBsNod5Yw==","mode":420,"size":520},"dist/referencer/Visitor.js":{"checkedAt":1768031010298,"integrity":"sha512-Lb1yFtPirBGl5xsUaZPRsgu8M8rI7U6Ysk9MRRrSYHaK+OjTVesZroraVdTPb2qT9d7LbnFW5A0SPjN2o3stoA==","mode":420,"size":1274},"dist/referencer/VisitorBase.js":{"checkedAt":1768031010298,"integrity":"sha512-bzNJNakQl3nd5MMQGhCcK+QJX6m23teP0Vjng/Qw7eX3o2PEDqotaJVPG/ROoSeEbS0EZxU3rSFfZAd+Rs9ysw==","mode":420,"size":2042},"dist/lib/webworker.asynciterable.js":{"checkedAt":1768031010298,"integrity":"sha512-+M7WHyhnOgBTbLGV/Rt+V6LY+DiPMzmx8DdFUeDWCY3M2c0kV5ym9Saqhi0T5NXyJF73yff6mt4SV4BjtOHc4Q==","mode":420,"size":654},"dist/lib/webworker.importscripts.js":{"checkedAt":1768031010299,"integrity":"sha512-EFtJQqp1hfvqHI3GBIjS36j80V0AlyGpHYnFj+06JZiTqnirlmU0/D6jluBc4vjz1Hijvc94sMkd+bunPz3vsw==","mode":420,"size":361},"dist/lib/webworker.iterable.js":{"checkedAt":1768031010299,"integrity":"sha512-v2v8Y4bNZ8taPl7PwGF1KUnTY3xbwQvSr4mL7I2d9l/b3oCCb7LyTviGx99MQbMgTGmVZxCPVVmz/yGCPVnjiQ==","mode":420,"size":1875},"dist/lib/webworker.js":{"checkedAt":1768031010300,"integrity":"sha512-LoH+O6fGKKr/i3Q6/MUBg4NK+YPOpqg+IZDzfODTmdx9rt9YJm/scGagUhoYzmXmj7YLRsIxv6cL5UHI4/6K+Q==","mode":420,"size":34557},"dist/scope/WithScope.js":{"checkedAt":1768031010301,"integrity":"sha512-EBbgG7k0kKnZ5htsNMZKYb3goUfD9Tgg6vdyvDKPP9oc7wSD0dyFuuux1uzv0pqbgH64/FlAL9YkE7GmKFZ2wQ==","mode":420,"size":772},"package.json":{"checkedAt":1768031010302,"integrity":"sha512-a71aQ5zl/DST7qE3h76GbTVLkFaSyp8mzSOf23W8Ae/bhLHrc5tZCw3qEr8aaRqRgLZMzhh4i+CV63XFVf8DeA==","mode":420,"size":1952},"dist/analyze.d.ts.map":{"checkedAt":1768031010302,"integrity":"sha512-dJI15kEC/DXgLH+DdQSpJoZfzvBRU59El5DWEwKWmJPJOvIHgHHEEOfP0o/XHs/BBD11NPfNyZpDZ1YCRA85ig==","mode":420,"size":789},"dist/assert.d.ts.map":{"checkedAt":1768031010302,"integrity":"sha512-32ofHAyFUmjjE+Z+jaeYp8SN8DnjpflNinMT55g1peBnsSyb91RyrhDp3Rb14ChXe/9Rc+e4j45gBogY4dPxnQ==","mode":420,"size":193},"dist/lib/base-config.d.ts.map":{"checkedAt":1768031010303,"integrity":"sha512-j6C095fA7dMBt2QqbRFdq4De5xLvD8hOeUpuI5XdiWqHC+RQRF1kHX0reIWY12ggo7ULE5GW91cgsc8qAQ4QNw==","mode":420,"size":223},"dist/scope/BlockScope.d.ts.map":{"checkedAt":1768031010303,"integrity":"sha512-w8SoxSfGaNqCszWRRbwp/4wjQFx0XCyx1SPZHwfdLqyDRDy8507lsNX9GA9IZcY21O32twnEwpN2aM6xHddf2A==","mode":420,"size":528},"dist/definition/CatchClauseDefinition.d.ts.map":{"checkedAt":1768031010303,"integrity":"sha512-HO3EA/SD/EyZ9Tq4+PdPHpNOKGoVWucl9MuztTBibIuoa1ININ8UH2KnSuqlliSUsjJQN+w+swF9PFAmUAEdQg==","mode":420,"size":512},"dist/scope/CatchScope.d.ts.map":{"checkedAt":1768031010304,"integrity":"sha512-3M/jgdTmduUKMtKIqvGPKAd/+Vyc71IMbHI+1ZtGQR87sN4VFTpeSFFxdP6a2GlUmlsIFIWCDi3JwxeNgKKwuA==","mode":420,"size":528},"dist/scope/ClassFieldInitializerScope.d.ts.map":{"checkedAt":1768031010304,"integrity":"sha512-EJGGTHEykWiWt4Lb+5XpRgs6Ebnoz6fLtCuH7us/bhtekBt1udPkvqQoHnSxyiwfdoKbR6TovMz3i/XE3M8lCw==","mode":420,"size":569},"dist/definition/ClassNameDefinition.d.ts.map":{"checkedAt":1768031010304,"integrity":"sha512-neVvOngb/YSRvabU4ACmLWerS/cYi5jpm3RFXHYD0hvrTjjZjAp7EbXZs0luWLBq46eh2D2sJpVBjRgTvrUFfA==","mode":420,"size":530},"dist/scope/ClassScope.d.ts.map":{"checkedAt":1768031010305,"integrity":"sha512-L3rinH49pGK/hJmQlH62tR6hCZUDoJVFydwguto+Z4mqgbUXe6MCcCiaRa/Q7aBrcqXcNnTEzVHxwqWjK7fWHg==","mode":420,"size":550},"dist/scope/ClassStaticBlockScope.d.ts.map":{"checkedAt":1768031010305,"integrity":"sha512-JZS5VD8f+Fr437ASZY+wTssArquDpcTsfvH8rAtB3GWb1qKVrE1QKpbyA/arz7BERw5+5uLyzSgIpA4aZo5uGQ==","mode":420,"size":559},"dist/referencer/ClassVisitor.d.ts.map":{"checkedAt":1768031010305,"integrity":"sha512-T7YHerOIC3FBgnmusGs7ABiMYDcY6Tu8LgmVu3EyO/Fxrz+7c0G7pmASSL8WUrLES/R3VxT2HRXMQaWIM/n9og==","mode":420,"size":1910},"dist/scope/ConditionalTypeScope.d.ts.map":{"checkedAt":1768031010306,"integrity":"sha512-YgyZy1MZ1Dtjd/gi6IUeK8vO91/JQkzV4TlrNo7nxmSrV/eFIVUhLp7aoRmar9R7Jh+mlSxQDDSPt7QXREhHWw==","mode":420,"size":557},"dist/lib/decorators.d.ts.map":{"checkedAt":1768031010306,"integrity":"sha512-jk8nCHNClhhlHuvDl29Ti/dWSGBaa/e9i//MpxaL9CRhcjf3Q/S0ScgiIg9lJy7T2QpQlRAoEcDniGIzVnF+ug==","mode":420,"size":203},"dist/lib/decorators.legacy.d.ts.map":{"checkedAt":1768031010306,"integrity":"sha512-d4tNeImAnkwYUkDhaqXrDY4i0jQ1mn8MUBWPcGkUSf3C4P/w41W5wf7v3muA3ng9GX7Q0iW7kgi0r+PYkT1luA==","mode":420,"size":218},"dist/definition/Definition.d.ts.map":{"checkedAt":1768031010307,"integrity":"sha512-CtpjiJ1vLjxdWVBoReIjVXLruKo1vKDgzAXYe9pp7zuTr4l71c9ZO/VJ1xWw0PY3iAZUpCqMJhM/Yp9HE3JE+w==","mode":420,"size":840},"dist/definition/DefinitionBase.d.ts.map":{"checkedAt":1768031010308,"integrity":"sha512-W05kb6eknZyz3Dg+GUgHwg04GyP3uqj65NDa5zfKR+SOVPYt+0ZgzUBWjnu5l4AUmA4J7kL9kQF7gRFS8YgSKQ==","mode":420,"size":759},"dist/definition/DefinitionType.d.ts.map":{"checkedAt":1768031010309,"integrity":"sha512-V0+1lLBbbIjlNRp7rbSYXmJeBF4Bum2vKwJLsDwliuqTWKh10R5TyQsejoa3mR5vxwfeA0hqgOs9ArpNzyhzkA==","mode":420,"size":346},"dist/lib/dom.asynciterable.d.ts.map":{"checkedAt":1768031010309,"integrity":"sha512-G6cgNV0JC3WR1vJZNIwpNGU7cDw//C5NWRsZhXvOg8LAEih4IABVo5abmiCFqRkGZqIc6aEP9ZEDaRWZ9jIF/w==","mode":420,"size":218},"dist/lib/dom.d.ts.map":{"checkedAt":1768031010309,"integrity":"sha512-DuougZE3hSb0p8IXtF4WpNGYhZlfYF/n9kgev4/Thm31vD+dyANzCoo1l8v8aIP/Vwn/IeqVGljaOJMgPSYI3w==","mode":420,"size":190},"dist/lib/dom.iterable.d.ts.map":{"checkedAt":1768031010310,"integrity":"sha512-wpAnOuHTI8RPrWaobWd8rtBMR2b2KC8g4d27nGqxN/xI0wCzEqUJSZnf8fP9CzHDbZ5ZyrWAxaN0Fz6fvxsttg==","mode":420,"size":207},"dist/lib/es2015.collection.d.ts.map":{"checkedAt":1768031010310,"integrity":"sha512-zib3JUNAk7wFNB771j/CDqmg54Hf4pqsvhOWti6ej4s6E1jHLfprxc6/8S/j+wkb+8WdDYlhm0Wm2HNGE0J5Rw==","mode":420,"size":218},"dist/lib/es2015.core.d.ts.map":{"checkedAt":1768031010311,"integrity":"sha512-rwTq4zUNYqrT7O44gAUBr0TbU/nPljAUkxn1jb/hnz2tVki64TSoopmkQy1UDs7KgzvUbIYMmWHtLHrkIg6RwA==","mode":420,"size":205},"dist/lib/es2015.d.ts.map":{"checkedAt":1768031010311,"integrity":"sha512-R3umpG6xQQW0TdeCnegdVIfnxe13uTXu32v3QLQUcphRCkbuIxU/Qu6bqFuqKqbDGBqYh+t0VnajdLbH3LMcrg==","mode":420,"size":194},"dist/lib/es2015.generator.d.ts.map":{"checkedAt":1768031010312,"integrity":"sha512-avIwxHh/gg1jbBMhIyApp4LCXbo57iSPGhGlpKaXrKFnmyNfH0aYSJI6q2HEzH3yqTjnPrUScJ2b72BhwKaZzw==","mode":420,"size":216},"dist/lib/es2015.iterable.d.ts.map":{"checkedAt":1768031010313,"integrity":"sha512-NsW6wC0WyqBmMyRdzh61Zuxv25tUodFeOjmrqItJaRk7l95krLNxZCBLDfyW7DkrU75DCTYn04F0evKSfTxjeg==","mode":420,"size":213},"dist/lib/es2015.promise.d.ts.map":{"checkedAt":1768031010314,"integrity":"sha512-mk/FIGceD8k2pPc57HOzlbikaGeIdF2lqpvHZpc+5TYxRetEbFUb5l2qsMPEbpyD1dAW7PDLWfYikuCnvz5jBA==","mode":420,"size":210},"dist/lib/es2015.proxy.d.ts.map":{"checkedAt":1768031010315,"integrity":"sha512-sjGqTeadvQmpXPKVJo/eJZuayD8CKKXG3xDRJ780a3gGZQhhtP05kMoSeoJJzV7av8gQb8sZCWY0lPi0SUKLrg==","mode":420,"size":206},"dist/lib/es2015.reflect.d.ts.map":{"checkedAt":1768031010316,"integrity":"sha512-jWsQyv+qArR6qixF1qBEHGl+/UpG+Hb4qzliem+pX5MToFN+5E+9ex/bOby9MZb0rcJjDmDkbIXT+tLYHLI14w==","mode":420,"size":210},"dist/lib/es2015.symbol.d.ts.map":{"checkedAt":1768031010316,"integrity":"sha512-LMHw/nGAWlaPAdTjqqWA27O8j4A6g8mU33QLVN6Jew5Ww9UeJLu52GmCzgaYb1E6CiEWgIde+gV8VJRZhejxAA==","mode":420,"size":208},"dist/lib/es2015.symbol.wellknown.d.ts.map":{"checkedAt":1768031010317,"integrity":"sha512-9Fyf5ftf59rnprxP4SSNBckYo8yfL5Hed04ETT+sc/cnuXBACV3VtP5FjiuyEU+HAK3rGt2Gl5+VNg86EyKvNw==","mode":420,"size":231},"dist/lib/es2016.array.include.d.ts.map":{"checkedAt":1768031010317,"integrity":"sha512-xOJUgLvOHBOhx9tkovn391gODkmVRex44j9FRkr3y90n5ebq/1XnhK6hRCHRA31sJ2HlxA2GvYeny+/hsgwvew==","mode":420,"size":224},"dist/lib/es2016.d.ts.map":{"checkedAt":1768031010317,"integrity":"sha512-RjVRSVQzeyfqCRV8jhSjWhUrnpiXuWzRaXm+HyhhMvfzCtxHz3R3VxmUgV0/CU8ktiFWwmVtz8/guuE7swOpNA==","mode":420,"size":194},"dist/lib/es2016.full.d.ts.map":{"checkedAt":1768031010318,"integrity":"sha512-XhusAjJ3J4sAlgntBqGJI1L7TwnqApJ6zqXnScSPEzSFFOW7TAcMZNyd0Tu3E1To7wYleRmIeTwSdeT2nDVy3Q==","mode":420,"size":204},"dist/lib/es2016.intl.d.ts.map":{"checkedAt":1768031010318,"integrity":"sha512-9AI/vK7IlryeOmssj4zQlPK/RJ+rLQhPilDZ8oVqJ/PmcK0Ef/CtEvB0HSqcmM93lWzdlnuqV8PJ031BDwBI4A==","mode":420,"size":204},"dist/lib/es2017.arraybuffer.d.ts.map":{"checkedAt":1768031010319,"integrity":"sha512-zUZcCbdz2lSDZm5XM+JBeMl8E9WdWYdb9IGoQGilCc3a6LQq26YEVwjKnY3nHhFPsmXQDXMwkzvhKY/1fFeuDA==","mode":420,"size":220},"dist/lib/es2017.d.ts.map":{"checkedAt":1768031010319,"integrity":"sha512-bw5yMmVNiEgZ1LHTtr//FmmhllyNmwLUj4/JJ9b/IXPILuYaI7qJQaG93MweE9Cm60VV/5uLzoPLK8SxL/C9Jw==","mode":420,"size":194},"dist/lib/es2017.date.d.ts.map":{"checkedAt":1768031010319,"integrity":"sha512-PY0uTC1hKGevvH8vp9MUkqRXl5BDAx/OW3zNYMBfT51YRci+YwXc58+uL4fTlX30VSuzHBetYWGuPytTBBZzqA==","mode":420,"size":204},"dist/lib/es2017.full.d.ts.map":{"checkedAt":1768031010320,"integrity":"sha512-M1fm6cOJgWhbXZrP5gdNRwu56VT6Zh7X9Rp4/MF8tVDVVeYG+k1y4tg1UYYkgcsfi5YjK0+QNPnQXaqzpvjPgA==","mode":420,"size":204},"dist/lib/es2017.intl.d.ts.map":{"checkedAt":1768031010320,"integrity":"sha512-DNbwgtBpBqiNRX1t5zWcKOTvfNAcdNR/lOInv2md3juT9IYsO+84ilvjZYGGBePTiUCNCAjq7imkRsbha+bWSg==","mode":420,"size":204},"dist/lib/es2017.object.d.ts.map":{"checkedAt":1768031010320,"integrity":"sha512-2qeIUeQpjJ9Gl1KGk6A8GLHP1vb+6z1lTrSlCmsrF3zfzJOlqeflb0J8Ga1yYTSiJpM2gTHFmaVnBMeWA+O1KA==","mode":420,"size":208},"dist/lib/es2017.sharedmemory.d.ts.map":{"checkedAt":1768031010321,"integrity":"sha512-pakZBD1BVr95nr+JVItOXbzEUVQdAeKyfrvoe5BezqlJm3nIpTfJVEL2cb87KIidyZs+oZO9vBRMVQik0Z+mkw==","mode":420,"size":222},"dist/lib/es2017.string.d.ts.map":{"checkedAt":1768031010321,"integrity":"sha512-yfhKFJ1rJ1wQj0RaAujRwPGIA15oeX+Lw1f/yyRd7G6kSvUcAhxaMP3YxFglC/6NCWtbC1CEc8g0kc5mMwJ1CA==","mode":420,"size":208},"dist/lib/es2017.typedarrays.d.ts.map":{"checkedAt":1768031010322,"integrity":"sha512-/VpTpuYwrkJPbdp022kGq0PCCT6mzyCDwS6U56n/up0t88+d/uxCsByR6ALSMbDS7DFHwjqKm1wwn6gTu2UK4w==","mode":420,"size":220},"dist/lib/es2018.asyncgenerator.d.ts.map":{"checkedAt":1768031010322,"integrity":"sha512-stDK7e07kLkCCYQ09tSerVYKWxewiKuCMJEfWYkeVElqy0upER1uCj0slLaQt+OOHxPg4gujpL+ONsvoIpce6A==","mode":420,"size":226},"dist/lib/es2018.asynciterable.d.ts.map":{"checkedAt":1768031010322,"integrity":"sha512-8N/jqIIMT8drd58CpHYuaCGstxSqUPLlGEuzwugOts6dZDcUgT4pN7GQE8pERb/AnkhZaTjHN3xAPBjltlNn/A==","mode":420,"size":224},"dist/lib/es2018.d.ts.map":{"checkedAt":1768031010323,"integrity":"sha512-ts1PmWECC8EfoUf5of840zrujVIzenJ7OT5mJE3W8U5wlnwj8SGtC0a2UIHSfa90fdAw9XD8L/LLOXFXOzP8gg==","mode":420,"size":194},"dist/lib/es2018.full.d.ts.map":{"checkedAt":1768031010323,"integrity":"sha512-MKmr9UwEbNlzMLwSGcRL3j3k6YESxXLllqgF1ixp8+RTObqkmbH1XcgV3GFNx889LXH1YiBzmV0rLlIMUIrDFA==","mode":420,"size":204},"dist/lib/es2018.intl.d.ts.map":{"checkedAt":1768031010323,"integrity":"sha512-jhc11G887dgGbLYIN4SW/WoBkDYDmBD/Nm677qFa1ExJ9TqVln4v6X/F4Vsh6WP3SgitcXrZtCUEWp70rMxZug==","mode":420,"size":204},"dist/lib/es2018.promise.d.ts.map":{"checkedAt":1768031010323,"integrity":"sha512-n3JpEVigvi7be0HjmPIEJSAmZ3bxFq5NSs8LCfagofyJ/ieAhU42m9qSy/jLCGDTRzRXfOz7NQQdVEE4P8ENaA==","mode":420,"size":210},"dist/lib/es2018.regexp.d.ts.map":{"checkedAt":1768031010324,"integrity":"sha512-Tyaf2/9KFl+ZmAueqWdrCDTDY9Tm7qD4hqavRb9Kz7dH8vsohixRjOST4RATz21MMDa5/sV6CgPgfAXOIJ6qIQ==","mode":420,"size":208},"dist/lib/es2019.array.d.ts.map":{"checkedAt":1768031010324,"integrity":"sha512-DqGnzxpF9CWvtRP6KLmEj1V2knCW6NqiQ9CuLNEP6mvbMn+jCNovOPQIoyy8mr0hSzFRg5TPcJq0zvJQOxjqIQ==","mode":420,"size":206},"dist/lib/es2019.d.ts.map":{"checkedAt":1768031010324,"integrity":"sha512-nK2Zm6NToe1AEjAIjK56tD7DYh2noIz8VedP6YFH7EZb64hgzyNzK7hZU+a08gPM9TxwiCp8gobbNrD9PEMtaw==","mode":420,"size":194},"dist/lib/es2019.full.d.ts.map":{"checkedAt":1768031010325,"integrity":"sha512-REQXMID3ot/Mt7IQbLl/wDFcKIiIldXVM/jtjtVmAb0CpFmNCXKYQodqG/VLXiYkab+1die7nUVlMYkrXXsyCA==","mode":420,"size":204},"dist/lib/es2019.intl.d.ts.map":{"checkedAt":1768031010325,"integrity":"sha512-gvrudBh85wLBKOsSSuFhEWkk/qjfR80dJteoXGfnPrJfI6itFPRvOuYcEvnIMhvvztmbWAGfEz2EW4xfsS4vlA==","mode":420,"size":204},"dist/lib/es2019.object.d.ts.map":{"checkedAt":1768031010325,"integrity":"sha512-5EBPNRuWiC5fuYeWX52tQE9HAqwdOBkzz7poDCm8rQ4z9X40iC1VyCZ+lsXjT0T5jvQm3Zue9k7w3EFzSzJ69g==","mode":420,"size":208},"dist/lib/es2019.string.d.ts.map":{"checkedAt":1768031010326,"integrity":"sha512-l5byhKsC0TgGGQKjU8hWKD9o8mA6/0Zvs1EzvZIsXOcK1n7urTls22cNUXGJaoaeZyIj+zuBaVlrC9k6oMLkMg==","mode":420,"size":208},"dist/lib/es2019.symbol.d.ts.map":{"checkedAt":1768031010326,"integrity":"sha512-sxdwzGmqeFwdIA7ATydauksInUq6hQfEZxqYBqw0jApS2n2qd0Il4+6GEnBWhAnJkeM98xFjiZLxC/xlgfmUqA==","mode":420,"size":208},"dist/lib/es2020.bigint.d.ts.map":{"checkedAt":1768031010326,"integrity":"sha512-cZ0cHuQKWB2qm+1YkxC3ug1BCJEd8Mi6rc1Ccsml5Pixmsq+IWMoesC8RhFmLtKSfR4WJq+nmrYl1vYlsf2PNQ==","mode":420,"size":208},"dist/lib/es2020.d.ts.map":{"checkedAt":1768031010327,"integrity":"sha512-r4GUdafM+cDFssdeeDSQo0IhIzQgbHHg0WMMnDMy+MfpmFelsrf4pZ9K1TEFobwJBKE1akNiC/cxyogWbl/3ew==","mode":420,"size":194},"dist/lib/es2020.date.d.ts.map":{"checkedAt":1768031010327,"integrity":"sha512-x3quBrGQCpYO5p+O8jtNWaZtezA+a4wxTBEinyG7Iz9dna0vCYGd3+zfl5XSOQpclARzqHcCxkq7WFsBtJlbbQ==","mode":420,"size":204},"dist/lib/es2020.full.d.ts.map":{"checkedAt":1768031010327,"integrity":"sha512-FGsrYP2KvbJrdKaF1jQIZdTsEhff758oeQ/L+PJcxKFI20MYJ2B6W7UEGKIK87EizmM5qZJSnv15rMslDNmtPg==","mode":420,"size":204},"dist/lib/es2020.intl.d.ts.map":{"checkedAt":1768031010328,"integrity":"sha512-vOihKyWS6ZtEXjzFm+GOs0PFy+OChfy7YABX/q/JSwL1CTbHMlH4A7DgD6Qn0BOFQDifNvIbcQ692HaKBR75ow==","mode":420,"size":204},"dist/lib/es2020.number.d.ts.map":{"checkedAt":1768031010329,"integrity":"sha512-J6kGjLwjYwNUevFiiQJZ4IDWcm0LR7bEiiCzlZDOCnMwGCrkYxOGBDNJRUPcocVf1tVZAbB6xqTbLX8VXEEZtA==","mode":420,"size":208},"dist/lib/es2020.promise.d.ts.map":{"checkedAt":1768031010329,"integrity":"sha512-VRyNqBot0XW326cx8hFB+2mfF/aJcP4zkDtVO/b11e2JXuj5rWCHZCok5iwV/Y+xLxGYkwY+P1acVNhz+axkZQ==","mode":420,"size":210},"dist/lib/es2020.sharedmemory.d.ts.map":{"checkedAt":1768031010330,"integrity":"sha512-GQsO/NARJlrq2ELuN68+IpSlBpR1BkQFa7U2tx7IptaXGcVgS6EV5IrwJaKtql3zfsmSh0YBxASDHR9VpMpi6w==","mode":420,"size":222},"dist/lib/es2020.string.d.ts.map":{"checkedAt":1768031010330,"integrity":"sha512-ubZmNtHF7ypxkSeGBm9XxdkcZonEOTvcipxD/Gl6r6k2duHjf6Hoqd6G4ku/JmSy9Z6Ex/RlJKaOrGtdN5grQg==","mode":420,"size":208},"dist/lib/es2020.symbol.wellknown.d.ts.map":{"checkedAt":1768031010330,"integrity":"sha512-JAYng4T9zzO3s7hgt1BbCXr7Tfj80rhSlDG3/ba51myGi5BsBDn2gSCA0ilnou6ohKlnvSpAnjGUlbkRQJjbMQ==","mode":420,"size":230},"dist/lib/es2021.d.ts.map":{"checkedAt":1768031010331,"integrity":"sha512-GptCwCU96OvtCIdyv8FJe1mGZAUFTpsasTxbH2GFqMarP2kqy29V11Po2UtsVoSdW9wU1iMHQ/p13GbtdBvqeg==","mode":420,"size":194},"dist/lib/es2021.full.d.ts.map":{"checkedAt":1768031010331,"integrity":"sha512-kT+aOKqHSUNPB/e3tPqjH5kxq/tBKxCFB7c4dXKQ4TRKgEJix9g7ZBqrrfvCeukN4FeDHJMpEdchN4uhgzHFAw==","mode":420,"size":204},"dist/lib/es2021.intl.d.ts.map":{"checkedAt":1768031010331,"integrity":"sha512-8Z5k+HyZY9JOZlR6S86e78d1wRkBodUymSgvUl1KZccFhf3WVHQ4yoPwmAbu0hhlVIUvd9QPVepA1dxeqL7zpw==","mode":420,"size":204},"dist/lib/es2021.promise.d.ts.map":{"checkedAt":1768031010331,"integrity":"sha512-D2Evs5f0ncpWR6Ls/+7kuozFSWq+uF/42J6PxaIQeid0XyZTcDMd7QHqTLvg7ys0pd7wjHIXU/9y2k+9oJLCHw==","mode":420,"size":210},"dist/lib/es2021.string.d.ts.map":{"checkedAt":1768031010332,"integrity":"sha512-eWSVaVR6KDBWAsFbpurjV/sazHhOBukBQo+Wd4uGGkj+nkjDZdvSIBnZyNyXMBhiQpZUBxBPqT2nDnqMW+hL+Q==","mode":420,"size":208},"dist/lib/es2021.weakref.d.ts.map":{"checkedAt":1768031010332,"integrity":"sha512-FFegwzLHjFfuuwr/aN25gamtLbkQB+Sf2xMNEzqzxFBlF5rVyXBrlGOL36PIwMh447rfsiPe5IumL+9KEL/FyQ==","mode":420,"size":210},"dist/lib/es2022.array.d.ts.map":{"checkedAt":1768031010332,"integrity":"sha512-kJf9MYYHkJOgrgONL6W2m3BH+CAB+9Dqx8zTswY/IAp1aldDyDgcfI45PGZrn16F4py1PmTnG56lLoaJfAuRVw==","mode":420,"size":207},"dist/lib/es2022.d.ts.map":{"checkedAt":1768031010332,"integrity":"sha512-f4JLkDXs4f+OSZhpkWD428RQWjTwqJI8lMYYyeGJbcWKljiRMNiL+j1ZpGIKUArWZzayf4BvaxVIw8IudA/i8A==","mode":420,"size":194},"dist/lib/es2022.error.d.ts.map":{"checkedAt":1768031010333,"integrity":"sha512-OB0lxjqnuVtXZeu40OOzxZ22EJdll7qc+29KEUpt5IAEOfG7ZwngMvTYABZByQAfBRTCKg0ufRpiSOY2Ne4Vyg==","mode":420,"size":206},"dist/lib/es2022.full.d.ts.map":{"checkedAt":1768031010333,"integrity":"sha512-BjYrH3dJuMxsMhB7hAQKM51bdHEFBfU0nFHeWwDuO7sTKvmcRT8LnaeV+2fMJKh2WXeSV+nw3S6uoFkuNu/RKA==","mode":420,"size":204},"dist/lib/es2022.intl.d.ts.map":{"checkedAt":1768031010333,"integrity":"sha512-Pwn+p5QwERPl9dgRkNbKtO8DVQ0HaCv+ecdBBahAqx4bWc0vbPzFlUP5zWM1jPu7bxj8WTrWlV7/eYWwNwmhlQ==","mode":420,"size":204},"dist/lib/es2022.object.d.ts.map":{"checkedAt":1768031010334,"integrity":"sha512-oG5FmRuuW1+ggSRxWWheDgap/9z8o09BH5/iSq3MZ9MY4kc7NO63gUvLXKD13OS/4c8jDfa0GKIlVm+YuRXeng==","mode":420,"size":208},"dist/lib/es2022.regexp.d.ts.map":{"checkedAt":1768031010334,"integrity":"sha512-XtTiFcV1Mjsz84WCRgI1cJbnDtRp6Fdr79p4DgUOcykfIl64VCeVNZi2XiYZHFbABB4c66OW5NyoKH7QOnzNzg==","mode":420,"size":208},"dist/lib/es2022.string.d.ts.map":{"checkedAt":1768031010334,"integrity":"sha512-5dreoN4Bo95ARoNO3j3oFhbs6t1Mht2bq5II+8Lw6NlrKplEW7Y7TU4GUD5jb4eKmLUt4FXCp7H6zxzT8nybtQ==","mode":420,"size":208},"dist/lib/es2023.array.d.ts.map":{"checkedAt":1768031010334,"integrity":"sha512-iy2x1bwOrjXeqRkfGo0sPqdYO0NTGrYtql941moYEVGaEk1XNLU0mwJxOFbbb9Ia0LorqEKSYyvs6G1FQ1BIyQ==","mode":420,"size":207},"dist/lib/es2023.collection.d.ts.map":{"checkedAt":1768031010335,"integrity":"sha512-rpwqx9+H7eCC7XXF9NkAJOt8p0qqt43twGarGPCayE7BID0PrWQeajxqdoXX5dssWh7G3H1KHnZiv7gMMiNZJw==","mode":420,"size":218},"dist/lib/es2023.d.ts.map":{"checkedAt":1768031010335,"integrity":"sha512-i7FMSCEf0um++Jiy58qCJEmk1pizbqiOyGl7CbWYbfCEXldGxWJFUbe1WgRno/1CD4cSrqQXsvgUchcCaGKCgw==","mode":420,"size":194},"dist/lib/es2023.full.d.ts.map":{"checkedAt":1768031010335,"integrity":"sha512-rUtw15NT6/EYyVy2b/9XmS9AE2mMiwFdkJZFteV8yHsg6yOAaXAAZ12tlz/T/ydwaRxNiVFPu5jNelZWXXBBHg==","mode":420,"size":204},"dist/lib/es2023.intl.d.ts.map":{"checkedAt":1768031010335,"integrity":"sha512-LE6iXtw5WUkn9cWzeRMh4LhNgqijscS4CyPlERDJtJm3RRS9F4778VaZC5wkRpGM5O95fo+YNkWrrry5T9Rxww==","mode":420,"size":204},"dist/lib/es2024.arraybuffer.d.ts.map":{"checkedAt":1768031010336,"integrity":"sha512-mHHjxGZJ6aH60+B2cuCLj59m02XGEYmK5jwRtQUA87fV/VvvUUchnRdJGj/M9XueCEYYg9TLanphkkObbWCmIA==","mode":420,"size":220},"dist/lib/es2024.collection.d.ts.map":{"checkedAt":1768031010336,"integrity":"sha512-lj+KNtvVBFLm/yWikZILiZAjJrUG6cToiSMV/Ouzu/D7NXHh/oiZBUOcwWKqZfNLZ4EGBL+YNc8yXGlP+wGrTw==","mode":420,"size":218},"dist/lib/es2024.d.ts.map":{"checkedAt":1768031010336,"integrity":"sha512-eUHgE6uLwoMyY3t8ODGAyIL6reC/5xCJj9Gu5MzvUjrM30f24Cq02vwhsjDSdFzX3vpelGV7Clkvb5R4AsY65A==","mode":420,"size":194},"dist/lib/es2024.full.d.ts.map":{"checkedAt":1768031010337,"integrity":"sha512-P6pgmdVECdHf/7UfQoHi2pJqwlH9ajac8j4JZrv3u9rVaWnJK0tIuJeRCrydi+X1UJX4HY5bveup56Irk5hfpg==","mode":420,"size":204},"dist/lib/es2024.object.d.ts.map":{"checkedAt":1768031010337,"integrity":"sha512-cgPf9B9ANMa96ugl1daGPJjUVMqRSvokdR6YIAUQlmFzPb560mxqLy4gbjEv/YSgDCBXDDowxp6rohELj2YHnA==","mode":420,"size":208},"dist/lib/es2024.promise.d.ts.map":{"checkedAt":1768031010337,"integrity":"sha512-l5d3eX3siFpkyLOmxDEzbNMHYLuLwft7h5tPbv8iPXoOPS0DiyVxVai4hefw2IY0EOFwbbdfMx46R/LE2wfJog==","mode":420,"size":210},"dist/lib/es2024.regexp.d.ts.map":{"checkedAt":1768031010338,"integrity":"sha512-q0eGAnX6Ocn0gvGkxoDaLb7H6eTO6wk7f3o0tz0alyBKOFw+3/CSOclWZm1G7Rz5r48xgs0fnNVIhod++BX0VQ==","mode":420,"size":208},"dist/lib/es2024.sharedmemory.d.ts.map":{"checkedAt":1768031010338,"integrity":"sha512-E6phpfPUbqXh/FXsKfEHlPzLDnlzYILjDnI+tY+6MfvHdzjeKuWQzrrJ80jpkU+pncfpZKvy41eq/MhD8CrOcg==","mode":420,"size":222},"dist/lib/es2024.string.d.ts.map":{"checkedAt":1768031010338,"integrity":"sha512-wGB/VlaO3RWRhkXVU+nw1O00bV92hmi1NYhVXXe5zVksoNNYw2jrB7ByoxFaGHNQQM5/uPOmlFP/OiX0XfMaUw==","mode":420,"size":208},"dist/lib/es5.d.ts.map":{"checkedAt":1768031010339,"integrity":"sha512-szB/si0Usqigy1b/3Dbl2D9Bsr09aaMUQNvd7T8g5FN7rrrtVBCP/ojVwSH0n2P88p0UClZ2HNxtL7sv0s4HMw==","mode":420,"size":189},"dist/lib/es6.d.ts.map":{"checkedAt":1768031010339,"integrity":"sha512-fpB7+9uHXubvBYeuPOv4CppHtuWGtEJHWf/bItm6GlTJb5SDGJpwjfos2JcUlgCsZX8oDCtZ7mpoCdz/xAWPQg==","mode":420,"size":188},"dist/lib/es7.d.ts.map":{"checkedAt":1768031010339,"integrity":"sha512-ecTd9jaGDfVKQLmrsZvQDjGIrwf2xw8RjfRB+pxUScb1Fp0wA2YdnpjhG+1FfxWOniz3uDPI0/T2NGtthb/elA==","mode":420,"size":188},"dist/variable/ESLintScopeVariable.d.ts.map":{"checkedAt":1768031010339,"integrity":"sha512-EnBPtVjNeALorW6wAGx0qqzbhwznBHhdMXB1CNe4HI3NYMotCE2c3ZHW/RTaDpr0Ifjo95pNWjBe734W6sPTiw==","mode":420,"size":487},"dist/lib/esnext.array.d.ts.map":{"checkedAt":1768031010340,"integrity":"sha512-UKU4Y7HhXcSgB4sP+SPSsTGpsmNedlM6f3WzgenlMQ4n/H/fKUpF95mDc8H+aCqLVjWYx9kFTVMsRqmtBmsXiw==","mode":420,"size":206},"dist/lib/esnext.asynciterable.d.ts.map":{"checkedAt":1768031010340,"integrity":"sha512-pXnMLIBsxyoVcQEoICDuXyVaT0IBdmMD7r4iDwCPZxh1r1EmL7v+B+REESFsadsvSgACXQys94Pjiv4vuAJk8Q==","mode":420,"size":224},"dist/lib/esnext.bigint.d.ts.map":{"checkedAt":1768031010340,"integrity":"sha512-BKSmIfAvO/ubuVtQw94X6MhxFRGjZF8GjV/PLkRoD52KPnEicm44JMOEhV35jCOvDDSNyKEQXY38fx42F38JJQ==","mode":420,"size":208},"dist/lib/esnext.collection.d.ts.map":{"checkedAt":1768031010341,"integrity":"sha512-SZOXKWAiBcOcFkjSeRSjoO2gewmY803fouFsBHiWOL4nQ2ulmtIID3I4yyyni61BQqkplhaIP6vz0Bpy11w5Jg==","mode":420,"size":218},"dist/lib/esnext.d.ts.map":{"checkedAt":1768031010341,"integrity":"sha512-tMld2yZR2TxLTZROUgPaEvIUP8rJJo/B+vti1kdjcfKImNuTtEqGCfPDlGg8ditf+azAu0q0r8tvtK6YTUP4fQ==","mode":420,"size":194},"dist/lib/esnext.decorators.d.ts.map":{"checkedAt":1768031010341,"integrity":"sha512-BFg3ZoYYHTid+8AoHW6s6AF3sVsdG7g1KgBUTAe0JzPGA218eLEyKfErv4e0WbCXOeIcIQAYP8JvO80oa9K5Yw==","mode":420,"size":218},"dist/lib/esnext.disposable.d.ts.map":{"checkedAt":1768031010342,"integrity":"sha512-qWhdraRmGiFVkCu/1kzUzYRe2jP5W478AUw8WsMD4c8gqrWCy2BK9Z3M0RSYSS1POZVKA5EC4AYV7MWp/AtfCw==","mode":420,"size":218},"dist/lib/esnext.error.d.ts.map":{"checkedAt":1768031010342,"integrity":"sha512-cWSfzR1eLjxTY89+F7l8gfvjUe1WJR1t43bvmaL62ziNWGDU5E59i+8AqVItaotMwjGcAq8HA36JPnFf3gquWg==","mode":420,"size":206},"dist/lib/esnext.float16.d.ts.map":{"checkedAt":1768031010342,"integrity":"sha512-yL+N64kg/iWwINwpRZA5GpNrM0fCGwbRRdToL6nxjZBk0KbX4DprUk2Qfhb24w48ynkpkD9rpAtYKa7rXSrEvQ==","mode":420,"size":210},"dist/lib/esnext.full.d.ts.map":{"checkedAt":1768031010342,"integrity":"sha512-ieTQ9enK8p8n4W9DR7ge+lUwSTUlMPwzoaly3ExtbGlTwOqwIuhB3SHzYNFxHCXojcpSwDG3TufMrvdQiPy/lA==","mode":420,"size":204},"dist/lib/esnext.intl.d.ts.map":{"checkedAt":1768031010343,"integrity":"sha512-Lq89pbknzKCFEdhgXisfef3bdsxUwMFFO1pYtT1/FfuzCUDmGQtX1YL8I6Uyl3gVq8yolYtmk4u3NevKzoRlhQ==","mode":420,"size":204},"dist/lib/esnext.iterator.d.ts.map":{"checkedAt":1768031010343,"integrity":"sha512-TerKNKSQyYRRcL/YeQjiO1nYMiM+AaDnz0vbGFRJcTMNf6lYu4iIHdB6bSWbObXWCCIthe6nfKUEH8LFHkG+og==","mode":420,"size":212},"dist/lib/esnext.object.d.ts.map":{"checkedAt":1768031010343,"integrity":"sha512-DGRcRRvBD82RWK/Mevxf3lTgFsxTgOmtBoOH5N5gy0DFzjlAJHOknqAdbY/wkWqeZGJrzZoT0wib5YjOELzzDA==","mode":420,"size":208},"dist/lib/esnext.promise.d.ts.map":{"checkedAt":1768031010343,"integrity":"sha512-vpGx2dHVWkBaaPGbpi3z7M3Qh+y7z/2TkbYiPqS7uCUoS+DTaVq3ozi6tCo1/nV1TIKP7+AqVOwsocrbWxEv5g==","mode":420,"size":210},"dist/lib/esnext.regexp.d.ts.map":{"checkedAt":1768031010344,"integrity":"sha512-TrL81uQbXwiUqVQtThlj7VOc9hybrgGX3+aOXpIoi7GdbHEWAC42pnVrUzKJw2Wnx0RzA2eUOVWoxvU3/v26Jg==","mode":420,"size":208},"dist/lib/esnext.sharedmemory.d.ts.map":{"checkedAt":1768031010344,"integrity":"sha512-dvjz2F5Hfl0lrqI0UBexVBRe/yWdmDZZFYsIF4pmlTqj7Af76Tc8byyLKWJJRIcEeQSr6In7mYEd1BeJF3wRZg==","mode":420,"size":222},"dist/lib/esnext.string.d.ts.map":{"checkedAt":1768031010344,"integrity":"sha512-i3OZv3kbsiRxjGz0YUlSMzxLBWSbmsvQmoPoSciZ6cUwX/nyZaWnAnoC0bRaiNBHSvbfPuxfqLQvPr2mQXKrwg==","mode":420,"size":208},"dist/lib/esnext.symbol.d.ts.map":{"checkedAt":1768031010345,"integrity":"sha512-X4kJ9IN0SnAWv7yuYMIk9HHPbPv2JlF2fan2suCVGrzOyNiJvw5MbPzmH3oWBjdHOUWNVzoRffU6wXBkNQ43Vw==","mode":420,"size":208},"dist/lib/esnext.weakref.d.ts.map":{"checkedAt":1768031010345,"integrity":"sha512-nfePUEowSKXTLNFoigLUjba/6q5ctsrslZ4ovsUCfu06+FlOoLWUgVAdzz2ahaQqS53iXP/cs+UybBMHB1SGfA==","mode":420,"size":210},"dist/referencer/ExportVisitor.d.ts.map":{"checkedAt":1768031010346,"integrity":"sha512-iuCjiMCBcjoP82fptKHs2TJBqZ03TZSwLNwJtOsj5zMNn1Yc0k6q2aHas581A8YvGOPzqh+vkt7TEqeEgwPaVg==","mode":420,"size":765},"dist/scope/ForScope.d.ts.map":{"checkedAt":1768031010346,"integrity":"sha512-jmJ3HFmg5GV+ElP1eewEG9+3u3rwQHq8vxaN9SAMcVU5fyb3B8B6GRGmaT8f9LF7n20T+7XkSgisYpyg9jmVfg==","mode":420,"size":564},"dist/scope/FunctionExpressionNameScope.d.ts.map":{"checkedAt":1768031010349,"integrity":"sha512-058L6BfryN9Zge2BCwDOnHYAZPDkR+Qn5mEgjbhMHG0gEMAim9WZMr4RJPwS5443/M/o4rlFYs+nGe/6mxpguw==","mode":420,"size":608},"dist/definition/FunctionNameDefinition.d.ts.map":{"checkedAt":1768031010349,"integrity":"sha512-kDuyD/vWdd4fp4m0/GT/oGtEQgcB0RWVRh2TvR3m6Bt6T994NN5o/2U+BTkOCKHBD+6msLLIFfG0/V1j4YUlsg==","mode":420,"size":585},"dist/scope/FunctionScope.d.ts.map":{"checkedAt":1768031010349,"integrity":"sha512-oi39XwR5tY1elWr35bRTXVDaWlEZ8WwtnUkxuaD2XfLNabNdJpqnQ24ce0iNFBA+QdoVNHGPw2ev+5XIHfXvBA==","mode":420,"size":832},"dist/scope/FunctionTypeScope.d.ts.map":{"checkedAt":1768031010351,"integrity":"sha512-jz4nCz8YllWenPd0/u7wQPmCjc39n7Cx6ZOt9NzmJMoyb1ME1Qtz+6RKW2rw6DTrKUx/f0jwzhRWo0NIWa1f8Q==","mode":420,"size":641},"dist/scope/GlobalScope.d.ts.map":{"checkedAt":1768031010351,"integrity":"sha512-YDTx/DA33zYqcbjNusqezi1XDfnkQXt2oh10cLhIGiqfgEHMXqjxB6hdcPaKMsKXkkwFDdQ8UAGs3Ajtaqj9Jw==","mode":420,"size":707},"dist/ID.d.ts.map":{"checkedAt":1768031010351,"integrity":"sha512-6aIfF4Ue/SCGn2oA0E1LxJKcIhQgdQVpRAtawHgZwdpqzHo6jej7UHZFm4LbsKCaTnw3s9gEajeR3TaBB2jsxQ==","mode":420,"size":170},"dist/definition/ImplicitGlobalVariableDefinition.d.ts.map":{"checkedAt":1768031010352,"integrity":"sha512-yOLW5DeRbDqWLqo7vvgJgMnKORaqv9rY6P30nWnBqKssAt/UeySOGWsCFziFsdLj+RjJXal1I4K5woX0we7UEQ==","mode":420,"size":536},"dist/variable/ImplicitLibVariable.d.ts.map":{"checkedAt":1768031010352,"integrity":"sha512-iRdrmMyA/rmB09IetkAnZ5WrsEu5znlvQ3rUgcNc9MaiG1efMWYrAYjfgInMskqR4JLMsRXtp+9JvM9yfKapKg==","mode":420,"size":861},"dist/definition/ImportBindingDefinition.d.ts.map":{"checkedAt":1768031010352,"integrity":"sha512-5AP0FB5vVjRSGBoE3vqNiUgdvX8YanFEJ9rc4T0AAljSF6aGbHx60tvg8fpDLvxabfOJMB/2VRVmftH4y4KMRQ==","mode":420,"size":790},"dist/referencer/ImportVisitor.d.ts.map":{"checkedAt":1768031010352,"integrity":"sha512-nVJb/XgDc2uwO2G9Tm11PRqdLc/yU3FNIrSve/wb3BFaN0ULKsj1HTlcQQMAMcF3cGzWW2+Ukjc4xHLf//y/tg==","mode":420,"size":771},"dist/definition/index.d.ts.map":{"checkedAt":1768031010353,"integrity":"sha512-Xt6JMiguZp0bLdR2CSP4c/8/WImmel7lL7B3mfnv/8UVCUSXtgu3yYNCtl4I9LtBBTxGJsi+9aUkUf7hKZL/9A==","mode":420,"size":413},"dist/index.d.ts.map":{"checkedAt":1768031010353,"integrity":"sha512-DiCwcIWqbVrdi5DZyAk3LPeQg3x6HuErVLCSNfvqih3MSpXbMZx/H1iRI4+aNm+eTy1uDbEXdCN5HSqecf96Xg==","mode":420,"size":429},"dist/lib/index.d.ts.map":{"checkedAt":1768031010353,"integrity":"sha512-/JpsGGxcm70NKUfIM6/UIJbXDXqU6a5ccsFSUFxeMk8g6Wd9treRXIw+rQObSd/IXpz8jME6lZzuoXNBJCh7HQ==","mode":420,"size":219},"dist/referencer/index.d.ts.map":{"checkedAt":1768031010353,"integrity":"sha512-b8XznMNrJQPXl1/JoZg6Ftt60nqFnHY+0zJVLQZyzruDscjUPrKh56X9rQlyp7ChEFJnRtPmtrbkJ1ag1WTGrQ==","mode":420,"size":174},"dist/scope/index.d.ts.map":{"checkedAt":1768031010353,"integrity":"sha512-iAG/dQegYv3yE27BzpNKHSR7U980mxsmNZ/S4fUxGNv7kdMdl/8kcigqTKyPm9CBVsDTDqctMx76ft02CYxQcg==","mode":420,"size":524},"dist/variable/index.d.ts.map":{"checkedAt":1768031010354,"integrity":"sha512-mVWiiRpRRCjk2I4ixdT7Kubca8DWzRXZABJQIi9tk5mP+ivZFtza7mE9SoX5+wU8rsoxhfzmjpunJtJsKD4PGw==","mode":420,"size":424},"dist/lib/lib.d.ts.map":{"checkedAt":1768031010354,"integrity":"sha512-HuRRm6WiTd5rO+ONvMynt2Csdbh25uiuyJl2+S/A3Q9mgHx5I+RN/jbptIyNTSP8ki5ZvscpaRw8Nhi4p4Iz1Q==","mode":420,"size":188},"dist/scope/MappedTypeScope.d.ts.map":{"checkedAt":1768031010354,"integrity":"sha512-Q2Ucq1sj+XCy/E9yA+LN9RyfbdddkE2o0yW5jNCWSaqziFh1Yv+kIrKFLn0Ee+ubmSSYXcjWTtL8UX3HJXKGPw==","mode":420,"size":540},"dist/scope/ModuleScope.d.ts.map":{"checkedAt":1768031010355,"integrity":"sha512-F7jzk/GwyzoqsfyWxeZN2jRXBkinTWbNmFqN926uVmDnWcgsfz1OmjOsyxSR7rY8qTcgkZ+ANgwfQRSim3VO6w==","mode":420,"size":531},"dist/definition/ParameterDefinition.d.ts.map":{"checkedAt":1768031010355,"integrity":"sha512-/ete9YgH62hZAP8bMmkPeerIiJh7wKS/y3UemOshWcO4xU3T0lZXRgVTJRx18oiUxCnFwG4h0DYfawhT/XDuPg==","mode":420,"size":780},"dist/referencer/PatternVisitor.d.ts.map":{"checkedAt":1768031010355,"integrity":"sha512-gl7zMXhVdSX1BsKR5iX6Bp+Ifxu8ysVvl9GuGVY78Xbr2X/SEEsyn0SyImW57EdMTjjwsWk2jESfkRBuRVWB6Q==","mode":420,"size":1552},"dist/referencer/Reference.d.ts.map":{"checkedAt":1768031010355,"integrity":"sha512-YHsqIMOQqZmx+6t4jbpkRx4A6h/+3JtN0ko3kGKOMPQHGba0K4WXg3Cklu4nZ7f9ENANxosD7YYQQdmSo7buqA==","mode":420,"size":1404},"dist/referencer/Referencer.d.ts.map":{"checkedAt":1768031010356,"integrity":"sha512-eGtB8GG+ZVGnP01rKuUaztbYrkLnP9b5vqUcwqkWj1j/qdzieT8Ojbl+N49aLWDkWkpoubDglTpJK5OPSqvvaQ==","mode":420,"size":4816},"dist/scope/Scope.d.ts.map":{"checkedAt":1768031010356,"integrity":"sha512-6JFlmG+ApmCkrP2EDhUFCoFeaSDVNugAsF6LagvSMKIlFaOo/AREJMiVGlD8Hk79+npAeuKUkvtBNgVK4lg4Dg==","mode":420,"size":1186},"dist/scope/ScopeBase.d.ts.map":{"checkedAt":1768031010356,"integrity":"sha512-s/EGyd8zEJ31XKagLuGUn74qkQhAxG20a6R0WAqRfJIxmCydWTXNAEexIEuBn8eV6DUbA8nWllyBoTaUYixlVA==","mode":420,"size":2473},"dist/ScopeManager.d.ts.map":{"checkedAt":1768031010357,"integrity":"sha512-B7sxXFAMvjeaYogL0LkmORuN1LQtlPv4P/+18M9gXME4hX8HgxJzx+oIqVd9nvDc40XLU2ijtbjjjFivDMauFg==","mode":420,"size":2464},"dist/scope/ScopeType.d.ts.map":{"checkedAt":1768031010357,"integrity":"sha512-t18mtEgiVf9x7JPo+mSeld75Whr5x3cHEscs4YIW9tBAeDIye3BnaExEWZdyif7R7P11D925reYS67aSAlcnsw==","mode":420,"size":440},"dist/lib/scripthost.d.ts.map":{"checkedAt":1768031010357,"integrity":"sha512-JHlmZKcHeBaI+O/oe3fKgr06B7ub5jLI9VZTeRtMcZoYD8ydVvMSgaujKv88uZr/O/SDzfzcy1z36xzuXMKFug==","mode":420,"size":203},"dist/scope/SwitchScope.d.ts.map":{"checkedAt":1768031010357,"integrity":"sha512-C7NmdhD/aACrDPUmiirGUM46gr1i6/3WPjwEcV0pkbqA8FaUPNBg5VjQF7eCGovKVeS5RneSN0+99zygUYB9oA==","mode":420,"size":531},"dist/definition/TSEnumMemberDefinition.d.ts.map":{"checkedAt":1768031010358,"integrity":"sha512-Fg7aqBqimr+LOFRaMkbYofLpUlmDPSVOJsqCGd98++Mf8dVujoBeP9EIAR4PdboNje3lVXD52KF5R0AoAtugKg==","mode":420,"size":555},"dist/definition/TSEnumNameDefinition.d.ts.map":{"checkedAt":1768031010358,"integrity":"sha512-qD2lE6OG+6iIKM808TMJqa68s4h4EH1zZUAsTqUKEW/O/ABf7TeVRA06ol55suF0Poe7f+gvTb884mvfm2FLrA==","mode":420,"size":512},"dist/scope/TSEnumScope.d.ts.map":{"checkedAt":1768031010358,"integrity":"sha512-S1eMlXiJeKGNdWH3lb+vB3EdnLMnGa5UBfiKXGAVA4+TJ6w2ZVmopWFlgWOUBW/WcQ2DVaSTpNtjpr5YtXHMRQ==","mode":420,"size":533},"dist/definition/TSModuleNameDefinition.d.ts.map":{"checkedAt":1768031010358,"integrity":"sha512-qpykXQWWIxbUHLF3XiqsEd80ydh2AhGoGdT7Iojc1O5ZCw3TzjqoNCRFGlMJKmmWnO9L6K9MOH5LFppOfuR8ng==","mode":420,"size":516},"dist/scope/TSModuleScope.d.ts.map":{"checkedAt":1768031010362,"integrity":"sha512-CQhrsZZSbk8rV1FBW+aKIkwtF7MwUX27++68MJOZLjax7MYmvONB2wC0hdxABoEQFLzhUjYosUMiiCRbpcf+gg==","mode":420,"size":537},"dist/definition/TypeDefinition.d.ts.map":{"checkedAt":1768031010363,"integrity":"sha512-Lwl9WtNNtzAR9LVd3yGoq+Pti66bWRiXI4ZsQIf3xdPBd0TjJhoDJ8UgTefvPL49fwb3HOk1jTFjfpeRXhrLhA==","mode":420,"size":561},"dist/scope/TypeScope.d.ts.map":{"checkedAt":1768031010363,"integrity":"sha512-SVqRQAQgoVXsnGSlPwWESUZbohkuTP7Xi94OX7Tv2RL/k3leG7SuhGuFDLyQO9Vm6y+PYoT8+abSfIBr9TYfLA==","mode":420,"size":550},"dist/referencer/TypeVisitor.d.ts.map":{"checkedAt":1768031010364,"integrity":"sha512-/hRaxvU3olvVfuIq+9M0R+cOgp7lbPfPZ97TovcFtRV0HPheNlVAHhXr4jSO4UK2TliWHg8z6YMI8rN2uFJrkw==","mode":420,"size":1982},"dist/variable/Variable.d.ts.map":{"checkedAt":1768031010364,"integrity":"sha512-NM2UQTgyxKYzlyWW19hwWOvSmWntj93ZYrART5G7YNPJKULqmyE2hNur6geBJ8wSyLgwjcZzNoqegbU/EwytNw==","mode":420,"size":293},"dist/variable/VariableBase.d.ts.map":{"checkedAt":1768031010364,"integrity":"sha512-/SeW+6N3UnoGy96zjLOavcOJaKAxSgQ4YUA0aKnynVOOp/Uxto1bJtC4W1f4PGKTwdSAyE8BD7ncHIUmeF09lQ==","mode":420,"size":698},"dist/definition/VariableDefinition.d.ts.map":{"checkedAt":1768031010365,"integrity":"sha512-tNJaawOynL3lwcxXJtQk6+Ukin+OHjZ2sZCvYAq627VQjncOo4LbyTuFZecHZleRDrs0moDw7rDwUoW4Z+OzRw==","mode":420,"size":555},"dist/referencer/Visitor.d.ts.map":{"checkedAt":1768031010365,"integrity":"sha512-HwjM7LBAPkwYtL3WzFL4rIFfwVOm7cfmrNbHYDBuKVGG/XrChvLcHRg8Vu3Vg2uxWjUSzMoghfSoX6kfOTQw3A==","mode":420,"size":618},"dist/referencer/VisitorBase.d.ts.map":{"checkedAt":1768031010365,"integrity":"sha512-FVx4/j8HcppJmi8hCOmoiOuxvQi5SuwNc05b1pAtZgXkuiG/zaTaxWe1XhbacPWrRnEbfIFqK3nLtOD6Z/eqVA==","mode":420,"size":645},"dist/lib/webworker.asynciterable.d.ts.map":{"checkedAt":1768031010366,"integrity":"sha512-R+nh+cEe27NY46+onEnBTtNYe4zvxH2H81mzL6PQQimZ2h6t51ARIoZRlnzHVR7ryGv+xYdp2HdUcSkoMiZwCw==","mode":420,"size":230},"dist/lib/webworker.d.ts.map":{"checkedAt":1768031010366,"integrity":"sha512-sOUEgjp42p9yQU8uFDEUarCVst/5aqGyXZOio5ahvU9o7lRXnH46qfCmsz+pkOajvoFTTQVTQi6obK3ey1pF3w==","mode":420,"size":202},"dist/lib/webworker.importscripts.d.ts.map":{"checkedAt":1768031010367,"integrity":"sha512-G77N2a6RLgS52anwOFEEuJeXZjxOp2zLyqAJ963KyUiICmX0WFgnDnuNIwAoauw9ddcK0XQeRi70H7ArvDouNQ==","mode":420,"size":230},"dist/lib/webworker.iterable.d.ts.map":{"checkedAt":1768031010367,"integrity":"sha512-IraTV5XOoLmsEJogjoud6Np7cawzhWJ6I7GnDn/unEnFLkWkjre1RFcBT51+KSuIjos+91va6NMXsYO5b0DqJQ==","mode":420,"size":221},"dist/scope/WithScope.d.ts.map":{"checkedAt":1768031010367,"integrity":"sha512-NA5eI1yGI6igXyPZgPqsCTzAhNqwwoR1h9Nxo9XVQBpV/Y77eziu7ii5BPxJ0r1N0kGNeOC1KERZskY27m5pNw==","mode":420,"size":576},"README.md":{"checkedAt":1768031010367,"integrity":"sha512-j88Wu5hl/owhDRJlTXv6Bq9cjYt2F7g1158uNsWKH9hSrQs+29R5cJk6Dno1ZZroGrnXfDUmvoPYJjrP1/fG6g==","mode":420,"size":696},"dist/analyze.d.ts":{"checkedAt":1768031010368,"integrity":"sha512-JQe2Mzf7ehaZRSxYvpQc5M3reh3ij4E5eGWHsj7WNVctqSMGmqdypkr4mF1Z/Aw9k8K4aHTjaiQIwumOmiuLuQ==","mode":420,"size":2031},"dist/assert.d.ts":{"checkedAt":1768031010368,"integrity":"sha512-WRjCabqv4X0cLPg5hwAMQY60aQWQ6z5Hm5eKWFmJbtYW+sJSkUNkt0OtAL8BRQ+qYGVCtsHrjqns4fQ9I6YOFg==","mode":420,"size":117},"dist/lib/base-config.d.ts":{"checkedAt":1768031010368,"integrity":"sha512-IXw0qccp8axLmkDeWtin3hb3w3nuO/DxSX5mbtZzQT1nFoqe+PwYoo5SYNqRXnqqDLg7tNq7Xc4LYoVr3m35wA==","mode":420,"size":470},"dist/scope/BlockScope.d.ts":{"checkedAt":1768031010369,"integrity":"sha512-Ha2SxmSGRgnBed+OBgYilih2eyGB6U5d2i4OaGY2WUYL8q5jl88TLdYBfwuuNviVvw6y8q3NloEvUL0Qhs6SEA==","mode":420,"size":480},"dist/definition/CatchClauseDefinition.d.ts":{"checkedAt":1768031010369,"integrity":"sha512-orS3GnTmY/29UAAa3jpun41yvZLRssLkV3PZUr8FcHx8CfNaJUFA+579zDK8Iq1OkQ3lTblCZO9mWvQkKZTYCg==","mode":420,"size":522},"dist/scope/CatchScope.d.ts":{"checkedAt":1768031010370,"integrity":"sha512-v5Cdtsqx3TCGngiWGwKnEUmf6fad1c55YZ9aTwbge3N1whjhXpOOcyuBJPxTjShKzmVdh7J3u0+Y3PTdakoafQ==","mode":420,"size":477},"dist/scope/ClassFieldInitializerScope.d.ts":{"checkedAt":1768031010370,"integrity":"sha512-gLhUeIbOmUfUbuLptob4ssTZLMAf7S9FAXTcd7e5omEts8MjndUz7xrNnhfAGBnl+Ia62//2DNBXYdEQ1h8utg==","mode":420,"size":556},"dist/definition/ClassNameDefinition.d.ts":{"checkedAt":1768031010370,"integrity":"sha512-Fy/E5IDP8PymD5YD922OQB5zF+ojRQKwtHM8knM78et7pheYmz0RsH/rZdDBbq4ur66bZnPwnooHBLahoJaixQ==","mode":420,"size":543},"dist/scope/ClassScope.d.ts":{"checkedAt":1768031010371,"integrity":"sha512-mZvUSK4GlAR9QMW/T38YktsSCDQGnr7KOqHTkqoTS/W1U58+/sVMegFSjYIUnAIKDLi5mpL5vGFg9SlSz1Tbbw==","mode":420,"size":509},"dist/scope/ClassStaticBlockScope.d.ts":{"checkedAt":1768031010371,"integrity":"sha512-EcuAk2kKZsf/v4j/1TBPBMHD3gW+ky78DK6sWJynVCHd3+bh65GPIGsCAGTw1nSgZoSe0XXMnxz7tzQDL0p+5A==","mode":420,"size":532},"dist/referencer/ClassVisitor.d.ts":{"checkedAt":1768031010371,"integrity":"sha512-GZdvcxYa9EaClWN1boHnAfDLt1V7Zu/ksgoVeO/qBUE1VHxRhnl+qIstzMIfpxUtLplfCAe5GdxJqDeoYMoRXw==","mode":420,"size":2134},"dist/scope/ConditionalTypeScope.d.ts":{"checkedAt":1768031010372,"integrity":"sha512-0aJWoo2tQuK8O2flkP9fKEGUhwXObVVrWUQXznARdbswDm0obValmYjldPyzcQqyOglCOZs29MPvQrfDElVItA==","mode":420,"size":533},"dist/lib/decorators.d.ts":{"checkedAt":1768031010372,"integrity":"sha512-lrZCrRN93MABuMwHZJuXeMjo5IuPS51LLIpomsntgTVnkwTliaDO/k15xz2ohKF3Oyua8X4eXSIuw8U2MRioQg==","mode":420,"size":138},"dist/lib/decorators.legacy.d.ts":{"checkedAt":1768031010372,"integrity":"sha512-7XJMel8vBIKRkfgWEnSkynpqISxOaSCplN5fIzyKUCDhvWJsVGxlc4JFLYG/foJKxBDfcLJdHKdrbG4qkzamxg==","mode":420,"size":152},"dist/definition/Definition.d.ts":{"checkedAt":1768031010372,"integrity":"sha512-mUhDFgbGtfPXJ5biLwMYWmD4vBtjTmBDIMyxOdXcp15AhTIBBofQPV/XT/a7sa/ovCNfGmaZ8Brk4iiv/VYEjg==","mode":420,"size":1101},"dist/definition/DefinitionBase.d.ts":{"checkedAt":1768031010373,"integrity":"sha512-wtnxKczXWFEjynSPmmh5FsjUCpQBvoeUFCne7HQhFiUqZWRW1uLwC9wKG3w3eI3TtS5aiU93PFS5/hDFVbGZwg==","mode":420,"size":1146},"dist/definition/DefinitionType.d.ts":{"checkedAt":1768031010373,"integrity":"sha512-4ORNHR+qgGL5oyNirrveezp9cqYl5CFwdNvaAW5qZREq5a3rBjNVDq8nJ3e2DNcRLuQTye66Czt785QjrdwHMw==","mode":420,"size":451},"dist/lib/dom.asynciterable.d.ts":{"checkedAt":1768031010373,"integrity":"sha512-YYNAShbQvq5XxKCGjSEOwDkluDZFiZQ0wgiO13A2mSNDAq9MgnzzAB4xdriDAbS1S56u4HRc78zRQMX5jRao4w==","mode":420,"size":152},"dist/lib/dom.d.ts":{"checkedAt":1768031010373,"integrity":"sha512-KTGR/ZIYzHuO7boB2Os13o0NabJKeMeX3O3FSuppTneD/FFJAR7C25hi3fd2Iyba8rymyGDMDr39NoawWKZDtw==","mode":420,"size":124},"dist/lib/dom.iterable.d.ts":{"checkedAt":1768031010374,"integrity":"sha512-3YCk8PvlPh94nKcHMeDqMzbQOLv3MQdl+z3P8/Naftw0Q5U6rc/GQPWz/ffAbbnSirEL8/KmmhpVdTtzyp+PCQ==","mode":420,"size":142},"dist/lib/es2015.collection.d.ts":{"checkedAt":1768031010374,"integrity":"sha512-474gZtCUPqE5CdRJp7UErdSDAfhX5TLXZ2vmYxxJiJhzLuoGTJ4wLASkcRgLg7Aa+imsH6CKrnrQ06McQlBotA==","mode":420,"size":152},"dist/lib/es2015.core.d.ts":{"checkedAt":1768031010374,"integrity":"sha512-sk48AHCnT+YkZv18ysCM/uR7IXLw5/DLZRpQiDSHH7gkedlZ52q2yYWoVL+D9yhmtb5oIHlnVznGItLjrvRwEg==","mode":420,"size":140},"dist/lib/es2015.d.ts":{"checkedAt":1768031010375,"integrity":"sha512-GFPw5NQE7Q7sZ5W+ofx+O9ID94Ck4S8FMEr1fsG0syhBDtmpX5cs1qmtmQy+wL989GTSchgjJRFtFs65xMAyyg==","mode":420,"size":130},"dist/lib/es2015.generator.d.ts":{"checkedAt":1768031010375,"integrity":"sha512-H7hx4D7b/GmmWBF2PixziH53LVwwl/p8Q9WjAasQWndQF/huyCu8KI+pdw9r8V0z7GV9KOx7QxNkD5CBrFpuGA==","mode":420,"size":150},"dist/lib/es2015.iterable.d.ts":{"checkedAt":1768031010375,"integrity":"sha512-TWI0HpdXnka19lKq0ujPFpvXHIuS1LDrNI04WyRzWH5n1HRiz1Ioilxhb9Jn4K4KrRU782WaCun/dyDCrUKv3w==","mode":420,"size":148},"dist/lib/es2015.promise.d.ts":{"checkedAt":1768031010376,"integrity":"sha512-UCv/l3Qt8zVhAa8dijJeFoSFvr5BrAaugNqg5mz94rfCdfxWEwcJ+suhaOdRHM8Q+GU0QLZFB3ob+4jiANuFmw==","mode":420,"size":146},"dist/lib/es2015.proxy.d.ts":{"checkedAt":1768031010376,"integrity":"sha512-6wmm03Zx1yhVMOS/gVA7q1sAdc7XYSXmB5pwbzX+QNiBSvW0hD+yiN7RGNswiouLRl2vILJ3n/t2MVPCKuro1w==","mode":420,"size":142},"dist/lib/es2015.reflect.d.ts":{"checkedAt":1768031010377,"integrity":"sha512-zfPr/FctuQfePQlZbnV3Bk9ZIIKS3PIWhLGr0IxPts4BastJzCfG7J89mdxxiNnQkHL6zwAjwMd/dTZ0we1O0A==","mode":420,"size":146},"dist/lib/es2015.symbol.d.ts":{"checkedAt":1768031010377,"integrity":"sha512-FjDP4OwwpzokkIlRBlM1695p206nd5q5q2e5XtZrMIHHvH0Abs9n/vnJrRwutSX1tU/sr5NpMX2XFZCfZtjiPg==","mode":420,"size":144},"dist/lib/es2015.symbol.wellknown.d.ts":{"checkedAt":1768031010377,"integrity":"sha512-Ar7v6lPCl76b94HBwMy+epKe0aoKraTK8NYHf6+TAZV6BIJl7jU+mNaVdTtsUYfnMe1zACLnsoR50RAr51kAHw==","mode":420,"size":164},"dist/lib/es2016.array.include.d.ts":{"checkedAt":1768031010378,"integrity":"sha512-R+1petWLNKqedIHwXcV8saTNu43brYdpafoWMn0gPbor102+zmqwCI9W4lOuG3rNyaqT2pxbvcDSBzseG4VLjw==","mode":420,"size":158},"dist/lib/es2016.d.ts":{"checkedAt":1768031010378,"integrity":"sha512-4V+ohcV2XxDnFjWy5cwsEDPNt91JHpZnaMIrdKzhoNi7akaUDcClQSis1Gauu336gLExOOfUrqcG9cu6epDyaQ==","mode":420,"size":130},"dist/lib/es2016.full.d.ts":{"checkedAt":1768031010378,"integrity":"sha512-boYA6d0xmCDwOqIrkxFQE2BRhsRkMh7pfTgDRIqSQgCtoJ6Vcax1Eep5/0Myqt3SscXbwomxQhXkfP22x8/mHw==","mode":420,"size":140},"dist/lib/es2016.intl.d.ts":{"checkedAt":1768031010378,"integrity":"sha512-DziALZTm1NKtQ/ZKzBSZg52gMpYPAVvjDWjy1PanWqDlgkAPK6J/odgsNjo4dblGw0crWbORMyQeQo5FW+IEfg==","mode":420,"size":140},"dist/lib/es2017.arraybuffer.d.ts":{"checkedAt":1768031010378,"integrity":"sha512-wGH0BDPzDNilnS7xNI2W+bWFBATMJpuNr5HEHo1smNhvQLVDNAGu77/8d23gqC0jZ138deU0k1OJGT1msyTVqg==","mode":420,"size":154},"dist/lib/es2017.d.ts":{"checkedAt":1768031010379,"integrity":"sha512-HzaZx2EXrXOon3ybIoGnK+Rj2QKBX1lITh5L7YuiFuod4LZavFAUV4FZfZluhv3uxH3OXwQ5zc/tf4bDOeSQHg==","mode":420,"size":130},"dist/lib/es2017.date.d.ts":{"checkedAt":1768031010379,"integrity":"sha512-PJxY6KTdQHusP5OQzfN6m37XhAftUAWxPTZcdQMn4wDIyc17ywfa2YXktr64SDpjsch5gx6xI5WwwUNqreEUVQ==","mode":420,"size":140},"dist/lib/es2017.full.d.ts":{"checkedAt":1768031010379,"integrity":"sha512-54PdfMpMHeyd/HnRehry9qjbqNx3QYZxY59NQe1lG9JvpSFFmhZTYyd2D1j7UI9MVPBmb1zk52gPAjLrWcRBjA==","mode":420,"size":140},"dist/lib/es2017.intl.d.ts":{"checkedAt":1768031010380,"integrity":"sha512-wm7dTpfFLz4ao0VIm6uUpUuSwtd+JKO72U1zmAe39I1SFC5+sV7fHay1+PMe+gPnI5ufmmc8xNJm4AHvEXGphg==","mode":420,"size":140},"dist/lib/es2017.object.d.ts":{"checkedAt":1768031010380,"integrity":"sha512-kn9BjyhT2GlDirO8WwOFsxSPKAehmQK27FvEgxMCuf8ksOT7UjtpLrAHCNZRGEQZhQcUWmPazIr4jI2teo+yxg==","mode":420,"size":144},"dist/lib/es2017.sharedmemory.d.ts":{"checkedAt":1768031010380,"integrity":"sha512-+neUaW4L6PGHo/GUK+zjV5XEptg4iwRATg4Chl2F9Pio5m/KwV4fW5CQmNyfocubeC38KZHTEu7DC2uFqfdPLQ==","mode":420,"size":156},"dist/lib/es2017.string.d.ts":{"checkedAt":1768031010380,"integrity":"sha512-NBOBsujFeeKBKPTDBDM9sCX9okVlUOHdv4moRt1YS8NfLu1lGICxvuloSTCYCQSa/Z15oORtH1ZZ4+JUfpjwEQ==","mode":420,"size":144},"dist/lib/es2017.typedarrays.d.ts":{"checkedAt":1768031010381,"integrity":"sha512-mTSAc6DyviQk0iBE2p6yWXVsMlXwnR+jx5F48mVNyyMIzsNGWAuk20pZYfLNaGn+LqQ4/TAi5REhjJiWJOfg6g==","mode":420,"size":154},"dist/lib/es2018.asyncgenerator.d.ts":{"checkedAt":1768031010381,"integrity":"sha512-YbFwZ0jgARJkNqvtX3Er6Sh+gpodYQsqJAddH995NDD26BZgTWXVMJMuZ7+RDEQbyREQgtQ6MLrtvY0KFYeuFQ==","mode":420,"size":160},"dist/lib/es2018.asynciterable.d.ts":{"checkedAt":1768031010382,"integrity":"sha512-4N9PWcT+WviLa05iJg/V9l/Zln9eVmvdLpQjQhqWafwAaOljcO9STkb6WzCw7AwU2YPpb5u0qA+l/AlQ1a452A==","mode":420,"size":158},"dist/lib/es2018.d.ts":{"checkedAt":1768031010382,"integrity":"sha512-86GXU5IK5BwcsHz9zQm40KD1D18AjXdqOg7hskEGnjFfCHOSw6Qgo5/ks/lu1v/ShDJlBu03nO1ShRyA4H63ww==","mode":420,"size":130},"dist/lib/es2018.full.d.ts":{"checkedAt":1768031010383,"integrity":"sha512-ZqpZHt8dT0yHlPldWIgfPymYDkG88O23C/2YJ79wjS9tarJD/DU3L3r9RJImbVeulq+2YkjignVqmWgfk1NvMA==","mode":420,"size":140},"dist/lib/es2018.intl.d.ts":{"checkedAt":1768031010383,"integrity":"sha512-7wDdQIuNNXlZW/l4vVNRX3G8VtFGT02i2iRGloZETPvFRKkKrLypVQt6LmfIvhxOKrilfhuoNbmeXcNpKVdXzA==","mode":420,"size":140},"dist/lib/es2018.promise.d.ts":{"checkedAt":1768031010383,"integrity":"sha512-noIdaFrW4FZIUekgsYqSyB1nulhkFmlPe0/C7Fn3jh7AiDzkUKVafeUiuN3JQ6u5I8j/0o61v6y7nHT/D4Omdg==","mode":420,"size":146},"dist/lib/es2018.regexp.d.ts":{"checkedAt":1768031010383,"integrity":"sha512-bTtr9WifMBGL6fUS3HDVrxVjFKYVVxEpQIjJtajIhe0NNgCpgwgIutLwxWaOIuKI41iFQ85xr5JQQxeQuMjpVA==","mode":420,"size":144},"dist/lib/es2019.array.d.ts":{"checkedAt":1768031010384,"integrity":"sha512-NpBqKElrC6BuCheA4r8PSIAY1lscc0kUK+tVUCmz2IHZrBgDAwgLJ/bzDd/9r6H4LyIs9FprjxqjQ7l6qocYuw==","mode":420,"size":142},"dist/lib/es2019.d.ts":{"checkedAt":1768031010384,"integrity":"sha512-T11ybyJbBCaTHnljV94D5wPTW4wPd2fVme/fKqAJl+oJHUum1nnpCd9o4GPHIs0+N1yfH+yaiQnOX5pun3U2yg==","mode":420,"size":130},"dist/lib/es2019.full.d.ts":{"checkedAt":1768031010385,"integrity":"sha512-WM1l/kA12ipBGREvLccGDtqOyz+/VA02SOJoeh1dAZ1qb/XOHXytebQJ1EjN0Nh1/1Ut5pK752FHIsx5KqHCJg==","mode":420,"size":140},"dist/lib/es2019.intl.d.ts":{"checkedAt":1768031010385,"integrity":"sha512-bMEJl4/eSyHx0STJeXTJ/JiFWxNI69pc9kIGOqwuB/nw98gLnBuoxy8ZwgdWwx/3kdWrtVAA1yDm3H0t3lbqcw==","mode":420,"size":140},"dist/lib/es2019.object.d.ts":{"checkedAt":1768031010386,"integrity":"sha512-PdjRXOQBp9Re10YNOFCCtp8yfRyNBHlaMclh9BKcex6tuIDSTbpXMACgCB//a2cgiBNizlpp+a00bdeUNH0NzQ==","mode":420,"size":144},"dist/lib/es2019.string.d.ts":{"checkedAt":1768031010386,"integrity":"sha512-5uEm8xMZXUiHTttIZmrOfcQedFFMF6wQp3GFUmlpgfiPl/9yUcYlW09zgjqi+oAMUYvgJd9H9dRpK83U0B1MNg==","mode":420,"size":144},"dist/lib/es2019.symbol.d.ts":{"checkedAt":1768031010387,"integrity":"sha512-ZfzoUAi1Jg2naKnndhRLX9gfVCsaEFvP0sSpjPDvhpWPoTpzLL/MrYKspN3VD+YEsxuI3So0OBdZ3tKRfbu5zQ==","mode":420,"size":144},"dist/lib/es2020.bigint.d.ts":{"checkedAt":1768031010387,"integrity":"sha512-NuUNYcmU6h3B2dj+hf35YFGiT0aulJc71npLQQHkqlRpBCnydhqPTMlIsQYZEKebOfldF0Jb6g1PRVLb59svOA==","mode":420,"size":144},"dist/lib/es2020.d.ts":{"checkedAt":1768031010387,"integrity":"sha512-mZQAOUd8md/39m5nKvjEAVoBgli8f9iUinfR7xCZVEsxEi1APc+4jddGc99ve0hiAfnbu388XAQMIiE9UZq6sw==","mode":420,"size":130},"dist/lib/es2020.date.d.ts":{"checkedAt":1768031010387,"integrity":"sha512-gcPxifzvkydqvQK9ofNGW16zgHxOsjLoW2iL+oNCfIBNm2c5Phz5CM0OF7gqxEC9xoMfRFSkvVfmBEiVS2DorQ==","mode":420,"size":140},"dist/lib/es2020.full.d.ts":{"checkedAt":1768031010388,"integrity":"sha512-+NPEi4ngSuP6KIG9LSiylfMSPzWdSzcZ43JQkZYrN7M+M0JSe/jJnWgunMktG0npNA+yRE5Mfo9ucSwXpbzb2Q==","mode":420,"size":140},"dist/lib/es2020.intl.d.ts":{"checkedAt":1768031010388,"integrity":"sha512-IcnAghEb8VDllwxr62PaVdXCGkTznYTxxUrY+qK/Q0RdPlAvzpWxeGvmMS9lVkhq+o8ChasT3JB69uEV1kglIg==","mode":420,"size":140},"dist/lib/es2020.number.d.ts":{"checkedAt":1768031010388,"integrity":"sha512-OQ/3s1u2LOh+2ttFV5kq42YjqbAARUFrb7Ii+8JOOcofoJSpBqj+xHlME5gOn1hAaImWtVe3KO3t44Fysx2QwQ==","mode":420,"size":144},"dist/lib/es2020.promise.d.ts":{"checkedAt":1768031010389,"integrity":"sha512-e8uqZUL9yviZxUzowegL1bTEZ/hrzZFYQJrFOmhWE4Bp/oFpjLyXTUUHCmrq0UZGX4xXpmAXRTsGQdgVSfLCxw==","mode":420,"size":146},"dist/lib/es2020.sharedmemory.d.ts":{"checkedAt":1768031010389,"integrity":"sha512-l2Lt6CbX1w91teePPEWr9uAoBuj21eWOS1uQG1Jl3k2YN5ltPJhXbAulY7l6E9kXc3rwpDQrj+exToH4KjaPDQ==","mode":420,"size":156},"dist/lib/es2020.string.d.ts":{"checkedAt":1768031010389,"integrity":"sha512-IB5vfEMNqTrGXRF6IxBkCCGL2bp3sCjGn3+azh756pBiFkk5KKZgkH6nluQ4SCmzNBwFcVjn+4eYit4Ax836eg==","mode":420,"size":144},"dist/lib/es2020.symbol.wellknown.d.ts":{"checkedAt":1768031010389,"integrity":"sha512-jSatd5jFVz4YVEzAnk+hR3iSdL6FKIO3348hrRj9cDKoes8vY3hLkO1pEdMcKuCISppro24yhLdyvvL34zewlg==","mode":420,"size":164},"dist/lib/es2021.d.ts":{"checkedAt":1768031010390,"integrity":"sha512-MmJtpm5XT1KaQgTfhB5DP5NSF8ED+19t51KqtG98++O68l2TdhQXdEWu2skKw4dx3lCeKk9xB6EMoGyUMRfYPQ==","mode":420,"size":130},"dist/lib/es2021.full.d.ts":{"checkedAt":1768031010390,"integrity":"sha512-nC2ti0mlFIbv+zbREz3jQYUuLCLvrxKB0dBng5ZzJDff/A5y6eYOBjir7f5Mk2Xzro81i3SGo1Jg2jr2QG8Y5Q==","mode":420,"size":140},"dist/lib/es2021.intl.d.ts":{"checkedAt":1768031010390,"integrity":"sha512-75d2cqidkPKNkf3pZyGRIsxZe2Q4ad1jH6gML8xTvueRkd010J3uop/lLigm1m+jLwaSwScClwIPb9yMdGR76w==","mode":420,"size":140},"dist/lib/es2021.promise.d.ts":{"checkedAt":1768031010390,"integrity":"sha512-5t55UEfCZfKwlGmkv4TF/liMyi+vwcVv5Q9dXimST08E8kRCzwxmzcp0/33addutr6JHYNq9wL6URRKK5tivnQ==","mode":420,"size":146},"dist/lib/es2021.string.d.ts":{"checkedAt":1768031010391,"integrity":"sha512-kSpq9mZ0wX1c4/kphB1wRJuvh4vftCRg7Bfu8pbZsBia745nOBhRm+Pexw0PEkO9sVIP/6XtP/oLhEy2evVPLQ==","mode":420,"size":144},"dist/lib/es2021.weakref.d.ts":{"checkedAt":1768031010391,"integrity":"sha512-IdKSTezgLNvsB0OhmBS38foOz143Z/uPcr/75ZCXypRYmBdoRzDbptVuxXamvcNdQAarBifrvSJINgGTs4SOzQ==","mode":420,"size":146},"dist/lib/es2022.array.d.ts":{"checkedAt":1768031010391,"integrity":"sha512-xBia3DkTXLJaHq6E5C6DUxj6eCK5xigSN6/hivnrWajmJ36zT7fWf8yutfY9y5aUTJzpIPk26CJt2BtRYl3Dvw==","mode":420,"size":142},"dist/lib/es2022.d.ts":{"checkedAt":1768031010392,"integrity":"sha512-3HmM5O0qKGGT+IGUJM3iObyCkuCYmeQ66tsmO9pjItUul6uBtoWdbyYEtRQXHWkN/mut2bKBIq5EEyE6KZQY3w==","mode":420,"size":130},"dist/lib/es2022.error.d.ts":{"checkedAt":1768031010396,"integrity":"sha512-y8QZg95/Vaiuxpf1QYLstmReB35KqPtwiGPsSU3OllmN2PgFsU2j3yd1/8KbRAdLSxOJSG9YM3cPTo42bbiTXg==","mode":420,"size":142},"dist/lib/es2022.full.d.ts":{"checkedAt":1768031010396,"integrity":"sha512-PdCgn4WJngerKT74bpc7vz0R6eACyq0JarTge5TIriXUA9WItsNviH1Tv8JgavtCsq2accz32vheAshrk6r+eg==","mode":420,"size":140},"dist/lib/es2022.intl.d.ts":{"checkedAt":1768031010397,"integrity":"sha512-ANNB2nLzbIoRiT0MLQ5l+CDvknDToD80CNo4NppJbEay/JIgYGpFax7hUN2VmHIIZlgY7yZPxWyoghBVDCz6eA==","mode":420,"size":140},"dist/lib/es2022.object.d.ts":{"checkedAt":1768031010397,"integrity":"sha512-gU2nB6NPCAZv/cC2frGHcUKqNmwByoCyQJB0XzX08ww/Cx6tNwvid3GutMxw2Y/uHDg92xWvw9Qxfj+mDpC3xw==","mode":420,"size":144},"dist/lib/es2022.regexp.d.ts":{"checkedAt":1768031010398,"integrity":"sha512-NImMVpGzeyhQSfGCT/3Xtb2EK8M4w6PwoCnsmyTNKYdsq8jsG8ISnRf8gFEMFcZFnF6T1ooKa8jN6ZGns5Wjrg==","mode":420,"size":144},"dist/lib/es2022.string.d.ts":{"checkedAt":1768031010398,"integrity":"sha512-4ke8HfY58wxd72MekJIogKlif0wApeRkp5F7FDflIkQzIgO8Jfx/8REsWVlB+/R50Xa+RrVLOLwmWs3sQvRiBA==","mode":420,"size":144},"dist/lib/es2023.array.d.ts":{"checkedAt":1768031010398,"integrity":"sha512-2kN6hSXPCDrV8LJ+S3lxdDhvFy62QlQUPFOBLhg8DA0s14QoCkNh6RKlkwc4hQL3yHcTM8FhWWhuBJ+8QeD/SQ==","mode":420,"size":142},"dist/lib/es2023.collection.d.ts":{"checkedAt":1768031010398,"integrity":"sha512-xOv5IzdDwuP3HYM+xK3JHWy/G1WeVOEoDxrkr1GQU5dNJI8g02e3L77HT9qEANdVqTvuAmiP/T+MHagwmR0OpQ==","mode":420,"size":152},"dist/lib/es2023.d.ts":{"checkedAt":1768031010399,"integrity":"sha512-QR74rj8cJOu7lOuNcv0OV3mjb1ZD3yHdfEEr0NimYxsMtAYceBblQDaFS8KE0CHh5LwrxSsjyz9WNA5xcEkaSA==","mode":420,"size":130},"dist/lib/es2023.full.d.ts":{"checkedAt":1768031010399,"integrity":"sha512-UFM0pz5sUq7m73aW4V3hudjU2DiPcD/jWL5lK7T4BhSCh3ukRMFvd5gLd38i3SyIO+3ViKur0qMEbi9AOBnkoA==","mode":420,"size":140},"dist/lib/es2023.intl.d.ts":{"checkedAt":1768031010399,"integrity":"sha512-eP22Q3w3kpMXlBPeBxgjbmd3WPFTEULq+AsEfcnaNe5D3C8x8DOmaX00uEzYmAMXhdGMduqsZsbC3YieBQecaw==","mode":420,"size":140},"dist/lib/es2024.arraybuffer.d.ts":{"checkedAt":1768031010400,"integrity":"sha512-8WodQc78Qy04eqLWO3mrAZfk4Oo1kTXRs4E638feDqf7vn5hTYgezt+oA34xls+oRsw1f0ohtZgB0il95Y6aRQ==","mode":420,"size":154},"dist/lib/es2024.collection.d.ts":{"checkedAt":1768031010400,"integrity":"sha512-ztcAIas/qpViMypuDQqRYtHe2Z/9A99DM3YCjo5S3lDt8Z75bqVsT6HiUNGUrk8Tdq1HhnME8tOG6TMqzGbqZA==","mode":420,"size":152},"dist/lib/es2024.d.ts":{"checkedAt":1768031010400,"integrity":"sha512-R18b1HOWb1uSZFl1qSFVhp7/8JgoLwc/oIJfADvbyXgldas98+RQnb5nR6nci3fZcqI5QBcZdiU+LklxR5ir3w==","mode":420,"size":130},"dist/lib/es2024.full.d.ts":{"checkedAt":1768031010400,"integrity":"sha512-ThWBrOmGxVJox67rYNN7PBVjgEwI1AX5IgpfWak8uKMMhA6x8gVe5XGnn4j6ZMbzXHFwlQcfuH4hUKa4ue+57A==","mode":420,"size":140},"dist/lib/es2024.object.d.ts":{"checkedAt":1768031010401,"integrity":"sha512-MxxxOpdJxIN8Uvatg0q6hnHQ013JrHso/9LWYZaKNO8acPgvs9OUGON4uxaa+GZRcnH81m6K9ASiZT3+/n7gzw==","mode":420,"size":144},"dist/lib/es2024.promise.d.ts":{"checkedAt":1768031010401,"integrity":"sha512-h9MNcD1KP9/kYcknCcUX9AcDaU2Mvwn01hu7isQsXA3cv5LmCpzbOVCKntB79c0K/4GEgTl6FgvrjMvhFGAQpw==","mode":420,"size":146},"dist/lib/es2024.regexp.d.ts":{"checkedAt":1768031010401,"integrity":"sha512-2oVrrqXZeTOEW79v7HsWxsqg+n1BVejzoJ7G6IVZnraJy4NCxyGQGWXxvZU1ijhHmpjjlnXubxZSe5AM+JLTGQ==","mode":420,"size":144},"dist/lib/es2024.sharedmemory.d.ts":{"checkedAt":1768031010402,"integrity":"sha512-WatBy83q0pOOGHC0wuOD1bjSVf0yN3oDaFZe/ihKDdGejcsTu5uuDr/Rxqd0KwdRfxp4TvoMOlA2/HhhiMhWXg==","mode":420,"size":156},"dist/lib/es2024.string.d.ts":{"checkedAt":1768031010402,"integrity":"sha512-XWhG1Y5+NHqnODcKBdF7kr4mUWc63x2NYm94gOf9bi6f6vvYI4Q/TuKVjZfdz2JVBHnwxeZ53BDSmYWVCfl1Pg==","mode":420,"size":144},"dist/lib/es5.d.ts":{"checkedAt":1768031010402,"integrity":"sha512-yW+dhw1N3+0mvTjemzYzHBCslbSpyynBfMyCwnyPv8Koeq0w7NHvHwzcamDoF1vHIk7K/0B/WNpDVLJp3Gdx5w==","mode":420,"size":124},"dist/lib/es6.d.ts":{"checkedAt":1768031010402,"integrity":"sha512-olLdQKCJaQMmNTEzvZsOqCII8+x88CzSiqk1+DPev90UKu9cXk46p+WuhI/PIJqyj+T9iGHJrXKsvhjboFnFZw==","mode":420,"size":124},"dist/lib/es7.d.ts":{"checkedAt":1768031010403,"integrity":"sha512-a+vm/rM9PsEY9MiPOR8OtXD3mhsNjOlaNgWNQLU9U1MP48jL2wCBzNrMo8OR4Nlh921/lKy52EehlfQPqfnYqQ==","mode":420,"size":124},"dist/variable/ESLintScopeVariable.d.ts":{"checkedAt":1768031010403,"integrity":"sha512-85BlzyjDofNNvhffSF/SWsrMVyQct+u2ng3iQ+aDDWPxsGEMxmUoGn+5vkiU4ydtr7QRueU2U38CGWBKFVxBMQ==","mode":420,"size":1403},"dist/lib/esnext.array.d.ts":{"checkedAt":1768031010403,"integrity":"sha512-bQfOvX+dAqIVsHWIwrT/9x5l5TM9A1ipWpQ9aQFjEIez3XXEHM7V5Sa8+2qGl50q4pCk8gQCiffOkljqooHxtg==","mode":420,"size":142},"dist/lib/esnext.asynciterable.d.ts":{"checkedAt":1768031010404,"integrity":"sha512-yYroBYeEakhCfGQHEqEwjk3ZNr7UZW11drFzU2v0uCsnjTBAdsOkw3QKBjr6kE25F3TryPYlpNQxtPEeJe73zQ==","mode":420,"size":158},"dist/lib/esnext.bigint.d.ts":{"checkedAt":1768031010404,"integrity":"sha512-KK4f+ki4zni2OYO4zTRVJfxYCCL9g2T9eg4e8PU81RVlDtaDcG0u/0sncK8BiEmwwgIdlK+atbKLeeZ8BPvykg==","mode":420,"size":144},"dist/lib/esnext.collection.d.ts":{"checkedAt":1768031010404,"integrity":"sha512-g/2LQJphwz2kDAnrbfHb/XWUzfxRTu0gqADpR+hXSba1hALF+OuPUoSC/foUn0ivgGWZF6lJD1Kyw1htMYSfKQ==","mode":420,"size":152},"dist/lib/esnext.d.ts":{"checkedAt":1768031010404,"integrity":"sha512-2nyuAruML/pddTziQvgtHJBZZVd1mimM3Dk4bO78Sq+jKve2d33GcnQkeqb8mh+Krmx9jhVKCeFPF0eam8v/eA==","mode":420,"size":130},"dist/lib/esnext.decorators.d.ts":{"checkedAt":1768031010405,"integrity":"sha512-aVb43ZxyRxh7o2+PHcJnDoKQ5bS4o5tZzauiDew2BsDik64MJYq0oTx5mr4IDw6gqwFMEKS80uQD3Bti5vZqpg==","mode":420,"size":152},"dist/lib/esnext.disposable.d.ts":{"checkedAt":1768031010405,"integrity":"sha512-AXulf5tcIlK710WhZDlh1BrmY1IyXsWa2/sDztnHXrzfIq9EHqRB0Ve00zI/Uwosy7ET1cL203rr0OC8eX8lcA==","mode":420,"size":152},"dist/lib/esnext.error.d.ts":{"checkedAt":1768031010405,"integrity":"sha512-gh1N/CBj90j9DcaBNkBHN6GIiDba+UMCWdRhvWL+84oGw+ErqLDom3Sm2vfhFjTb4HgA8VB3tXKW2/3yhDlmdA==","mode":420,"size":142},"dist/lib/esnext.float16.d.ts":{"checkedAt":1768031010406,"integrity":"sha512-vxw1K7PeqPyHkbtXmg/pCA1zpp+Uk3vZYEfpq3Tj3dnkM0VntCrdAGI0mipB41McJ7JZuA7VvekiWkaF0F4YPg==","mode":420,"size":146},"dist/lib/esnext.full.d.ts":{"checkedAt":1768031010406,"integrity":"sha512-LrjpuPiHxrYVNsB19eXkinRFJKv2J6QVtZG9aq0OB0spKZ3s3yvRai190AUG/GWCKQzzjdCxY9VHopeTvK1hYQ==","mode":420,"size":140},"dist/lib/esnext.intl.d.ts":{"checkedAt":1768031010406,"integrity":"sha512-UPH47VF57n5FgYffIDiMTiFwaulh2J8Yn/caRpbIXmzqVzB2mMeqvKjwnVu1XLSCROA21A1OnecvO9/6rSglSA==","mode":420,"size":140},"dist/lib/esnext.iterator.d.ts":{"checkedAt":1768031010406,"integrity":"sha512-gRNpDeFnr9AcQ6Y+Mbl69j5BUD8DMk5OLOvIRcuVL3o3KZmh6YSPU1H0xFQfmgGnAml5puvdQfrecfuboZMbsw==","mode":420,"size":148},"dist/lib/esnext.object.d.ts":{"checkedAt":1768031010407,"integrity":"sha512-ZFK0gd6FyTFwu76CAFvFnrNAoqwjaq47xpYmKGhK/iBG4V7tbJNkddjE1kE/fmJ5Z7iYSwytuJmLM4idlYfyAA==","mode":420,"size":144},"dist/lib/esnext.promise.d.ts":{"checkedAt":1768031010407,"integrity":"sha512-OvhqW07pUYFHzxEg0k+eLyvMZYRhaacAep/s7C3ZwJiOqyQbJXjBA/y+VELTTpoNz4Gz6FiXe5BO0uw1y374hw==","mode":420,"size":146},"dist/lib/esnext.regexp.d.ts":{"checkedAt":1768031010407,"integrity":"sha512-QklK8kEY7khgF1FbMkMFoPz5KzBdR6WZrjIximiKVUWGh8arDafisHN2+VcgmviOSGw+TwtLnhorbt62lz5qkw==","mode":420,"size":144},"dist/lib/esnext.sharedmemory.d.ts":{"checkedAt":1768031010408,"integrity":"sha512-aDQCZCizcq08tkruTUQsGQpVs2wufYR6/vNovtudsf2I6jbnJSao/oW3tGlhwPSvEh9SrvFGaJy0X0+pgZkEiw==","mode":420,"size":156},"dist/lib/esnext.string.d.ts":{"checkedAt":1768031010408,"integrity":"sha512-Y13hHpOuQCKBRTCta1wyaf1D837nU8vWaou4mTUI2aAlDOjCtMv1l0IO0xE9KGzRAJ3j0Efhkbb2WpIncRoD/g==","mode":420,"size":144},"dist/lib/esnext.symbol.d.ts":{"checkedAt":1768031010408,"integrity":"sha512-vN+GKnYiXmfMOeh8I+DePHb8g1U4u1MvKB/7hEGdLiAbdScuZltycptmBHR4iU5F7zWrN2VHl4yEJsMm9irLcw==","mode":420,"size":144},"dist/lib/esnext.weakref.d.ts":{"checkedAt":1768031010408,"integrity":"sha512-NWhZxqigeefYHv6GhYA85UQdImHOjGY+eWaZ0oM8zDqv17Qnv6ZwG/uLnaFx89K39BdmH9HmJwCC22h8b6dPsg==","mode":420,"size":146},"dist/referencer/ExportVisitor.d.ts":{"checkedAt":1768031010409,"integrity":"sha512-2yX7QVurbXUmBRLHCMJfJT5j5joxsisXoDo4kLCsF++Ge/xILy/ior07ptOmF/cXECsQpLvP6Teq9P70ALz6cA==","mode":420,"size":804},"dist/scope/ForScope.d.ts":{"checkedAt":1768031010409,"integrity":"sha512-qL7yhyNXaHgKBPwAjROD3nhoFNEnc2HlowslvVV4rNU9BHMXlP9cpegNDyoph9Pfihx7voaV8ne1CUAqoVryHw==","mode":420,"size":520},"dist/scope/FunctionExpressionNameScope.d.ts":{"checkedAt":1768031010409,"integrity":"sha512-rWI9ewsHFaVy/67t5UxeXy7l+ZdyvRxksbq+MtesgZ3UZHoKHff0KdpaOLipSCF8ved1wZH2zLTaXoqZk+fIvA==","mode":420,"size":613},"dist/definition/FunctionNameDefinition.d.ts":{"checkedAt":1768031010409,"integrity":"sha512-ew3E7DcUhnKJWDbo4JRqGQ/7l3HB4r9cQE96uhkgv7sboKRCe5jUlyLj2OF8KpF0qJUfwIudDEZhuRd4VMO4mQ==","mode":420,"size":632},"dist/scope/FunctionScope.d.ts":{"checkedAt":1768031010410,"integrity":"sha512-32/WLIlmfbJw9mfbFi2sS4LWpZazX9aE/RmYC50Pg5uQ+fagx0EFwNNtvA1qt73FaywdrCiK1qPy1mijYCe0YA==","mode":420,"size":864},"dist/scope/FunctionTypeScope.d.ts":{"checkedAt":1768031010410,"integrity":"sha512-63teft+amk/WyTzpby1S3gG5KRo3zmV/8p+0E4qJxKe4RNikFAzENlx0ebO2xvtQCXM0K1Fc78MCLZCpxO8asg==","mode":420,"size":654},"dist/scope/GlobalScope.d.ts":{"checkedAt":1768031010410,"integrity":"sha512-MVF/NM6VY82ZTdNKEWtebwzau9D0lataDnpHkzYzK56jDeiVT4X40nzH+So5HjqEtKAGdJBs7MkfqXKWInS1tw==","mode":420,"size":719},"dist/ID.d.ts":{"checkedAt":1768031010410,"integrity":"sha512-whesNXsRiVqPWhLceFRPsvmlklk7XGTcyxQuzfvzyLroKRLQudw9Jq4julQnqV37rRFbUIHZEYbvnigsqPSLTg==","mode":420,"size":133},"dist/definition/ImplicitGlobalVariableDefinition.d.ts":{"checkedAt":1768031010411,"integrity":"sha512-v6VZ2xA73uVT20jmRnhuj6n+Vyvdh8ZaToUfoks3Zsv14sGozvgNJlb6ceHHpcZMV1DeeH/5Mo+M8G3y/e5zdg==","mode":420,"size":559},"dist/variable/ImplicitLibVariable.d.ts":{"checkedAt":1768031010411,"integrity":"sha512-ka7V5FiT2Y1o6jD5pDmluoBUlp0Tp9EX2hVZ6mjSQRAs36H4QOIPnGz7uwcMzpw+CftlSl1XvsqB+OPipkwnEA==","mode":420,"size":1142},"dist/definition/ImportBindingDefinition.d.ts":{"checkedAt":1768031010411,"integrity":"sha512-pKppukiXk8Ow6R01Y39SNZG+Z+Y3ohpjVupEZB76Tc4FN1hDIl/UlPINJNcsZENEIF587xpSmFriwW4faGks7g==","mode":420,"size":904},"dist/referencer/ImportVisitor.d.ts":{"checkedAt":1768031010412,"integrity":"sha512-R3hNcfYUo7gNw72yLCJooyaIjlelVWxeXGFGgWoTyu2qAwBc5dxyWV7WpJ+wmbr10oOWLdmqxJNqhebdGJS0Gw==","mode":420,"size":830},"dist/definition/index.d.ts":{"checkedAt":1768031010412,"integrity":"sha512-pWQ0ygjJe3i4Ma95oJotwdKNzdeWDoKDbdn1HgY0By6lNdfFhE4wbBW/D86d5jMDRXfdX19bt9AvQodFS/oyiw==","mode":420,"size":551},"dist/index.d.ts":{"checkedAt":1768031010412,"integrity":"sha512-g6Z88jkTwVWyINebhXe8nRbWxRCS5vhaRa1EvPuMOTaqT50qgluj2Soi/Mtb7F434siJOCqTt7QgwOl75f23BA==","mode":420,"size":443},"dist/lib/index.d.ts":{"checkedAt":1768031010412,"integrity":"sha512-dvCvfRjcz5dM269vNzJAg4fz4Ud3J4frs2mpZxp+Kz47zt5bYAm3s0SpNvw2bS9CgnbVQU6H6EdCzFcu8U+Lpg==","mode":420,"size":147},"dist/referencer/index.d.ts":{"checkedAt":1768031010413,"integrity":"sha512-OF3uqRhI5bfjsgOlg+kBd6V1TzpoXH9WJ9cE3KhA7ptFhWoY592M7YlvQVXzPRk8nLGFIQqVfu4iP5311YlNvQ==","mode":420,"size":102},"dist/scope/index.d.ts":{"checkedAt":1768031010413,"integrity":"sha512-oqxZggNTuILY4Ry+jZhAQ+N5VvsHFgwMzVPsFhOJtGeRGpuMaO+NSGz/h3yJpMNdrwcmNoOFP9iK2g6LCd76ew==","mode":420,"size":660},"dist/variable/index.d.ts":{"checkedAt":1768031010413,"integrity":"sha512-PoMb4n0yAV1htMn+JyjqshGTYZ6w0Riy8Y5hVwngPhMHwUeXzBpJ4N3jBfBzXpDvj/juPzJTwZhSWqFqxMCAuQ==","mode":420,"size":420},"dist/lib/lib.d.ts":{"checkedAt":1768031010413,"integrity":"sha512-v2or5sAfOO6IsFzMPDc8Z0ty7jk4DU3MNdwjoA04HAwl8AYBbdduBKHbt9bKYMeJ98FTBNtSsyoizgUOFXu8mQ==","mode":420,"size":124},"dist/scope/MappedTypeScope.d.ts":{"checkedAt":1768031010414,"integrity":"sha512-yFpI2fqEssf7swiCJgtI+fyWFPOEpZOII0NfVvUhJBfVk44wF9xBSQ3zKyzuesdRTi3LxbHme/9cs6kM4xxfFg==","mode":420,"size":503},"dist/scope/ModuleScope.d.ts":{"checkedAt":1768031010414,"integrity":"sha512-jK4Zc2mbVmvCmSiUwwJqM2N3UEly0h5mf4THXvXBuzAuF1ayAhkO3XhBaCQFDQBU0NZDocuV3xgizTdtAl8IVg==","mode":420,"size":478},"dist/definition/ParameterDefinition.d.ts":{"checkedAt":1768031010414,"integrity":"sha512-3gk0uSR1PL4Az0UcCK3InL6fKWYZK6YDd+TnHTHnGMWxBzR8znVYO4FPvr3rkewDCa6QfnOzy3jsweltQFzNnQ==","mode":420,"size":952},"dist/referencer/PatternVisitor.d.ts":{"checkedAt":1768031010415,"integrity":"sha512-eXhYIP+BzM8GWliIfycNfcaQZdDINDKmIxIgSNt62Qqq4yYYD7AZXm/CT6PEzqyr8UA4lpcznsWaWwTbrEWsWA==","mode":420,"size":1643},"dist/referencer/Reference.d.ts":{"checkedAt":1768031010415,"integrity":"sha512-ECGL0jXPg0LPAUN1/Bh83RdjcCB4QR5pdXeleRwvOSAnnT6s2junIUzo4V7+w29S14qPXxjf9pcUImwXR5jr1Q==","mode":420,"size":2445},"dist/referencer/Referencer.d.ts":{"checkedAt":1768031010415,"integrity":"sha512-YFVxCTioureSPM+IZgG0Hx49QwFRzi/g9eIt9zSpUkJ5oiMmXtDU/oF1MTLHdKPQvMKuUVw19KSzU7Y2MZV93Q==","mode":420,"size":5571},"dist/scope/Scope.d.ts":{"checkedAt":1768031010415,"integrity":"sha512-V+m4srA0eeD8DqfB0DA35SPpoQZXLcNK/AEw3olrTq8WVna+i/Me8zNmFFkf1SBNfOi9HKrw4dWAxzKXP6TAYg==","mode":420,"size":1368},"dist/scope/ScopeBase.d.ts":{"checkedAt":1768031010416,"integrity":"sha512-Wa3DP0dUXbx1nzvevblWbVTZUdIFG374Ge9/Fa3AxE3Lld34LMsdTsfUcXcICdnf/EaJPQToCMY7PfHe4szZvg==","mode":420,"size":4238},"dist/ScopeManager.d.ts":{"checkedAt":1768031010416,"integrity":"sha512-0pmOlBtQbPEKgxsqvM8knUDyyNHzBQaXWvgx2SuM8cMgshhGkXeZtCCh3vEc/Pyv4ssEH+WWzUY/6coE7onKYw==","mode":420,"size":3676},"dist/scope/ScopeType.d.ts":{"checkedAt":1768031010416,"integrity":"sha512-OcftQ2n2SA5FFhRZc74NkltZYOUDePnCExUdkJpNJUQHj8hS/svUAA79rGM73640Xbv6Cf28sYQFnRnkQd8kxg==","mode":420,"size":600},"dist/lib/scripthost.d.ts":{"checkedAt":1768031010417,"integrity":"sha512-/kTFeCuGmlsTMcOKI8SS3HIPFhgXMsNKMokXRclpYqGZxKeXHCG8K6RkNnHVZG4UZMp3RuB5sBY+ogGKZIWLcg==","mode":420,"size":138},"dist/scope/SwitchScope.d.ts":{"checkedAt":1768031010417,"integrity":"sha512-6BKrdINOqWA9TytnTdJYNHQOepSc5dEG3jhC5EUU/ZZ/g/r12L+0r2I0yb17yahaBzqMzWtun61wYVqD3/i7Bg==","mode":420,"size":486},"dist/definition/TSEnumMemberDefinition.d.ts":{"checkedAt":1768031010417,"integrity":"sha512-M7h/mzwUcWUFOAd6J5C+Kszea9+VmWQQwQho4+wpyVFYmVv9Fm0Ii3+qNT4Xel6OLYVtXQFR+9Nh7Odt+j94dA==","mode":420,"size":574},"dist/definition/TSEnumNameDefinition.d.ts":{"checkedAt":1768031010417,"integrity":"sha512-ovi8rZRo04MdAr4BLHAWZ+lusYjWj+Y2YIAsbTAI0ZG9EqCyn8lgUc94rJFRXZWmUA3YckXqGryc6PkJLZu45A==","mode":420,"size":521},"dist/scope/TSEnumScope.d.ts":{"checkedAt":1768031010418,"integrity":"sha512-O0cfl6wdoonJIBCIzmY0tNG8h7IbjRXGEHgPTSvnJWh9/qYTBBgFX1B1OkcL+B3iV3WsURYysHm/SWN+9JxpEg==","mode":420,"size":488},"dist/definition/TSModuleNameDefinition.d.ts":{"checkedAt":1768031010418,"integrity":"sha512-o/R1JXg2tCePpS/P0D+kh6uOpQd3lG9k/aXy8Q+V99Psgrrwct3uMtsdZjc1FCJgehq7Uwi8NsZxhvMTzDV8XQ==","mode":420,"size":531},"dist/scope/TSModuleScope.d.ts":{"checkedAt":1768031010418,"integrity":"sha512-9QRKGw++QOssxJ8xRsSbXMo2e0UykSlOSRmoal60Yar9b3k1scE/QM34oaR9FTc+w4EYP9kEgb1BcaYBA9bi4Q==","mode":420,"size":500},"dist/definition/TypeDefinition.d.ts":{"checkedAt":1768031010418,"integrity":"sha512-H5fSHdUsmdui6m3AQi2jflvtdn0qMiPGw7PxS8z7HaT8gcF2DbVJIZuEjWrhOUJqj680NOPIGLiUud1oelTKeg==","mode":420,"size":588},"dist/scope/TypeScope.d.ts":{"checkedAt":1768031010419,"integrity":"sha512-WvDlVvMRG9tiB1lLDd8iSqCbjl9+3ijonwscHVKtGk/rXwPfe07oLxQOHddUGiiL74tCyWN4b++srOCCy46oQw==","mode":420,"size":517},"dist/referencer/TypeVisitor.d.ts":{"checkedAt":1768031010419,"integrity":"sha512-9ywVBWZHKqcUT3kfZRkFVOH4lGvQb3za+CFckpyvjmwmlPOfQu2e6iIaegzZmMNHycjYk4UOTmsgHFY5HDQa3A==","mode":420,"size":2196},"dist/variable/Variable.d.ts":{"checkedAt":1768031010419,"integrity":"sha512-WyJ3rTT/phks/XPyso86EN18/a6JXi8Emde2zKT2KibAPjEYe81P02qgaWUPkkFnRqgz/JDbfJ+OYkRgjDYF3A==","mode":420,"size":522},"dist/variable/VariableBase.d.ts":{"checkedAt":1768031010420,"integrity":"sha512-cB7SeXFd2sKMyZydpLF0RptlcLckgzs6SDmQ0rxUBlpCQ67JYFfqLWIMW2qyIZh5KQcYlyoJ9G8YmRsOGa5NcA==","mode":420,"size":1412},"dist/definition/VariableDefinition.d.ts":{"checkedAt":1768031010420,"integrity":"sha512-mH1fdkzhuy5psnDPPPx9yD9A098eqN+XICiTQik4L3PN6RbIId4hg739E6YN97lBVZArCVphJFYqivLqmA21iQ==","mode":420,"size":575},"dist/referencer/Visitor.d.ts":{"checkedAt":1768031010420,"integrity":"sha512-OukzVYSv4GWIeB8cD9Hi2bzGYi1s1fqg8PfUap4Ycq2gRpcOY2IdrfQTxxZuBzo2Ks13bOFfRDGoDkOI/k88gA==","mode":420,"size":695},"dist/referencer/VisitorBase.d.ts":{"checkedAt":1768031010420,"integrity":"sha512-D90/9z9gc21WsvuvN3HY0AS+2XRlyLawzVuwrezQ5JYLx88Z/u0lQM8/I/KlLde1+tq60X9pYZFKPvbmbNvxFg==","mode":420,"size":842},"dist/lib/webworker.asynciterable.d.ts":{"checkedAt":1768031010421,"integrity":"sha512-8TDdz4fxuwab0O319EpYNncDPY2E3Dc+abBsvhB7O/ZrvCFkklDBXqywc4cKdlIKYA4mNbLbJFaCJDcfAa1daQ==","mode":420,"size":164},"dist/lib/webworker.d.ts":{"checkedAt":1768031010421,"integrity":"sha512-bg0rNCMouvJ44Ts+0bCVYUWrR1BxHAQ9PhdqJgHCzErgu5yElio2IwdE33cTIGRaXck7o2zwtT104ABgcD6eFg==","mode":420,"size":136},"dist/lib/webworker.importscripts.d.ts":{"checkedAt":1768031010421,"integrity":"sha512-X8bL4Nkwga3KxXIUuXh3z0YrxawWkQNlceYufiRwxLVyxpArYgGqhKc+/XV3VYkUThacc/dMcZ7qFqqTLZv6Qg==","mode":420,"size":164},"dist/lib/webworker.iterable.d.ts":{"checkedAt":1768031010421,"integrity":"sha512-XN5iZzAq9nVLfSurzWZAMu27P19Dyv39yY59LDB0rFLPQgHig5x8nMZZzkz6bQl01oaNHNlYNgQFlHYBZ0fL7Q==","mode":420,"size":154},"dist/scope/WithScope.d.ts":{"checkedAt":1768031010422,"integrity":"sha512-+H4r9MqCLTUA3SXFTiLPFhb1KoZhAw411dwpaRsHwyISa+1LdPl121XpVaBsp+N1YXBmU8mEcRbM+BKMiDPmSw==","mode":420,"size":527}}}