{"name":"@nodelib/fs.stat","version":"2.0.5","requiresBuild":false,"files":{"LICENSE":{"checkedAt":1768031010456,"integrity":"sha512-klyzttd362E9inpFU2X0jkZ+kaWZ+PhDEXJfMgfuWDKwC4dCmwlGbdsDCsQjWPUstsuss2EizcqjeZNZs2Qp9A==","mode":436,"size":1079},"out/providers/async.js":{"checkedAt":1768031010552,"integrity":"sha512-WGvkZNI53zAS924GU7bHom60HgY8gSFZ3U87JX4Rts4pssL4MB3TvrgFK85RJvaB7zJOrr0JuJQK3MnrsUoNFg==","mode":436,"size":1172},"out/adapters/fs.js":{"checkedAt":1768031010553,"integrity":"sha512-MZSasW+xOVwHCHfQTVPc1Lbaxw0JGvYlxdfqC/U8m9uARkhYRmucM8GK/BjW6OLx4P198wH9bcyv9UK8dhaLHQ==","mode":436,"size":582},"out/index.js":{"checkedAt":1768031010553,"integrity":"sha512-43c8NlDLnb4dqqc/a2J/qlV03sGez3pQ3+eBiLFiixwTLKkenEnWGpmuagt9bf0PEW8tMfyP1vu6KU1LETAylw==","mode":436,"size":985},"out/types/index.js":{"checkedAt":1768031007730,"integrity":"sha512-f2XGQDoj2T+xSOglmwEtZVKrO/8Xj0p9ap2c7A9gQp/BiZ45tLyozAivx12afHv9sT/DcspjyF6yKwNV601gAA==","mode":436,"size":77},"out/settings.js":{"checkedAt":1768031010554,"integrity":"sha512-KEfb5/CC6cKYgaEF+c6jLeeNqJEWdvp/CTQpl8d5Oo6CWUAqzrQeGnTDIeP0seCwHDiZ7K2dOgncktxCLhkUPA==","mode":436,"size":696},"out/providers/sync.js":{"checkedAt":1768031010554,"integrity":"sha512-LBPUBjmUgAk9/K1qLnzDYMOcdVBK86FGNT/nFUDkfBL+PykFHj1lOfc5IJYGrfum7WT4un5WEeNdmpVaCT2O0w==","mode":436,"size":619},"package.json":{"checkedAt":1768031010555,"integrity":"sha512-AIZWEYtERaNH6NsgrP6h7h2YkA8MaehXOfxsXe5EVMIHCJUkqa/iY2dc6G6HDN9cfzYWiOhxhenwlmw4zQEIfw==","mode":436,"size":987},"README.md":{"checkedAt":1768031010555,"integrity":"sha512-lT8GLsiILkVtz6YDwn9akZXaCLrEDfrEaHlz8eSaWJmtrWsgBQ20l68GIO8y2VR1gbtkU/SGaahiV8wnSXIPQQ==","mode":436,"size":3075},"out/providers/async.d.ts":{"checkedAt":1768031010555,"integrity":"sha512-aYrSEI082VSfkWQtWxTbraQdRZfzFMPV4gjcdBd5Bt7MRfS1t58Y+hLOpK5ww/rM07tKu70d5IRLaqNdAmzIRg==","mode":436,"size":274},"out/adapters/fs.d.ts":{"checkedAt":1768031010555,"integrity":"sha512-gDdCZQwy88D0U5Z/MCfbOltQR1BURn8zAGtqpX1vLfa6J7OksDIsp4hHd31QkGH0vWK6yIw4aDiAHa3+IeLW3w==","mode":436,"size":665},"out/index.d.ts":{"checkedAt":1768031010556,"integrity":"sha512-5/Ajq22Pze3f0J8MQ9hDNBqbC40hN5c+sxT8Jverr01tMZPL8LPQRWzpxBUJP63lmxVfv6K53orP57tl6/ikuQ==","mode":436,"size":805},"out/types/index.d.ts":{"checkedAt":1768031010556,"integrity":"sha512-dzVCLi5yHoYiNUOP3ZPdWo9VGH2RONeiu1QuBLKCblm3MNor7kYBHFF+iUMHo9yi/xsWxoxmAPaMhRDcoPo/uA==","mode":436,"size":160},"out/settings.d.ts":{"checkedAt":1768031010556,"integrity":"sha512-1XtWvI2VxITfAZx3onYNHlBv/SH7VgpjSVVQYU7+sCjpUd22GgBqo1wnOVCbJRO4WLFT1SWuM3KLSD5VX8txig==","mode":436,"size":518},"out/providers/sync.d.ts":{"checkedAt":1768031010557,"integrity":"sha512-C5x5aZuOh9iht9jAeTg8kM832/Yt4SazArNl9w08NmxAhx8AXy4aclMWCoeI2/EyVK7+46pKei1SbV/RV48L1Q==","mode":436,"size":151}}}