{"name":"character-entities-legacy","version":"3.0.0","requiresBuild":false,"files":{"license":{"checkedAt":1768031008995,"integrity":"sha512-00mBaAegOXNJDyksTMrytYh98gH+v/fruetGXfLv5IVYnw8WD5PgOTOdM0A7q244DNs0Ynq8gFk4JA6SWxIdbA==","mode":420,"size":1099},"index.js":{"checkedAt":1768031011891,"integrity":"sha512-EKMLF2tdp70z+0ox+fYFpsVlfc9Fk2TDQ/t7sLbafGd4Rbnh3G3HOY5tTD1ZCaeE0UctEl1qOIlydrzOwOQFAw==","mode":420,"size":1316},"package.json":{"checkedAt":1768031011893,"integrity":"sha512-PrCxzGQwdF1tFgUYhSvJzrNfNtLVGENS+JYHxg7R+kvz5EcUn9GiHJVDzPK/kRCUoQWAhdYgeIc9mSyJ+HIHag==","mode":420,"size":2068},"readme.md":{"checkedAt":1768031011894,"integrity":"sha512-dON+dnCksKfzUkbAZEVhAyK7Kz6cR1yNvuR1oYZdUbHG2XxHMKexL8xzOMRWQq5joJdRCsREUYT0GQT1dHT8qg==","mode":420,"size":4480},"index.d.ts":{"checkedAt":1768031011894,"integrity":"sha512-mn9DaEZi1uWVD/JRG5+mwxrteZ5rAXV9aaVOVKOWQYOry3LXj4Cl5o/0mZCpTaXLF2P5NcpfDIGGPhXNfQqFVw==","mode":420,"size":178}}}