{"name":"micromark-util-types","version":"2.0.2","requiresBuild":false,"files":{"license":{"checkedAt":1768031009041,"integrity":"sha512-ic4iF2Ap25Sn5T9MMw7nJ9C20WL6V01rybBBQi2Qx8cQC9/ERFEqGnove1HT65tK2TIKM30PZoOV3Qbz2FE//A==","mode":420,"size":1094},"index.js":{"checkedAt":1768031009208,"integrity":"sha512-3zndZr3w2gSmHzjsPMVPT08Eva7uCqMjr2l//FPxtBVMqC7HuZSjMryCMDBydhBImDvLA0K1u1234hVKPjz9hQ==","mode":420,"size":53},"package.json":{"checkedAt":1768031009209,"integrity":"sha512-KlX6RFIQHdptFl0Z8HRRMM4ezpsYBoTj7YMuA5N8aPa7OnkTxuSvTRc91h/P7WDjLAEY/sV0Swboite+32Iyqw==","mode":420,"size":1609},"readme.md":{"checkedAt":1768031009209,"integrity":"sha512-dKbXOAhOtkiQ/7wVnDj1zO0Ol3BTniLvO8Kg0LkAh6xu51xpzCV40TDEwOr6EKvfb7ze+JWc/NHCWVfkNVFHZw==","mode":420,"size":3915},"index.d.ts":{"checkedAt":1768031009210,"integrity":"sha512-ermKp/2WETdLO+y8GbwVYvt37fcZfhS0amjHciwdyo0Fhoxie0CNqraOoAeee9QwsWXrXP7CebGuH0UJW8OXkQ==","mode":420,"size":32279}}}