{"name":"mrmime","version":"2.0.1","requiresBuild":false,"files":{"license":{"checkedAt":1768031008041,"integrity":"sha512-ZkoPlLLLNE+x7uYhT2lFNl+mwCMeZeFOJcAZPO7exJwgOsqOVgLz1xP7U8obr3Ev63lEyJpJ72AcTI7XSYzgQg==","mode":420,"size":1122},"index.js":{"checkedAt":1768031008041,"integrity":"sha512-BfmVP4BzXCai83+4xkpWksAg3YgiT0PIsoJa0lL9fqEOXB0IBFMAe6p3IuDgZOnhVb/WwDgUH45ep0KDycpY1g==","mode":420,"size":13608},"package.json":{"checkedAt":1768031008043,"integrity":"sha512-xhAezE4KNApZNDjoKNeuTVa0/HITaVo0bp1zeiOMhQSqAs4FvGcyh8D9xIDXMKRyTt6ZhYdW0mT4iIJP+tKj8w==","mode":420,"size":887},"readme.md":{"checkedAt":1768031008043,"integrity":"sha512-8HPTXbXpQ0tRUzr94fmASje4wu4z+SzKSdpG2NqkNOxbwfZcSkqLlvnx+90Zh+iyHYRrjuk1k5OYfulK3m1Yvw==","mode":420,"size":3698},"index.mjs":{"checkedAt":1768031008044,"integrity":"sha512-MCfdTA6DKaUdLZ+2cUfkXv8LoF4CdmFbZnnxUEZuOVD3h+2rLSKIAFqhuEKyokiYSWlxI08rVG/F2ffGNgxhIw==","mode":420,"size":13586},"index.d.ts":{"checkedAt":1768031008045,"integrity":"sha512-94X4+zMkoUCdXL5/0/fQnbsdngs60gabnwXbDUHWycPBJ9D7Lxygj2h8JJXlg9U0zXbRK5XJSS9V8wcRRezqSg==","mode":420,"size":107}}}