{"name":"kolorist","version":"1.8.0","requiresBuild":false,"files":{"LICENSE":{"checkedAt":1768031011110,"integrity":"sha512-fr9oEWrQRP3pOkUUirs1mtFJXUs0NKMDJWZB1jZhTf2IPO6o95+gjKF8ghr4tku/CMk6lq9lZakTGnxzhopVEg==","mode":420,"size":1092},"dist/cjs/index.js":{"checkedAt":1768031011111,"integrity":"sha512-hO/lXZ/jtzrAzY2wxC9aCh70Bq5BoqG9X7HroneqHDGqrKGDGqF69CxelThUGKhcAupWj4MsqGByviGLjskzuQ==","mode":420,"size":6813},"dist/esm/index.js":{"checkedAt":1768031011111,"integrity":"sha512-eILTKBjA/2jy70vSvSRZBnPNlbpnAkSQk2cV/muSERnXxbMQ85eo1or3yIZYwlLn+uJAbznxZPlnaLrrc0+AAg==","mode":420,"size":5855},"dist/module/index.js":{"checkedAt":1768031011111,"integrity":"sha512-QvDclV4am2Fv7MdrX17zpJD+zxkPmsLDUiB4m6aHDJah6A0V8kLxMDjEEHemo3gn0p/YjJXIph6sxNVQAqlbkg==","mode":420,"size":6034},"package.json":{"checkedAt":1768031011112,"integrity":"sha512-kodvYxVMWWjt+onigwoA/MV7cIn1L5teBS+aZ6cFQVx7LDO/Kk/jTygHP2VVhxSvqoaatZ6I1RJ3F8X21Tf3Mw==","mode":420,"size":1249},"dist/cjs/index.js.map":{"checkedAt":1768031011112,"integrity":"sha512-HdL++eyffoGg0bCYjcTCp8HhKsFOiybL7sU1uvaawwWYzjBV9tle8+GzbQBcFCK7sQW267a5v+QqgWacRHicHg==","mode":420,"size":6390},"dist/esm/index.js.map":{"checkedAt":1768031011112,"integrity":"sha512-Ra7x9bAYiGHpy07vW2ezwUrLNq/wrZH5ulTCWkCflNFND3Tuyj8AQwbFX1F+PbvU2v2hKaPc+azLj0DyyeDKwA==","mode":420,"size":6737},"dist/module/index.js.map":{"checkedAt":1768031011113,"integrity":"sha512-anAmczmAgvwVcPyUMzCyLEEQfVv7FIFMQXCqeKE59dfSXCg7qh28pmLA1NGpdo8YPkaSBcLbxBosPqWc/KMjSQ==","mode":420,"size":6779},"README.md":{"checkedAt":1768031011113,"integrity":"sha512-fhYnHoLwCeXKVCPTR03ms7+PWSu9Wn5TF/WvTtQBexp5LVM81gLUsEPyT8jBvEhXN1uf3gpK65c/MYTKCj4QhQ==","mode":420,"size":939},"dist/esm/index.mjs":{"checkedAt":1768031011111,"integrity":"sha512-eILTKBjA/2jy70vSvSRZBnPNlbpnAkSQk2cV/muSERnXxbMQ85eo1or3yIZYwlLn+uJAbznxZPlnaLrrc0+AAg==","mode":420,"size":5855},"dist/types/index.d.ts":{"checkedAt":1768031011113,"integrity":"sha512-83cak2ErZfqbjwd2/2X0sr47JsE1QtT6OlpRYzZP6xhsubLQsy+7e3+CRSuR6cZOSWtKSZ6zfNFk/GsWDk2e1w==","mode":420,"size":3280}}}