{"name":"@rollup/rollup-linux-x64-gnu","version":"4.46.2","requiresBuild":false,"files":{"package.json":{"checkedAt":1768031008010,"integrity":"sha512-CR5x1ZNf64A6clVrni06Bc4YUGVhs89+HdokQdvvw8QvCX83EeydJ/fxaMpY751IAI+GW27PqxKzUZk4lUmwPg==","mode":420,"size":417},"README.md":{"checkedAt":1768031008011,"integrity":"sha512-JfylgMnN67sEVrDeTJWU9LPg41B+KsNLLvXH2JHHaqBNw6qpjnfNng//L52tyyS6mexyHlfUW7zF2U1HdfL0gw==","mode":420,"size":95},"rollup.linux-x64-gnu.node":{"checkedAt":1768031008019,"integrity":"sha512-xZ0fFqdd2BMuEJ4CMIbY3GH+ZY1vPQPBy93Km28qJSgAiUBW4tJrcUn2CrW6Oc3hRmr/carTvsS/k4glR4WPZQ==","mode":420,"size":2674200}}}