{"name":"brace-expansion","version":"2.0.2","requiresBuild":false,"files":{"LICENSE":{"checkedAt":1768031005243,"integrity":"sha512-CwBouL62hk27aXHZ/hZdLV/UILzW17u9j0JYnrmBv5XYVN8tFsIdN46m1I9WI0XS9m3g/RcTTf+oSV60lubf8A==","mode":420,"size":1096},"index.js":{"checkedAt":1768031010757,"integrity":"sha512-tBF6/Xt44nvxxJJ+9CttER1ouZ9MMu/XQjHVPENcttV84uHRllD7BIwGr6r+x8mL/FI/Bv99q/PDmQZsoVz5ZQ==","mode":420,"size":4997},"package.json":{"checkedAt":1768031010757,"integrity":"sha512-2xOGxw23WYoh6epuRIq1D2t/aj9C9msWb7nwcKY8hSinuERqT48UPIMXvDcxZlRWKdCG30kkAOnMtfh6kInGgA==","mode":420,"size":1135},"README.md":{"checkedAt":1768031010758,"integrity":"sha512-3FOOTlQSNBacyQhNwegbSqsXw6PnPLx3jpcGGyhoqlXw50LU0hCX631OcANI5+RLoaUsgzN+2fKatBJX6TXTXA==","mode":420,"size":4252},".github/FUNDING.yml":{"checkedAt":1768031010759,"integrity":"sha512-orCdO5CFgnVEgKfJmD83bpGuVPPd24ETYuMGQIbLnjM+m3OKZRm5t7MRcV865js6da9E8uegG12SWnwNiS3lEA==","mode":420,"size":54}}}