{"name":"@nodelib/fs.walk","version":"1.2.8","requiresBuild":false,"files":{"LICENSE":{"checkedAt":1768031010456,"integrity":"sha512-klyzttd362E9inpFU2X0jkZ+kaWZ+PhDEXJfMgfuWDKwC4dCmwlGbdsDCsQjWPUstsuss2EizcqjeZNZs2Qp9A==","mode":436,"size":1079},"out/providers/async.js":{"checkedAt":1768031010567,"integrity":"sha512-+W5Vt9NvIdehfLBx3slCmkja6GMA0zglsOkpsJqoBS1IlHK8kttsmRVOutYQc9vAoO2I99LoteG5Z+KYgk0AZQ==","mode":436,"size":895},"out/readers/async.js":{"checkedAt":1768031010567,"integrity":"sha512-Sk6NVLuKxCq/QhZdxXxHqn5wlpXPaaxtvtDNAzjmiB/QizRbwrfW5OGCNnwv2Q83YURioeDKOGhThTZnwf6WGw==","mode":436,"size":3157},"out/readers/common.js":{"checkedAt":1768031010568,"integrity":"sha512-UF2HjQnRwnpefmcg0P6Jeksthf08nuRYv8H5i/lWYcVaV72A00UoVbx9CA9/HhdAEyan6to6H1f6MntB3+M/2w==","mode":436,"size":1052},"out/index.js":{"checkedAt":1768031010568,"integrity":"sha512-Bc+R+Q50dDHJ+nRHPG92Uru0XsR+D3hG8aYkDzYF80ENWCXwluH+13AGYo+Et3slYcl+qzcNAuTB9mp6O/rbhQ==","mode":436,"size":1390},"out/providers/index.js":{"checkedAt":1768031010568,"integrity":"sha512-afQ2Rk5M8k31k0StY+kQpnxDL3Z9odVuiYtuBlSm2g3UdUTqBCSH3A8Tcg8luJvEFPQTy39s4UCn19f8bjG1Eg==","mode":436,"size":388},"out/types/index.js":{"checkedAt":1768031007730,"integrity":"sha512-f2XGQDoj2T+xSOglmwEtZVKrO/8Xj0p9ap2c7A9gQp/BiZ45tLyozAivx12afHv9sT/DcspjyF6yKwNV601gAA==","mode":436,"size":77},"out/readers/reader.js":{"checkedAt":1768031010569,"integrity":"sha512-fU1l5qqzuv77L6jb71XV/rRRxj/meQk3rsGhNnB2E+sdn2ETY1Z+HMaNI7gJpKlBQyNRUwYtuqQLKPCShVRuvQ==","mode":436,"size":358},"out/settings.js":{"checkedAt":1768031010569,"integrity":"sha512-Q7aqjE9Q5aELJD57IAInlaT9RjsNyhYkBY/imiU0q4Ajp5JosIpL5lLQywuqcLAarhkRE1sci0QKf5sT/JROXg==","mode":436,"size":1250},"out/providers/stream.js":{"checkedAt":1768031010569,"integrity":"sha512-Y7a9nN7Uy04VDmjGQBDQJs1KV+AphR/J1GRWvWq+36RIwTK19faeRcpwt6TTQUjyGWafczCY6J50lxalj5sKoA==","mode":436,"size":1021},"out/providers/sync.js":{"checkedAt":1768031010569,"integrity":"sha512-23mD4aVeAB4bAPeXJVLZx/GCc7mc1+qYq/A3vPgu+i+ePXHbd4BYdPwEqxUw6MT5PucLjaV8mE+iBnEAmL3WPg==","mode":436,"size":407},"out/readers/sync.js":{"checkedAt":1768031010570,"integrity":"sha512-wVyFLYFU3XpRzRISRRHA4ErmpLVkMVUHwwCJg2tkBuJIbih0NSJcYgZ8dFHA76pYTcv7POj4gsO36D9MLujQ5Q==","mode":436,"size":1911},"package.json":{"checkedAt":1768031010570,"integrity":"sha512-piWCuUCg8kwsbFubT4ZxLXTpOLVeXVflHNXMfYS8jw9GbDuSXnbgFoPZdYnQeJcmG6b+JE3ooMMDRpgrCAdwIw==","mode":436,"size":1138},"README.md":{"checkedAt":1768031010570,"integrity":"sha512-j8ogIsjqpcj0C8/x7t1bRoGNnm0Av7HlNUaitS08jMNqy+qCcDnms1nN1I5UHROiE2M8/13tYOxx0ym/WZMMog==","mode":436,"size":6139},"out/providers/async.d.ts":{"checkedAt":1768031010571,"integrity":"sha512-XJ5fhvrVB2TwhKdxJ9YKSqPm2+HtLyXjzfvQldV69q2ARaxGS6BBThVLywxs7QqgKZLM+xVnmfsZ1EsejCWUzw==","mode":436,"size":478},"out/readers/async.d.ts":{"checkedAt":1768031010571,"integrity":"sha512-4B3NTq3g/qqZMXJveOHFGlUfMqmxC3UKIoY07pyR48SF2UyUmjs4tvDE8hAu7yPGSCTcydjEClOmTiXuh4WsuA==","mode":436,"size":1091},"out/readers/common.d.ts":{"checkedAt":1768031010571,"integrity":"sha512-R3ls0llwv4RLm3L6qKd8+C2ilNE5h0eUlYU2EZGKJOVlZ0rNtcyQhD2w0RL7tkT7kqIO8jVEOjWfpdiN/8ltog==","mode":436,"size":498},"out/index.d.ts":{"checkedAt":1768031010572,"integrity":"sha512-pbxYZF2UqYbC05v9CoLlL8N5+j2s8O7Ln+lMrFjR+zMEJl6ZpDGhuTtWQvIlqFPzp3bjAa2W9+S40Do63cyp7A==","mode":436,"size":1019},"out/providers/index.d.ts":{"checkedAt":1768031010572,"integrity":"sha512-0c732jQdPWtv5otF0Nl+6YGufwg0vZmlspa4QU94RBcz3pSwKIiJYz5Oyk8MeTk7gOSnE951dh9ekoGtax3tEg==","mode":436,"size":167},"out/types/index.d.ts":{"checkedAt":1768031010572,"integrity":"sha512-vwTyGFiiKtd7d2Qm+NE9zZoMcOTxcqtsQKwpdxk9Owu/SqcNObJPfoTtLFEe+CxE+y2pW4kRXsbgQi1d9GsCng==","mode":436,"size":251},"out/readers/reader.d.ts":{"checkedAt":1768031010573,"integrity":"sha512-8AcjAwe7OJb4VP8xlaXKhwCIX+0cP8gTngvu43m5SX4U24lWrOXCfSCfWzFov84epVtnxfLz9f1UwcIREkEBaQ==","mode":436,"size":208},"out/settings.d.ts":{"checkedAt":1768031010573,"integrity":"sha512-UWdWnBIoM6g+GyQEXYeAA7rldj8nI1W3YtBCv0/N1PSuuB19T5hyBpJULPgpJUTQ1wgkkD+omPFwXkGDi5IgRg==","mode":436,"size":1175},"out/providers/stream.d.ts":{"checkedAt":1768031010573,"integrity":"sha512-5koza8bgHEY6raALhTbI/jnHvDXDdtMf8dEzRxJFT8iVpLNtd9FFQX/bepKph2gkkSNI70gR8YaH/plt+6dm7A==","mode":436,"size":413},"out/providers/sync.d.ts":{"checkedAt":1768031010573,"integrity":"sha512-K2dMgaX3P5CpBFx9EVRTkEhWP4dHLFd0DZbLZSHcHLcVWyn60XyJ3FyJQrrvApoAzHLLbWqxPDMcfThggSxVsw==","mode":436,"size":338},"out/readers/sync.d.ts":{"checkedAt":1768031010574,"integrity":"sha512-JNKuNj7hdh3gOQIZTtVeTIoEDdcFCDOLVwkUyXaZoEeIchAjVYpOjdIthzxJ7vBYT4RpcrR/q5XMo+fqK+Ssvw==","mode":436,"size":477}}}