{"name":"deep-is","version":"0.1.4","requiresBuild":false,"files":{"LICENSE":{"checkedAt":1768031006948,"integrity":"sha512-Y/3DaTdKZmy+ITAbdaEUL7/efFl/1a/SAEvKMNXwUDdSkjWKp6dAz2f6tTvaRKK05zguzZDlIoPfzzxP3//sSQ==","mode":420,"size":1237},"example/cmp.js":{"checkedAt":1768031006949,"integrity":"sha512-q1iZdWwhTKDrHZXU9WZ7O+cO9HljZ1VCEQJC/5XfFf9i9Tv92UHlLIioWnNuoXc0Rso/k7Bct+qiTZM2/9AB4w==","mode":420,"size":207},"test/cmp.js":{"checkedAt":1768031006949,"integrity":"sha512-AyNwXPmJ0TncA5ErxfcpBadWlI0mPLjuHkUdAIIc7wfML1qTmbsUn7IinaFz3EmYo6Q+KFk5zoeZ01in2PI4dg==","mode":420,"size":446},"index.js":{"checkedAt":1768031006949,"integrity":"sha512-rfEa6i/j3UOAm/HXilKwjcTx8WT3OFyKQPHsw5TgKIuSbfjFOihL8TatTrBRW3W9UHDbTYJ1cS/RWzTyE+i/Zw==","mode":420,"size":3104},"test/NaN.js":{"checkedAt":1768031006950,"integrity":"sha512-NoZCZeFWjK8zp8aRGf3hdJr2W999x6nvHYGip0Uen6dsWGgqSzj1M80FvGYJJfbOgO2suG8F+kzv/Z94Xv3SBQ==","mode":420,"size":329},"test/neg-vs-pos-0.js":{"checkedAt":1768031006950,"integrity":"sha512-m/vEPvnHaGiiOWvY17Ci5M1uufBfoD8Qb/iI9Cs83dsx82qmqC7bNOdxWHpLJysQLKYZQcMzwzGlI21yiOlvSQ==","mode":420,"size":343},"package.json":{"checkedAt":1768031006950,"integrity":"sha512-LgNReco0UnL0S9GqOm5SkWl1jEOBRgk72Z3i2ZV0e4HzBp7TPZ8a9Vv+wOzClMfVBrq59qDdFcQXBEyk0Uxg4w==","mode":420,"size":953},"README.markdown":{"checkedAt":1768031006950,"integrity":"sha512-XtivGXvlGtbQ2wF6pf+gSzPvtBggIW4YMqaUgeoAeB+A6N81bFFCdRwZ8Tpq6fhnHvnJJXgDwSQESKm5Pbpm9w==","mode":420,"size":1443},".travis.yml":{"checkedAt":1768031006951,"integrity":"sha512-bhogr1+NYi9MaUcpDVoItziNur2K/BOU7RmPq1SSogayAZtzpDitEF/Z8VBqamWK1JB6WK2UqPeXJqaGUl7Ajw==","mode":420,"size":52}}}