{"name":"chalk","version":"4.1.2","requiresBuild":false,"files":{"license":{"checkedAt":1768031005949,"integrity":"sha512-nIst73auX/5NY2Fmv5Y116vWnNrEv4GaIUX3lpZG05rpXJY2S8EX+fpUS5hRjClCM0VdT2Za9DDHXXB5jdSrEw==","mode":420,"size":1109},"source/index.js":{"checkedAt":1768031011342,"integrity":"sha512-bm9r2fxPG5vpwd8qhm2+xozcBBaaQsfaRmf+TNabaGR70nVy1d2PvBOeyaRgbr2v/ZsjrEObbA6fNtDQIaWM8w==","mode":420,"size":6075},"source/templates.js":{"checkedAt":1768031011342,"integrity":"sha512-2bH4hJ4J6+DMzgmVmTzPf4PuOPlBTO+/DvNNyuIdQvMVzK1AMqQO6913UXZeM4Qj/n+05bhbcdXeu+O7qJTZ+A==","mode":420,"size":3367},"source/util.js":{"checkedAt":1768031011342,"integrity":"sha512-niRJz5zRCOfRW8aMV7RatOy7hLjsfWwuejZ6R6pO3mXHxKpXCzmUC+dyFMZmcwwfpSUKx2dANFtuDu+FLM+KUg==","mode":420,"size":1035},"package.json":{"checkedAt":1768031011342,"integrity":"sha512-WzNe32BW9XwmHMA+sSKXmeZNK78mIPORgv/nyH21s5Ynxx+38Qoi8ERatmzFttbwZokgnepepPYmXvrZkxBKxw==","mode":420,"size":1197},"readme.md":{"checkedAt":1768031011342,"integrity":"sha512-zQJiTcxzwk7gtIixeYpg3iA9NIfWsPdahpvQvJhF8w6QepDucn0fZP/DxoJPst/JAPE0BqtjyCfacZurw0B8ng==","mode":420,"size":13365},"index.d.ts":{"checkedAt":1768031011343,"integrity":"sha512-Un4AkHM1HBNbSz0E13bQHd3RNvh8Q4BLb/9Jn/fWPw1pj80+4F/jN0gMIOSWd2dlzIrmT1wESetR0MjopAoukQ==","mode":420,"size":8899}}}