{"name":"esm-env","version":"1.2.2","requiresBuild":false,"files":{"LICENSE":{"checkedAt":1768031007444,"integrity":"sha512-cdd1Yi/chWlf/WBcFPfegSRPbmGH/yeh9uDUWxi085ikY1iXIiIEMGjoahXMIEj/Xz/wyoo49EzCR7mC/jGyxg==","mode":420,"size":1063},"browser-fallback.js":{"checkedAt":1768031007445,"integrity":"sha512-BRIeVznAIxuL3two4vK9ooReoJFn+WbG0YoV9FqfhDy7nxSeJ4jlAeyhazc3s+brBvyoL4LqCTliOXtOW+mnBg==","mode":420,"size":46},"dev-fallback.js":{"checkedAt":1768031007445,"integrity":"sha512-v/rwK412nX/lPLI5tL5yOtbCzPyBY/ecjoaickaxeddJ2wuQgbvndJwCoGNDzwbkQgbsIUB6yp9Q/pH2DOjQsw==","mode":420,"size":123},"false.js":{"checkedAt":1768031007446,"integrity":"sha512-o/NNGsERF9vbj4zX02hFZWdRCYuFgeundXVc95wDbs8qFxciZK05AuwmbmyDfGVozdjc367n+nvfqA4Xgmb1jA==","mode":420,"size":22},"index.js":{"checkedAt":1768031007446,"integrity":"sha512-wV+O9oYko1vyONn3lJzQ9ROnLz5x/JTjTmHiNgaC2piphhXxJrW5ziP9WX47oB4+kM+U1YIAoGdZ82MpJlC0Ng==","mode":420,"size":156},"true.js":{"checkedAt":1768031007447,"integrity":"sha512-UeUVxmjcV8MuEwLzijr9y6pvnYPPWT+qvx+qyGgbQMtUaNOfXzTaHHvL5LBMLb3Xe8W/xHqQU3G5asYUQvnj3g==","mode":420,"size":21},"package.json":{"checkedAt":1768031007447,"integrity":"sha512-+KGXT3nfJfacocsU1zBpIk6/64bBU3pdzAvzkaeBV9jz1qIEWs1SFiQb8u1nhxe+oXXxHLYiyG22aCfBLLD6zA==","mode":420,"size":768},"CHANGELOG.md":{"checkedAt":1768031007447,"integrity":"sha512-v89dcmNAOInvfNckevI3U1N+7sgWgKpuxkgwr4p41WRHsxXa8bc84q364rGA1xkvZE3XWuXizzXOM2+Bx4rwMg==","mode":420,"size":529},"README.md":{"checkedAt":1768031007448,"integrity":"sha512-VDzAwz92e+xvcKXNXj/+Qzc5kyGodnvFO7Pso/ZZzr1wGQ8/FK0559oB3gOaJ3g+91zjPT379BZmgtiu1y0lFA==","mode":420,"size":970},"index.d.ts":{"checkedAt":1768031007448,"integrity":"sha512-3iFbzp4k2fCxP0w6/+nAA/NgqMaelnWCxZJERilaRiXQp+4hZB5wRinHfRprn90juXLyJuTDANg/ay7HQUPqTA==","mode":420,"size":86}}}