{"name":"@eslint-community/regexpp","version":"4.12.2","requiresBuild":false,"files":{"LICENSE":{"checkedAt":1768031073691,"integrity":"sha512-mU2zG37iToppUpJAeVzAygm/RjK7uiIHsBwn5ymHYdwCyKfYX1/ZNQTRdjEbLPtQXuiXKulo9U8sJqWe6Y7Iug==","mode":420,"size":1071},"index.js":{"checkedAt":1768031073692,"integrity":"sha512-dsX/6gXOor9i5t4W2wYT7Qg2tzowEWrg5MwIbfWdc+LiBXT52PJLKyOoO6NTPqhs2nitfVs+URvFpsBINmagfQ==","mode":420,"size":109704},"package.json":{"checkedAt":1768031073692,"integrity":"sha512-nSIK2lNhrVDgFu1MMUcHUvd4S37jsVtb+eyNxMNeqY8H6dPM2cIZnFPSU4zTlQtkFMm0Y4+FVvKGozM2TiP1XA==","mode":420,"size":2783},"index.js.map":{"checkedAt":1768031073693,"integrity":"sha512-AchwJPKbCFT9ExubxmVEC6+t+Z8QsgKLj/30BS8Kc5A9vR4NYOK7cyDMxNAMYsLsp70InIeBdnTFl7ZIbeeQCA==","mode":420,"size":103754},"index.mjs.map":{"checkedAt":1768031073694,"integrity":"sha512-xuut8qfB/EDD36hPWqSsalBXxLH2HAiCcwzgyCR4F8UVEclbwzYDUwOZmDbqwwOVrLJadKVKSaVM8kHeytEC4Q==","mode":420,"size":103745},"README.md":{"checkedAt":1768031073695,"integrity":"sha512-o948YWTz13rpnhtr5Pv9bn0w6WPHHN1hauapU5NjjwNCCvLepeqey7AVA/Yskqfzyx385wh3+R+412KcqIQszA==","mode":420,"size":5663},"index.mjs":{"checkedAt":1768031073696,"integrity":"sha512-HkdHEo0SEAENHsm7G7PPkSX98iQt3KravCSs1xfUmGLCY4cCwIwbqDl1h22WKa40V37mG76ezq40V8CbQIeeWQ==","mode":420,"size":109467},"index.d.ts":{"checkedAt":1768031073697,"integrity":"sha512-/9NvJEMMuVhA25Kh0gyiJf4SDhz5DUabtpeLMluxHgpWN7Coifm4rKUfLBCtwF4YF4ev2t5AxHfARoMpHuyRww==","mode":420,"size":37807}}}