{"name":"@eslint-community/regexpp","version":"4.12.1","requiresBuild":false,"files":{"LICENSE":{"checkedAt":1768031005261,"integrity":"sha512-mU2zG37iToppUpJAeVzAygm/RjK7uiIHsBwn5ymHYdwCyKfYX1/ZNQTRdjEbLPtQXuiXKulo9U8sJqWe6Y7Iug==","mode":420,"size":1071},"index.js":{"checkedAt":1768031005279,"integrity":"sha512-0al2VXT3iaeHReRGwqcWjfe6nF5aBeMg2fKmpmplRslxxOoFETQ6bN9poJqhZv1qE7+Y3UQc1ecnnKu597ot4w==","mode":420,"size":109363},"package.json":{"checkedAt":1768031005279,"integrity":"sha512-6RREc7Yt245LrezkUmKQiGGDSqZk3UKcZbVVXHdES6lp+iG/j3OmGv5Zva/mLOvLDs/54ATeo0tREt73eTgjKQ==","mode":420,"size":2783},"index.js.map":{"checkedAt":1768031005282,"integrity":"sha512-370gPjB9O0anM9FZ1Z9TRAjERZTDXwHRRQth1YumabQ2etMq2FQ8hQ9cd4zDpTjlhTq1Q9g+MVMD+vdi2FJeCA==","mode":420,"size":103495},"index.mjs.map":{"checkedAt":1768031005284,"integrity":"sha512-mA1bKiqlXy15I1rvI8985CSEaakGSwg8SpMfPoEtkWcwPoKHH45t5hUQ/SnHgXmPgYoZKLQt4vlYlAxCljWsQw==","mode":420,"size":103486},"README.md":{"checkedAt":1768031005285,"integrity":"sha512-o948YWTz13rpnhtr5Pv9bn0w6WPHHN1hauapU5NjjwNCCvLepeqey7AVA/Yskqfzyx385wh3+R+412KcqIQszA==","mode":420,"size":5663},"index.mjs":{"checkedAt":1768031005286,"integrity":"sha512-ulGP/qPsjpLCRlT3E1jF8hXYQZRpqTZbuX/AKuMSqn0Cs2YGWGmNYduoQWUGrnUPxWsIVmTJcRJ/n7wQ7Jk53g==","mode":420,"size":109126},"index.d.ts":{"checkedAt":1768031005287,"integrity":"sha512-/9NvJEMMuVhA25Kh0gyiJf4SDhz5DUabtpeLMluxHgpWN7Coifm4rKUfLBCtwF4YF4ev2t5AxHfARoMpHuyRww==","mode":420,"size":37807}}}