{"name":"aria-query","version":"5.3.2","requiresBuild":false,"files":{"LICENSE":{"checkedAt":1768031007175,"integrity":"sha512-RlKUwbPCXPsGYr/W8GM75I5vA4jSRfqFWDn0+oVmgY3yzzClO/nQ7AQZPxym2Xjv6Ww768aj3Ncsme3MHeT1Gw==","mode":420,"size":10236},"lib/etc/roles/literal/alertdialogRole.js":{"checkedAt":1768031007176,"integrity":"sha512-5WduvItgrdL6rCtd4yKceEQy/efK6vryMCgSRJfChpEm4QRKXaJIuVSpNtgaFqaYU/BNbY5//quci6lA2Nc2XQ==","mode":420,"size":636},"lib/etc/roles/literal/alertRole.js":{"checkedAt":1768031007176,"integrity":"sha512-jhrt9Mmm/7FWg28WcRxM775SJHi4g/3GT1GVu077OhdPOf+h5nH2Ct4Vk8b0eVMFs5Awr8PAhSFnOBxR4h+ScA==","mode":420,"size":641},"lib/etc/roles/literal/applicationRole.js":{"checkedAt":1768031007176,"integrity":"sha512-5yhy13OVY4QiJIxIrgrqxY6rf8pu7z9XzOkimwXCr7OT4cQDKyO6NQCrQ9dXj/aIqRbxuLEPWq1AKuTvkAHPUg==","mode":420,"size":763},"lib/etc/roles/ariaAbstractRoles.js":{"checkedAt":1768031007177,"integrity":"sha512-sSgemDFstvfcq2IpZJmccgPaK3YedzFnaob9gCc7AWhpugQBJN1UvYbxJxAAoFWJFmtuv4lR+cCYPOE/p4Dh2g==","mode":420,"size":1637},"lib/etc/roles/ariaDpubRoles.js":{"checkedAt":1768031007177,"integrity":"sha512-rfqTJ/AiDpMY1RzaMHBHCK1kT7taB87RtqZB12FgQ8ScmjR4Iidtjy/7XPYW9ZxyV/a59jx6xwguERUpND0xZw==","mode":420,"size":5399},"lib/etc/roles/ariaGraphicsRoles.js":{"checkedAt":1768031007177,"integrity":"sha512-ir61085FlftCWzqT06ghqDTUy7lgt/BpA2UVtCQ3576IANvBthKTODfDczbhv06WNGfWAv+dTpKSD9ORCz2JIw==","mode":420,"size":703},"lib/etc/roles/ariaLiteralRoles.js":{"checkedAt":1768031007178,"integrity":"sha512-TCgNTDKyyHn1uVryAfXOSW6+nfkiDXjp2b9Bysv52DlacQbadIiOc9asGmvL9mVFZcx+Etti1U8Qn3Sf3lLtbw==","mode":420,"size":9591},"lib/ariaPropsMap.js":{"checkedAt":1768031007178,"integrity":"sha512-S71ndyHlbeLlJqv/X3sKD5BOJ0j0tyENwM5fM0/EwHr2OZTHPDJ/1oARX1CeQIAI5p6oR6XKMg+UOUYxXSQ/5A==","mode":420,"size":5770},"lib/etc/roles/literal/articleRole.js":{"checkedAt":1768031007179,"integrity":"sha512-dDvusnJjUvllLV+xJAPnTbh+23TMrSmDueg4g4iyVnm/l6me3HT2KV5f3y3tS6xm61b571m/F5ap7cxvsqjz0A==","mode":420,"size":642},"lib/etc/roles/literal/bannerRole.js":{"checkedAt":1768031007179,"integrity":"sha512-M5IElyPAqZtcHxQzaRpvIx73ckFJ625n0+FxMINLESnr/UFMTlyyBNtBF5znHWzunOYCnP7+7Q3f4ePhzMagqA==","mode":420,"size":646},"lib/etc/roles/literal/blockquoteRole.js":{"checkedAt":1768031007180,"integrity":"sha512-uqUbqNYlsfhY/vE3dOdppqOFr8senMpfPWyTCAylrmvqZ/62Cha2as88v3O7+0wJIo7h1+2B572M21h5h4rQYg==","mode":420,"size":595},"lib/etc/roles/literal/buttonRole.js":{"checkedAt":1768031007182,"integrity":"sha512-uZVUVZ6mjmm6bQXlLXuCvfW31ULLgjPFwaAlthV+0B9seAiRKuJmittXpudinmxuPmsb9DjdFGj54oAIfMtp1Q==","mode":420,"size":1349},"lib/etc/roles/literal/captionRole.js":{"checkedAt":1768031007183,"integrity":"sha512-3Ufa02K48VmdoUm6wwfT9a/S6qt5RSe9fGmayRI4Q0ee6nFyA9rX2K83f78w1eACKMmuef3hivcNICCA5CHE8A==","mode":420,"size":671},"lib/etc/roles/literal/cellRole.js":{"checkedAt":1768031007183,"integrity":"sha512-bVSn4eUhTyxtLCleAROH4SbW91Rb12FMNa88XSvbnazyUFrKvEkyXzyoe1VyqgzqsqmioPWgG9c5mpCwQbr8SQ==","mode":420,"size":767},"lib/etc/roles/literal/checkboxRole.js":{"checkedAt":1768031007184,"integrity":"sha512-zG8QLcWHsgmK/PzcFw1pe5ej3CXTT1oZ2Ljj7LyZQ6eQzYbeAk2EL0NR+nMOtzCDrHsBZ6WHJxezaDBsBOMjyQ==","mode":420,"size":933},"lib/etc/roles/literal/codeRole.js":{"checkedAt":1768031007184,"integrity":"sha512-+FTacNW+596NwVpTLFKUB9zbZXhzhCiHcuVb/TfZWt67vr5Xl+MhNAVU4hU/EBw+npjKhjf3aIswSap+Md3+Pg==","mode":420,"size":612},"lib/etc/roles/literal/columnheaderRole.js":{"checkedAt":1768031007191,"integrity":"sha512-klmmT2StvDUQ6FUns2WHy01Z3/oomQj2oPz23ATR7YeKuFzi56rSwccZ7+OW9kYIgQJUtL06RzrrR3lfhQxSEA==","mode":420,"size":1066},"lib/etc/roles/literal/comboboxRole.js":{"checkedAt":1768031007194,"integrity":"sha512-h1/8A00CD9TR+KgAZtFe1O5gFRJa/LP+ymTCdvhys+sENDmf4LBxaz92/tfVqvXdA1tlkv836FBcYwPZYKnjrg==","mode":420,"size":2460},"lib/etc/roles/abstract/commandRole.js":{"checkedAt":1768031007195,"integrity":"sha512-Z/yeIOyn+Imko5XJR35r8RyI973js0BcwhYr7HdEonveaTwq6ChWvIQHNAd+XIJJhhODk1cQW9gdE03UwiPAfg==","mode":420,"size":503},"lib/etc/roles/literal/complementaryRole.js":{"checkedAt":1768031007197,"integrity":"sha512-/SKmNYHUXHeLm6pSJslgMQVYbfjt8rIs/ZK+83YlxcGmbCcsQIg9DMAwxsVM8iZ1duA1h/WVJ1g4iCvuPJYMeg==","mode":420,"size":1242},"lib/etc/roles/abstract/compositeRole.js":{"checkedAt":1768031007199,"integrity":"sha512-viI4hrj1/mangOs33cPxueu7s6d7CRDOUR770bqnNtaHE/lE0b+UEf118WCSVy3GzYskCLWZCuMMCHmHuWrtEA==","mode":420,"size":571},"lib/etc/roles/literal/contentinfoRole.js":{"checkedAt":1768031007203,"integrity":"sha512-p2yuMCL8G/IKCI5Lib62a/uernKuymnXCUENkV169/qdrxVKmAAyateILGCxvZiO/cShYq54I1Y+Ku6XYzSFZg==","mode":420,"size":656},"lib/etc/roles/literal/definitionRole.js":{"checkedAt":1768031007204,"integrity":"sha512-GRZj528TWCIpAWz/tJHwjara81qdHzYrL19V7r5Nejqvn6FPxRAa9sB/tH1xbzTMZBEADIFG59AyChdXmmQHvw==","mode":420,"size":587},"lib/etc/roles/literal/deletionRole.js":{"checkedAt":1768031007204,"integrity":"sha512-b4X1FaVY9oYq+daUj5xVHUMKMSJUmpa1XbhgcZQFeahT1zLKzkFVvGQ4z1jCOWB6cTBZ6d7c8auWZ8Y3eXyl5Q==","mode":420,"size":619},"lib/etc/roles/literal/dialogRole.js":{"checkedAt":1768031007205,"integrity":"sha512-wnHb+yHAD7Ny8sjQS0WLTXs52UrulbUQlcGvUxd5hm3HsaISq9S9qcR3z+oIacQi7F8xQPZhqCofzq9tObatfA==","mode":420,"size":568},"lib/etc/roles/literal/directoryRole.js":{"checkedAt":1768031007206,"integrity":"sha512-eELAzQc5EJTbB0fHSTbbYiKydZ3EcHIins6ciNP5U0mI0RkG4tvEoUqMJM9ZkI2nRDVxngBxvKZIDBCvrJJ0xQ==","mode":420,"size":561},"lib/etc/roles/dpub/docAbstractRole.js":{"checkedAt":1768031007207,"integrity":"sha512-Py92mlt5/QHo27iBKdgiGEfg3DO1Jb2MxB27y49kM2dg/qw2pfPpt2DMxVnsqMaaWTSfksa7cDIj/+4ox7g88g==","mode":420,"size":746},"lib/etc/roles/dpub/docAcknowledgmentsRole.js":{"checkedAt":1768031007207,"integrity":"sha512-wXZcrdFUlDLE0qEOU0j8VK4ENIFtxI9WRyS/2sa4FEm2T9D2riaN8Rp/bitmevFj2b9AFYexGS7BCyF0GGjbhw==","mode":420,"size":779},"lib/etc/roles/dpub/docAfterwordRole.js":{"checkedAt":1768031007208,"integrity":"sha512-OS+dZH17prkKf+f+KJLQW5Sp4UU60DAWSNS2wvF8lbSjTP0oxRLXKm0Nyjpc+o5YIzmvdG0PmmyB31/JKNFOjA==","mode":420,"size":761},"lib/etc/roles/dpub/docAppendixRole.js":{"checkedAt":1768031007208,"integrity":"sha512-TwMm+lLYL2bqpDWb8Us7MwDzpk3eEK7cmqPd42olnVtYaeYqqsVge/BhjcbDltbB5KITKsTUSH5gkb7uu6je9A==","mode":420,"size":758},"lib/etc/roles/dpub/docBacklinkRole.js":{"checkedAt":1768031007208,"integrity":"sha512-wz3Vmbbz48JBEqQSboWNcvxG5QJgFb/z6x1motR7kYHoBpxwOz15Pv4zWJyKMhZuTS5YLwM7T87VZITuk3R6Wg==","mode":420,"size":681},"lib/etc/roles/dpub/docBiblioentryRole.js":{"checkedAt":1768031007209,"integrity":"sha512-NVlSwWNs+vLf7l4X+1H6TEsjcV6JMniX63tnjpx3GbYnsaQnzSrEcK6Gqz/xDyEKticKl6lYw4rEbk55jkhCAA==","mode":420,"size":807},"lib/etc/roles/dpub/docBibliographyRole.js":{"checkedAt":1768031007209,"integrity":"sha512-0CPBtixoATU5pf/Sk1UpiwuzGqP/SYO+0+SBXeLobs5/YWCunxTlbTyB1Foc23tOQ4+xjbX/WoDuB/sATyJG6w==","mode":420,"size":789},"lib/etc/roles/dpub/docBibliorefRole.js":{"checkedAt":1768031007210,"integrity":"sha512-UBXb0rZ3ZUlibJK6lxi2sm0Vbov+hDwjyxeqxc5MmcidIQ4YNW3K0leoUf/FRJEX+RaCGIY78nwpSfhZFm9zLg==","mode":420,"size":684},"lib/etc/roles/dpub/docChapterRole.js":{"checkedAt":1768031007210,"integrity":"sha512-EtdaGnt116oAtbTUNuzWmSEPndt3I9xFFTllKLQkgVc0pffcRjJFANgw9/rsHDsXttgEvd3RNOUXuk8VQ+gSvQ==","mode":420,"size":755},"lib/etc/roles/dpub/docColophonRole.js":{"checkedAt":1768031007211,"integrity":"sha512-aKDOGh1E9TOazf8dojJ+bSCfzePDPdrTgaRAYquKNrIeMaspEaQ8Grb64VsBJ8kCFobigltu8MD4eP6bztGhbw==","mode":420,"size":746},"lib/etc/roles/dpub/docConclusionRole.js":{"checkedAt":1768031007211,"integrity":"sha512-6xfkibkgLramT+oqF+sSZTMZKThL5sy39TwawFeaYgcryAn5nkBLWfTuBYr5JiizI/K9hVErq+iuthV8fquaLw==","mode":420,"size":764},"lib/etc/roles/dpub/docCoverRole.js":{"checkedAt":1768031007211,"integrity":"sha512-ezebXdwZXsFMOkcThMOtGFnYwhWn+z/Hx0airjAWTkfbGUeLSr4m9yEWyzODP6QzOpcZD9bMJkdU6y9TWVucwg==","mode":420,"size":744},"lib/etc/roles/dpub/docCreditRole.js":{"checkedAt":1768031007212,"integrity":"sha512-NTN7K/hHyxWJGNvHkIsZL4t3j3s5+KVln/n6UAheb/CHk83l7qUhnGZZvrWmcNl36jfu9zk7E0oYRp13ghQp3Q==","mode":420,"size":740},"lib/etc/roles/dpub/docCreditsRole.js":{"checkedAt":1768031007212,"integrity":"sha512-ucBTxSTjXCXbqac0UXbq7ecDix1NFph4pQAUkfKEk318Mxz81acLYZqyCCOTwiqksZC675rfoWzadKYfefUvAQ==","mode":420,"size":755},"lib/etc/roles/dpub/docDedicationRole.js":{"checkedAt":1768031007213,"integrity":"sha512-WCqpLDF0L2zPMjnLlVkD00c4vjqIJHtrGI3W5TWA7NQzXbwtPZdaTzWaYmFXXrLzYM9LMdaoKqK1znEj7xkz8Q==","mode":420,"size":752},"lib/etc/roles/dpub/docEndnoteRole.js":{"checkedAt":1768031007213,"integrity":"sha512-rVw4DM/9fjuyBg7kynxSyLXmrqSVdwkYE6jdAG5PC4pdjS84G6Vd/ivPDMwGrA2FoeGD1h+A4IZhg4o0HnGN6w==","mode":420,"size":784},"lib/etc/roles/dpub/docEndnotesRole.js":{"checkedAt":1768031007213,"integrity":"sha512-ajdM7Xl9FgHKKs0pCnb2q7jqu0dHEo6qPneajOAWdRmcdRi4roX+4dLwWwdNubb9hwMeDS8Uoh7526mafSEk+w==","mode":420,"size":774},"lib/etc/roles/dpub/docEpigraphRole.js":{"checkedAt":1768031007214,"integrity":"sha512-7NN09wrDdEmW+Xd6NNmUUhy/i4d3uf3WPyFTLFpzaRgzShrS4OfUZ+nZPzNC169TmI6dHZeMnwcnQNW/aUJh2Q==","mode":420,"size":746},"lib/etc/roles/dpub/docEpilogueRole.js":{"checkedAt":1768031007215,"integrity":"sha512-SBT4Sx5jjBXpRRVmgJB/jn6tZmMONFS0lAR200m0h6B/yuX8KQ//BAdxOZiHpSEMLtz+3LG4jXZOACZRRrCfJA==","mode":420,"size":758},"lib/etc/roles/dpub/docErrataRole.js":{"checkedAt":1768031007215,"integrity":"sha512-Ez18Hk63iq+KxqB0k50Q7usAeuI+fkfPOodTiNgiAXPqJDC0VCw2HFnpVDA6jvX+froizDQFVxyZnFMPojh5Kg==","mode":420,"size":752},"lib/etc/roles/dpub/docExampleRole.js":{"checkedAt":1768031007216,"integrity":"sha512-MdNmJNGpiSkBtWiDSDUM1OT+VqsNp7LmgPyqB5ZYY+/hpB5UM9z7JC+jeT5WEbP4bB4lY+DtZ6m3UgggAjsGVg==","mode":420,"size":664},"lib/etc/roles/dpub/docFootnoteRole.js":{"checkedAt":1768031007217,"integrity":"sha512-24j9wEUcgY/MaogNhOvfWHiVi1ZccFEG/ow2qT5rbiS18Z4BbNJ0QAJ1WtUEDcD30zAVghXqZbjIql7Di9a2RQ==","mode":420,"size":746},"lib/etc/roles/dpub/docForewordRole.js":{"checkedAt":1768031007218,"integrity":"sha512-Z8WFabagewkni7QHftKsgulcyeEm279CSmXewoPatnE6NfSBOXSYkB6LKI2ejxxGE1t6orrWggT/A3bxykDw6w==","mode":420,"size":758},"lib/etc/roles/dpub/docGlossaryRole.js":{"checkedAt":1768031007219,"integrity":"sha512-EJ+Thk+F3qr8aSmgEP61832wFVD0foQxtZXyatJ7FMN5O3QY9QyyaPpkYpOzx5US61rdt5DWX8DSRcZRzkk5GQ==","mode":420,"size":782},"lib/etc/roles/dpub/docGlossrefRole.js":{"checkedAt":1768031007220,"integrity":"sha512-mV8a5hpY6FP/00tpG9lgN2tfTreRZeYUkT7RzKAhwPhdgbPuHgkSIlQqYLhJNfyT0hx99CK3Goghy4nnUjP3dA==","mode":420,"size":681},"lib/etc/roles/dpub/docIndexRole.js":{"checkedAt":1768031007222,"integrity":"sha512-udF0XMmvCc1ZBA7WypXJrvsiC32oZ4WUQk9McRrsnxGnLsYzOkP3zNMJUh2N++4Sez2y8S6tu2PXTPXIUH4gVA==","mode":420,"size":763},"lib/etc/roles/dpub/docIntroductionRole.js":{"checkedAt":1768031007222,"integrity":"sha512-XH4dkPi+tWB+Bb396xWCegOCvNicqIA04XlWXNde4zU6deao4Cm7BRckrNTFTWJP6NQVDpK8rfaCAEFGSg0pNw==","mode":420,"size":770},"lib/etc/roles/dpub/docNoterefRole.js":{"checkedAt":1768031007223,"integrity":"sha512-s6yms36bAtyaDcRROFrulGKlinqmG5ETTjYYtMelUlyO9njBZhZBKD5nRPBvXt8Vjmntp6mfdGdqR/DNcL2PWQ==","mode":420,"size":678},"lib/etc/roles/dpub/docNoticeRole.js":{"checkedAt":1768031007224,"integrity":"sha512-1oqM2eWDZD5PLg2N+HAdF0aBJhJYrcaWxEQOQgn4gL3t9mPqmm14kACVq7QZhqaxSiZ6MCXx1Li4AZb/GoiAfQ==","mode":420,"size":748},"lib/etc/roles/dpub/docPagebreakRole.js":{"checkedAt":1768031007224,"integrity":"sha512-usWTuUFpJsC9LQGEBJFVjMl5SXuYBgCBNcIQZI0Vgbi9jFicAinHDTxl3qjvh02tcba40TnAOkeD9F8til+sUQ==","mode":420,"size":722},"lib/etc/roles/dpub/docPagefooterRole.js":{"checkedAt":1768031007226,"integrity":"sha512-dTeKiW02xLcN7xrbdtJ9FwES3t3bi2UU9LJDZ51WI/pLkfdCL604cTFL23Ceb+a4/OT2nML0xDRfOtA+MjxEeg==","mode":420,"size":749},"lib/etc/roles/dpub/docPageheaderRole.js":{"checkedAt":1768031007227,"integrity":"sha512-+A1j8YUdoMZXaZxNbvSJ9349rPY+bU8SUS4dVSM8aKiV4R+TxMHDA4oFul50rRuHh+Gbhg57kOTUIFB7ZbV3zA==","mode":420,"size":749},"lib/etc/roles/dpub/docPagelistRole.js":{"checkedAt":1768031007228,"integrity":"sha512-RQ++uurbpl4ZwvDlFSXtWgSFSmKUBIw4xP+kLB1XOVrjM2mvYRocjbtaLHP/GHQG9gxjqKaOVKtSg3jMx7GIZw==","mode":420,"size":773},"lib/etc/roles/dpub/docPartRole.js":{"checkedAt":1768031007229,"integrity":"sha512-5JH2Zllnz4+/Y6TE7OwVhnvopYzrTZl7Y94PNqIgP+aupu45Eev3D9WyMRNFmLeEp71O948X1SJCipOnvgAEtw==","mode":420,"size":745},"lib/etc/roles/dpub/docPrefaceRole.js":{"checkedAt":1768031007229,"integrity":"sha512-bGW6fXMOALongaYQtM5JNRLvbO9DXYERiX9MdEwp8VWlNY1/CffinfgE2WRi4IQjl/PmqOrpJ/NIDP1WZsS0Gw==","mode":420,"size":755},"lib/etc/roles/dpub/docPrologueRole.js":{"checkedAt":1768031007230,"integrity":"sha512-S5lifrXK24k7pbQCuZXiRRxA9zkQYjjHJVait3ThyD8vNXQy7CASyEc4DhMu71Scx9lhfd0SPyPW/GjQi4B6cw==","mode":420,"size":758},"lib/etc/roles/dpub/docPullquoteRole.js":{"checkedAt":1768031007230,"integrity":"sha512-licCqCNR4egdUS6c31mAKhrYAm7dA4pFgGFLBAtsmOeqxLhgIV5tP9xfcWlN8GCJ3XLjYHQg6W+MAn3bkJMJaA==","mode":420,"size":581},"lib/etc/roles/dpub/docQnaRole.js":{"checkedAt":1768031007231,"integrity":"sha512-IKEYjLzGYqY/vDs65aofIGxmlTzDn+7f7aSOq2xk6Uz/DwRzd/hXP1kj/Ko6d/wa08M3aESVjZvu3PnwiSMweg==","mode":420,"size":731},"lib/etc/roles/dpub/docSubtitleRole.js":{"checkedAt":1768031007232,"integrity":"sha512-2XHIuBW4Y5E91ryF9szGVAEMY5+jgn8Ks3tSwDz5a8kZPXWHOJv+9w6RDUxQ0qadBBwVppgl9D1mkBO9pBmx2w==","mode":420,"size":750},"lib/etc/roles/dpub/docTipRole.js":{"checkedAt":1768031007233,"integrity":"sha512-xK0p8GzEMsEyk3+1OH3MzBGboAUVHpzWpWhU7uYVEHHpXebETsaqsZR2c7WLJSweOhxOXK197m6RH+MavaST/A==","mode":420,"size":740},"lib/etc/roles/dpub/docTocRole.js":{"checkedAt":1768031007234,"integrity":"sha512-DSRFbWo4Iwq3arfBIF9qmJE+La+igj8GPI6NjScFWqNlYigW8TkgYhNFJaQZbmX/r3eTU1KS8mbPML+QBlU40Q==","mode":420,"size":757},"lib/etc/roles/literal/documentRole.js":{"checkedAt":1768031007234,"integrity":"sha512-62unKaKxdbxya4G4dhTo+3NiRfrpxE6o/A8C+E4YdlK3nBnW5diq3+wzAjlOvxGN1EaJsi2j/OQ0sa1DmRWqtg==","mode":420,"size":650},"lib/domMap.js":{"checkedAt":1768031007235,"integrity":"sha512-LNyaQISGd/rYXgGbMlsCn2l4cv+LYAbvGFNQqJv0LPGVvxMRORjJ0QcXJLxJH/G6TDwYitoE1WhOTolLe74r4A==","mode":420,"size":7123},"lib/elementRoleMap.js":{"checkedAt":1768031007236,"integrity":"sha512-mwCakm9t0f+rZ4ykUzsoZetLs5OuSxDTcWov2GiZz72QyqCnVZzrQjtPyDhhlRfOr/bd6T9g5gIctlQf/YpviA==","mode":420,"size":6003},"lib/etc/roles/literal/emphasisRole.js":{"checkedAt":1768031007237,"integrity":"sha512-VMZwFtCuyO2NYNMVKLmw5A4dVTgycx+wDKdDvWrwzx92nBkdhE9cGEitLFv2/hsl2Afs5HjtIu3uGwxtSU5FQA==","mode":420,"size":618},"lib/etc/roles/literal/feedRole.js":{"checkedAt":1768031007237,"integrity":"sha512-47QvUgMTMzomIntnHSp2RBkKKfD70u6guxKNpnFn6HoelZLljeJmafZj2MkeziK9S5ZVcVLvmnbtpuSnjsEHnw==","mode":420,"size":531},"lib/etc/roles/literal/figureRole.js":{"checkedAt":1768031007237,"integrity":"sha512-aQLIGfg4ZXdSEEMIV9caGhqX5Hwc8ZfY7hcnzRH3xXMB8e7VBpRdauNYHQrMa8imndxTSPa93Ka9+Q2BBND8Tw==","mode":420,"size":583},"lib/etc/roles/literal/formRole.js":{"checkedAt":1768031007238,"integrity":"sha512-lZ4WCfTGJkEmN/rkUqWAo0VHCxN4NKQSrEQzlIFE07zcuQu/lckOt8rcpqiafWQH4+NAtij53qBvw1+pEb2siA==","mode":420,"size":986},"lib/etc/roles/literal/genericRole.js":{"checkedAt":1768031007238,"integrity":"sha512-naOKXc7kF7cHBzclH/0Ljx8MhVocQjfIdQGg0P0c/UCh0tTMZomC3FIW8/Yu/8+ruuasGfyZkF2KAKk92G60RA==","mode":420,"size":2102},"lib/etc/roles/graphics/graphicsDocumentRole.js":{"checkedAt":1768031007239,"integrity":"sha512-M7x5fzI8qB7HXzCDs1HObE6hnSy1A2+9iphNrmrLP8uzOky9egmQnUE55mIxo6Z8VoGP01QcKAdOM7VFp+5eCQ==","mode":420,"size":892},"lib/etc/roles/literal/graphicsDocumentRole.js":{"checkedAt":1768031007239,"integrity":"sha512-M7x5fzI8qB7HXzCDs1HObE6hnSy1A2+9iphNrmrLP8uzOky9egmQnUE55mIxo6Z8VoGP01QcKAdOM7VFp+5eCQ==","mode":420,"size":892},"lib/etc/roles/graphics/graphicsObjectRole.js":{"checkedAt":1768031007239,"integrity":"sha512-Qwj1K5szvKvVcig1aUUVUFuzw1UmAoGWPggYNcb3AioN0qhfw2yCqpV6V0CP0MjArVaJVYPsq99RkrAaRhCqEA==","mode":420,"size":964},"lib/etc/roles/literal/graphicsObjectRole.js":{"checkedAt":1768031007239,"integrity":"sha512-Qwj1K5szvKvVcig1aUUVUFuzw1UmAoGWPggYNcb3AioN0qhfw2yCqpV6V0CP0MjArVaJVYPsq99RkrAaRhCqEA==","mode":420,"size":964},"lib/etc/roles/graphics/graphicsSymbolRole.js":{"checkedAt":1768031007240,"integrity":"sha512-8qrVUbfPAfnluAqPlM27Wmq+M860czv+RrWrLK3X0gdqatOsrnvRVUp9uy8TnMXRrW1ektH7c0KPiJqLJIJc+g==","mode":420,"size":677},"lib/etc/roles/literal/graphicsSymbolRole.js":{"checkedAt":1768031007240,"integrity":"sha512-8qrVUbfPAfnluAqPlM27Wmq+M860czv+RrWrLK3X0gdqatOsrnvRVUp9uy8TnMXRrW1ektH7c0KPiJqLJIJc+g==","mode":420,"size":677},"lib/etc/roles/literal/gridcellRole.js":{"checkedAt":1768031007240,"integrity":"sha512-RrBjSQofli8tQCfexUBMQego1rayC7m+eVPoqkiRFG+hrXAWIPSLpJwoEDxXiR7Smzvt/Oz/+iQ0CYnZd7yDBA==","mode":420,"size":963},"lib/etc/roles/literal/gridRole.js":{"checkedAt":1768031007240,"integrity":"sha512-T2r6nXL2OfNjc651KwVoEu0RMM36E9OwbNv4odpKKkRG7wjc4apgfLDEhBIAKqJJ3tUZ85w7WoMFnKjob40zXw==","mode":420,"size":648},"lib/etc/roles/literal/groupRole.js":{"checkedAt":1768031007241,"integrity":"sha512-CnalsztOJk+23fiWkk+RvDDBkiKjSCBfK4Tar4PriIWRNOWnUiBSZYmx6WWlQlyAZp734o3aD3D9C9kdvh7dzw==","mode":420,"size":858},"lib/etc/roles/literal/headingRole.js":{"checkedAt":1768031007241,"integrity":"sha512-XXT1h9u+qBvXeurzY9xrYN8jgDHejf0vcKgVTYIqS6pOJgn/LcIj954gUlETecNk2UHqYk3ff4yYUCmxGdcjbA==","mode":420,"size":971},"lib/etc/roles/literal/imgRole.js":{"checkedAt":1768031007243,"integrity":"sha512-gacsqoqrdG/addQKpHMgk7i12a9LmhcXVhzq+s+sFO56IiczSmiwOC48X7yeJDYEtfUv+Jpk7K04COlU29vOgg==","mode":420,"size":876},"lib/index.js":{"checkedAt":1768031007244,"integrity":"sha512-zhIVy6FuvWrsWTnnvtnFx4glL9lP/vUML/ZFD6BHLwGZ0dEZ4ST1EWiOKgR9J8IYt5Zzo8x2C5bv7ElSwP6+sQ==","mode":420,"size":878},"lib/etc/roles/abstract/inputRole.js":{"checkedAt":1768031007245,"integrity":"sha512-FM5KAeQO2lIrwpUUo+AhNQXH80qi/DojDJRiGPgC2dmyE/CK9yL9fl2hnlw1PLQdDNa9Gbw9dQQNKOBL3DyEgA==","mode":420,"size":596},"lib/etc/roles/literal/insertionRole.js":{"checkedAt":1768031007246,"integrity":"sha512-c91EXcGmULQFI8JgUlYnUunZZYysfR3/J5K7u1FtD4OUCT0avBoJZiDusZb9XkROH1dio1ZRGZkdVyloHaF0Pw==","mode":420,"size":621},"lib/util/iterationDecorator.js":{"checkedAt":1768031007247,"integrity":"sha512-bWI+6ytq3LV5ds+rbLPtWE/3kjttkkI18DtebKbV++2uk1ZlXJRjeIyHI0rR2lxEPszQp3M7Wrhbg4tnhpdSKQ==","mode":420,"size":867},"lib/util/iteratorProxy.js":{"checkedAt":1768031007248,"integrity":"sha512-pr+zL0VWvHxPtkXtX7ogisiVZQiX/16U1nA4Axskt65ZKNFtd7tgDwIB1AGexCNjfcD+mGhHnogH7aJHWoWg6g==","mode":420,"size":641},"lib/etc/roles/abstract/landmarkRole.js":{"checkedAt":1768031007248,"integrity":"sha512-ONnzAVAjENxJxz0M3HSLjfQAvf5huDGBiDXR8ZKEHn82KGyRx95X0R/dz3qP3KUHxlXXClK18B/VR/uSa20aIQ==","mode":420,"size":519},"lib/etc/roles/literal/linkRole.js":{"checkedAt":1768031007249,"integrity":"sha512-otautyEhsCchAjkyrPEJfPVdC6xGbnbzntO0hwnRjjN2y6FHzSk1g0eNV6c0fk+Fsfe2ebvTg7HcwZRrkJl4bQ==","mode":420,"size":896},"lib/etc/roles/literal/listboxRole.js":{"checkedAt":1768031007250,"integrity":"sha512-vT4ByZRD8Zt8fuXOclj9ENbyUN9uOUOUSfkldqQCfbng+Ukrje5EoAh9+zuSflyr0NTpJue0L/DcO0FGwhjbOw==","mode":420,"size":1373},"lib/etc/roles/literal/listitemRole.js":{"checkedAt":1768031007250,"integrity":"sha512-9kYAjv58kmLXEJ2CQIpNO/LS0lpO3JSMpVq4Qhj2etwyvbljfXN/W5AP6KxWs/E+/sPE5oIjO2QehOlZsUX+Yw==","mode":420,"size":873},"lib/etc/roles/literal/listRole.js":{"checkedAt":1768031007251,"integrity":"sha512-vEdsfo3TV3ZJPl7t871alb5qW/CUETH2CFYOfWtG54RM2QhvPreLVdW/GL4sPYVsxMwx6vfnv+YWj6+R1JZrfA==","mode":420,"size":719},"lib/etc/roles/literal/logRole.js":{"checkedAt":1768031007252,"integrity":"sha512-yE7K/9xOiHy2r3WwA91frPmo4F+SJ6yqCCrgRCp63cZvcpWGx3XFfXk2+Pw9ocv2R1Ehnf+u09iLeN3oGXP6Kw==","mode":420,"size":539},"lib/etc/roles/literal/mainRole.js":{"checkedAt":1768031007253,"integrity":"sha512-NcHbD5EM/lVOhvAx6KyPI7IOZS0EeMLp5QAvbTOoXuRkqTJFOaORp1QLp55o5Y/ZIUXvKkyZ+tOG3K816VO8kw==","mode":420,"size":589},"lib/etc/roles/literal/markRole.js":{"checkedAt":1768031007253,"integrity":"sha512-GjaQbeYUtTK4gI5qPxQFJhtD/hFaol0vvDwWON6Ayz2e3tAngYOT7XQmcL0k+810iWZG8pvbdj1k3guI9uKh/A==","mode":420,"size":685},"lib/etc/roles/literal/marqueeRole.js":{"checkedAt":1768031007254,"integrity":"sha512-4QxUi4UCAuB5ldur42Iwb4s+6sFR/sU79Jak3spbTZqPnkdJCbLK91cL9cGC/GQ6uw/x8/qw3n4UJK2VtCtd7g==","mode":420,"size":517},"lib/etc/roles/literal/mathRole.js":{"checkedAt":1768031007255,"integrity":"sha512-VwFNq1QYsGoRQwPxBw+EyTrrb1XIvuVfMokBP7h7EQTSroLhReU/t6+3WPdlIb95ymX9DXHF8L+B9fY3lzOuKQ==","mode":420,"size":577},"lib/etc/roles/literal/menubarRole.js":{"checkedAt":1768031007255,"integrity":"sha512-5YYpb9i5ISRpXO0RgrS7KFtpWWhZ7b8+6lFv2kVGx6H7nQ9zLleXtw000uvaG90C95Mwh7SA+Sn6VOz+y8xWng==","mode":420,"size":843},"lib/etc/roles/literal/menuitemcheckboxRole.js":{"checkedAt":1768031007256,"integrity":"sha512-Mu7o7iHr/PbAY/+CTyvVkeTkDJ7dqbANbaKeY0pKJzP22GM7sta7ZfdXBpGWG7fX6l/PzuNEql2/kWiMC8fTBw==","mode":420,"size":749},"lib/etc/roles/literal/menuitemradioRole.js":{"checkedAt":1768031007256,"integrity":"sha512-AjsCq1aszV6hTjoXb6V5q2ftmiBHap4MmXAQKJnkfWVbLVwiCxJgiB6qw6cThy0HvBzv2ZLMkw1l/zQNMrL8aA==","mode":420,"size":825},"lib/etc/roles/literal/menuitemRole.js":{"checkedAt":1768031007257,"integrity":"sha512-Ix9JzaSICUow2/Mzfp2tj+Tgnau1Eh/OwqtXIMiVedTKBZhQOVozOjcia/Q/2HQyooH8zqmN+ygkbPvu82wfCA==","mode":420,"size":926},"lib/etc/roles/literal/menuRole.js":{"checkedAt":1768031007257,"integrity":"sha512-9hG54xi99VslMNmQiJgudOzmLFnoodXTeoeqvkTZ7awvS635nH6KN5CKmWNX8wPN+QP5AOXtglGwobXCfAasyA==","mode":420,"size":1023},"lib/etc/roles/literal/meterRole.js":{"checkedAt":1768031007258,"integrity":"sha512-XqsmJja/cAscwe7fBhCTWY35BCLpXi3CA2A86nuMi1STp0VA0bU7+FB0CUE0poS32wV4ijgY8GJeidootXhJ7g==","mode":420,"size":689},"lib/etc/roles/literal/navigationRole.js":{"checkedAt":1768031007258,"integrity":"sha512-9M1jLGfWvIECa0uVOrRxJALesYtkAyDsOV9GEeWIWFsAokCbBKYrZP/ojBOXHDibp3ayXus00jdKiQQSfMBnkA==","mode":420,"size":600},"lib/etc/roles/literal/noneRole.js":{"checkedAt":1768031007259,"integrity":"sha512-3iTP74WHgBsnbF1/fqCHRIT0f1hY/imMbobzMcvlgS2x6VLe20gK+s39I1AwFQSx+WgxKb1bt+p9yBXq4qh97g==","mode":420,"size":468},"lib/etc/roles/literal/noteRole.js":{"checkedAt":1768031007259,"integrity":"sha512-AdnM8efAtvhseweLOQhS29PBzsAof3uV/rNXaLcS/dsopS8RzBonkv0rwlhwFH93lFEyZds483X7icrODgW6rQ==","mode":420,"size":512},"lib/etc/roles/literal/optionRole.js":{"checkedAt":1768031007260,"integrity":"sha512-UaFsitlsub0gF7kORiiL4ymexy5X8T3pPPElg4dMarxUhKcR2dpWBS+fPiXnN3VF6kb2NFQTb8gCA4DX2yzA0g==","mode":420,"size":871},"lib/etc/roles/literal/paragraphRole.js":{"checkedAt":1768031007261,"integrity":"sha512-OalqwaAaK96CvR0wqwVVcq8TBAhpD7uwVRyWHdruvOwLyw074g9Xw6o+csP7CnqZpQWgM3eT00itahxoR33WWg==","mode":420,"size":619},"lib/etc/roles/literal/presentationRole.js":{"checkedAt":1768031007262,"integrity":"sha512-vjp3R/fKDuHsu54bt+BnGO5eUfbBzbaerFQZ/ZpULBbNXRzD0BFB6mbeO1pI5zIG5YdhOz4eY6c9WEgdHMb0Ag==","mode":420,"size":686},"lib/etc/roles/literal/progressbarRole.js":{"checkedAt":1768031007263,"integrity":"sha512-mA6kHO6iQXQAByRo8s+ScqCD8+Aga6mIlIwXyYreSj72QnoO4V0X00iOJJxBGDfsZRge+vnvLoF4aNBBtXU9fQ==","mode":420,"size":714},"lib/etc/roles/literal/radiogroupRole.js":{"checkedAt":1768031007263,"integrity":"sha512-L1/9bvS0wLimC3UjAXDUP8wIRPVXxtAQSyaLxkPrTSyjd1o8722rO+uL/2Yriqz4iY0C2J29mkz0Gnr6nqc9tg==","mode":420,"size":776},"lib/etc/roles/literal/radioRole.js":{"checkedAt":1768031007264,"integrity":"sha512-nKfXiETm+fN+4Uk5QOdNT23lM4fKLn76NN2EwXpLofOO4a9gSKwcvKbiGA7MQPwDYuup+3Ip1LCkOITzc8DbrA==","mode":420,"size":770},"lib/etc/roles/abstract/rangeRole.js":{"checkedAt":1768031007265,"integrity":"sha512-LRY/swcm5+Pxe0Rvq3W+GQAyATQi0WvbC1iK2+qAjUkSHh7BMKFlMvudEhJogCzXhAbh4AZaYXAId0nrog2Zyw==","mode":420,"size":585},"lib/etc/roles/literal/regionRole.js":{"checkedAt":1768031007266,"integrity":"sha512-3VkESWYfDCAACYoNK4PtrV24gmqhkDD7g0F9ffkLULnMYOMAD0mjnKoh1qILQDsnYxvUPhaHJTxpuuBBlYm73A==","mode":420,"size":934},"lib/roleElementMap.js":{"checkedAt":1768031007266,"integrity":"sha512-klLPz8B4kG15H5PoKdDzqAGoUs1Y9EINZfkcc2Rc4Y2rpwSPVdwFxBmxg5SW36Q8HaCKsGrrllhXDBG37XaAzQ==","mode":420,"size":3639},"lib/rolesMap.js":{"checkedAt":1768031007267,"integrity":"sha512-zEv8nMBTGngSNGwJY2vRSasj9wa+E9ydM7nqBncDbThJnF3Knw8nFI6tHHoaYv8gR8hHpQfBvcGrQZgFQGrvTQ==","mode":420,"size":6029},"lib/etc/roles/abstract/roletypeRole.js":{"checkedAt":1768031007268,"integrity":"sha512-USZ2ao5yt/kXGfgnbwqi9CHl2wV65JLNB2rSjJcujyC/vvS5G+5/HZqdwMldV7HymyjkcZfavSBoDevqn2dh4w==","mode":420,"size":1070},"lib/etc/roles/literal/rowgroupRole.js":{"checkedAt":1768031007270,"integrity":"sha512-QjMmtGSnL77ceVN1QPaLRzzeiu04/2TH774UmhwsyrwfqnQ2kAuKxhiILVdaKb5cby2Zi7GWV1Ue5u2ov0DnWQ==","mode":420,"size":784},"lib/etc/roles/literal/rowheaderRole.js":{"checkedAt":1768031007270,"integrity":"sha512-JbxXBAUrInuobK7HxNvG+Wo0h8WKOr+cRZA8A/sV7xMGwV6THzLVxTx6jNOVnHJ1nia2TfL50EkpIpg0FWS8mw==","mode":420,"size":1019},"lib/etc/roles/literal/rowRole.js":{"checkedAt":1768031007271,"integrity":"sha512-R9Tjc2WnpusXEJVLdN1bVdZXJ3fyNyUBrzna7zSI5fWOqAe/Zg3M2q82dHB4awfmBh2quF7dPRJ6O/vehB57oA==","mode":420,"size":938},"lib/etc/roles/literal/scrollbarRole.js":{"checkedAt":1768031007272,"integrity":"sha512-En+HPShNYPpz6WeZFcFF1rtbcp2WUZC4hksktYG+Oa4SRjceapq+7coyLMPhiTK4KhGKgr2QrsVTUfQJFnVgxA==","mode":420,"size":746},"lib/etc/roles/literal/searchboxRole.js":{"checkedAt":1768031007273,"integrity":"sha512-Jfr8cN3e2lfw8KHNjHdGk4AzenuedyM6bdIRSAmbkmiqkagAShI6wsxt+10nlBcAqMBxBk7ZK1mwML/LMzvYyw==","mode":420,"size":792},"lib/etc/roles/literal/searchRole.js":{"checkedAt":1768031007274,"integrity":"sha512-LGsxXZbxwPK8zAuvzAD2k+gN4zyclrHlvDTbaVi4L+4m5H778171gff5837tFzp+WZZxusa1eKJK2tpLdAuDSQ==","mode":420,"size":528},"lib/etc/roles/abstract/sectionheadRole.js":{"checkedAt":1768031007274,"integrity":"sha512-X33lPO9npKsrFd7gbNSBo56CY5d1gCnG39AXNLpYLKeSHpJ+6fYb3N/elo4SC8qU+QsN3ahQEXvcdJ4mYIb/7A==","mode":420,"size":526},"lib/etc/roles/abstract/sectionRole.js":{"checkedAt":1768031007275,"integrity":"sha512-jRl3foWXRVcLjUrA2RUg5SHxiU6EETO6yRpdfg9P/YjbJptNgYZ4jMLHD7TUxctTJiPG3G4kmnZ49STaUmej/w==","mode":420,"size":704},"lib/etc/roles/abstract/selectRole.js":{"checkedAt":1768031007275,"integrity":"sha512-epxSb6lhoiQXcao+ev+4Z7oH+pnVe79DRsmDeIJDmL/CX6f7AP3+SraqTS60xVzB8VxPaHzMkDsXPab8AOtIKg==","mode":420,"size":593},"lib/etc/roles/literal/separatorRole.js":{"checkedAt":1768031007276,"integrity":"sha512-bfC9iF/P0jNsCWFXZ/6aaFhn2QIpZ2nJsxckcfsXvTs7IiZfpzPVgrRE6TxWefB+iD7+Y4HfkH6obRZOWBWBKg==","mode":420,"size":749},"lib/etc/roles/literal/sliderRole.js":{"checkedAt":1768031007276,"integrity":"sha512-PFGnwTfhai7ur7lE3XXbcMwEnZ7mWMQKyVXdfENVi44c+cDCsUb++bYKQ9XJb715f4t9/l3ZaimONsaVCohe5A==","mode":420,"size":949},"lib/etc/roles/literal/spinbuttonRole.js":{"checkedAt":1768031007277,"integrity":"sha512-plaLaLKuevLDDmT3+HiKT/UCdGz9KRQDLAhjeLBhqIt46LdJDHUFzxVFUIRDmRVGJlKE2T7TTq033HeImJ/8cw==","mode":420,"size":901},"lib/etc/roles/literal/statusRole.js":{"checkedAt":1768031007278,"integrity":"sha512-7Rws2f80870i6awZ8HdpHctou2rlfKjAJE9G/iC7PYS2T69Ut/WxYovpR8GNmC7HpWvE3PtQMJrz1wqN+NghsQ==","mode":420,"size":639},"lib/etc/roles/literal/strongRole.js":{"checkedAt":1768031007278,"integrity":"sha512-bEjCUC5kyVdj4UO9IsXTfrD9X5HTDmQzVr9KDpkzl/V0etLW5EHCx37khcRzySW2HxGwyp2s5ZJ8ccuVLtM+Ng==","mode":420,"size":618},"lib/etc/roles/abstract/structureRole.js":{"checkedAt":1768031007279,"integrity":"sha512-sFn3oNItic5zxtkm7m0Ng7Ry1xdka29VgwrtspPAX9BVwNb0kw0vIX232Da5gePPIMUqDhyzLJtWFIqwjFPEaA==","mode":420,"size":489},"lib/etc/roles/literal/subscriptRole.js":{"checkedAt":1768031007280,"integrity":"sha512-7MSAUBEAprBPbDl7H7Uw6I+gMUaDcFNitkEFxQ25/TTPer1UkhZ1AWk1Bn/hbF1z0n9Nao7ahSYpmJTl275VOg==","mode":420,"size":621},"lib/etc/roles/literal/superscriptRole.js":{"checkedAt":1768031007280,"integrity":"sha512-3/S3YYuBpmRQ1Z9ZPPSrXWzheFwZfuNEbbZX+kJwjO5KcsBDB8mqCaFKfln+fSvjRrxLE/hMxrYBuCe5s4tKbA==","mode":420,"size":625},"lib/etc/roles/literal/switchRole.js":{"checkedAt":1768031007281,"integrity":"sha512-2il02040oD+gyW98wk2ymuwlDZ+rpjBK8ibMD59uJiR2vkkGPhPeOVp6+ME2JlieKbFbqmBP5vm6uB4yH0RQSg==","mode":420,"size":628},"lib/etc/roles/literal/tableRole.js":{"checkedAt":1768031007282,"integrity":"sha512-SQYdlD+8cEG3HYJIICeBjm04Qj+O0F+edXyAeldJp+/zxNjnyi6NyWeUNQWx0oafzF62OPbAeIPMiLmrFkUeJw==","mode":420,"size":663},"lib/etc/roles/literal/tablistRole.js":{"checkedAt":1768031007284,"integrity":"sha512-lVQuUESukB/UluCTTGoc5/RlM23tZH/3T4tN9lxgwUALfGZrEqSwQnkfy1IDmnbEajLhFplhyA9IbTCkDard2Q==","mode":420,"size":689},"lib/etc/roles/literal/tabpanelRole.js":{"checkedAt":1768031007285,"integrity":"sha512-zhkHIqc2od3hhtudeILXDLfcVym3Wsl+oML1sLn69tLOGTvK43fs0wf170PnVzDd1wCLFAUzMnKJdxFThNo/DQ==","mode":420,"size":519},"lib/etc/roles/literal/tabRole.js":{"checkedAt":1768031007286,"integrity":"sha512-5/EoMolFahFoqd4CaBqPc/yi82FLCeTqTlnuXkDpIDNhTR981J3Mw8w5hT4QfhmtWRCF1Us7Snf8JG0aW3nw5g==","mode":420,"size":733},"lib/etc/roles/literal/termRole.js":{"checkedAt":1768031007286,"integrity":"sha512-aMOE9gNKigO36NUd6hNccBYlTThnr88zkw1Tp/9/xd3zK1Fkm3AbAMF217ov7szW/DfUw1VVMKYCweLdP5dCLg==","mode":420,"size":641},"lib/etc/roles/literal/textboxRole.js":{"checkedAt":1768031007287,"integrity":"sha512-GoMrH/IBgpAYDP+Wad8ZHsbitKpP9CtysStyb49XH9aQREtFtREA/Vwt9/wfbFqHnOuBNLRAs0ETf4zX3s6sIQ==","mode":420,"size":2252},"lib/etc/roles/literal/timeRole.js":{"checkedAt":1768031007287,"integrity":"sha512-lflexwlU7yIUGPb1kuar4N8Z4tftpcmcq2p43uvdf6u4Gwh+TMnXy9af9o9Qfd/1mNhFAZsqZ1wY3QlySL51fQ==","mode":420,"size":577},"lib/etc/roles/literal/timerRole.js":{"checkedAt":1768031007288,"integrity":"sha512-zGtrZn07wohcRjR9doVP590DWyczbQZpDHp/wV237DsavTNM4ZadWztjTIptw/JG1DD/rKkXatNhD0/vy5L0Gw==","mode":420,"size":524},"lib/etc/roles/literal/toolbarRole.js":{"checkedAt":1768031007288,"integrity":"sha512-Y4m4nzEoN0GdVS0AxXn5P1Yl5hEzq6zDkNcznWPlpMcLCxfT75qpq5w1ndXLdGZ2DysRm3TQCfBbsYIYSGegjQ==","mode":420,"size":635},"lib/etc/roles/literal/tooltipRole.js":{"checkedAt":1768031007289,"integrity":"sha512-hnS4iWnPXNrAg7j+CCrDVU3m2mxfKGOwhGvcmkURBFJo6oorJuHF3duj6HzMLG2j+/vFLXrMq2ZI1evWChM7gQ==","mode":420,"size":529},"lib/etc/roles/literal/treegridRole.js":{"checkedAt":1768031007289,"integrity":"sha512-w4WvkTXXKjrgOxazJIdfp6c+4DbZYtDjREMRqBnG6FVKdFSU0HUb6V5nlpg+UG+IvUadmXLImSRonL/bcRtpzA==","mode":420,"size":729},"lib/etc/roles/literal/treeitemRole.js":{"checkedAt":1768031007290,"integrity":"sha512-nA2fUcBKPQgGJwMDwAmCEq6DJ8ozz7e0XgPpC3WKOwFRcBMGf7xhFv8AixSb6afIW9lwpIQSDX0FmjgIp52wfg==","mode":420,"size":701},"lib/etc/roles/literal/treeRole.js":{"checkedAt":1768031007290,"integrity":"sha512-AnnpBNDDVXwLfLksH3WQJt15VEj7vhkJe62rEu1SCcQeyPPFZFJiFjwxyCUQe3xezlCsFPMW9TxMAK/+2MBRxw==","mode":420,"size":768},"lib/etc/roles/abstract/widgetRole.js":{"checkedAt":1768031007291,"integrity":"sha512-3XQcZMj3QOUtzFo1mrbvmztvN5dTBOMRLj7FlVyKuYQBU8ZUfZZW+xXdfvDUbwzPxXyrkAjSdC7jQFBRz5wQBg==","mode":420,"size":483},"lib/etc/roles/abstract/windowRole.js":{"checkedAt":1768031007291,"integrity":"sha512-gxwwdsu8dF76vggRhMHU5lXa+IoPraAaKj91JbRrlOI+biXtFRvqT9XMwu7gvPjJWEqtxu2f9JJi2dZIqDM9JA==","mode":420,"size":517},"package.json":{"checkedAt":1768031007292,"integrity":"sha512-xPG7xADR/qmmoCjJ3TOfBt65vhuyGN65agjU5TTT24CbUJ9h0FRtx+WSurEqTdQLhtuDXfK2SGh3tfKI7y2b0w==","mode":420,"size":2076},"README.md":{"checkedAt":1768031007292,"integrity":"sha512-m6Vch2BnpPdOkPPolcK5Qtpx+h+gmmO2d+yyr+KQCYAsWXLHnBjCReT00+3eZz58QxkLiK+IPkEGhElV490D1w==","mode":420,"size":7134}}}