{"name":"@eslint-community/eslint-utils","version":"4.7.0","requiresBuild":false,"files":{"LICENSE":{"checkedAt":1768031005261,"integrity":"sha512-mU2zG37iToppUpJAeVzAygm/RjK7uiIHsBwn5ymHYdwCyKfYX1/ZNQTRdjEbLPtQXuiXKulo9U8sJqWe6Y7Iug==","mode":420,"size":1071},"index.js":{"checkedAt":1768031005262,"integrity":"sha512-gCdf0+q/fc2l1jYVQGUNHrO1if33dm7hexGGEWAKFkSnYZ3OwXwmdY6CFWO0ZMUt7Mv7HIvDuF32SvOGhSIA0A==","mode":420,"size":83907},"package.json":{"checkedAt":1768031005263,"integrity":"sha512-aaTcLf1XhAIcJC3fFCwhP2Qxu9TPslYmts4ZHYmrlD/heDXgKqsFh7je0lvKv/+WTZwbCRh/Iif7fCWrdoVl5Q==","mode":420,"size":3064},"index.js.map":{"checkedAt":1768031005264,"integrity":"sha512-Zegp4zkw0J7W37FG19K2FEQyCxpQ3ckc2QpacQqcWOIXVKbLRePpkDecc9/dfdmP9NqAfuWlxQ/LqXaUPJhL1w==","mode":420,"size":145408},"index.mjs.map":{"checkedAt":1768031005268,"integrity":"sha512-yXdSeGJZDZFOwhEodfYNtu77PkqMX6llWRZuEgKVIvk99zzWFTvmm4I+icwxrQrdkxA4ONdWpL8/C2xays6k2A==","mode":420,"size":145348},"README.md":{"checkedAt":1768031005269,"integrity":"sha512-uk7PMVenw+e72tuY7SKWCOFJcjZdmC5UbMiJUhEhUq5favRwqBG8ym2PP9WRdPCf5B4TXomdso7TtfT941/VWA==","mode":420,"size":1684},"index.mjs":{"checkedAt":1768031005270,"integrity":"sha512-DrAkQh2xtyKnwVfE56g4vK0PQlCA5PAbv8bx/iXmKkOfhil6MRln9FJDtWFyu7XjqiyiN4yrcBwWJtQ27HQ28w==","mode":420,"size":82782},"index.d.mts":{"checkedAt":1768031005271,"integrity":"sha512-HZeZRi2OiHRvkm4a+CqOl0CbinVuNdqGJBdYkJ8RceNgjEkldt9QOnL+Po3Zcs/fp1QdzmDGuz31V2D8DOR3SQ==","mode":420,"size":9832},"index.d.ts":{"checkedAt":1768031005271,"integrity":"sha512-HZeZRi2OiHRvkm4a+CqOl0CbinVuNdqGJBdYkJ8RceNgjEkldt9QOnL+Po3Zcs/fp1QdzmDGuz31V2D8DOR3SQ==","mode":420,"size":9832}}}