{"name":"@shikijs/core","version":"3.9.2","requiresBuild":false,"files":{"package.json":{"checkedAt":1768031009023,"integrity":"sha512-H5wT0VhqPXecrSJQF6s45IjeaOalNIXQ/Xjrhf4iLRivrCGeJs51VrA62f7Vgo2TLW7vTklFy7IPtbRCGSv79g==","mode":420,"size":1188},"README.md":{"checkedAt":1768031009024,"integrity":"sha512-5Vb46TLacUgaY0OcyR/uooEXbT0oFnSPaUTgD3ikcGW3jymIUk6za4BYc3SLrlXItdOqbIkcbLdSJd3tF2B0ug==","mode":420,"size":167},"dist/index.mjs":{"checkedAt":1768031009024,"integrity":"sha512-aMqKjD9+UcFbG6QyGmg7bGOR9d55ResbgZKMRchUHiHVbSmxK0rOsKbPugA9sdxMoTPa2cFRRzuVKzminS21Gg==","mode":420,"size":75369},"dist/textmate.mjs":{"checkedAt":1768031009024,"integrity":"sha512-2uQzzuWz2cosuZ1xIh5JWinPhot3k5uIKeiAx5u6aBmHl5b0d0KXKFyWPk/isrKVLsUeOn4NPrq+SkD1p3MzFQ==","mode":420,"size":42},"dist/types.mjs":{"checkedAt":1768031009025,"integrity":"sha512-j28nz7hI5rN163aSJNnuiGpg9QOpcyvyu+ffIjNsEXJy3xUvkdH2mQTSTL8Q801BrAoX6ZIxH/Btqf61tS1I8g==","mode":420,"size":32},"dist/index.d.mts":{"checkedAt":1768031009025,"integrity":"sha512-skE76CbJFeHpa/5TOqkLBEDL1XsbUbSwMhUl35z0+2atNC/xj7Cq0lLKebSJEmBsnLkV6u7axGZvW31OA7ijgQ==","mode":420,"size":13385},"dist/textmate.d.mts":{"checkedAt":1768031009024,"integrity":"sha512-2uQzzuWz2cosuZ1xIh5JWinPhot3k5uIKeiAx5u6aBmHl5b0d0KXKFyWPk/isrKVLsUeOn4NPrq+SkD1p3MzFQ==","mode":420,"size":42},"dist/types.d.mts":{"checkedAt":1768031009025,"integrity":"sha512-QLRUxktiRN8QAC7mK/TxreUeuXddjHqPNi0xQzJ9tcgBtPQhj1ErPyjp8A6uzaFjHYQL9hmml4Rv6rynhP12lw==","mode":420,"size":67},"LICENSE":{"checkedAt":1768031009025,"integrity":"sha512-5Oyi8HU/tGbhNDzTBpEbXlDP/g0HnJ+Apx3ZgV/SLjr25kzEDWWBkjuJ9jA1oOpl9+t7JW3RLaiSrWU9mz8XIg==","mode":420,"size":1121}}}