{"name":"deepmerge","version":"4.3.1","requiresBuild":false,"files":{".editorconfig":{"checkedAt":1768031007940,"integrity":"sha512-i8Gr/3AJXK5eTeigVmQux/pOqupEnEMXmH3CRd9A0E8vAlmcJqg7yb7HD4mafzabMvfIU5OvDXciTfYYnaVdxQ==","mode":420,"size":113},".eslintcache":{"checkedAt":1768031007941,"integrity":"sha512-d/8IkZ8Oxr4H3e9n6/N1wTtfBtvnOINGcguJplVGBooucSA4DCajEhys5AtPfZMqaZJLEZsmVU0m1ysk+BkSGw==","mode":420,"size":382},"dist/cjs.js":{"checkedAt":1768031007941,"integrity":"sha512-4wYhfon4cYGKg/QIV3WIkLc2NGOVvOiNHB0ARF1tk3tjmTPvUd7kh/l70+Rqwuk2lOVldhloGVsQnpatoRhEYQ==","mode":420,"size":4048},"index.js":{"checkedAt":1768031007941,"integrity":"sha512-nW8pslVdZAla+hYnlLS9l6yP8j7na5/H7gRYyNHCjEplgUrI5qEYhR86zdt252yeozi+NVRWZS0uTAO7q6rZBA==","mode":420,"size":3293},"rollup.config.js":{"checkedAt":1768031007942,"integrity":"sha512-VduH5qi7vd8S5qN6nECYNO0wiPpT9ojI0XS7fHli4B3xdJGN5oxxWYfPGY8jOLfaZgPiEj5M569wQJRxd1/a8Q==","mode":420,"size":343},"dist/umd.js":{"checkedAt":1768031007942,"integrity":"sha512-TZvhWeN2tMqLJjTpgr3vTEfQULe14ru1d9L4i+W/mS99FAxm2YYiXzxJvgUYXKNGiycy9z5MnlWDqu30n/NfpQ==","mode":420,"size":4420},"package.json":{"checkedAt":1768031007942,"integrity":"sha512-sttXgenMCBglXiyGnQLRmYuCc5eb79Uqwyq2CpHaD54Fb913XOyEM7mVG1gxMzJZwL41+ovTU2aOMRePOsvklw==","mode":420,"size":1152},"changelog.md":{"checkedAt":1768031007942,"integrity":"sha512-qKLeGTxvufhXpScEb/q/Ir273ZGEfRkfjfMF8Zuk6Lw1tukg73NdNFbZyqgqZjr4HwZGHsFAaWeQRGfhmOVv2Q==","mode":420,"size":9785},"readme.md":{"checkedAt":1768031007943,"integrity":"sha512-LvVv5uil7Gt1e+vGK6NOJoWHr01lgQiPkf+5p+Ic/iu0hUFJ6TsuKtnS6r9MVQ+iZgsJN+/QpIw7YJpSo5PTUQ==","mode":420,"size":5682},"index.d.ts":{"checkedAt":1768031007943,"integrity":"sha512-wSrp4czF97QxsOm3Ucw6oFViAW2HH7qp6H+O5dIxUS04sexAe+AmizgnGuyC2LtaxftENmavIc8rDiR/BBxvGQ==","mode":420,"size":823},"license.txt":{"checkedAt":1768031007943,"integrity":"sha512-T6VKDhvxWrCKRH/kJDl06Ur3yyPyHiESBV0AjUE0MaXP07adXVnWpS9SaeaARS7F/Wkpcnd5YNyngZlTH44o7w==","mode":420,"size":1116}}}