{"name":"mdast-util-to-hast","version":"13.2.0","requiresBuild":false,"files":{"license":{"checkedAt":1768031009004,"integrity":"sha512-cQvy4TvDNGTww5W7wo7SHRjv/0G8g3u/v8V2BhwwrAM+M5M2Z7W8hy+cQrU+e4exnULY2LrZ0EQqBk6Fj/Sdrw==","mode":420,"size":1099},"lib/handlers/blockquote.js":{"checkedAt":1768031009125,"integrity":"sha512-29g1J6HSgL83fVR4LRcNSljlD2D4dcXhQi9A044Q4Avlqu3tWQCYFFtaWQHX/NiZH1fP06K6TQWXbcyNE//8Tw==","mode":420,"size":674},"lib/handlers/break.js":{"checkedAt":1768031009125,"integrity":"sha512-I0nExzwCmNRtc6jil9QpkrlxsIANnru27DprOyrLc0Br9wVZoSvTaCjY4n0iQaMyTzY3s1DcbUutFJlAqMINHQ==","mode":420,"size":689},"lib/handlers/code.js":{"checkedAt":1768031009125,"integrity":"sha512-Cthq5sX8xTTBfWn26jt7OuIzC84Luw+Df4BJN8ETBDmDteePN0tlLWw8+T46xScJDtSb2TJBgKQiv/WfpIuQnA==","mode":420,"size":1087},"lib/handlers/delete.js":{"checkedAt":1768031009125,"integrity":"sha512-yokjO6PwfWLmuN+PxRq5ZlVAWOXGh2uukYBZwHKzk6pym6UwerNFjWKVTZ1l8QuXFPo8djaPl5FXk8h+B2GNKA==","mode":420,"size":636},"lib/handlers/emphasis.js":{"checkedAt":1768031009126,"integrity":"sha512-4OqdYaC9GFjla2kKFdOTJpchNDI/GnqJ/nBL7kFJzb/1PirdqRVXgK6kr0gxRSflr0nZtYVo2YNJ0a6IQkyPyg==","mode":420,"size":638},"lib/footer.js":{"checkedAt":1768031009126,"integrity":"sha512-rhSbFH0tCSuow1lCSeRALsYOXi/Ubi8lkyj0jYc+DEHPXMaUgimcOqZOBe+WZCoyvbBHTcrazrFVViov9TlKqA==","mode":420,"size":7673},"lib/handlers/footnote-reference.js":{"checkedAt":1768031009126,"integrity":"sha512-LW+DICVvuboaHErj6qtsz9ZiWnBywBxCEghQSouawuvrBC8NJsB2kor7RuD0LVnxeZZ+NYVz4dizy2RSJ9pynA==","mode":420,"size":1715},"lib/handlers/heading.js":{"checkedAt":1768031009127,"integrity":"sha512-q0EiDJMiQZDG3x35UmIq0D/uqWCgFYPcsRW1YiwcEQ9SOELeUw6HlzFoebZXqRuqRDgjOiAhJEKicQNJ/Cdcxg==","mode":420,"size":645},"lib/handlers/html.js":{"checkedAt":1768031009127,"integrity":"sha512-Rm7j8PtdMBgovEYagLMrNKgumiao6bbW/RRIiMej1DvpvHdaFNXvWazubjw2Himz8Z4HV3BkhIenXXixWL4oQA==","mode":420,"size":743},"lib/handlers/image-reference.js":{"checkedAt":1768031009127,"integrity":"sha512-nhtDcFMPhlmrQMYb/KOhw5yvBHQh6fOim5UDD0Z7anXeLC0UbgYShTKQu3rWacfu2RNTajhejF2lWuMWNChYDQ==","mode":420,"size":1191},"lib/handlers/image.js":{"checkedAt":1768031009127,"integrity":"sha512-yQtb0K3gnKEIxKGd9dDBoj14BO89SDjU+pA40I84MyTgsJMqtjRuiau07kCGTdQWLsMgHOXtHQmpIQRTXtoCOw==","mode":420,"size":904},"index.js":{"checkedAt":1768031009127,"integrity":"sha512-cs7phqlLdyzffvPmKZjfEL6a/QRVQgzl6m1479aRAzrtb1fBUpI8xxlBq5tjhfjD86B2dJ39lIp8ZiWOyvnLAw==","mode":420,"size":239},"lib/handlers/index.js":{"checkedAt":1768031009128,"integrity":"sha512-x9YDjMtO4fLYzoaxe44T2SmKsIXDp60zvQkt4Euebg6CqCYo5frAg2Z5E/6dbfz9HcX48XZ9kiLFt16u7DB5Ig==","mode":420,"size":1546},"lib/index.js":{"checkedAt":1768031009128,"integrity":"sha512-SMYx5bZ0CIEn5h2vmKkIf1nWBU7HtMe/A+MnuHXWW7+MGNchunl8+XG9CYiUmEHkaC8fMlsAdlJZa/+3/ZJZ9w==","mode":420,"size":3631},"lib/handlers/inline-code.js":{"checkedAt":1768031009128,"integrity":"sha512-lvIYK07eZahOtJhEFevJvp3kFV0fEQl391KFR+mJXA48ch1PkvAnfKuFdJX7JpmSkTfgl7cIsngmRE+ngnYLLw==","mode":420,"size":804},"lib/handlers/link-reference.js":{"checkedAt":1768031009128,"integrity":"sha512-mEetCIaUfUnQ20jV6lXzzBWsCwQmuV1A/UrXqy1oYw88+LlPRIxV0eeIu3IufFcbXcvyz+HfYIP+bcyOctKgIg==","mode":420,"size":1203},"lib/handlers/link.js":{"checkedAt":1768031009129,"integrity":"sha512-Afy9No78TUUk3dXwcmq4gKA98Tn0zHAzzPzLeEtcTTgVjElXKfL8VLbANTcPr2HESZUs+WGnbmseSk1Jslf24w==","mode":420,"size":843},"lib/handlers/list-item.js":{"checkedAt":1768031009129,"integrity":"sha512-d6c1fkgoteSL6qiPtsGC4mzldMBuVB3UcLnIMb9d4y/2uwgMIFu4ly3BEb3i30EO9aodyjRMBgOKO5WBcmJe8g==","mode":420,"size":3097},"lib/handlers/list.js":{"checkedAt":1768031009130,"integrity":"sha512-X1rxpLbHyyLW3D5C+AMmin8apI/hGXTXrwWaMnk1HLboYOO/36mdhalURofCmCiGahl673k4O4bpfhsAejJSqg==","mode":420,"size":1316},"lib/handlers/paragraph.js":{"checkedAt":1768031009130,"integrity":"sha512-Dd22OfzYDWlqY4UJ+tKSUNO4wtopPFMQEKDp2fbL/ympLxe69+u3EuWkrrgxrxsQQg1Gw/OoA/GU3ocy3kr5Qg==","mode":420,"size":642},"lib/revert.js":{"checkedAt":1768031009131,"integrity":"sha512-2GfZGUnx6JODOa1R45vleiGSR83kvGlsv01qd4Uag9jAfkdYaUVhV7DJWuUWjn9/htTDcunLJlCzhTlQPS4Qig==","mode":420,"size":1278},"lib/handlers/root.js":{"checkedAt":1768031009132,"integrity":"sha512-7OsBjYbQpwREWS/0io3XK2+vS26ZErc7sM5QcApG9vfvrpdhu80V4YEajmI6V06jIP4IBjdiGE0YVtXK3WG3tA==","mode":420,"size":638},"lib/state.js":{"checkedAt":1768031009132,"integrity":"sha512-i3VSsfFqipgEZ43Tc8PqWn2I1/7BGVjT6oAqM6NidEGSCLTo5zSQdR8+44pF9yMfa3tVQfu/63NHLV44+WRn5A==","mode":420,"size":15054},"lib/handlers/strong.js":{"checkedAt":1768031009132,"integrity":"sha512-+h/IuBdiu2iNGTYTPrW4ntAbIlEwkHkMBybqHQ0k7DdtzSgPccIIiZJmylBxijRfVeB4TA+bRtpVv7icJTnwFg==","mode":420,"size":632},"lib/handlers/table-cell.js":{"checkedAt":1768031009132,"integrity":"sha512-or3GZT5FNH1dq1Cu6d3ivafqaT+sIY5J2H0LOe2pW/uCSTk41QaeH/UMxPd2MY+cwXGHYNed5WdQAc+g14DYxw==","mode":420,"size":777},"lib/handlers/table-row.js":{"checkedAt":1768031009133,"integrity":"sha512-lmr9RxuQHHA79GOGzySbBB2u+cYiAkBX6QWZssMYNF8wgEATDsxKvBPMC1l581BNf5Wa6MAlEgBqgJSxpF4kCg==","mode":420,"size":1890},"lib/handlers/table.js":{"checkedAt":1768031009133,"integrity":"sha512-dF1Z43Td5OJYrXf9vH/lynIOMlU2BRxR+fYYlBLJQNqHcJX7zGzyabbi+HjLokF/pPBFuQuvcb13dEHJOH4E4w==","mode":420,"size":1405},"lib/handlers/text.js":{"checkedAt":1768031009133,"integrity":"sha512-TA/Z5OxmW6myxRzUTK6kKr5VlYV43QcOG6bMQls+kPJiDxJBKt2adkVhGlLSOQT/rTnmBlZhZYaQyO6JMEczaA==","mode":420,"size":630},"lib/handlers/thematic-break.js":{"checkedAt":1768031009134,"integrity":"sha512-VLwQbHGNbC3GwvDluVsE7y/Z4h76/AwkZEzfDkjnjUd2G/VGjuVJtonbKFXswJBbAXX6xj0E4Aj+DtSh6vzv7A==","mode":420,"size":650},"package.json":{"checkedAt":1768031009134,"integrity":"sha512-GEUe/f3HzttS9rIEB7rl/aHpRU/ubWtPfj3Vq5lhlV3SHqWvXxY+EnAea/0Cc8yZuH1SrjOXsR7Ni8wIbIpN5A==","mode":420,"size":2972},"readme.md":{"checkedAt":1768031009134,"integrity":"sha512-T0AMzOUIgiw+WKx8XWpTNOT0bz/4eozxzpjcQ31PaGd7iZMqDpXcEKL460pA2lTDm1DAOVJyvcBfqRtcI2gF4Q==","mode":420,"size":38413},"lib/handlers/blockquote.d.ts":{"checkedAt":1768031009135,"integrity":"sha512-FI1+s056ALlqSryoGxCPsXiUja36e1kptKZEZR7oLpxUnXQ3ZZVOCXlStazwa9ovm7md0X0xG1NanwUA78pzDg==","mode":420,"size":406},"lib/handlers/break.d.ts":{"checkedAt":1768031009135,"integrity":"sha512-minVnHV1mO1IqrCwk1AQN0FCFXQzC/Cgdgh7OMm7B4ILJcjY6PRwdaiu9PCGsrfUSqUNmgF5KUYfUh+7/kN/KQ==","mode":420,"size":459},"lib/handlers/code.d.ts":{"checkedAt":1768031009135,"integrity":"sha512-VFkaJ2RKJKHTjjgYvMLwR1OEzbzphSrrd1F0w5dP7GmZW9Z3Husnh8Zv2Z5iKpvePmOhtukjxRocvQ20LXW0jw==","mode":420,"size":422},"lib/handlers/delete.d.ts":{"checkedAt":1768031009136,"integrity":"sha512-6kKfRsxnapAN6LCaq5Ef+/ccVlMAtudcHOjFFhLkdC03oIPQCXFGYOH8p/8aszl/Cca7DbnxtoEWavMeoThicQ==","mode":420,"size":389},"lib/handlers/emphasis.d.ts":{"checkedAt":1768031009136,"integrity":"sha512-jaayiwhMJ4HTmMcavfBWdbYpJ0niMlvKL638ofZzo/MhQjtOw1Z7qCV5Td5gZJeMlBLFaPLlha7x8VF+lZ47ug==","mode":420,"size":394},"lib/footer.d.ts":{"checkedAt":1768031009137,"integrity":"sha512-cJla91LA0o40eSfHoMOIb0kNwoDQ/pIOm4Quctfg2KvFrcJyJVAkw8loLy7ZTBAmOvopEqyCbf6Tb0dHiugasw==","mode":420,"size":2939},"lib/handlers/footnote-reference.d.ts":{"checkedAt":1768031009138,"integrity":"sha512-kFsuUvqyloaJiwsqUq/bvMrRInkUi4MmFlGSmfX8ULFtQQzg0ZZKC6kbyLEF33N7zJ09zw81jIW092nLezQPqQ==","mode":420,"size":448},"lib/handlers/heading.d.ts":{"checkedAt":1768031009138,"integrity":"sha512-5nQe6YlmR3BlPW8JbBceSIPV3ZChHiqgkYHY7w3E2a+2b076jJRedBr+5yOamzKTKGvto6Q+Ry44fgxeMtJroA==","mode":420,"size":388},"lib/handlers/html.d.ts":{"checkedAt":1768031009139,"integrity":"sha512-KVYFkPl9uXyjMhkaCnK4WpciH2aZQirGeoA41cvhbBen6pzhrkRlcHy98QZCsgAN9bzhqpgmTRXqPiW+6OaL4Q==","mode":420,"size":507},"lib/handlers/image-reference.d.ts":{"checkedAt":1768031009139,"integrity":"sha512-h/zUVBq0KK4dJcGuBltLpvhQfTP3GxHS63afX3KAz1ji3ZNoP4obFDzzy0UvgaOpukxiGyR3WRSsHgiDh5wTKg==","mode":420,"size":604},"lib/handlers/image.d.ts":{"checkedAt":1768031009140,"integrity":"sha512-pHFVIek4/JzyJ/6FJ01dLv0IKrpeSlopg2Zq3egxi4xxKhXCzWHDtrw2L/Zag4L5xX/hLVsJrENHGZzDtTYVyg==","mode":420,"size":428},"index.d.ts":{"checkedAt":1768031009141,"integrity":"sha512-n5V6zl1EELDpAKlZc6m9ILf/+6VMjHNM3tBUl+CWEVEgOx+z63/R9K9vIiytVGL4t6pJs47m8N5delzmv7K5bQ==","mode":420,"size":2309},"lib/handlers/index.d.ts":{"checkedAt":1768031009144,"integrity":"sha512-/hwOr9p0gs0F+G2/1uuWqRud0igPpWFyg5Fdwjf472WKtvCUmlVKnXSWPF1/BKcXjlX1m0fDrHmmmNdPJF0OdQ==","mode":420,"size":1792},"lib/index.d.ts":{"checkedAt":1768031009145,"integrity":"sha512-L3+hmjwzeOmoDgzjqIKpUhqusX2lYxVSzPix/9QsRYB+/7P2xBxSj79gfrXqRbBv0vY6agrvgIwMRRJbqywCWQ==","mode":420,"size":3055},"lib/handlers/inline-code.d.ts":{"checkedAt":1768031009146,"integrity":"sha512-6xtI11pAuhnEko2vsyzvUktoAOcuD9dM8SRd/9nPIlhn2iox7ajCEHgjWjWNm1JlGQc+N0tosa4ftPZT5r/Llg==","mode":420,"size":446},"lib/handlers/link-reference.d.ts":{"checkedAt":1768031009147,"integrity":"sha512-OlTf7Uv27Ub6SBXB9jeByGT+SX07i20HO8x43oLBZfJ/7UokeYVPtgo7TKBk1rpRJCXppRhEfOEqFoINckjmPg==","mode":420,"size":598},"lib/handlers/link.d.ts":{"checkedAt":1768031009148,"integrity":"sha512-2NSDEjCrjrh9Sjh3NGHym53CBNgaF6+23ihlOGWUSA7l3rEmyiEBdDc2ZbDFXyM4FyU6+uDDOJ0yviO6+DqiWg==","mode":420,"size":422},"lib/handlers/list-item.d.ts":{"checkedAt":1768031009148,"integrity":"sha512-adO6l0X97JfByxkkKeCiB1MlylhoOkv0auoLcxWK6w5r0RP2NHEgyIbkJSf3LBDqav+EUIXprdmX0xt5Fv/2AA==","mode":420,"size":644},"lib/handlers/list.d.ts":{"checkedAt":1768031009149,"integrity":"sha512-xPqiteoT6HlOXLRFeSmi4wZCIMXZ3AuPvGJOtxkTnejbyiTCBgKc9DHh678hjLI3OsN5OTp2VDN+6Wuoxj5P4Q==","mode":420,"size":422},"lib/handlers/paragraph.d.ts":{"checkedAt":1768031009150,"integrity":"sha512-x7F96I93hH46nl98GCtgUHPFwpMy8iyfQ5NiTFMyrtRcSsaFZ9t90AcW19kt08OejMs7j46LYgZjqUsVZ4sMLA==","mode":420,"size":400},"lib/revert.d.ts":{"checkedAt":1768031009150,"integrity":"sha512-7nIa7acN8PKiJx3vv6EtrL3sXcqmEt+7lOn9U4yGXW7HYKB7I3UmDlLYJcE6m+HQOld7Gt2KZ/Ta5o8gw0OjLQ==","mode":420,"size":560},"lib/handlers/root.d.ts":{"checkedAt":1768031009150,"integrity":"sha512-eCTllclX+oDlG+tVr5LyAGUpK8HsVCBwIdz3ybb1DPf8IPhOgk48lUZSlKTrLzZhl96AphWjvkgddpXl2u+SQw==","mode":420,"size":441},"lib/state.d.ts":{"checkedAt":1768031009151,"integrity":"sha512-RyyC5YzmNuQQgxbAuU8tO1FQAtyN39e/l85CkDxDpGimVQBHWn04XJBv8W9+ptv6FVE2LOLqfY/1PB9jzLe7Xg==","mode":420,"size":8199},"lib/handlers/strong.d.ts":{"checkedAt":1768031009151,"integrity":"sha512-vthQ93mDeZA6Sw0wgiVzuECfpNryO4A5T/hu+1myMHsT7HwxmnOMrk0Dd/Bv+B9RK5oLQyFTz5yGQAG2uSeuxA==","mode":420,"size":382},"lib/handlers/table-cell.d.ts":{"checkedAt":1768031009151,"integrity":"sha512-9YbIvZAvQq8vw+3gCoWgtvxPYLAvm116Z3DXgStMg0ywxLLcaVZ+DXkUdGdRcfE+SQkd7h/24reuvV7URP1sww==","mode":420,"size":400},"lib/handlers/table-row.d.ts":{"checkedAt":1768031009152,"integrity":"sha512-fm8u4f/RhaMgRmw7LB4wWiXn/4Lq8L1+WldlQwlc5U3vFD1xKhV+CucoLEZUsq0+oXqA7TPiQORmpMIsUH1dTA==","mode":420,"size":644},"lib/handlers/table.d.ts":{"checkedAt":1768031009152,"integrity":"sha512-Qup2kaDWcMw/iD1ceCuDk9CRivuyFFZiE2iK40iUNL0V1WDzD8HUKa8fQnjZ5Yr4RJpu827ShpkSlaWx4aX3Kg==","mode":420,"size":376},"lib/handlers/text.d.ts":{"checkedAt":1768031009152,"integrity":"sha512-TtIbfatpbgKhCKqfWZKlHGSaHonMxS8sPt5uAFXt7H8N3n3iUaSV4YZgoXh5d5Oweq24vdZVfrAuP4cEDVc3YA==","mode":420,"size":463},"lib/handlers/thematic-break.d.ts":{"checkedAt":1768031009153,"integrity":"sha512-hAmv4ArWT3o6I6jkVdKQrNudUdg9+STbyrA4yi1f0MQpDv23cp4p0SoLvKXdlHZ/seHBhjC3kgEsm5tQhb7nrg==","mode":420,"size":424}}}