{"name":"nanoid","version":"3.3.11","requiresBuild":false,"files":{"LICENSE":{"checkedAt":1768031007784,"integrity":"sha512-NeVwCxI8R+wwMk1xpFY1h6JZJMjvbOpgAXgy6KisS0MeWYLcT+dba7H0ePKu+v+V8o1ycyOetPLygUjTwH6j/w==","mode":420,"size":1095},"async/index.browser.cjs":{"checkedAt":1768031007785,"integrity":"sha512-wN5lpijbpZ8NVPKrXXeVWQM+r4jvOd/xnUY7koCZvynX4Olzj2jmyY57R82i8tUkQDraj3AiCFkWoW3hhXIfQw==","mode":420,"size":2692},"index.browser.cjs":{"checkedAt":1768031007785,"integrity":"sha512-kMgB+oZSh0be9LaRD6wrAz8ATOQMK3e/FBbLsb4UnkFqpLX64LnkqBvfAIsmaiNh0r6s6IQr2ilnssdAHyL5wA==","mode":420,"size":2834},"async/index.cjs":{"checkedAt":1768031007785,"integrity":"sha512-SCEcdKWAcQKru9F7pnMxf9JSVOlMzRd9hxlj81rXIhcBS8HVvCRC3Vd2UvUt5U9fk/FfCxwKeN1Z/ZF+BjZACw==","mode":420,"size":2870},"index.cjs":{"checkedAt":1768031007785,"integrity":"sha512-LbwAxbxfrfTjP/lcsaLQfRv8bXQqvrw9yVwCHu4yerExM6SvxxxFeUP/hot4GNxtGoIOrR1dhFe/aPrqWG/KnA==","mode":420,"size":3359},"non-secure/index.cjs":{"checkedAt":1768031007786,"integrity":"sha512-A4yK9BAZmzuvs2PwGI4LV4LoqAUZVjVe5sygI1DWPZEvP/OXeQahCvoHhUIX7vZ5g9mlkQ/PccU4hEhEzO3twA==","mode":420,"size":1114},"url-alphabet/index.cjs":{"checkedAt":1768031007786,"integrity":"sha512-yuidkeHUB6NevW4BO5TrKBy/B1RbMXg3+2C0F2l902VzJ6I8nKVzMNlTDS67vUveReMRoL/m4LuLikGqvzDO4A==","mode":420,"size":280},"bin/nanoid.cjs":{"checkedAt":1768031007786,"integrity":"sha512-O6jsvrtF1bRs8UqSh6vLPWXFm9dZoZ1wg4r3haTd/AKxEJM01/C3Ikv1GOgV7q7pZhxDXKoLWwpjdz+0UI+rhA==","mode":493,"size":1129},"index.d.cts":{"checkedAt":1768031007787,"integrity":"sha512-tOFGglnQEi+Rk9ZT25fpd1GmV3JCWoR8TI9sL7d6/ED3XwRAbeetBlyfzGhJTgmCOQ72wfMvMmQIFDtOEzChCg==","mode":420,"size":2252},"async/index.browser.js":{"checkedAt":1768031007790,"integrity":"sha512-XvWHCmKizUbZR+/fVzlAyCUv4JdoFNxHCvNpGHedGBfyyN4napd6lDhX+AtIycmDHmNorKx+MCWMdqFIbVHCjA==","mode":420,"size":984},"index.browser.js":{"checkedAt":1768031007791,"integrity":"sha512-zFv+uvP8uoq9zLpWHmBMPUCN0+nCM1ckc6hH5Oh8uwCS4Vwh4FJxW8MDUA15+jf8YGNRNmgcXj/wss9efqX8dw==","mode":420,"size":1064},"async/index.js":{"checkedAt":1768031007791,"integrity":"sha512-hVlMtSBCaRmORXut54501G6Rvu/xVge7fIPXbvHYihbpb56V4+trYvRaVKTWg2O53YzcibCArhcCFg2yxC4wtw==","mode":420,"size":982},"index.js":{"checkedAt":1768031007792,"integrity":"sha512-oB369qM7HsvQFi8FLrJOexcFJtwbSKFcOEEANtSED7DSEQCgXPsRo2h8frgVRtVES4GqwJU1mBdiGMcbKSEHoA==","mode":420,"size":1326},"non-secure/index.js":{"checkedAt":1768031007792,"integrity":"sha512-BwKxbxZZ6YJFoR7zmSExepF1P/X9Eh1+Hhe8rBXaz460hILY8ALxfH8p7V3d92x4grL6ujseQLbaGxbaQlEa1w==","mode":420,"size":497},"url-alphabet/index.js":{"checkedAt":1768031007794,"integrity":"sha512-t/CZF+MOKL5Qyu9bhbu8yT3hG7nu5CSxIXgTFf8I7lhcVPhp5LWGLKifTtNdflP5cgYvPzxI+h1Ru/EPnPICmw==","mode":420,"size":110},"async/index.native.js":{"checkedAt":1768031007795,"integrity":"sha512-RsNABSOH6V7KXY6bOP4QZ9i9IPMz9RhbnRhbdtRFPingGdmOqVqfcjsf/q3HVrlpS56EUsifGVeMee98doFkgA==","mode":420,"size":820},"nanoid.js":{"checkedAt":1768031007796,"integrity":"sha512-Aj/2sgmSagnRPi3PlXZI7SY/6pRGGJjcdtpUrm1SqmMdwCAKRN/2mmKaXVdUArOxBWfq+RomKdL8soSXMOdI/Q==","mode":420,"size":169},"async/package.json":{"checkedAt":1768031007796,"integrity":"sha512-wX4TTrLFugvVF6jMuYn78mtB34pnSOkd4pgOqr7KWTA9G9WZ0H7b6OGJ5WhbLLoIUL74Yfie0f2bPUw5evgm1w==","mode":420,"size":233},"non-secure/package.json":{"checkedAt":1768031007797,"integrity":"sha512-1+THnCOkBl1UfFZXPAdZu60fzMhCM27oBjAXhDcRfKwduuB02GQJbdzrdgKpjjaM9HFKZ+6KAbG8++WSDrYaMA==","mode":420,"size":99},"package.json":{"checkedAt":1768031007797,"integrity":"sha512-YJuTC+5r+OfZR+wPJ9Ljzyff9OJB6KX5ikZcd8qsQ4M2PZQw1E/n+AhXLgrhwljuh+5x75PXpRNrweKNgjui3w==","mode":420,"size":2283},"url-alphabet/package.json":{"checkedAt":1768031007797,"integrity":"sha512-1+THnCOkBl1UfFZXPAdZu60fzMhCM27oBjAXhDcRfKwduuB02GQJbdzrdgKpjjaM9HFKZ+6KAbG8++WSDrYaMA==","mode":420,"size":99},"README.md":{"checkedAt":1768031007797,"integrity":"sha512-rvxIoNhGf38HCg5rtuF3cHRrueNCpyGV2a5t0/AVy5J7tK8MM5WBS/Rvbj0XJtHQxDabG/uWWGqkYtutnCBZ1g==","mode":420,"size":1552},"async/index.d.ts":{"checkedAt":1768031007798,"integrity":"sha512-fTa+Ogr0dZH58IxIqoBYe7XYwwash1pJHtJ6BKMpgJHfZTXZERvTaqARFq6nmiOI04iI3y3MsntvIrlMHKKYVQ==","mode":420,"size":1505},"index.d.ts":{"checkedAt":1768031007787,"integrity":"sha512-tOFGglnQEi+Rk9ZT25fpd1GmV3JCWoR8TI9sL7d6/ED3XwRAbeetBlyfzGhJTgmCOQ72wfMvMmQIFDtOEzChCg==","mode":420,"size":2252},"non-secure/index.d.ts":{"checkedAt":1768031007798,"integrity":"sha512-ZBfjYlQTCQfaQz7LS9n3EZAa2Dki0jQpfHQ3hpDvYsbsN4tR6NYIrtseUf67+MU0e6w4jLIo5ezopUkXw2Ej7g==","mode":420,"size":983}}}