{"name":"fdir","version":"6.4.6","requiresBuild":false,"files":{"LICENSE":{"checkedAt":1768031007724,"integrity":"sha512-U5rzE9frjqsI3sW+naRKNl9+VDSdwurgZXBg8ykONZr5QZPmZQCXcKo/8Vb1jdWMCEdQK3AE1nA4C3tImrXt6Q==","mode":420,"size":1053},"dist/index.cjs":{"checkedAt":1768031007725,"integrity":"sha512-R1s8dVu0ex4hhSCVlUOXtbdm/SBdlxnIvmEmYcne6KFYYlMvN13BE1rFDgGGoGTMsadidFI/E59+lqlKbEpHQQ==","mode":420,"size":17932},"dist/index.d.cts":{"checkedAt":1768031007725,"integrity":"sha512-YoQPCp32lZ99giZqxqOgLSd4TzpGG9gN+FRjjCbHuoWOw2eTs7+kjTniGoUEEHZhAi3PFa9QicETkT+DXW+Ryg==","mode":420,"size":4598},"dist/builder/api-builder.js":{"checkedAt":1768031007726,"integrity":"sha512-DsLpTdz+uH3zsPg+xZ1+MmIAh8x+F44QZXcZuTGqcS3wdkbs3i1nHBMJuHuAypW1MARGHGeDGvIM2pKFI0Q81Q==","mode":420,"size":614},"dist/api/async.js":{"checkedAt":1768031007726,"integrity":"sha512-8LNXINa16Nj7HvbwFhl9aIVvBeR+FAqywySKJ5Ui1ApZRaS49BAQfJj6j68hr4A8qV0MY8/uN491VnW4Xb25cA==","mode":420,"size":585},"dist/api/counter.js":{"checkedAt":1768031007726,"integrity":"sha512-RORQmGDFb3X4Fi13OdrwU7Vo7W/gN44SZ2y3380Tz2uKroe0VF2p8kZkk3tJJE6o8FYC7vdns7vtM9U1qAjQnw==","mode":420,"size":567},"dist/api/functions/get-array.js":{"checkedAt":1768031007727,"integrity":"sha512-4KB1agAjOIjr6wel8sSAfOAsToH3d5yaN6PTPH7NID8tc0APxNrw2YX8X06hziYhkYjAcrGW1AAYM+GLr8OJ0w==","mode":420,"size":318},"dist/api/functions/group-files.js":{"checkedAt":1768031007727,"integrity":"sha512-K7CSiFoo6N9hWu8YVRR0Azloj31tS6k6iiWSvnmkesZIh9+pMdKkbbE37ohvTL3W9946qNfMnq03XoLDu79Ytg==","mode":420,"size":333},"dist/builder/index.js":{"checkedAt":1768031007727,"integrity":"sha512-EMxeeZCVXUhdy774S8itxsdKDisu7EuggBi7NsIIZzSdFYLMKeZpItVhX7oOr4i7WdgG1JAT/ffQjJ47zcNwpQ==","mode":420,"size":3702},"dist/index.js":{"checkedAt":1768031007728,"integrity":"sha512-kzP2t613oT/erbjRT/MjuMUz3P8o9f0hilY3gXnvdUHVrkj/1ahznzgUpWjPbK+17qYNdaFVHUxC+9twCa5kww==","mode":420,"size":973},"dist/api/functions/invoke-callback.js":{"checkedAt":1768031007728,"integrity":"sha512-h2cildW8BnZTzUJTDbGb76NgUhqKD0Tag1Z+rSNbtEgCcwn0AedK6R/LanynsT0nQiRcHtzHd5BkKRKkHZ7YTw==","mode":420,"size":1695},"dist/api/functions/join-path.js":{"checkedAt":1768031007728,"integrity":"sha512-0ar50cryV3sTfxmCopnbkopo+8oDIVayZso9+t1vxnhupq8mNELoLSsqX5q1ahMFJB0JxqB1RtHuSCPiPgfCBw==","mode":420,"size":1324},"dist/api/functions/push-directory.js":{"checkedAt":1768031007729,"integrity":"sha512-hC7Fj+oSvXIuBUhGFtsNTooSIi6nohDqWFutnkD8VFpw7ECpBs7vIemvWI3Qv/yyduRjbnNCi1XvgaVSjXn7Cw==","mode":420,"size":1295},"dist/api/functions/push-file.js":{"checkedAt":1768031007729,"integrity":"sha512-sy7ggPR2Vv6pLS4uf3h40FAGI77vfnu31UlNDJxhG8+9veM6/0PF6E+dXoeoa8BB1Q07AIowcUH3Rm2qg2cTIw==","mode":420,"size":970},"dist/api/queue.js":{"checkedAt":1768031007729,"integrity":"sha512-cMtCbh3ZM9Ec4sMlD2IEcReKQSJH/ocSPgi3k7bTk14EVEPW6Yq2xa47P0A3Dm+OJBteqvocjDUMeZtW5Xfpsw==","mode":420,"size":836},"dist/api/functions/resolve-symlink.js":{"checkedAt":1768031007730,"integrity":"sha512-3UOLXycdengEzUcoYM3wVcVdolJkQdpXZ7U7bSWP11iKMNKVAIMKFjHzLuffgXYZKpm7+B+vgpYDDs6tjwPXOQ==","mode":420,"size":2511},"dist/api/sync.js":{"checkedAt":1768031007730,"integrity":"sha512-cm/61vKVBqkPJfMFmBzusluX95eoOfB867/0Xvyd6U9Qt51cl6qQz5yZIhgP2X0LgpXqa32LXGGjfRfc6u8mNQ==","mode":420,"size":274},"dist/types.js":{"checkedAt":1768031007730,"integrity":"sha512-f2XGQDoj2T+xSOglmwEtZVKrO/8Xj0p9ap2c7A9gQp/BiZ45tLyozAivx12afHv9sT/DcspjyF6yKwNV601gAA==","mode":420,"size":77},"dist/utils.js":{"checkedAt":1768031007731,"integrity":"sha512-XnFRRyRxty6OpHWH3p3mUCD+l778Wj+Qz3ELCWRV83Ff5zbjyB8DanrxaBPh+A6Vuc9D60KJpVA/GRMj4C9Bxw==","mode":420,"size":1540},"dist/api/functions/walk-directory.js":{"checkedAt":1768031007731,"integrity":"sha512-pmX3kUFV7v7R/84T8FSTDI7oDnviqaGzvW4arxSMl9Yef4Vx87saJNZZ6NxP6ny9Ys13pt0OT1KCQs45bvutfQ==","mode":420,"size":1458},"dist/api/walker.js":{"checkedAt":1768031007731,"integrity":"sha512-ncTjS0e0AI3w6a5jjD45w9HlQMJf9TqBrz5/Rkx/m+L2SMbT7LOKmJUVHT9f/dOrqMyG5S2GS4AVpvyRQ7Dhuw==","mode":420,"size":6414},"package.json":{"checkedAt":1768031007732,"integrity":"sha512-BLEwClHsVn0u2iBfSGdcOlW8EqNH+qC0wAyjLsznTg/LNpn+sUb0oFFicKu/QYtCS+d4AcB+4L7xI5ixBnTqqA==","mode":420,"size":2416},"README.md":{"checkedAt":1768031007732,"integrity":"sha512-Z1VOAoOSg89ICzWjmpptdw39X4utJ1L+vOHPKZV0lufronjGJzb0zs47ea/WHXGBnjS11o6ABagPIv3pC5HNZQ==","mode":420,"size":3851},"dist/index.mjs":{"checkedAt":1768031007732,"integrity":"sha512-n3cXnT4Sx5u2eKFBEQVHuBY+5MX/pE91+M2p3ykTs3v3oUyqyp85hfjNvh6hlVWTSydA6pvnVXGtc5SPS6sZbQ==","mode":420,"size":16918},"dist/index.d.mts":{"checkedAt":1768031007725,"integrity":"sha512-YoQPCp32lZ99giZqxqOgLSd4TzpGG9gN+FRjjCbHuoWOw2eTs7+kjTniGoUEEHZhAi3PFa9QicETkT+DXW+Ryg==","mode":420,"size":4598},"dist/builder/api-builder.d.ts":{"checkedAt":1768031007733,"integrity":"sha512-uPl6XRfBX6jDpHOE5gBCbdvK3WtmiXall0x6AyQft4pDfJYsHr3ITXK8mJrZjFmiOAhB+WW0fAi3aw1Oa+Cs5w==","mode":420,"size":353},"dist/api/async.d.ts":{"checkedAt":1768031007733,"integrity":"sha512-W6d6nvr6kj7dYhR8VhgX8fyeVGmjQnV3MMHpgn+hte81DZfYUhvqgKUMZuFzAWk14txW2YsIWjEsOFVzwv0IOw==","mode":420,"size":298},"dist/api/counter.d.ts":{"checkedAt":1768031007733,"integrity":"sha512-/MHqg62B49EdKXzMUqV1LwFbm+RJdqtzhhpKeaRcbH6b31NaZdksGGWdA4QYnvfTC2YsRHzRLJrQU9itDshixQ==","mode":420,"size":282},"dist/api/functions/get-array.d.ts":{"checkedAt":1768031007734,"integrity":"sha512-fl7q1SHGT9uiVPDT9d2ykjNcz7khqd95InKOpjwv0NB25vKCf7L7IbpoDjLSWQmO5Cln0X9nCa9TspjTVMLtIw==","mode":420,"size":168},"dist/api/functions/group-files.d.ts":{"checkedAt":1768031007734,"integrity":"sha512-dTHw8uzWM36lRnrwWPSg9sNRIdqou3dzYgAupR92PAWRG/ewis/lALL8nBPBgluD4w6kEpzoYjk1QN1fq4R67w==","mode":420,"size":211},"dist/builder/index.d.ts":{"checkedAt":1768031007734,"integrity":"sha512-l7GiVkdE7XVfKvVetrRA3mkhixD/Q+TitDQZJ/MoL0XaBNfksUksHv/JV49jfCh9c3uPghCC43ve2rE0Q3832g==","mode":420,"size":1835},"dist/index.d.ts":{"checkedAt":1768031007735,"integrity":"sha512-i7d+0jls7fELGLEFhLW1d64KYZUWX36rMXxrqbbzEUq3l//RcBEIIA/gv3newgMJwjhMIgb5FXBNVIvPDb9Miw==","mode":420,"size":125},"dist/api/functions/invoke-callback.d.ts":{"checkedAt":1768031007735,"integrity":"sha512-zhS5OBniNMnzYep7RhOTLxQUhghOpSMUoX/XeehfiT7iG5FI2ypHcmi/I8f/nA8C3NSKg9ZokpWL3Qn7TfKykQ==","mode":420,"size":364},"dist/api/functions/join-path.d.ts":{"checkedAt":1768031007735,"integrity":"sha512-+/HsLOHnfa3ToRWfOEBTqTQIwe6v6A8a9sxSZE8OcPaXA0Wmt4hleuviEW70NPWEUe4g8+0IqNlFiVjEnYte3g==","mode":420,"size":432},"dist/api/functions/push-directory.d.ts":{"checkedAt":1768031007736,"integrity":"sha512-Gr3ltxxEq3MaqPixjNHn5oUEvBFLb9cXzti+oyqLklnjUxebAUJrBkhxXhWjea8TReCY3yL+hsuM5pUODJGMsw==","mode":420,"size":257},"dist/api/functions/push-file.d.ts":{"checkedAt":1768031007736,"integrity":"sha512-VzshCrGzap2daFTkyUwWBoGSldLUq3YIlk23Vy9O+xH/UuhqPwFWX6czE+j6twr4kP75hvpNUUjsQ836mMjHIQ==","mode":420,"size":257},"dist/api/queue.d.ts":{"checkedAt":1768031007736,"integrity":"sha512-EjA6AP1h+BYYJa1fzgrRn0geNlgksK7lYnlYQdJAAl4zax9wCr6kEy8sTl1b5H5WSTZK544tkbVD+Er5IG25eA==","mode":420,"size":585},"dist/api/functions/resolve-symlink.d.ts":{"checkedAt":1768031007737,"integrity":"sha512-8As8re/hbQ1wyKvUVocxUxTHERo+k0vNGo9lo2E6SJA1QK8SuTpzfEa88SjpCAfjCvKFpftKN8p7GL2U3T5AvQ==","mode":420,"size":339},"dist/api/sync.d.ts":{"checkedAt":1768031007737,"integrity":"sha512-VVHBbjHQT0RGXceEepuAuiaJ7skvd81iVBIBtrYmVgL8j4oEutgFjMq8LYj8jK3vIKdPDaqVVoH+EiXQi1Ax0Q==","mode":420,"size":139},"dist/types.d.ts":{"checkedAt":1768031007737,"integrity":"sha512-WD6jo/B/MqjPFAq93/rXDuYFEGMny6Cw1GBoLw0+TjfoNA0qc903JhhCOlnbplGSQudb8vJuXr9helFFwgSqaw==","mode":420,"size":2008},"dist/utils.d.ts":{"checkedAt":1768031007738,"integrity":"sha512-7tXNt4WexdL7KlBvea0sOK9Q/jWxw7EvRiNA/b15VzHO1WEjyDJVOIbZUrB6QsSycexbffn90bc1f6aQV0pFPQ==","mode":420,"size":416},"dist/api/functions/walk-directory.d.ts":{"checkedAt":1768031007738,"integrity":"sha512-zI2bv6WvTauM2K3pJJucFC/XT90f+98UUOwxA49fuFINbYS3NZILvs1ioB4qetJ1lYc+jM5ZQx+W7Ui8p/zEUg==","mode":420,"size":376},"dist/api/walker.d.ts":{"checkedAt":1768031007738,"integrity":"sha512-oOBEdx4eGa8w3pHra+wVBQwn0gVqOzCedeWG4rQa7u5hv7dCY7OMubZ93pvc1QmqA7DrTnNf/E1XCahAZdHR8w==","mode":420,"size":639}}}