{"name":"ignore","version":"5.3.2","requiresBuild":false,"files":{"LICENSE-MIT":{"checkedAt":1768031005940,"integrity":"sha512-1ue5Ra3tpQa14DV4S5WCVRgC8Rah+8eH4wz1u4TaVF8/KRqyM6LbVqW4ypQGHKhRBFONRBj1YSEsmQ9hh/rs1Q==","mode":420,"size":1095},"index.js":{"checkedAt":1768031005940,"integrity":"sha512-zZ3EyTKYF78GsEYQBbTRxGWkFH4YARjjqptH/qHoWKyxVadIfBv+EruanulRH0aZhyWcfxE0iuE5rH8aL1WcUg==","mode":420,"size":16412},"legacy.js":{"checkedAt":1768031005941,"integrity":"sha512-HTH95wPh82f1zuWiR66yh/agK5Z5TpKuhgWhemuW25OH87RSz3BqSnIoS+JvDiFvMEWeDfdmOnn71rcdmerr0w==","mode":420,"size":20754},"package.json":{"checkedAt":1768031005941,"integrity":"sha512-9ZX5xukuXGqKspr8pjI02ZyOOQ1PWcga9wh/gYstdlo5nDf0Lmf0rh2rC5yD8rlUM/UmlpiPo+lV5thYRkLq7A==","mode":420,"size":2072},"README.md":{"checkedAt":1768031005942,"integrity":"sha512-eE5BbrIlf8XU357G9A4Hp01L8fgx9FIS2AuGLTtStygbAvN3lDI2eIAElFys7dyRUYiqiI27WpyeYeeDx0mT4Q==","mode":420,"size":11798},"index.d.ts":{"checkedAt":1768031005942,"integrity":"sha512-AFEfjD/0FT7BD7Bjc+IwkpQHDDaHyuHtDHEj8UJnTau/AcKsGHTWW9OiUeyommDDOvQlQWIKZgKdOw1hHq1D5Q==","mode":420,"size":1499}}}