{"name":"merge2","version":"1.4.1","requiresBuild":false,"files":{"LICENSE":{"checkedAt":1768031010693,"integrity":"sha512-GAeTRMmgYSZzL81yOKnAB5FUbEyfLSQeQmYfw0FImjjoRfVsQbsxzF4MACYOhRFrYSbF1CgDHyhclVYtgj84Gg==","mode":420,"size":1082},"index.js":{"checkedAt":1768031010694,"integrity":"sha512-fpEPGlPaNwS3g0GrR/z5r4Ehn/80/ePRiawpg8/BAlXxKBZK8vwA3E9ZFaI4snR3Qqy/SJoNDGRRLqB7uEPB5A==","mode":420,"size":3241},"package.json":{"checkedAt":1768031010694,"integrity":"sha512-sFGsH1bdqKAdBrfIKgdoIwB3abTnTcbgmRf7p0M8C8j1vg/WxX2bj1SwJ4E8u+46tMY7laV6Vsd82H3t7BOILA==","mode":420,"size":830},"README.md":{"checkedAt":1768031010694,"integrity":"sha512-2aRZ7ik2A95SmkQ8gW8a+85hg6jpVwG/s/qvDukqSIXOi51YgXN/nGWCtwUfHM/fQ5Vu10mhf0TuXR+XI7Z3VA==","mode":420,"size":3744}}}