{"name":"typescript-eslint","version":"8.39.1","requiresBuild":false,"files":{"LICENSE":{"checkedAt":1768031010215,"integrity":"sha512-t0z/UCQ+RY4AylIo7v6ZCtzCdS9pMnC0+yB0VQa2A+1S+oV4noJtM9o2SOJfDVq7GqTVK4GsuGR2QO4Nb/K7kw==","mode":420,"size":1097},"dist/config-helper.js":{"checkedAt":1768031010215,"integrity":"sha512-LFclzyZb7lNrfFgRA5Jyv6YDtyfvvwKTLjfdTHJKXygJgjCbb3peeoEVKg4+/UADwpbZPqWKgpVfACVSZRhfSA==","mode":420,"size":6063},"dist/getTSConfigRootDirFromStack.js":{"checkedAt":1768031010216,"integrity":"sha512-kyQoT24sEtBvfu/Wp8oVXAnA5g8hEYFlXx+0GRAXbuqWt78uMb4pujyc4D1dsoo8Hc+NPJWhf+XsxU9RxIVaHg==","mode":420,"size":2099},"dist/index.js":{"checkedAt":1768031010216,"integrity":"sha512-05DwnejsEU9WXvLGJOs8gWLq1zeXJvJtEq4pYsedj8H9m8QFIxCfFTbuAIXQoVL1kvcmYY3XPhZQ7IP2ZWcWag==","mode":420,"size":7297},"package.json":{"checkedAt":1768031010217,"integrity":"sha512-t/xyxEcpEFeryidSqmI/5rbdpHrOAjfzLhVbYhbn1bY97REWyEFbps//KelvrKZIwy5cAt0OJvSwoEcoPsMBcg==","mode":420,"size":1986},"dist/config-helper.d.ts.map":{"checkedAt":1768031010217,"integrity":"sha512-zM+SwyPuoW+qX/cUhf1rXWuMTOivjeLXFmz3WnCRdk6C1Tq+ioax2KQZpKsz2hhv9w5XDTLG+QCic02WvSTSPQ==","mode":420,"size":523},"dist/getTSConfigRootDirFromStack.d.ts.map":{"checkedAt":1768031010217,"integrity":"sha512-sL3nYFA1o3OKnDnitg04dZ6KymvP3NihZN/P9R8hDWxAPvYsuREgwB0hukfJajNcHnlPPTLmv7GhuuZKA8QY1w==","mode":420,"size":208},"dist/index.d.ts.map":{"checkedAt":1768031010217,"integrity":"sha512-uDVwQj9uZthGF/V8roRle39X54ioUVQtXGVTulTefw2sgDt8W4lJn6HQd3HFODgXvXRn5zm4GS54zSVMVLjexg==","mode":420,"size":854},"README.md":{"checkedAt":1768031010218,"integrity":"sha512-rwU2ejXtXem3Poej7HGGzlzBK1kzZk/6gZDqrDC20+sc7Huh8CJGAZe+oyfmgE8dLr9lco3QuDjQ9YxjhJfTPQ==","mode":420,"size":688},"dist/config-helper.d.ts":{"checkedAt":1768031010218,"integrity":"sha512-sEv+14jkoyFwNXfeQHtpTao+Tg2Welv/lXrZnqgpgRIL62OdGbJ7loBZQo9UBHr2M3lKTk1ahv58NOG1cTn+eg==","mode":420,"size":1957},"dist/getTSConfigRootDirFromStack.d.ts":{"checkedAt":1768031010218,"integrity":"sha512-oVW6GX/vv7/wybl5GmhfvaG/vBvemp0rJSbiixoI6mIwdYvsYzF0ERGqf0xDcEx3eF/qT3Xlc9M+scS5nMOjXg==","mode":420,"size":320},"dist/index.d.ts":{"checkedAt":1768031010219,"integrity":"sha512-hmcAnWhv8WBzEzDQJVqu9DN/i3GH5zslrjIMuqWy3BXLQ9CIt9/VacdG4VGKUn9EypDmiD7bnE2wO7YsUjVBhg==","mode":420,"size":8293}}}