{"name":"readdirp","version":"4.1.2","requiresBuild":false,"files":{"LICENSE":{"checkedAt":1768031009848,"integrity":"sha512-fILQsYn8p95CamfC9h/nSuLZciDhRy5nCMs4/KidyGaCo52ouccnSXXkIObcWO6UDnwm4w1V0yyurxgAYRa6Xw==","mode":420,"size":1114},"esm/index.js":{"checkedAt":1768031009849,"integrity":"sha512-KEhUuyBIaQmqazJBZoq2T+urGM0ktygJel2EsGLlJ5Umz8nX0Aszbh7AOLua/DXXxcB+RTNZ1rZp/rz9IKZK6A==","mode":420,"size":9554},"index.js":{"checkedAt":1768031009849,"integrity":"sha512-0HRbGkNCJd8LlPYggDut5NPC0k61gwtMo8NrIXviO0rTCv+MLWzBYkbmUvxLXBMpFZqvqc48uTNVwUjSwN1x0w==","mode":420,"size":9967},"esm/package.json":{"checkedAt":1768031009829,"integrity":"sha512-z4tRYb3aT3IDiLRivbFCBgdD5zHnvtRYs0kXxiwW40CzOk+yzmkQ60/oUF3nTvG5KNJLIoa3+Sgyq26USoZ6Dg==","mode":420,"size":43},"package.json":{"checkedAt":1768031009849,"integrity":"sha512-UMxwjrIxYZVpytUNX0SHQ37+0PmZqFFg1PhDtefjSZq8XQLmIPj/dvSZ5vtIFkU7EI48wt4AgoU44OWs2zyf/A==","mode":420,"size":1660},"README.md":{"checkedAt":1768031009850,"integrity":"sha512-IF7QJciaUjtdpLxWJCI+YCdFzwpBpwSuzRLRAmX3dMx7z4TsZDHObB7Q4a56jYdseTblS2ArlyWnQOjIvsmTGQ==","mode":420,"size":6423},"esm/index.d.ts":{"checkedAt":1768031009850,"integrity":"sha512-Xj4uQNMOWT58yeCXXdKHF0s4zcdjHIrxXRYIAkQ/xBcMgsh6axUhdz0t0J1325e6a1AW9MQUOD0cQoo158Ndow==","mode":420,"size":3683},"index.d.ts":{"checkedAt":1768031009850,"integrity":"sha512-Xj4uQNMOWT58yeCXXdKHF0s4zcdjHIrxXRYIAkQ/xBcMgsh6axUhdz0t0J1325e6a1AW9MQUOD0cQoo158Ndow==","mode":420,"size":3683}}}