{"name":"obug","version":"2.1.1","requiresBuild":false,"files":{"LICENSE":{"checkedAt":1768031073471,"integrity":"sha512-bWA2AdECS0Ix906WrfQ8aPis82ZO7L4801tGDhZmSt39/zKueCzWXDMNmVNKfXhSQJaT6S33RHyUvEgaornBoA==","mode":420,"size":1205},"dist/browser.js":{"checkedAt":1768031073471,"integrity":"sha512-sEqS4SoJfqjkpssjDnHE6ykQ0FptU7xy5sa80/EAnLswX0rbLJnPUAI/TlTQBalgaYTa9l6S2nhQKCIcC0slUA==","mode":420,"size":2776},"dist/browser.min.js":{"checkedAt":1768031073472,"integrity":"sha512-uFu4qavDpCPNQwCh9qqVxdDAHaTL9kfDWWJrHbE7WcupwM8lwyLBB2Svi8Y8uS8M6y3JisUH9CHiuMN2gbBaeA==","mode":420,"size":3180},"dist/core.js":{"checkedAt":1768031073473,"integrity":"sha512-RVJbZstM5CyL/CeQC50+WqvWril6uKGCPYfZkVj3TZG+Y6x+BiY/8GDuIM3rFdM+mVtjNp15wGLpalwxIcWtZQ==","mode":420,"size":3557},"dist/node.js":{"checkedAt":1768031073473,"integrity":"sha512-6GEKT2HSWqouqe4pt5mPWUE457U3Oz7oKZEzfYHnm9VSwCjcUxE7v8WWG8CYLqS2Se81GjjwftoI+nQw/11V7w==","mode":420,"size":3091},"package.json":{"checkedAt":1768031073474,"integrity":"sha512-VphbrV31lNZD5+jTWqENUVHquhDX1exzhZrXSjMgYVhJrAeaU5g2QhR4eYrRfrySHnbZkW8VqhBsIcG+WvK1wQ==","mode":420,"size":1816},"README.md":{"checkedAt":1768031073475,"integrity":"sha512-s0nGqpZhIt6VpncatZYK5D1sVo4MfhKhmOicQWFcAri9e6IpK66NpbHLVltVZBekE9tVy6DuOMPYcwn7UYItMw==","mode":420,"size":3070},"dist/browser.d.ts":{"checkedAt":1768031073476,"integrity":"sha512-/70HNDveln6igIdPF8NhhwSGmP8ALX4cVUjA7e9Wa32D7Vi21FOV5gYLOW1rCeyMXzA4uyflbzsr33nBayFc6Q==","mode":420,"size":539},"dist/core.d.ts":{"checkedAt":1768031073477,"integrity":"sha512-gMsbuq5vShExJOn26cAVJ1KGYOKZ3wZI+f3vXgONm+bI8U9suTZqIxiYO+t6vFb0fbebz6u73/vseumcydqvOg==","mode":420,"size":1445},"dist/node.d.ts":{"checkedAt":1768031073478,"integrity":"sha512-7M3Gfa4/vn0wXRIHhldiiGv8PCL3PA4AEZj1TbZLJN4JrMdCKLdsJqpWEr9IxPLLMzprqnuqCqsJBX9CDaZSPA==","mode":420,"size":536}}}