{"name":"cross-spawn","version":"7.0.6","requiresBuild":false,"files":{"LICENSE":{"checkedAt":1768031006214,"integrity":"sha512-sdx6Wb/15kFQa2MCaz8/0HBqj6vEfWp8uQRPYPF+ab8n+qOh1BsOtT3JBVtWCCzcDA5BnrgK7dL27+cCD192LQ==","mode":420,"size":1105},"lib/enoent.js":{"checkedAt":1768031006217,"integrity":"sha512-ttydkyHpGiUuGS2YzPSbRCjuMs5KY9q3iN01v4STA7MfYd+TmBseEemiANX0weJLnIFpyAJsIQkWzHLF9Ue45A==","mode":420,"size":1471},"lib/util/escape.js":{"checkedAt":1768031006218,"integrity":"sha512-cs0Mv21L3Kbk/SNZhy2FSbsf95GiReBRGDsv9uIJrkSkzVxQmQ4LB2vqQuLuW8RaOe3cdg3436At8DtD/1sL1A==","mode":420,"size":1383},"index.js":{"checkedAt":1768031006218,"integrity":"sha512-3t1JwevJilhaGp18WKxElPuWYs+HtJtp/ymjL2r1iRI6fwEsnBXoniM02VG7Twlorp7A816DJIawemVcyLhvyg==","mode":420,"size":1192},"lib/parse.js":{"checkedAt":1768031006219,"integrity":"sha512-YC+tSB6G2YG43fn/1JFJa/mXBdCcLIUJeC678EKPQBPPOp3gy2cHPwgSGyhEYS90zQR+/wd+lEDaCpEMsa7o9g==","mode":420,"size":3065},"lib/util/readShebang.js":{"checkedAt":1768031006219,"integrity":"sha512-RYd3aNSqwCM772XDLLuMsNNxUaI0KPcXREssK3GznxsGJSLW/4o9xEMuP2PfZqVa5ylX7FUlyJzhAnh3X4Yryw==","mode":420,"size":549},"lib/util/resolveCommand.js":{"checkedAt":1768031006220,"integrity":"sha512-T72oZ1h7imJm+BH1N6SjeK3BfdS//DwPLGTCnhzlKg0VDeT9aJVrIF5hSZy5akyhisQvSVNplIgEzMx8qxPCBw==","mode":420,"size":1557},"package.json":{"checkedAt":1768031006220,"integrity":"sha512-PKBtouh/D4TmwZxxAMZM3XWUaY72ATmLtLGmIupFETQQxE9JOtNI+tZba4uhpu8wD/cLvwuMIBsQoKwi1g17Tw==","mode":420,"size":1655},"README.md":{"checkedAt":1768031006220,"integrity":"sha512-pNmtvrYXKoBE1mK9ERl6ko/X1JCn+Kw0Egyi5iLdUyN69B7VboIzPYQC1Uhb0NLpXx/sVYjPAcpSURqmtkqApQ==","mode":420,"size":4117}}}