{"name":"rollup","version":"4.55.1","requiresBuild":false,"files":{"dist/bin/rollup":{"checkedAt":1768031079319,"integrity":"sha512-yS71Cl+pl1g0t04uKIf1gsENI7xfb1tjulZoxb82N/0nnoLG7knkXdtPhCOFJsFvhDuPY2LAgxx+ssEmMqRpaQ==","mode":493,"size":82269},"dist/shared/fsevents-importer.js":{"checkedAt":1768031079320,"integrity":"sha512-WLhptNba5LPECwK1i7ruZsR+b8iTBjOMQ3Su08wK3ctd73lCG46qrjWK/9FIyA7cr9+OzjgGVLMTlscWruDwOw==","mode":420,"size":884},"dist/es/getLogFilter.js":{"checkedAt":1768031079320,"integrity":"sha512-q6cIjV/Jj7HVdcaisxOrRh2gRoI7laWjefQxdIk0LIIG/I01EJs/TnTDQzFTE4sg68/yqaxWD0TPKMRh0vU8OQ==","mode":420,"size":2046},"dist/getLogFilter.js":{"checkedAt":1768031079321,"integrity":"sha512-yUEcUgh2I/PTgU0C/ItZjlVvcNpvjQasrT1DTNQlV471RFbioy30MorLIy01GT0aHoLKWDrCXmBwKVVi0PEwLQ==","mode":420,"size":2188},"dist/shared/index.js":{"checkedAt":1768031079323,"integrity":"sha512-FCZ1ZBqjpHt9FGsb2XAQUh971IMe7q8nmqpDY0CzNhWVTaZNzF/Cgj1BdMvNqQMWMFh4RTaagYI08VymJJbh+w==","mode":420,"size":241272},"dist/loadConfigFile.js":{"checkedAt":1768031079324,"integrity":"sha512-mi0rjpVrrcn7KuKJa2LCr93drt/PhO2zkh5R3KAnvOe3Jrcxq/NZisqOOre3xkpCoJJBO726tYFM/7Im2iwDaw==","mode":420,"size":705},"dist/shared/loadConfigFile.js":{"checkedAt":1768031079324,"integrity":"sha512-8/WdoTPqpIP8RzTJiTAlV6KrnrI9rap8qXhqt9RW/FKyMrkNmtBYjE210FH8kX0SgMUwa2sZnSGyavm6vDwMtQ==","mode":420,"size":22909},"dist/native.js":{"checkedAt":1768031079325,"integrity":"sha512-GhEMlUTmwgS+EwhqvoFBaOSpT8PnMyNpYak2GsBPA1s2Ez0OUhDoNft7JljlBbdFeR3wD3HP/YGRdhMOdeZeNw==","mode":420,"size":3978},"dist/es/shared/node-entry.js":{"checkedAt":1768031079329,"integrity":"sha512-EgSzweszdizxZCQNdKk1SBq6IEYKzxii/D1iCwz6TLIRCOiGlpshnCGakh+/NihqiYPzw+nxc7G164kSNFNHSw==","mode":420,"size":932252},"dist/es/parseAst.js":{"checkedAt":1768031079330,"integrity":"sha512-3MyJjNo8skvKRiv5QBIKox+A9MeWUzDLx7FGA3OJCk6zem+hvcAOar/goGZmNFSdJT06iAsggu2DKQjGp5izOw==","mode":420,"size":293},"dist/es/shared/parseAst.js":{"checkedAt":1768031079333,"integrity":"sha512-jie6v/37AxwxWHT0rXzsaerDqOIuQ4A3sIqX7gpi3XKCuJI2EL39jyHStS8nQTGDbBBY2KjAI7YXd7w/VjjjdA==","mode":420,"size":84296},"dist/parseAst.js":{"checkedAt":1768031079334,"integrity":"sha512-fzEUvY/tSMtW93F5BtUWR0WI+pq1AfOlfXBQi06foR6r8AsZg5vxt4SIpXnIfY/tJpBHbEOgQON4AATdICpovg==","mode":420,"size":506},"dist/shared/parseAst.js":{"checkedAt":1768031079335,"integrity":"sha512-XSbiWXFK0JKVX+avg4tfPj4TMUoBX4T2DDeUx31l1FKE+ulwagiInFAgGQZ5rzHgZ6hD7iMzWwlU3c56/vgm7A==","mode":420,"size":93258},"dist/es/rollup.js":{"checkedAt":1768031079337,"integrity":"sha512-B/y/7Nes2x9brVmNbfl1z9ipMrdXkKTi9tyReZ77AEYEbb0Hpk0BW11WcAjFZxvQ1OFAs6fvdesMP0TM29YflA==","mode":420,"size":441},"dist/rollup.js":{"checkedAt":1768031079338,"integrity":"sha512-2lnVNf4bZUSZDy0s2h0owsHr6L9G1xHOGIgbhuiZsHK0OfQdpn5mEeDHE9PerPX5CwXC4coIZieDA1y+vNxlgA==","mode":420,"size":4666},"dist/shared/rollup.js":{"checkedAt":1768031079341,"integrity":"sha512-TqMsDBaoAfAdwEdoHVmEoSLwkG1MeQyBt3Hix3OZnsaDibunyjKnNwnIGhSVgc4M1ZOVqskkfuCRRA2FfL8XVw==","mode":420,"size":931391},"dist/shared/watch-cli.js":{"checkedAt":1768031079342,"integrity":"sha512-Fl47HuDzC04YL4Y+cp/0TXSAgiN7a0HndKyG6eRiUaWjoPUegqNO10tC3BN2eaqKVQcFxyMmASyaPKr6iVtNNw==","mode":420,"size":18478},"dist/es/shared/watch.js":{"checkedAt":1768031079343,"integrity":"sha512-YhoBMqOMa3lQCmqMebbN8a3MMswirZDgRFNue/5Ptpng0Dkiz2fEKax2hfmZFtgPBjvVbTsNmtJOUFcqOzMRZw==","mode":420,"size":251128},"dist/shared/watch.js":{"checkedAt":1768031079344,"integrity":"sha512-kV/dS3Sev1XOF9zslGbpQ8qJnAjsmOMFpxPc/U9vwDxKpgM+PYjpAotK37a75gEA9I8DbReSzf+T6D9sA30KGA==","mode":420,"size":10556},"dist/es/package.json":{"checkedAt":1768031079344,"integrity":"sha512-Cj8csVIsbnWVGGqaVO0HP/pZCybH0xsId/Gckl+EcDfp+XIGa/7WJgmxkOsrwh/3sxUU4Iw95keA/vWYLLsh8g==","mode":420,"size":17},"package.json":{"checkedAt":1768031079345,"integrity":"sha512-/X8u0hC07qv3BcQ34MVVYo+rOgjp6ptAAmTKridziW4GgQXo2RJJ4ascVUToMmnbJErTqXwkDF/2NMXe2XAZBw==","mode":420,"size":11976},"LICENSE.md":{"checkedAt":1768031079345,"integrity":"sha512-jq0dX6y4LnRw/gJAde2sxSuIv6G0HmmyopQicKDPqqEQUTEPzV2sY6mxjzbPNtP6LDybJIMTAlClSvWgSTMTGw==","mode":420,"size":35231},"README.md":{"checkedAt":1768031079346,"integrity":"sha512-ylsxBqzkdwzNeJDpwn119PHWUw26wFSsQVnhkywpgz3YjgktRcknDuiKq5k6GWj/NwSMX3QXC8SHwo4C+GYpKQ==","mode":420,"size":10005},"dist/getLogFilter.d.ts":{"checkedAt":1768031079346,"integrity":"sha512-ReUXKh4jDux4Ls8CFuLiLLGS4iJ7Z9KuvqP20crSFB8gjwPcP7g3CtxLGDPDDS3s9x+Zhf5BIlk9qPhUDPiLvg==","mode":420,"size":171},"dist/loadConfigFile.d.ts":{"checkedAt":1768031079347,"integrity":"sha512-/eCNEMU7sG/Udll6w1REtuJ1XSq0ZoHe8EFBjD3yNLoks/TcyzdULuHjt48VTNkpH8syUp6Vg1GtBaONMig59Q==","mode":420,"size":471},"dist/parseAst.d.ts":{"checkedAt":1768031079347,"integrity":"sha512-Zx08IOG/H/giaTJ2uaBdeL2cYWPeczuGEoMtRLblsRRRx5sP67cbaHEVXpSasVnkX0ztmVEHLIin25NCODcOng==","mode":420,"size":134},"dist/rollup.d.ts":{"checkedAt":1768031079347,"integrity":"sha512-9X8tSNTmT4ZPgBtbosNJo+mpqQsMkBhuWC5UrwUKaoD7Fbedzpl85CQsTfBgNJ802trv8WyCJd+OKjrN+yGsAA==","mode":420,"size":35167}}}