{"name":"path-exists","version":"4.0.0","requiresBuild":false,"files":{"package.json":{"checkedAt":1768031006847,"integrity":"sha512-WKEow2vNjJL1NQAl4cLS2tzHrOZ0yQTNwR3hCUSeeriD87dZZyLd9X/hFIo2GoZhgLvsPeHsgfg7b3R2Oeb9EA==","mode":420,"size":607},"index.d.ts":{"checkedAt":1768031006848,"integrity":"sha512-34ZEtL09M6zDH8yK/8bGszi+fGx+n6bMN1l59tQzkoEvrIOcanjHfwcXLPKly+u2FSQ11chvF8veYX3euXE8wg==","mode":420,"size":429},"index.js":{"checkedAt":1768031006849,"integrity":"sha512-HYuNqUObMjdFre0HzyPs9cMxl1CvFeG+lciPrxaYv8ptIv6rUPHHR5+LLPb4VAEguTGWUPBYy4OEEL9Pef82OA==","mode":420,"size":347},"license":{"checkedAt":1768031005949,"integrity":"sha512-nIst73auX/5NY2Fmv5Y116vWnNrEv4GaIUX3lpZG05rpXJY2S8EX+fpUS5hRjClCM0VdT2Za9DDHXXB5jdSrEw==","mode":420,"size":1109},"readme.md":{"checkedAt":1768031006850,"integrity":"sha512-oRpm0Q/rx8dgDS65jeYuOXgIsgilKdmOpY/5eYr0Aqp6IFKXjJPrVSRLp3LJ/qzEVySD65n/qBewAsVP9hqwmA==","mode":420,"size":1427}}}