{"name":"local-pkg","version":"1.1.2","requiresBuild":false,"files":{"LICENSE":{"checkedAt":1768031011116,"integrity":"sha512-ucwY6xKL5RTA98hlqyeQ6r0InbGViplATiQKqiVL+wmcoFSJwIl4t4MRTeIaQEFxdsSQcEVu2AXg9AN4Pfe7rw==","mode":420,"size":1094},"dist/index.cjs":{"checkedAt":1768031011122,"integrity":"sha512-ta+ztM8J5aIzxT+IK9G00dffm2uYPzi206Lz5mv+ASNcJ/HLo1SI3JqrXnTKmyXE0mvksHcGm0VJTyroEoJyoA==","mode":420,"size":6123},"dist/index.d.cts":{"checkedAt":1768031011122,"integrity":"sha512-NQ4XbL3ure7iCiOXIqarI8BqbYMzgQbS4o5dRMOG7tmi9YJrQ7spT8ZIgwC5/tpggVIBeVIoIU7uNKdGpC/4ZA==","mode":420,"size":1808},"package.json":{"checkedAt":1768031011123,"integrity":"sha512-sUVlDsPzb0vj38X/zBwJsFGtTPcsCUllyAcs33CxC6Y0p96yyYO1n6noi2atXYUMZmUAGhRwaAUFZMkKhvN2sQ==","mode":420,"size":1582},"README.md":{"checkedAt":1768031011123,"integrity":"sha512-1yPqzb8lf97YTBm6D8i06WAEm9OwcuMLrGTbQzHR2hAJiXm2JEymADfihNVGb5so0pFw/XTRIE8Wfzp3cx0PeQ==","mode":420,"size":1121},"dist/index.mjs":{"checkedAt":1768031011123,"integrity":"sha512-9cUg8ydlD1r5NSR+0STk5YYeFavmObOCptWGzYuPa8kdxZ5WT3EI8/M39OTsCgp5nJ+sBpcK+bIBRasPjTBySQ==","mode":420,"size":4906},"dist/index.d.mts":{"checkedAt":1768031011122,"integrity":"sha512-NQ4XbL3ure7iCiOXIqarI8BqbYMzgQbS4o5dRMOG7tmi9YJrQ7spT8ZIgwC5/tpggVIBeVIoIU7uNKdGpC/4ZA==","mode":420,"size":1808},"dist/index.d.ts":{"checkedAt":1768031011122,"integrity":"sha512-NQ4XbL3ure7iCiOXIqarI8BqbYMzgQbS4o5dRMOG7tmi9YJrQ7spT8ZIgwC5/tpggVIBeVIoIU7uNKdGpC/4ZA==","mode":420,"size":1808}}}