{"name":"typescript-eslint","version":"8.52.0","requiresBuild":false,"files":{"LICENSE":{"checkedAt":1768031071584,"integrity":"sha512-t0z/UCQ+RY4AylIo7v6ZCtzCdS9pMnC0+yB0VQa2A+1S+oV4noJtM9o2SOJfDVq7GqTVK4GsuGR2QO4Nb/K7kw==","mode":420,"size":1097},"dist/compatibility-types.js":{"checkedAt":1768031071584,"integrity":"sha512-cnO5CGf8zKWoBFy6X1GXn4TRlJ/WzL8fPoh6jHE/UQMqUvAt6FH7TaJh1l1KDfmwEHYLwnKvFbCWxrgNAfXFDg==","mode":420,"size":318},"dist/config-helper.js":{"checkedAt":1768031071585,"integrity":"sha512-h1+YwShIlTqpJoi3xA0T4grRYEIQc4jN+lzFzGxwiBP8eX3gRcE50YFLsDExLjzzGB6dCbD/skmll0HiWXo0rw==","mode":420,"size":6270},"dist/getTSConfigRootDirFromStack.js":{"checkedAt":1768031071585,"integrity":"sha512-03Ih+mhVdGBug4PAil2nHaIr4uPfbUqECs5DJqCoa+orJzsvvJfshQaqKVLRCKnk3+Tma2H11LKuARMgc5+JRQ==","mode":420,"size":2414},"dist/index.js":{"checkedAt":1768031071586,"integrity":"sha512-ya4WLo5+8DhTsF8UOJCZ/+2eFFrizb03rD7GhcftS3/b2B2n27V/eSlGnzVQ7AEabixokES1lEpUb87vAAw0kw==","mode":420,"size":7359},"package.json":{"checkedAt":1768031071586,"integrity":"sha512-DdK/q0COd94sWdSEae8i0MjiRegc2VMMnluujsuahkeeTHkwBd0HHOjqJKkIUZZUkBISSdpgw5Pbrz1tSVKNhg==","mode":420,"size":2212},"README.md":{"checkedAt":1768031071587,"integrity":"sha512-rwU2ejXtXem3Poej7HGGzlzBK1kzZk/6gZDqrDC20+sc7Huh8CJGAZe+oyfmgE8dLr9lco3QuDjQ9YxjhJfTPQ==","mode":420,"size":688},"dist/compatibility-types.d.ts":{"checkedAt":1768031071588,"integrity":"sha512-7Y5AonfiPTJ/Slruuyn6iPTk3sdDyyXGbZ9XsM9CpG6Gaj72K8yBkh5UBBRYMI38+ZBsw+GvCEb00Id6B9Ny5Q==","mode":420,"size":346},"dist/config-helper.d.ts":{"checkedAt":1768031071588,"integrity":"sha512-Xblm9MqLYpOKF9SUfPqb9R9Oaeqhpbl5EuZCFRGKG/QnTTBwkp5ugNDeqMnvvBomU/fH9pi8bjtS/MVcBTlNxA==","mode":420,"size":2121},"dist/getTSConfigRootDirFromStack.d.ts":{"checkedAt":1768031071589,"integrity":"sha512-HWltvJsUa9N4ftmAwU92i04GCIJkz9tIGwyUoPymFepbdwVl6EM181RwoaakBwB+fmNniKzVVkwMQBlJJqNAsg==","mode":420,"size":263},"dist/index.d.ts":{"checkedAt":1768031071590,"integrity":"sha512-aJ3sklKOjueBedV78pKsFRtfE08k1D37ft3RuI3kyUpYPEI5X4NZWBjitQ5cR4HT/Tt0caIpCIfNbSDfGIZ9lg==","mode":420,"size":8143}}}