{"name":"vite","version":"7.1.2","requiresBuild":false,"files":{"dist/node/cli.js":{"checkedAt":1768031007526,"integrity":"sha512-MmzjY05gqUuLjl8HII4mI1MAtaFAwujT4I6sI+FDxLlPT2PGYqSBK1+5O1SpG1G9QrgcgtMnlvpFZ+ja6u4HfQ==","mode":420,"size":26585},"dist/node/constants.js":{"checkedAt":1768031007527,"integrity":"sha512-rhVxix+gmcNxDH/12Hlkd5vHtJPH/R4WrE+i368mvMpkxRcRa9gSGbjRq6Fu6oVdTbNWtFe+kQ0qZeycLUWISg==","mode":420,"size":1541},"dist/node/chunks/dep-BDbL9e7d.js":{"checkedAt":1768031007528,"integrity":"sha512-Rn5t3f9/6kM7ZvxVfeE1CAVoz2dY/YjCx5NrBICrRo5jekD4f0ZOo4jI0awhUadbZFVtGBapVKJOvBCOseXhWg==","mode":420,"size":640},"dist/node/chunks/dep-BDCsDwBr.js":{"checkedAt":1768031007528,"integrity":"sha512-5rDKgOvJG+T0TVwIy/iZfVft2H4db/s/Up53ppI9kQPS4HRkPB2mCGELOm+MD8fzJYWhJSA5Oq0GaOzyA9r83g==","mode":420,"size":4711},"dist/node/chunks/dep-CMEinpL-.js":{"checkedAt":1768031007533,"integrity":"sha512-pE00oornEpML8b4qJKIQa+h/r27FKbu5d+tvzKVY6p4P3Mmp1Bi9IfqyX3SfqkxrmW7QX56uo6Uk1QlfoVCqqw==","mode":420,"size":1358241},"dist/node/chunks/dep-CTf3zVuV.js":{"checkedAt":1768031007534,"integrity":"sha512-a/lQBMzxI46Ho0M6b7OgVR2+UD7B31Eg9FYo+N/moyMLnN3eKhFxB34LErr6V5bhzRzzyBtkplMhadw0toFokw==","mode":420,"size":715},"dist/node/chunks/dep-CtUaBn5f.js":{"checkedAt":1768031007534,"integrity":"sha512-ImgFpibVvIRLgcXGddwIqTYt509gBjSjL/5+B6HlukZu1N4kEpipCjO55Pxx+o+RAFq/n9j0krbMezTNtw0mVw==","mode":420,"size":317},"dist/node/chunks/dep-Drtntmtt.js":{"checkedAt":1768031007535,"integrity":"sha512-pb0/u+cFCCLSVDDQQ3lrXv8EOSA5xDIGYvwl88zyl7UP8Nrz5I1L2IekIwrjBkcboC8oiGHWhuhSWuy26eddiQ==","mode":420,"size":1420},"dist/node/chunks/dep-Du_AlPMa.js":{"checkedAt":1768031007536,"integrity":"sha512-JV4BM4LjwMInQJr8XoTl1t35s0BZC7gF2N4fEQ6CKQFJ/ZCnr75eycdTYUYGkuB3IJgJMwc7DJU6cNOKEHVs5A==","mode":420,"size":216831},"dist/node/chunks/dep-DZ4iRZu_.js":{"checkedAt":1768031007537,"integrity":"sha512-GhaULeC5EK7CagQehphBN7yWQC696W9r3mLLSLJvu9HI7ZmVhVu4987DnEf5pm3Thjfrc20537EHXHxP18kEsQ==","mode":420,"size":227},"dist/node/chunks/dep-f94b-k0u.js":{"checkedAt":1768031007537,"integrity":"sha512-WRPAu6G1kAwYdzFrWByUktfmlTnYEeTJ2rBLSSllIL5YwMkUZL/3O5GQ7VkwixT1SvVu3DV8NBzoij4/zbSQWw==","mode":420,"size":12351},"dist/node/chunks/dep-V5uAjiuB.js":{"checkedAt":1768031007538,"integrity":"sha512-Rfc3/GSyH420icLx7LTOIfmRqvMpFmJ3iUHTb1fThypJ5XjgJSqKUtXYudW+JFo6X5Lg/JTsXEY5GlPqDSGfhw==","mode":420,"size":242294},"dist/node/chunks/dep-zLyvzoxR.js":{"checkedAt":1768031007539,"integrity":"sha512-t2KYRou7mbffDRYOYe7gcWouLmw5ODdMRfEXdlzRcmDgf+/pMCeCU1WHb4eS6appZ/9hHzel4rl41Ix0ppOf5A==","mode":420,"size":19789},"misc/false.js":{"checkedAt":1768031007539,"integrity":"sha512-LXUjVe9WJwnq6ZofW/gN2DIchUIs40Oy+T2mCpc7i2HMLUFdxBoXDHmsUT/QKx1navX8YbDVQfKAmr1wgLQgRA==","mode":420,"size":21},"dist/node/index.js":{"checkedAt":1768031007540,"integrity":"sha512-6k8e0EJuEoUiZrBVrRhzHluvbCIwd3mHRiP1tNu+3IK1qZnB1SFq0TtCtwJAjQi0hb2rOWQmKg39RBfC+MFcwQ==","mode":420,"size":3499},"dist/node/module-runner.js":{"checkedAt":1768031007541,"integrity":"sha512-rCNjxg76osFmODTL2VCfSRv+GGEWAA7JswURtHDKX/dSaNuEs0Y4NpZCC3nTTlqqdLxZMbf7iMjtqL5haUU/HQ==","mode":420,"size":48946},"bin/openChrome.js":{"checkedAt":1768031007541,"integrity":"sha512-YoDxMwEXL82xww0gQ2DDSBxxA/pXWT18JFWyPj2wwN+sAW1Oo3x63JpmeC4orm0k+of84eBRvs9K7ZkkctsnJQ==","mode":420,"size":1853},"misc/true.js":{"checkedAt":1768031007542,"integrity":"sha512-limgRpGP1s7g6/fJesxzUZaS33AYKyKYsAkOa++FAkKWiD6E1AV4N64szLQe2sEjImtlK8gLmfBlNX7AqJoacA==","mode":420,"size":20},"bin/vite.js":{"checkedAt":1768031007542,"integrity":"sha512-/LPOqVpsQDeq24sf9D8+i4f/ELah01ZUpRX5LxTWwZi3lu/urQRyG7qggfP7nE+0ZTbzb4+41Geesl73jP9mkg==","mode":493,"size":2591},"package.json":{"checkedAt":1768031007543,"integrity":"sha512-q0TnEXA2BxQoANoMYjlcU4IqWORNRKxAi5OUBmoL0o6ds4lHKcirp76r5b3haAM60wNjqEGNMW/4wNbSZEhuNg==","mode":420,"size":5092},"types/package.json":{"checkedAt":1768031007544,"integrity":"sha512-EXbrSAUpzE0qAvTnI8wb9khe6STQ4wbFOUHM/h48uinfSXR1W3rMXiMSg8iMGLc2prupcQsvgn+nywakdhdBWg==","mode":420,"size":109},"LICENSE.md":{"checkedAt":1768031007545,"integrity":"sha512-Wgaq6134qe9Zl9i8RHtqMFPkH/HqNhI0gK0CGQodOhVwSOk8kyXoOykILxGmUdWBEHGMgNjhoA9IVOKaYWkHuw==","mode":420,"size":102749},"README.md":{"checkedAt":1768031007546,"integrity":"sha512-IJsgqdbjWERZecepwzd6NJ05uJWnWh8IYi9e+L+9cCxGQH/yVmdIc/Eo9OvNgziSr86UrkJ/WAt0CgqaDTnuXQ==","mode":420,"size":1152},"dist/client/client.mjs":{"checkedAt":1768031007547,"integrity":"sha512-3+LKj5D+jo2CuPZtu4WCbLaYzQWR8eTuXFhCP9G+ZxvIL7mgWHONJ8pooCHz9DokiqS9ykgEj03B5P6yIKR4iA==","mode":420,"size":33668},"dist/client/env.mjs":{"checkedAt":1768031007547,"integrity":"sha512-rGPMB8fJsdS7G+egfy3ULjIN3Z0JcZyPd2w8E3PbX6nNxwqHtdbSt01t5JLARplkEfaWGPzqXKsrpZegiDPCUQ==","mode":420,"size":612},"client.d.ts":{"checkedAt":1768031007547,"integrity":"sha512-qLGQBjm75PTkt6cHXIxDuinKiNN6BzAen7rE9MYwSd74s9xe/UMUDSnLDnKVCVfueY2OOkppyfYPxTdtYJUpqA==","mode":420,"size":5109},"types/internal/cssPreprocessorOptions.d.ts":{"checkedAt":1768031007548,"integrity":"sha512-M4FcYSfU+WHRyPD4rRSYsii49RMfuWZP1wsyvZxmhhUAcd+a0oztqNIS5KneLEypwU2gJvwbCOnp9Ofb45zwwA==","mode":420,"size":1420},"types/customEvent.d.ts":{"checkedAt":1768031007548,"integrity":"sha512-r6ny8urPrl4AszKv7MugPX1yWCLGT6fhMxpceZGYxTqTJ4E84FtXcifwiD+LmNNiKIBlmP07aICVukE2OBqPzA==","mode":420,"size":1312},"types/hmrPayload.d.ts":{"checkedAt":1768031007548,"integrity":"sha512-LA4IGNDGS9WKm8Tu4qp7hWY9+ufevMgM0rg8kY6XZ44r6qYru+s+n/U3nj23FABzDsek7d8ffPCiNxp0JTUWZg==","mode":420,"size":1282},"types/hot.d.ts":{"checkedAt":1768031007548,"integrity":"sha512-SRHK7WXekkEiCYeMrHY2LLKYkN+uMYn0vweNfSgQ4UO36JSrBh3EYfN7tj9NSStboPh7VBqxM+Ui+rVthwPqEQ==","mode":420,"size":1060},"types/import-meta.d.ts":{"checkedAt":1768031007549,"integrity":"sha512-lAUMokOOTs3fyckoVaBiqwftILe+2addC38BpKFgNIfrp6e5j5YTVd8eugIbL2cR6tgL+eiii4TRPpfmEAAofQ==","mode":420,"size":249},"types/importGlob.d.ts":{"checkedAt":1768031007549,"integrity":"sha512-EmO7P8uk5J+4bONxCGVOPIU+G9cdluVriZ9DSYG/9im/KbT1q9LF9EMYPh0dg7jomzduV8/XcZ8hOAtiuwehGw==","mode":420,"size":2291},"types/importMeta.d.ts":{"checkedAt":1768031007550,"integrity":"sha512-0WFgv3ZQIGbePx/Qd5Z0qrvtJO/3EmgcUMN+HLIphsaYDTxxEKv9K4lTEJWEl4TbAuTLbAckrSNz/mlHqaoUzg==","mode":420,"size":871},"dist/node/index.d.ts":{"checkedAt":1768031007551,"integrity":"sha512-B5PUDvjwacVjnyShN1Mc47ieFOWg6Gh61l/umwTvSzuQ9lm31TJZSw1+noxMGqL4Uld2Z6XODQoPZXyUNUiE3Q==","mode":420,"size":146115},"types/internal/lightningcssOptions.d.ts":{"checkedAt":1768031007558,"integrity":"sha512-akJSPxPb+FcLVs2bCo7WNOxy9ckzoPWzeLJZmhnvEF9+kv4M+TIvCtdb444PhJ4ku57Gmx7At7gFjuvXOxAT0Q==","mode":420,"size":520},"types/metadata.d.ts":{"checkedAt":1768031007559,"integrity":"sha512-l1cQBN59xS6L7at/bgvjNhG9CaN1XXHjCA+QMn9RPUHITzebEASMg92hlgMt4O3QLSFSFuMMw71ZT1dpTLIQVw==","mode":420,"size":861},"dist/node/module-runner.d.ts":{"checkedAt":1768031007559,"integrity":"sha512-p4/wGBkp1SJdi8YROi3+JYBSq7dUJiPEz9xwY002NAqoAIj1TCrPht+jazkLbvISSYQ0xtRmkE92Bn9lBVlzEw==","mode":420,"size":11587},"dist/node/moduleRunnerTransport-BWUZBVLX.d.ts":{"checkedAt":1768031007560,"integrity":"sha512-pqbF5YCC7qFiPlf9DYOGyfED+mhs/AsSUlwA2hHA/22QUIF4h/Lk1sAcAHtS8paX16AvOBHKxKPU0BOq+zra1Q==","mode":420,"size":2902},"types/internal/terserOptions.d.ts":{"checkedAt":1768031007560,"integrity":"sha512-BwUjTe5tKPr279PQzg44PTXsa1n+HbhtT6THLOE7bVaSXYPmcbbPQjvgo8oEpE4Lg54BmcQpA00Bco/HReRJQw==","mode":420,"size":384}}}