{"name":"minimatch","version":"3.1.2","requiresBuild":false,"files":{"LICENSE":{"checkedAt":1768031005238,"integrity":"sha512-P6dI5Z+zrwxSk1MIRPqpYG2ScYNkidLIATQXd50QzBgBh/XmcEd/nsd9NB4O9k6rfc+4dsY5DwJ7xvhpoS0PRg==","mode":420,"size":765},"minimatch.js":{"checkedAt":1768031005239,"integrity":"sha512-tnqYdcTHDHZcAOJNAu6AfCIJnGbOHOQf/KT0fVPequDCyaOeGeqkKpTDG5N4iGgflF2jcE8+bho+BxG9oArXfw==","mode":420,"size":26266},"package.json":{"checkedAt":1768031005240,"integrity":"sha512-JBRLRiQjEgDH5QtHZJ/pTgSNUHm5ccmIi28EQjLbXlINB+g8My31et9XgpiTSuCTiIBpzkCN1XxABCbJFy1gGw==","mode":420,"size":700},"README.md":{"checkedAt":1768031005241,"integrity":"sha512-0/Be9PAMzlrHRjtMa0UVePzQfaOLOF9fDpWDLqI+CLBle51krANVIhKc3YiwEeOLKBdFaIALJ4Q1wNV43NCP0w==","mode":420,"size":7171}}}