{"name":"@eslint/plugin-kit","version":"0.4.1","requiresBuild":false,"files":{"LICENSE":{"checkedAt":1768031073575,"integrity":"sha512-3Gto0TuM+VlkS5NfEZKwLHGqelz2U71DtEgPqJ7sjU0/FqInjsjDtAqx/bIzsxc6eP2DWQ1vc54Mno/1bCglVw==","mode":420,"size":11357},"dist/cjs/index.cjs":{"checkedAt":1768031073576,"integrity":"sha512-4OVGrNFIeDgyAgcH+Mik/b59/H2as2/EyvzThLWNOUmynS5hhcdQCh/4xE9fKRSGz203AknDlGo/dNMllGwcjg==","mode":420,"size":25489},"dist/cjs/index.d.cts":{"checkedAt":1768031073576,"integrity":"sha512-gl4uPprPHKL8Lxkjnpaa1zjvLVcmTEDQ8AYEsvSRvBZL/GSmr6RLRQNaTGpDoNZBeA320n2Ovlqv4MK/zr4pkQ==","mode":420,"size":12073},"dist/cjs/types.cts":{"checkedAt":1768031073577,"integrity":"sha512-toleGXw9UqqYJB1xotEezy3w4oROSfBCCN+FfhaP6mdY422yKRuv6Sm3ZFhUHP4cmfj1/fDhu7dMQuKVXNfOiw==","mode":420,"size":200},"dist/esm/index.js":{"checkedAt":1768031073578,"integrity":"sha512-M8sQ1MPS3pdoH/ccmuWjnI/2btwkeggVx8xQW8DFgjY3wXajJsdhtn7ntaw3JTkliGide1G3Zo+CSLaYGIq6mw==","mode":420,"size":25387},"package.json":{"checkedAt":1768031073579,"integrity":"sha512-B0wSs3kUL9eW+6QA7QAvaYpgwJbx5G2CYR3neH7UOQEzx1LZkpcZ+i0ASsZV2kQHzSBvKxXC1xqlGm5nB4916w==","mode":420,"size":1703},"README.md":{"checkedAt":1768031073580,"integrity":"sha512-N7/soDOnZRbbZL/RfL/eBEQ8TmTTv/OaPirUMvLPbjn23XtxoaM8XG4svMha8xFWHi6qmd1Ng5nZqtWTUqd3ng==","mode":420,"size":12317},"dist/esm/index.d.ts":{"checkedAt":1768031073581,"integrity":"sha512-dGmHCz/+HEX81v+Cbn0zbTiZPQBco204ev23EYI6KyYCSlS2zgCIGkO27pQCr2aQmLXlaDHoigI/Il5aHBLPwA==","mode":420,"size":12072},"dist/esm/types.d.ts":{"checkedAt":1768031073581,"integrity":"sha512-CwO1l1Qh33cIhmRrpq9P7Vfu0uotfbJfLXKK69lllg5YmjTlx4s+JBVDrNrzmNvbjmIvDhXeEVjODm6KMYyTwA==","mode":420,"size":199},"dist/esm/types.ts":{"checkedAt":1768031073582,"integrity":"sha512-toleGXw9UqqYJB1xotEezy3w4oROSfBCCN+FfhaP6mdY422yKRuv6Sm3ZFhUHP4cmfj1/fDhu7dMQuKVXNfOiw==","mode":420,"size":200}}}