{"name":"unist-util-visit-parents","version":"3.1.1","requiresBuild":false,"files":{"license":{"checkedAt":1768031009004,"integrity":"sha512-cQvy4TvDNGTww5W7wo7SHRjv/0G8g3u/v8V2BhwwrAM+M5M2Z7W8hy+cQrU+e4exnULY2LrZ0EQqBk6Fj/Sdrw==","mode":420,"size":1099},"color.browser.js":{"checkedAt":1768031009004,"integrity":"sha512-yJ6NOm0QQEDk4cl9eylS6FCzoSfcY7Nz+xPr7kiUljJGdaokXZT9t/i8k63KO0dVVoOH+HWzNn8WQgBVwDKmUg==","mode":420,"size":62},"color.js":{"checkedAt":1768031009004,"integrity":"sha512-6Kw5IvoT2Y+zMi7OWdBSS3o4GPCPj6J5a6vNaWD6RKd2CgWWQ1M6YZypcmapR1vNebycP1RmngDJIZ8wjvyTGQ==","mode":420,"size":86},"index.js":{"checkedAt":1768031009005,"integrity":"sha512-TO6vCHv5mD7YqDQ9oMubHYN3POW9u+Ax2BOz2L2NfLSosbwC/sV8ZP+w6qbEbOkURxv6mwAXAwoovjy7a7liTw==","mode":420,"size":2037},"package.json":{"checkedAt":1768031009005,"integrity":"sha512-nHczcf5a3MlqoRPpalJBBeQk4ezojIl4IkFahdt606XD24PBl5LjpCRRiF+V/xe07p4RMXBG5Q666btC3I1o1g==","mode":420,"size":2631},"readme.md":{"checkedAt":1768031009006,"integrity":"sha512-+2arlCSY4v8+aZiyFGb67EvcEJ2TQoYWnUfzlBS/0WMiZyhc6ZD2/iFqCEjDlvk6lz1UV7NTHN3/ZczS3b9u0A==","mode":420,"size":7620},"types/index.d.ts":{"checkedAt":1768031009006,"integrity":"sha512-nAH/k7t/EaCwRq6WJ9E+AOI2yuxnYUKmifTdTktOjUgYctg+GsWinFYcQoR1yyjiO10CRT7pc0HZIbns5PYQ0w==","mode":420,"size":3296}}}