{"name":"confbox","version":"0.2.2","requiresBuild":false,"files":{"LICENSE":{"checkedAt":1768031011189,"integrity":"sha512-XfmY39Wa//zutTApGrjzrq/jn8rH5+8ZU6yowo9ud5htRfH/ipPhBuZu1X0EmMPUbhoYIDN+hooqfyUvrngcdg==","mode":420,"size":8178},"package.json":{"checkedAt":1768031011190,"integrity":"sha512-Goeww3Cs1Wiz02UfEX+wCXGj6B5ZRNWABb9bOxtosjAg9QzZR/rE6gZKQ1uINqForLzCPitkdctHAjnXTN0D3g==","mode":420,"size":2132},"README.md":{"checkedAt":1768031011190,"integrity":"sha512-umydU3mdxgTEvk+3Zj22s6CvR8tPjkF9EI1CyCEuHEixhOSO3mj/Sn8MsqiOA1Qr9zpL29T+FFZVZVUEuYZ05g==","mode":420,"size":4810},"dist/shared/confbox.DA7CpUDY.mjs":{"checkedAt":1768031011190,"integrity":"sha512-xuXC6nzQuUmt8au2woM0BPbFLTRBdXq7T0QbUNry9fyXLlZ/Zw5B3f2zFT03+Au/hyQdEKClQnKcJWT4Vb3lew==","mode":420,"size":1538},"dist/shared/confbox.DnMsyigM.mjs":{"checkedAt":1768031011191,"integrity":"sha512-joI4B9evC1Ip00mX3ugu697fsqSN16pocggqa6P25W0WC1GUDZ7MzhbpE+Hog/gZBabsicuiR4D/a5PnQLavHA==","mode":420,"size":10139},"dist/index.mjs":{"checkedAt":1768031011191,"integrity":"sha512-wkK52YYzW4lTbzuA7dowM0WF3g7vKQcB8aiX7yE1p6HFfFiBOPmrNaFaHAVmcSklbkzqTG7GhrXJ7lYQrx2uSA==","mode":420,"size":344},"dist/ini.mjs":{"checkedAt":1768031011191,"integrity":"sha512-F+iCeiccjT38I544NB0od2xbVVHklrJdg3biKyIT2BwLDINSscXADx/yKZN43mAzSnA3FAcDxfknENS5snx97w==","mode":420,"size":3141},"dist/json5.mjs":{"checkedAt":1768031011192,"integrity":"sha512-YVtQqPngX0qL+hREzmgT9rwE7AjCI/ieHY+4wKzEljRfnRPY5tUJAd41L4S049oJG456NcaoBV9avvuF2KJr0Q==","mode":420,"size":27621},"dist/jsonc.mjs":{"checkedAt":1768031011192,"integrity":"sha512-UpRvKSNQMXRx0lCOsoPy7PRy5dNqkdHcDmbTwNr4M/y6ExR9CCtkcdZe8zocSQzfNRn03rmENaAQSxHqlVBsDg==","mode":420,"size":118},"dist/toml.mjs":{"checkedAt":1768031011193,"integrity":"sha512-iMkEXt3171zQoANBeudoyYHBSALsRlxWuIDtA/XYKmjThEhvFPHwp9MaZHXAuAaiFm55c0dZ85lsb1g1fDxdmg==","mode":420,"size":24258},"dist/yaml.mjs":{"checkedAt":1768031011193,"integrity":"sha512-+BWyBpLErPT98e2k28Ew04A2YZ3DmVi39JvZsT8zNnorB7kOOm7NatV2NUcHOxz6Wd1WVU6ZY6URR4FIxiSnXA==","mode":420,"size":39314},"dist/shared/confbox.B202Uz6F.d.mts":{"checkedAt":1768031011160,"integrity":"sha512-2bww1kWijAz4gt/NafmMuIgO3qnHgfBCpeMKWxZ6CpppIGdj8UDVrOh5OYrj/h9+BFDovuhgHKruMXWOnOn5AQ==","mode":420,"size":655},"dist/index.d.mts":{"checkedAt":1768031011194,"integrity":"sha512-VQ/DHbI+i0a6pDKokXbLENWaUDZYhfWv+Bqik01BhD8VN6qB3bh9wnJ2IoziAoCuzL+nlbrewxgj1wqi0BDgyA==","mode":420,"size":1603},"dist/ini.d.mts":{"checkedAt":1768031011194,"integrity":"sha512-FTav3nHe0AUTrr5PivhTf1PUWuWC95nVm3oxmOYGdAGpUmDRlLgGdAH/OiKwKrZmH/kGAGOD+bcqCjNPO12hfw==","mode":420,"size":1715},"dist/json5.d.mts":{"checkedAt":1768031011195,"integrity":"sha512-vvmX+XHkggVK6wFfMUuASjIDmWr1Vf8KwM0U+nhmtSWHYIOpCqw1rBQc7ak2Zvf4O52Ht/9GnN3kOpsCWh/HqA==","mode":420,"size":2679},"dist/jsonc.d.mts":{"checkedAt":1768031011195,"integrity":"sha512-CDkdfRvkNiVdPL66qNFMoFyC7CGEmbf5z6lE9P9MnahCTe81NPa+3zxtf++xGdueGPnVaY3KLVkCS2j/ndynZQ==","mode":420,"size":1457},"dist/toml.d.mts":{"checkedAt":1768031011162,"integrity":"sha512-z9ONju62MQ6w4hmIo4MKb930MFlo+12o6mnK55Jx7MFHXej4qpdOEzLX02eAbo8hO5hll7Z2vb4yK5wVpXldGA==","mode":420,"size":689},"dist/yaml.d.mts":{"checkedAt":1768031011195,"integrity":"sha512-74MoQDrcF1lQi2SzBLUEbgbAJMjIuBziQrWFHpA+8wRsVkncBB9FJrJ+/V4+ajychdR8uHMBVSKJqrJPuz52sg==","mode":420,"size":4400}}}