{"name":"pkg-types","version":"1.3.1","requiresBuild":false,"files":{"LICENSE":{"checkedAt":1768031011141,"integrity":"sha512-78feVQxAgIkH61bMbb1iZy82jQAr33BtS+Me9zigOfXiYTcuq4I/MrDzWyKgBxBOtxZdi33ZdObX26InwTqbOA==","mode":420,"size":2267},"dist/index.cjs":{"checkedAt":1768031011142,"integrity":"sha512-wYFOap5oq+Y3EdHSw9tcqu7Fta4eKVarbReYLPy1UPEEp40P6yCRzls6J4mSvA5/osmsTGbuSXFHgl6g1uss8Q==","mode":420,"size":5445},"dist/index.d.cts":{"checkedAt":1768031011142,"integrity":"sha512-CwamS1lODlzBSm7JzsaTW5F7Dd2rdBav5hPp/I1J8F/JwtZKrLE6j3yBu2KDWCnAM2fwJj/KpJR8DahuMn9IUw==","mode":420,"size":18807},"package.json":{"checkedAt":1768031011142,"integrity":"sha512-IuQLiSjzQF/Fjw1amPW0GwFcVsmQectIErfJD/5kS7/CAcSwtB11GupgrjIgDuJXcRNqnC/p9S8jOTLWHcNLNw==","mode":420,"size":1298},"README.md":{"checkedAt":1768031011143,"integrity":"sha512-5yTQHry9aHdWga71DBUbM45rf2mUK5r+HkpyXklzrqgayQV9HwRquHPKtuHP4jB9fEF33V+IVi/prjFuG4/GkA==","mode":420,"size":3670},"dist/index.mjs":{"checkedAt":1768031011143,"integrity":"sha512-kfVo7w7yrLFaJmOwTeTsOzU7ziwoJcLBvCiC7OK9EwxId6ON4HRw70HARYM/tYLR9W4Lld/LL0FvEi1wCVV1zg==","mode":420,"size":5036},"dist/index.d.mts":{"checkedAt":1768031011142,"integrity":"sha512-CwamS1lODlzBSm7JzsaTW5F7Dd2rdBav5hPp/I1J8F/JwtZKrLE6j3yBu2KDWCnAM2fwJj/KpJR8DahuMn9IUw==","mode":420,"size":18807},"dist/index.d.ts":{"checkedAt":1768031011142,"integrity":"sha512-CwamS1lODlzBSm7JzsaTW5F7Dd2rdBav5hPp/I1J8F/JwtZKrLE6j3yBu2KDWCnAM2fwJj/KpJR8DahuMn9IUw==","mode":420,"size":18807}}}