{"name":"@shikijs/types","version":"3.9.2","requiresBuild":false,"files":{"package.json":{"checkedAt":1768031009030,"integrity":"sha512-OIdVd0T4DfJ7Q8/V6m7LPkY0+DezLWXXBBhy8hDhWD3XHQdWsewOmhd2edxzF6hLFtH7qiW4azaUNkGKr3QVOw==","mode":420,"size":830},"README.md":{"checkedAt":1768031009031,"integrity":"sha512-AKUtpWwzmXD6LyGDRThfHyfoUmQ+LQ5ozPATEFbwce2ZXZ2RZRxuOGNf3GwyLxva3i4A8KXb0JLqLm3/GWP1ig==","mode":420,"size":52},"dist/index.mjs":{"checkedAt":1768031009031,"integrity":"sha512-9kDf5J4zHtkVozeLpcLUwEwgYp6QMXxaRgbmkAMVXygx84pix8bnp3zhh3Zwo+TzRBekcX5Sxj3v1x95ImMafQ==","mode":420,"size":138},"dist/index.d.mts":{"checkedAt":1768031009032,"integrity":"sha512-rCjIaxqZbl0bun9dK7Pof0foDc5ywEylN+mEdIdcRoUI8gZ3uvwAcAad7NypXGxvQaYyLOBSO2Cot5aI38RtjQ==","mode":420,"size":29690},"LICENSE":{"checkedAt":1768031009025,"integrity":"sha512-5Oyi8HU/tGbhNDzTBpEbXlDP/g0HnJ+Apx3ZgV/SLjr25kzEDWWBkjuJ9jA1oOpl9+t7JW3RLaiSrWU9mz8XIg==","mode":420,"size":1121}}}