{"name":"unplugin-icons","version":"22.5.0","requiresBuild":false,"files":{"LICENSE":{"checkedAt":1768031068837,"integrity":"sha512-DBzYdZL2i9aFJKmFIn/srTKikwnFyVJCVDdJaH4LNfd2gS2buq0z66DgSBgf1LQIxvM+igv/HZ0zAD1Yv2Vnkw==","mode":420,"size":1101},"dist/chunk-CUT6urMc.cjs":{"checkedAt":1768031068838,"integrity":"sha512-WGg9I84cmmSAcMzLLALmyvu9SLF8OCui7x4FLfpvCzRxCM0fU9Ul9NcgVKmoYqaglpvSHg34irDvy+mnIBHuIw==","mode":420,"size":1090},"dist/esbuild.cjs":{"checkedAt":1768031068839,"integrity":"sha512-gDkkDvX4aUBYruB9TUvQxQpXsPah5osned1kXKk6dPFB5eu50cfVkTv4EX2E3ZGaH/M23RswR+korc06LF9PuA==","mode":420,"size":212},"dist/index.cjs":{"checkedAt":1768031068840,"integrity":"sha512-HRfwHPrU3GDcJjicKuYuejwtch432EDOUsWNrtpoMj5sIqqQRr0uTmorp2PGLKk9TMbwXvbB+rWGP12xJCzeew==","mode":420,"size":126},"dist/loaders.cjs":{"checkedAt":1768031068859,"integrity":"sha512-eOV6LIzf+IuqJLkpGskVefwxrAuZyABqLr1kySlFXmrdz3CX9pHW8zRZ+7cya+6xvez6mmgn1hnqDS7MFZheCA==","mode":420,"size":934},"dist/nuxt.cjs":{"checkedAt":1768031068860,"integrity":"sha512-XtyDhPBaX0TR5gRd8YJxGEOfFMehnH+npOBmMH1Q0g/nc8ea9XOV9NHmH8GcY6N6uhkqI4BjbGrQCXmKRcsefA==","mode":420,"size":1027},"dist/resolver.cjs":{"checkedAt":1768031068862,"integrity":"sha512-TqjxcwuDs0oloRgCW1fcbi7iE9Rek5RXO/JiB9g/I5/0PHWV03Ac8EAxbZ0xfucC3a0N1+B27ZsHgQn8R+caJg==","mode":420,"size":5586},"dist/rolldown.cjs":{"checkedAt":1768031068863,"integrity":"sha512-keuUm0d1LSCvdTkeYVeugCVEmJgFbCXEbGR2XDGBQnLXtf0I3D855OnLjFWnet9lIG7WAgG4WwBxw9+bhUNOGw==","mode":420,"size":216},"dist/rollup.cjs":{"checkedAt":1768031068865,"integrity":"sha512-xABS5zyIY9x6pO+SlgTz0D2XUBGadqLLL7ckBF0BrWDMCL7pM66gRyqgKlzvlOrAYWhkjRiHcN17BuUGHHiRhw==","mode":420,"size":208},"dist/rspack.cjs":{"checkedAt":1768031068866,"integrity":"sha512-MhANLyDuc0fPPUIOO7qApSL8YybtUXctdcW5iXufQZ++i+wXZuy9ZWxiTBVCHlUkYesWiiCSCcKZYBJkSuMSGw==","mode":420,"size":208},"dist/src-OEv0JUtm.cjs":{"checkedAt":1768031068868,"integrity":"sha512-fJo3gy5tlKT8yDGnJD28XmYbDsvIXh2gCsycra8V5UiOpTl26/j3MIOE+/ZUwen72krmHc4iqrg/zLSZzR1gTQ==","mode":420,"size":12788},"dist/types-CBTc19th.cjs":{"checkedAt":1768031068868,"integrity":"sha512-z4PhNX7vuL3xVChQ1m2AB9Yg5AULVxXcg/SpIdNs6c5H0NE8XYXysP+DGNKHfuwvY7kxvUdBeoGlODJ6+SfaPg==","mode":420,"size":0},"dist/types.cjs":{"checkedAt":1768031068869,"integrity":"sha512-eU1AZ2QCgj3VRYZ7kJxPfgLFdy1dtE68ZZc5Zlkkp3hD64/IJk2wSuMsfp9DWbKpBt1/OiTq23fKCu6v2qudnw==","mode":420,"size":33},"dist/vite.cjs":{"checkedAt":1768031068870,"integrity":"sha512-DFhlwLMGElPOzk8vozDGqbpfI2KgCz1nuVOxWiTJ16kMaCOHUQD4WdTBhxhK3IVcjr5Ph/RAUB4WWWoJ0jS97A==","mode":420,"size":200},"dist/webpack.cjs":{"checkedAt":1768031068871,"integrity":"sha512-1ucxFYK45yGyhvtz2KVwjDuLvqDs49ETH1sqABkOuTfACBJcFKeaiXvpqfJQ43W2Ghuvh5PJWsUqYrj7xjF/dg==","mode":420,"size":212},"dist/esbuild.d.cts":{"checkedAt":1768031068874,"integrity":"sha512-yavw3mAmZgahVw2kDnVDsyC+2Cvb9Bk9vUvx37gFxgtaEFxR1Pva9kmGDT8DFOFI/VFcN8DbDNUv/akx1iwdBw==","mode":420,"size":217},"dist/index-kswh6DS8.d.cts":{"checkedAt":1768031068875,"integrity":"sha512-0OSleJS45TX/gyADpmhD1BydxSydHWRLiDY9q535G6NtXRG0ZjKz2vglEYJuTddBmAtMERezNkWJNKWG5vlk1g==","mode":420,"size":228},"dist/index.d.cts":{"checkedAt":1768031068877,"integrity":"sha512-OsZtNm0emOrXSnNWM3oQi1ARjIbKksB96oQAXnAWrEnrUiNvwQKoQojSrkT5jQQoZfAe51XI5ksGprClqfpfGQ==","mode":420,"size":200},"dist/loaders.d.cts":{"checkedAt":1768031068879,"integrity":"sha512-DjOoyOVYxzjVJbinw4wTLZx4VXQ/iaZzu+8NVazXjUFfHScvquD5JsAkVw77uXkn2e5d+nbE7+TjIBDlmLCBpA==","mode":420,"size":563},"dist/nuxt.d.cts":{"checkedAt":1768031068880,"integrity":"sha512-WelURxuMI2PNt0zxEdUn+LJDL6AeWK1h1u7e5tEmiUbzazqrHv8nY23MQxlQP75DCW3QqaXD7ULPu4e+oiC8SQ==","mode":420,"size":188},"dist/resolver.d.cts":{"checkedAt":1768031068881,"integrity":"sha512-yDkMK+C9gKGIXtjZ+jEac4t0OcBQOucnZIuh7AXUW+fg6ksTjEk1xBXpcHI0RZ/HosBE7l6HxNOwYEgYBhPe3A==","mode":420,"size":1402},"dist/rolldown.d.cts":{"checkedAt":1768031068885,"integrity":"sha512-vMl+Xnq0ST9ALan6TM9c5Ma+k3G3mfF+LnHAQEngurMA/eRm+vWgTp6hBQWWCUeBKIhHRCG7VXWNMuQcnFgapQ==","mode":420,"size":258},"dist/rollup.d.cts":{"checkedAt":1768031068887,"integrity":"sha512-L4yz7N0L5w1DE+2x6KYeLT907qK4v4nPcKQnFL2s5GtY6zkIbc62ItW0u68HewRr683NSLk9fHTnEblRIQYybQ==","mode":420,"size":232},"dist/rspack.d.cts":{"checkedAt":1768031068888,"integrity":"sha512-B6WY9qeBpE79+u+fHIflNkjbIT3t+VFct6JY5kYdeyx8SxwIyz070u1P7tqGLXcBFXVLPhWIA35g95AwHo/56A==","mode":420,"size":145},"dist/types-B8gRQzNT.d.cts":{"checkedAt":1768031068889,"integrity":"sha512-iW5jm00oDOPfridsizjM/c70fXrLmeSperRAzDx/hX4llJ1b7MyF2BxDz6Jx/InTib4tOjH8HORx3wcpbrk7Kg==","mode":420,"size":2933},"dist/types.d.cts":{"checkedAt":1768031068891,"integrity":"sha512-Y4aDsjD5bnGY7G20u4L55ShH7ZcXoMK82UbQBnknLd7VeMQFQ7Go92v4yg00D/SPOlSpcWgvEuEXdjTPA+HQ6A==","mode":420,"size":237},"dist/vite.d.cts":{"checkedAt":1768031068892,"integrity":"sha512-WeIKcPBoKSLfbv9QBJ2VAcOt1/VLseU56OwWERRtwYQwBKHSlwO50BQfcMBP0XjHNitAcNe+KGkvNQl3rEhIFQ==","mode":420,"size":222},"dist/webpack.d.cts":{"checkedAt":1768031068892,"integrity":"sha512-NYeRexZRMBH7esjrp2lwWt6NqodBdtXULwdfPOqwnGcNhdFn5OUBqnUo+LThc7Pb0ybhKLg/XFi6RVAmBnCHKA==","mode":420,"size":146},"dist/esbuild.js":{"checkedAt":1768031068897,"integrity":"sha512-KvV5/bCATQouftfhLjHzi5ob1s1lQa7cQoWfs/cQXBCR09Rc724GQOxoB0R6Dd0e2Ssr973tiSYLsEYp29onLQ==","mode":420,"size":200},"dist/index.js":{"checkedAt":1768031068899,"integrity":"sha512-n5OWKx5TU+jjTMDfwQDYboe5HgM7HWYeW0HiTNAKYo8V9oCFpb5kNCXq+Ne0tnkpnQxoNvb/IKtIjdUTnF++RA==","mode":420,"size":114},"dist/loaders.js":{"checkedAt":1768031068900,"integrity":"sha512-3/zIi2vThH0Ml+DF5DcPupwzIOmgVUaZHH7mEIb156OM6SLgfNpuip1gIZohnmgpfGA2hkiVYaRxwvqH+cXGqg==","mode":420,"size":524},"dist/nuxt.js":{"checkedAt":1768031068900,"integrity":"sha512-haDhrLfT11MjjyLbxGsAqRe8G1utg1ZAOQThqddO178E/RiSdzOywVBjbKJp0pvUDI+JAWa3OEfD2hfwEkOPwA==","mode":420,"size":1003},"dist/resolver.js":{"checkedAt":1768031068902,"integrity":"sha512-CS1Yx3cVbRLP+zGua8FQzMRJZxSRc8WjFHK69kg97RDUduDWSMX1Bk7+HJ9apTVbe4IhRvAPOLAOqNtjPkummQ==","mode":420,"size":5273},"dist/rolldown.js":{"checkedAt":1768031068903,"integrity":"sha512-YxYaG9EpLPyes+YjD6QTvduthTphClwBoPC6VvpQ/xr3FEWg9v9n4p21xtHpDWG4zXQkLWniKzrf8fBiKb/iJg==","mode":420,"size":204},"dist/rollup.js":{"checkedAt":1768031068905,"integrity":"sha512-NGz4LElHvR1yHod6A9uyncfEG2aOZ+TejXR0mzcYGvaY9iCIAXkXh17Vy1ZeE6pBWBK8HPda3PxNlzDCylrigg==","mode":420,"size":196},"dist/rspack.js":{"checkedAt":1768031068907,"integrity":"sha512-0avLw5PlnzOt2hVmYCBTJrvKqIHPnjS/Wk4oFYrDdcwPlRVSKdmOW7I6arDWs6792YXL95hfa3DhX/C2mF1Hcw==","mode":420,"size":196},"dist/src-DdazVYGe.js":{"checkedAt":1768031068909,"integrity":"sha512-OVsTj4mGUm8D0p6HipduO2cHmD4QYJgjpNXQuEm278OIGI+B9N/2qBy486wplF6h69Iygkc/rl4e8tZ9huh/0Q==","mode":420,"size":11937},"dist/types-CxAOQAAb.js":{"checkedAt":1768031068910,"integrity":"sha512-LIrD5Gtxlxiky8LWlKhySROCI8o/z0/mkON4SXX8F1fsWnmEXFpfxyQ3joq+iGxAQVMU6INTGyQdmH64SLDfpw==","mode":420,"size":12},"dist/types.js":{"checkedAt":1768031068911,"integrity":"sha512-Btaic6+LMne1zt968DbGMc9DtRgJUAbUQhE35jFbiKsgt4ohEw6DoszJ+YzRMuzI60HzD1Frx09/QbjPuIhPbQ==","mode":420,"size":43},"dist/vite.js":{"checkedAt":1768031068914,"integrity":"sha512-GMhV1mVho1zwhqYKxqskqmSDZXPwZG99YZP6BjQKy9lx/8iHfC9/KtgZVkVsRh98+YfdG59ubHJu6NrhbZHo0w==","mode":420,"size":188},"dist/webpack.js":{"checkedAt":1768031068917,"integrity":"sha512-VoHEwiC8/3xRBXdnRaP7CoocPi/QLQkHb/McOec0fEbO1WY9NeBgtqoc3AxDmg/YBGQyEabt47VsnbRbV9wEkA==","mode":420,"size":200},"package.json":{"checkedAt":1768031068919,"integrity":"sha512-SjTlklUCeCQRF+Co5x2x3nfEu0EmbzI9RQImMJ39fdHn+U8ZHpjVzopxf7e4gkOzWofyhbsnfb+dg5sfyQGFkw==","mode":420,"size":4570},"README.md":{"checkedAt":1768031068921,"integrity":"sha512-OQuiqzLB3smCCr+XDLhk5bpo/rTjjR8r12+Zo/C1ylBnfgWPhH3Cj9EI3bu8AgA6RI1Ntr+ASJVoo5kNUM5Skg==","mode":420,"size":29033},"types/astro.d.ts":{"checkedAt":1768031068923,"integrity":"sha512-vDRHaxYLQSVMtO8NUpuDDFClUwVtTnS5qAWu3dkua+CvSPIM20VzqCUctONpLzei6avtU7qEr2mCLGvqNA+bsA==","mode":420,"size":326},"types/ember.d.ts":{"checkedAt":1768031068924,"integrity":"sha512-oU8AGQAONrpn5lOPBj5T314utRVjONVOipKwMVLxvba3H7TiGtPV2gg3LrCcBsFxZ3PN/twXAsMPHRAHn96XsQ==","mode":420,"size":373},"dist/esbuild.d.ts":{"checkedAt":1768031068925,"integrity":"sha512-Z2m/4jWu3IqzUdJ/0Py2UhV3jYq4fcpa+68TujEocjZG7tiXb6KqEbaEIW9TpG2vuzEJ/JKBA+pk7PJmECPIKw==","mode":420,"size":242},"dist/index-Bq0Jk4U9.d.ts":{"checkedAt":1768031068958,"integrity":"sha512-m2rqlyBgT7ZBSK267+vRchB9STzJG0egqtozK8xdOzhgoSYafSHXX+H8uYup178FusdCgbIAjn56LXS+4HC9gA==","mode":420,"size":227},"dist/index.d.ts":{"checkedAt":1768031068960,"integrity":"sha512-ZBOIFwpyhcH3AWXI79t9/jwxZZlLBWrspqjYOJ76p9aaE4psVzFXm4HtaDn95qUbiwfpO49gTn2546GpvnETxA==","mode":420,"size":305},"types/index.d.ts":{"checkedAt":1768031068961,"integrity":"sha512-uzICKOiQEJrVtmdoXCxGMs3OLnVZ71Q6+dU8Rku1UeN8ZbWoTWGsiKzrWDN1UxUOjFAteJja4SOyddmBqxEktA==","mode":420,"size":40},"dist/loaders.d.ts":{"checkedAt":1768031068961,"integrity":"sha512-qeNY7jQi+ovz1QyUs8enCMJo/BP3u3R5Zj0zwt+2xyaVjR0MR0JcGJx8s9z176qzebV3TlNNAvmUdoCSJqU6aw==","mode":420,"size":561},"dist/nuxt.d.ts":{"checkedAt":1768031068962,"integrity":"sha512-vUwLd+91UmFynsdxUrI+fnjphVo4cXEiWdBR121+oZgYYbFJJ6GwQub/jAisI6ZrpR3tw4lv8VxtzUBV97iM7g==","mode":420,"size":213},"types/preact.d.ts":{"checkedAt":1768031068963,"integrity":"sha512-rpgqHECBXoxBSjfw3dFmYcXosq0+TgZIB9RsCujCVQlYkOQ/a4OY9QeJo0spznf5cUPCsegWMKqf7Noi3/sYxw==","mode":420,"size":347},"types/qwik.d.ts":{"checkedAt":1768031068964,"integrity":"sha512-hvBgsntlSjefOuY7Rf9qGDnbVB+7kUuWVYtGgu6R6MC52/GRt6lGm5+bFbjkn2X4afVnv92B/Wm7FxV6af1E6Q==","mode":420,"size":423},"types/raw.d.ts":{"checkedAt":1768031068964,"integrity":"sha512-096PKyISNdBbOLQngZXjV1495Aaauuq78i19UjV6r9+QOYoRIl2Erbo7s+9kqZc1ao0pdedyq5fSr4mJXVV+FA==","mode":420,"size":170},"types/react.d.ts":{"checkedAt":1768031068965,"integrity":"sha512-zWCCRZ37gQj8FFSvaYA9QugQ4jXewic1HySAew9bZD2gHEr7633CDbTQKnwu/YioO44/V5vZq0uUDDkov0CNsg==","mode":420,"size":439},"dist/resolver.d.ts":{"checkedAt":1768031068965,"integrity":"sha512-NWG3C+RNDTeDZYwOpIqHdz8wIOwS/uHqx9FtKIxMj6xnvq+DYvnz0ROlwa18UkBpXp2NkOVP+jcUwmU1f3iIoA==","mode":420,"size":1440},"dist/rolldown.d.ts":{"checkedAt":1768031068966,"integrity":"sha512-XdmysBvxEfYIj3dTki6NFY4jYy0TSZi2wnvR49qRLuSBrAhd+feuO78K/G0ONjxCdYuSRXnRkdtFxUS/8IYQqQ==","mode":420,"size":283},"dist/rollup.d.ts":{"checkedAt":1768031068967,"integrity":"sha512-VwZduEdb7bG3/iokEDbFkI3lXvVzsKvs1R3Rwvezdh1u5NBp0E0lzpBHd9wrxttdGwZW/lnlZa0RWwnxLOqwDQ==","mode":420,"size":257},"dist/rspack.d.ts":{"checkedAt":1768031068968,"integrity":"sha512-1Vctg+I6rnK9hzb9+HhXT72WAonYVwSJ2bBKn5RFKFOTOU/O4htlMXTs12Bzg0KTtlndKtVNUOEksDLIyKBhIg==","mode":420,"size":170},"types/solid.d.ts":{"checkedAt":1768031068969,"integrity":"sha512-WxKUobRNuxiaLzqCJe4S2L95Wt9nS9TAv6Hh0kYk4zBCOtqq8+P1RFevmjc+jdOheiXVV+08JFoRg/fm37iAyg==","mode":420,"size":361},"types/svelte.d.ts":{"checkedAt":1768031068969,"integrity":"sha512-HWLd3mJ7SjZMETImUrZEhsf+vWLI2dv0I/ebtIzR/nXNUWE1DnbqMFavulkP3AK8JW4xt87bSANi/uo5p8Hacg==","mode":420,"size":24},"types/svelte3.d.ts":{"checkedAt":1768031068970,"integrity":"sha512-XVlBxOjf3BWQMJi/nkqaV6ut4133Ge8eB8InS5GJB/Tjcs1zE9X4zSjN+5MOJuzIZBRvP0r8hA5CVXAZw/XVVg==","mode":420,"size":275},"types/svelte4.d.ts":{"checkedAt":1768031068970,"integrity":"sha512-dOoQEk7xXOKqXTjorI7lyS1ZTDJfhbsVjkj5fbFVVjyFiF5uXShesFO+ryXrLzRCNdCnuyM+au1X6yEVvjDvSQ==","mode":420,"size":430},"types/svelte5.d.ts":{"checkedAt":1768031068971,"integrity":"sha512-6SCt8wZqDsA16YRnhKZDTPkn+U8hhfSqnSeoP39ztcHVUTF2FtXyCOKgBkUb998k7zs2MPnXRn6rKr6frXNvpA==","mode":420,"size":442},"dist/types-CXpAiVHM.d.ts":{"checkedAt":1768031068889,"integrity":"sha512-iW5jm00oDOPfridsizjM/c70fXrLmeSperRAzDx/hX4llJ1b7MyF2BxDz6Jx/InTib4tOjH8HORx3wcpbrk7Kg==","mode":420,"size":2933},"dist/types.d.ts":{"checkedAt":1768031068972,"integrity":"sha512-lCY7mKC44vl0MrAIkEkpCy/Fdra6Sg9FruK6YTRw5sFILFWwWM6865afmyC7nxrCLAM+6rsyFp0vltYY1bUSqg==","mode":420,"size":236},"dist/vite.d.ts":{"checkedAt":1768031068973,"integrity":"sha512-kwJSECWxm5PvINxgdiUK4DXoDb244K7PLdajk/ICEQVTpr80v86hsg0R/SNf4BjUHOExWO3TGkKmc9oLAem93g==","mode":420,"size":247},"types/vue.d.ts":{"checkedAt":1768031068974,"integrity":"sha512-k0gXsL+nKz5non5TSxEdnm1xqOhfoCYhDmucf7GmHA0XOJD2QOSHXxjsnUQd9s7aAyHzQBXO3jicpZIUOE5mMg==","mode":420,"size":21},"types/vue3.d.ts":{"checkedAt":1768031068975,"integrity":"sha512-O20zDURCKKIZaebrUip/mot9DWJxgK8uuJ+Ift3X3V0Lr0yLaUZrWz/Aziq8XAMOYMHBc/dJX/tNIwxmyJr5bg==","mode":420,"size":359},"types/web-components.d.ts":{"checkedAt":1768031068976,"integrity":"sha512-7a8WXQkkUxAMEpcSrHLl/sWL593ed31KuVKmn/BqggZSI3GIZYFHHKgcS2CIXGWTxgQSKaTBwpp5BjGOSHHOYg==","mode":420,"size":183},"dist/webpack.d.ts":{"checkedAt":1768031068976,"integrity":"sha512-qe3BQgP+HREZixNYV5/gY+RYIlLWuX95bowugVLGPt30Kujzj1Y2Uq3JqLlN27BPaKxK3wdSjPc4Phtbtw0CtA==","mode":420,"size":171}}}