{"name":"@antfu/install-pkg","version":"1.1.0","requiresBuild":false,"files":{"LICENSE":{"checkedAt":1768031011116,"integrity":"sha512-ucwY6xKL5RTA98hlqyeQ6r0InbGViplATiQKqiVL+wmcoFSJwIl4t4MRTeIaQEFxdsSQcEVu2AXg9AN4Pfe7rw==","mode":420,"size":1094},"dist/index.cjs":{"checkedAt":1768031012211,"integrity":"sha512-bDMWR4XFrjqyFE6JIsWGraPP8y7Go44uFPvcnlzNUFlp57IUuHbNpDfBcvU0iUUYX8+6IkOYxr8DFsSQNOR3Tw==","mode":420,"size":4770},"dist/index.d.cts":{"checkedAt":1768031012211,"integrity":"sha512-TuxtLTrfZU70hmL1hgbFPT7v6XFBKV+BXujuBmaIVqrBR4qiq9kmqxf/5ZvhrZSPGiaHjVJQkiNM07+l9fUQPA==","mode":420,"size":1067},"dist/index.js":{"checkedAt":1768031012211,"integrity":"sha512-YWXSrbKIAkItrwE85gcqabpjMLgq+0SVeU0SV9URXa2Y4jsfRMsGkKY0iQmgSE1a4o9m3Q9yN+ynv14sKfyAEw==","mode":420,"size":2767},"package.json":{"checkedAt":1768031012212,"integrity":"sha512-0FDSI+Rl+q/jMPfTP2tTyYPuiv2oyyIakBS9samtby7jyJbrZ+ue4OuTaW4B8B2xmCkc9Q3cGas14sHDZ60CGw==","mode":420,"size":1477},"README.md":{"checkedAt":1768031012212,"integrity":"sha512-7u2vH62kXSLZEWV3P8zKjHLngnTqQ0Jt3DKTAYyMVs0s9lNugwePIeg/BDrSX7icnVNAMnAXaikEpcUb5Lygcw==","mode":420,"size":676},"dist/index.d.ts":{"checkedAt":1768031012211,"integrity":"sha512-TuxtLTrfZU70hmL1hgbFPT7v6XFBKV+BXujuBmaIVqrBR4qiq9kmqxf/5ZvhrZSPGiaHjVJQkiNM07+l9fUQPA==","mode":420,"size":1067}}}