{"name":"estraverse","version":"5.3.0","requiresBuild":false,"files":{".jshintrc":{"checkedAt":1768031006278,"integrity":"sha512-4xppALudmDTZYQeI5wBGyqi1wU+DyPTZHYsTW2J+2zdn2GGlTmrPNF18YkaJd4MlZCwCG1OWjSLStGtdLAq58Q==","mode":420,"size":242},"LICENSE.BSD":{"checkedAt":1768031006278,"integrity":"sha512-YKl79smr20vdIKCy+fyP+zscyQHwyqDMNEZOwVLEOjQxIxgts1z0klBrcDsCIR2JPrcB00nhm8bCz47uCx24SA==","mode":420,"size":1231},"estraverse.js":{"checkedAt":1768031006279,"integrity":"sha512-IeShBCxtjprd1wmJRGG1BVciV/z2T8lWIO17/iAfF63VHzMHHVp0xTuTNQngOJ37Jpr3ahIP6OocDV6eIdqsOw==","mode":420,"size":26957},"gulpfile.js":{"checkedAt":1768031006279,"integrity":"sha512-fNyongu2k+SUoYgehgg91h/t7pDLRcQyYxUDinwKZCteBWG5ph5JPwRZlpkCuDYtelx5Ch9U4WaKZ91/o33CBw==","mode":420,"size":2790},"package.json":{"checkedAt":1768031006279,"integrity":"sha512-lsXvtHJF6pqKhuaI12xmqcdpnc+iDHWdKHOZZAt0Lh6aO00xyH9rPDOl1BtfYYwzv6ZHFYc5/+3HmBbB7a3OMw==","mode":420,"size":1009},"README.md":{"checkedAt":1768031006280,"integrity":"sha512-pPXMFwTPvhH1DSRRu6XKyXh9XRKPGA1/D//NRu9pJcR8UTZEYQF+JHds2D2zcdp+73GYd8e4q/RRtI1MRZrxcg==","mode":420,"size":4865}}}