{"name":"eslint-visitor-keys","version":"3.4.3","requiresBuild":false,"files":{"LICENSE":{"checkedAt":1768031005227,"integrity":"sha512-LK/hBSxf9yMQL2r6cNQN5Ts9V9Xiex+3PSnzFyHRHv276wJR1mZGB/cHFulPafZdeg3B465HZdPiLCPHDjjmiw==","mode":420,"size":11337},"dist/eslint-visitor-keys.cjs":{"checkedAt":1768031005229,"integrity":"sha512-uVavz4DrcYaSqgtzCbirv1mF0MnHjfEEdMvKjN9aLBjStU2MWT/h0LK4sVT02SFmUI/02KsVihOh41GsTF1zjg==","mode":420,"size":7115},"dist/eslint-visitor-keys.d.cts":{"checkedAt":1768031005229,"integrity":"sha512-UBmFHTW5/Gh+t6gzZLNZsocJCNcVyiiXnFcFhmBZWqrmQntWuySqv82gzOkerBs1fXeob8UUCvcrDUXr9Y3e3A==","mode":420,"size":753},"lib/index.js":{"checkedAt":1768031005231,"integrity":"sha512-X2YfaO36tHOEwoDh6GvcBx6npOYZpx2Ib8/Gy1dOVQjHvGThqPl55Z9e3RcnjAsI7jQN1GVq+5pCDBGNHUuzlQ==","mode":420,"size":1758},"lib/visitor-keys.js":{"checkedAt":1768031005231,"integrity":"sha512-HIqjTyRl4kfrQFwk9N5IxwFW8JIE6QNIi8qiH17O6EqHRbXSJ4JbdHzGvAOT6G0/bPGHw3wDHgmT/NZ0ZSyyfw==","mode":420,"size":5289},"package.json":{"checkedAt":1768031005232,"integrity":"sha512-QfPFEcPo/lNoR+7LG1OhVaeZrI3JuelIaQ4DNhWQBfwLMjfr1dNqMUUnCCJ2ltqLm8V0HawTZiwB92HlAAi8aA==","mode":420,"size":2410},"README.md":{"checkedAt":1768031005232,"integrity":"sha512-wiI8RccR174DfrLb3lIhJsRxhl6PgIW3viSJk2T4q+wvOLnNHbadIbPSiN40Q268hqZ0l6AsJsCMfhavbgZ1JA==","mode":420,"size":2729},"dist/index.d.ts":{"checkedAt":1768031005233,"integrity":"sha512-7b/cwCjzkrf+6ZCOphDoG6PbS9ptKK9KsTzzochrR+thZG608RnIIiFPfiwJDKLpcuJpFPDFbFYej2NXmgv1Fg==","mode":420,"size":596},"dist/visitor-keys.d.ts":{"checkedAt":1768031005233,"integrity":"sha512-OhkqaGXcIQYCF52aJX0G/ZrF2u+2fFIg4JXATab5rwX+yhqBL47LsTuBkZ64R1TQG60BRzL7fN5bCohCxm020Q==","mode":420,"size":291}}}