{"name":"js-yaml","version":"4.1.0","requiresBuild":false,"files":{"LICENSE":{"checkedAt":1768031006014,"integrity":"sha512-MRTMe8nmIQOK3OuNSpkMIgEYLDuFHhjR2b6LweiRY2VQExym0tD6OyhKZZb+HbbYNCR1blG+mOwE+qX7PXbuUQ==","mode":420,"size":1084},"lib/type/binary.js":{"checkedAt":1768031006014,"integrity":"sha512-FAGw30YlD/lZKR4Sj1s9Eaq9FuHN2Pzm2t+HmgaL4hXAX+83ZSrHDB5/iZEud/VTZS7muzq6kKVZ/ywPuO6J1g==","mode":420,"size":2912},"lib/type/bool.js":{"checkedAt":1768031006015,"integrity":"sha512-9cFT7Vxy0/zvATd2yfp+XDbDUX801f98Hmmiss0wxm/o08j/S8H0N1GQ4bWm4yTxZ5C7tJaKgajcZwZes16HXA==","mode":420,"size":971},"lib/common.js":{"checkedAt":1768031006016,"integrity":"sha512-akdNoPJcXTVU9ZC0zoANAlACxnMf6DmdJeibDeYJZmCBxNIFpRXyApuWzh7SL083cS0JXGEwXYSA0OMP97vuTw==","mode":420,"size":1177},"lib/schema/core.js":{"checkedAt":1768031006016,"integrity":"sha512-98uVmTdwoajZi5plDS3efqJZMBRZixEhmX0TjJzKmbr2e0WXQ9ITHXqaNo22u4xhmxFjgzMU+g7z1oo8i8blKw==","mode":420,"size":288},"lib/schema/default.js":{"checkedAt":1768031006017,"integrity":"sha512-ls2xSnCKVYL7SGSuEtyj+JRoX99zULCOgrFy6lDCk3N8WEaIVZ8pToE5DW7ZbW0Mf+ktwOMImwc6lJa+9PNuKQ==","mode":420,"size":538},"lib/dumper.js":{"checkedAt":1768031006017,"integrity":"sha512-7hMaOb7mayBCmsZeL+LE8/FM9LaOj7oUIug1SWjWFnUBMQXxE8xg3ScLu4dKFyMeyXXQug5KZPUHSSrR5fZwCQ==","mode":420,"size":31893},"lib/exception.js":{"checkedAt":1768031006018,"integrity":"sha512-UtGzUv8myQvWtsa5EARPY+CluJl8LAqzGxrn0t3ntQYwHUggp9YGtE6zj7GD0jWgjFLHUtrMOwMYmmi+g7CWmQ==","mode":420,"size":1299},"lib/schema/failsafe.js":{"checkedAt":1768031006018,"integrity":"sha512-rX3U6vurvx/w4o47/7PdYGBtm8p3clpugYnsHkkk+yDpjaHeJTVizM06GnAgEycmO8gAkP0sL+knmHRGIezbaw==","mode":420,"size":278},"lib/type/float.js":{"checkedAt":1768031006019,"integrity":"sha512-LKa7F7QNM9D39pPPtc19mjVo+rutyvRoBCPSSsiVGRNOuYvoL2PZm6rVK8VDafE0Hb7vdgovuOlITQ+KA0DHPw==","mode":420,"size":2467},"index.js":{"checkedAt":1768031006020,"integrity":"sha512-QiIrhmpcuMAID8QrDwtJwR6DgT4VC9YE0Huhxt9+Kw+1gIMRi6b5cjlu3WuWangzzsBr6d1BQARENQXspoalFg==","mode":436,"size":1793},"lib/type/int.js":{"checkedAt":1768031006020,"integrity":"sha512-gur4XFhjocLTYFXVS4nxda7W1hQXsdFQmKoFwlIy7/+WiCwqTCBICgA1uGXr28Gw+uIQUohL7j47x6HGMEZZrw==","mode":420,"size":3691},"bin/js-yaml.js":{"checkedAt":1768031006021,"integrity":"sha512-ik5UfvIt3wVKyt/nTsfooIOvA9f9/pGPzwtB0VXw4xY8WPlAl+T//v+mKN7S3jZPliDQIIu+flrJwBBzw3SqJg==","mode":484,"size":2736},"dist/js-yaml.js":{"checkedAt":1768031006022,"integrity":"sha512-CwxrLIN0dww6lRc/oKeZiI9oGlOob2HPMU0Yu0g+P3/G1cuTii+tt0jpyEKhilfrV7D/zmvKiVPIHUDU6xbBxg==","mode":420,"size":114359},"dist/js-yaml.min.js":{"checkedAt":1768031006022,"integrity":"sha512-CSBhVREyzHAjAFfBlIBakjoRUKp5h7VSweP0InR/pAJyptH7peuhCsqAI/snV+TwZmXZqoUklpXp6R6wMnYf5Q==","mode":420,"size":39430},"lib/schema/json.js":{"checkedAt":1768031006023,"integrity":"sha512-9VGA2nabWP0GZIRVMSFrfRcsGcyEdJSq5TsPI3T1i7/w1n+UAVVsyzLtA89yJBtNB4JAdAsID6jXqhYZfm73RA==","mode":420,"size":523},"lib/loader.js":{"checkedAt":1768031006023,"integrity":"sha512-6Oadcl3XcIo3QUIhDd4maGIEHwTs70tAu0TdFW81R4bSsXmwPtR8rRLYSujIMv511eLNu+Cy1CzurO3G/QfbLg==","mode":420,"size":47142},"lib/type/map.js":{"checkedAt":1768031006024,"integrity":"sha512-msv1TmhjvcTUiWVw/DYjZyGvb+hbTbxh2kX/yZuOJeThw9AzgX21jNzpN3qo4i5K1mf34k+5K32Jj1w/I4XbFQ==","mode":420,"size":190},"lib/type/merge.js":{"checkedAt":1768031006024,"integrity":"sha512-ll1wK9FAw3P3jR4K0HNhGdd+xi82XCHKLCPFDVNp+Br8He227YE7iqeoBekx9OM7pkAJbm86GRObhYDOij7abg==","mode":420,"size":230},"lib/type/null.js":{"checkedAt":1768031006025,"integrity":"sha512-H/WNJvEewRmYVtJLLCnulXnLAf+lsgW+gkXcYPS8q4V6eqR+UOxoRQSxRPtFyPvb8VQImJSpPXXmwzJgsv1dgQ==","mode":420,"size":808},"lib/type/omap.js":{"checkedAt":1768031006025,"integrity":"sha512-KtCiEmPwvqM+l29vtHgkAx0zmwSZmgJUKk8n1BqCResdKK0SK2dnZXHgYbr6zzshObg4W87cVdSvJngXvBhFcA==","mode":420,"size":1023},"lib/type/pairs.js":{"checkedAt":1768031006026,"integrity":"sha512-Nv21ofC4mMV3xu1A3CHObD9PWcpTzLkC/oYeumB9t/K0Y4rRIYEFf8HvWw0kA8wsO82Vlhuppk8yRMLaxWKluQ==","mode":420,"size":1084},"lib/schema.js":{"checkedAt":1768031006026,"integrity":"sha512-UHgepefBZYsFMlTvs+Zv4jOcbF8uVE+KdBjeR7Nfjk35WvD3EWUFM5LHHAKr7/t8CwgCDLcSVfWcByGuqVzuhQ==","mode":436,"size":3384},"lib/type/seq.js":{"checkedAt":1768031006027,"integrity":"sha512-LsV/LMg/aB3BQsixKNl9heqbGdFuiOYw3yTDjMEEkgKR1HG876NMcN3ISw1NTdf/9qiuFqtfRcHK4QIz7Vw29A==","mode":420,"size":191},"lib/type/set.js":{"checkedAt":1768031006027,"integrity":"sha512-afYWIRqDQj9aIFhYJDMSSU1BFvNDxNH7H6buCs48lK/mFOOLJT0useCUjRRnBIZZlfXqp68vTVj/+UG+uu2CWA==","mode":420,"size":547},"lib/snippet.js":{"checkedAt":1768031006028,"integrity":"sha512-f3/Hsua2NlLNHh0MiQfFurZIi6oSqQ5jeq32SkQ4fEki8YRfkoS2pbkDnprYGijASIcIp7akKbHw5YNjirq/bA==","mode":420,"size":3088},"lib/type/str.js":{"checkedAt":1768031006028,"integrity":"sha512-Kmq9y9r4akN0Tcaf5HWrRU7si9/BlT16L5cL6ahKOVryGn+7Zs8eL+ECPUpTFvPyT68SBycrlzrhNbSR/j+8Fg==","mode":420,"size":189},"lib/type/timestamp.js":{"checkedAt":1768031006029,"integrity":"sha512-fJZ5sjkz6i7T4oXYXFHJ3X7VgDYPcwHdWEAdLnAHLsZFN4f6ZYUmWfZNUlG93RlrHpjNn0Os3PjjOyMNZeSE0g==","mode":420,"size":2571},"lib/type.js":{"checkedAt":1768031006030,"integrity":"sha512-6C8cMsoYm+JKXk0/o6H5rYpyyemDNOAd6IF7deoMiSfBXu6bo7q3Z6pJuLqL+B2UO6/A0hB3GqpqOsiQrRSZ0w==","mode":436,"size":1849},"package.json":{"checkedAt":1768031006030,"integrity":"sha512-trQ32I25aui8mOmqKsqJ/pEQxT6w36Jr8s/FLL4oXdux3tL7I/V0VyNTWscQ1jlTnLa2wzxZKuCmliFM/nicCg==","mode":420,"size":1768},"CHANGELOG.md":{"checkedAt":1768031006031,"integrity":"sha512-aw1zwlI7isLlz0q7mc1JGtD9T5a+oRI8kX1KggSltP7qtPXdSBVo0GUW3EsWXWmvbn3egU7E9U8ygZCcwQa5FA==","mode":436,"size":19230},"README.md":{"checkedAt":1768031006032,"integrity":"sha512-PfiCYof3mY9/9UcraIZrgkTbJ6srVQJhZWtAWBNPhD/UgrvlfS7UG7X+CEnNG2kfH+SaPP05Ae902ts+wr/BZQ==","mode":436,"size":8472},"dist/js-yaml.mjs":{"checkedAt":1768031006033,"integrity":"sha512-qW40z8QatuZP5OHabVhfsNtreG2UG1pZ2vD4cZ0u9tdA6z6WYFB+HHgQSkewIRNuPqYrXP8i/h51+19HHYIqkA==","mode":420,"size":107533}}}