{"name":"micromark-util-character","version":"2.1.1","requiresBuild":false,"files":{"license":{"checkedAt":1768031009041,"integrity":"sha512-ic4iF2Ap25Sn5T9MMw7nJ9C20WL6V01rybBBQi2Qx8cQC9/ERFEqGnove1HT65tK2TIKM30PZoOV3Qbz2FE//A==","mode":420,"size":1094},"dev/index.js":{"checkedAt":1768031011879,"integrity":"sha512-8yBL/ibe+X9sfZvUs6vBY9NUtExA5ZTiUfO4Cyx3kWw6oOq8P1qP4Fcr3TiD53M2LHxnwqgBGjllgL/+/bUrbw==","mode":420,"size":7209},"index.js":{"checkedAt":1768031011880,"integrity":"sha512-aXLXYbwwMfHshm0ZHiyYEby1Wc0quFCSJ3lmj+ragq4Lumn6/LEfdoPjPD2fiYvUt/sM+LqnZU7CmWtHOA0MXQ==","mode":420,"size":7068},"package.json":{"checkedAt":1768031011881,"integrity":"sha512-vMe8e65OC/G5a1Zap5qNgIu7stbMNnjHGokcddYmwWb+nNZPNGZRYxNiCwma6f3hC4J8179q27wAYw6sulW/4A==","mode":420,"size":1290},"dev/index.d.ts.map":{"checkedAt":1768031011881,"integrity":"sha512-y7gO1tngyosGHYiP0FY9MIJbiKOmEItUg/Pbc38KXn1VGUMTQAJ9OYxZSB6+phqtZ5BZanM7ydoW0zvibip9Ow==","mode":420,"size":808},"index.d.ts.map":{"checkedAt":1768031011881,"integrity":"sha512-y7gO1tngyosGHYiP0FY9MIJbiKOmEItUg/Pbc38KXn1VGUMTQAJ9OYxZSB6+phqtZ5BZanM7ydoW0zvibip9Ow==","mode":420,"size":808},"readme.md":{"checkedAt":1768031011882,"integrity":"sha512-DMgq71cR435J0L2xTtmRp28qyn7Z6981xDY8LaLZomdAB2Iq+k3gUPYGQWiy39E8r561lLe3empEpbZeeeq2OQ==","mode":420,"size":11728},"dev/index.d.ts":{"checkedAt":1768031011883,"integrity":"sha512-0U53khQaB5wip7hz+dDj+EVSjSYxVP2aDTLLW7uI752jJlPzSJ8gm4sWJE2O6DzfsdhjenpNzpYnwvwzu7YJJw==","mode":420,"size":6208},"index.d.ts":{"checkedAt":1768031011883,"integrity":"sha512-0U53khQaB5wip7hz+dDj+EVSjSYxVP2aDTLLW7uI752jJlPzSJ8gm4sWJE2O6DzfsdhjenpNzpYnwvwzu7YJJw==","mode":420,"size":6208}}}