{"name":"parent-module","version":"1.0.1","requiresBuild":false,"files":{"package.json":{"checkedAt":1768031005948,"integrity":"sha512-SlJLI/85Xyu6pGAIveCMgmQIs+uZgOTJpgLmR/RxdlESuj1Av07sNN9BcYAQTVxBzZCr9895hcT40R7THt9OxQ==","mode":420,"size":712},"index.js":{"checkedAt":1768031005949,"integrity":"sha512-2wnfCb/sc7WKNctb/fkD83lEshnmODcODe7LTQvEe2/wA2lxOC7hHYbGR3m9moci1nevegf1M+7vTNX5sopNng==","mode":420,"size":641},"license":{"checkedAt":1768031005949,"integrity":"sha512-nIst73auX/5NY2Fmv5Y116vWnNrEv4GaIUX3lpZG05rpXJY2S8EX+fpUS5hRjClCM0VdT2Za9DDHXXB5jdSrEw==","mode":420,"size":1109},"readme.md":{"checkedAt":1768031005949,"integrity":"sha512-gnTetT192Dj3r0nw1AA5PouZtHuCsY7Fk0PsXZfkRzSiAMZmU24Lg/w9VYRY7vwDishJv+pszDogU5ExgIwNvQ==","mode":420,"size":1460}}}