{"name":"@jridgewell/trace-mapping","version":"0.3.30","requiresBuild":false,"files":{"LICENSE":{"checkedAt":1768031007126,"integrity":"sha512-saakd7FVlV7sB0lJxPAaywkJ8R69jC/1QO2e2TcVLl8ZDaccoi9woo8schL6tVJhKyT8pyy4mSRgiae248P97g==","mode":420,"size":1080},"types/binary-search.d.cts":{"checkedAt":1768031007400,"integrity":"sha512-WRG2nQiPmOZ3LrfGwOB5ykmVRuRnAxk47wPk3NFa+lnXNtvjCw0GPGbDFZ4Qfxue7dkK4EGL7tFqJpL48Ra3Kw==","mode":420,"size":1585},"types/by-source.d.cts":{"checkedAt":1768031007401,"integrity":"sha512-aZp3UuA7lED6mVGVWTYwgyTpY4aPEe/zoe68zjctNJ/MxkxV4LOq247vHLgRXPFeeug8aNo6JZRINdr4VTJgfA==","mode":420,"size":388},"types/flatten-map.d.cts":{"checkedAt":1768031007401,"integrity":"sha512-76HMn2Kv3tE8PLfD+iT3HO/sTXJfEU0rVknwv6NMeUgVFdD7rtOKWhAqQ63rNau742oP8q0NbG/9tJNY303Nww==","mode":420,"size":384},"types/resolve.d.cts":{"checkedAt":1768031007402,"integrity":"sha512-tE/eL1dyVdqFWltqLKPHaYm9mPc/XYP3KZD5ODl8lal0r/A+1uyiovlsepAHqrQHW6q/KGag+yrjG56hQflTTQ==","mode":420,"size":208},"types/sort.d.cts":{"checkedAt":1768031007402,"integrity":"sha512-Iq0kjzhIxqfo2byGh63ed+laT/XejaJwYBnjigzygEtU6OVRkjjxZSbfzVKdVBvABgPrA/+TlTLeFbJhfs3+9A==","mode":420,"size":204},"types/sourcemap-segment.d.cts":{"checkedAt":1768031007403,"integrity":"sha512-GuTs8x7y+N5FjUX3iezHU4HVIO2YEJCd1L7o2p5KBbBitaMvO2ePY4w6t7c7ZJAxaVC16b6OsO/5lssz9wFq+w==","mode":420,"size":766},"types/strip-filename.d.cts":{"checkedAt":1768031007404,"integrity":"sha512-emJNOa7qcmdGgu/4re+pYk/1DOs+WVDWJfSdsW1wbT+6F6xQPcSVVJ0t5SuZBeYEdah6851zUclnjBAwpfAWIg==","mode":420,"size":196},"types/trace-mapping.d.cts":{"checkedAt":1768031007404,"integrity":"sha512-2w7fa3ST/AFBAwKY03mKnIX4Sn0sLVix2XoPafW5s3bNz0ObEIqUpyLFq3Fc17llHIc/Vm0piGk2g4zruaAcyA==","mode":420,"size":4193},"types/types.d.cts":{"checkedAt":1768031007405,"integrity":"sha512-ZQIzZ/VQI0xDc00lCwBlayKHvfpuXceQWHP7/KFkY1dF8JBvnajmdZiPDuHxc2uXlnVAhdQN4V0+mulVfrlK+Q==","mode":420,"size":3144},"dist/trace-mapping.umd.js":{"checkedAt":1768031007405,"integrity":"sha512-A1ihOMUESMQlPme+6uyy/3GL0ddNOQakCX6Dbynt1psGvPMI5h+XnWiceHWMcdvr515r4pyUqXrvtNNwJmaP2w==","mode":420,"size":18906},"package.json":{"checkedAt":1768031007406,"integrity":"sha512-m52//T99h1Yb/lGSVtX3L0vCzvUJyhJ7cM0TPCB6f7YyNU9yP0mugz5VHjtm7Hy9lHbYls0rKjgeix8ph5ry+Q==","mode":420,"size":2251},"types/binary-search.d.cts.map":{"checkedAt":1768031007406,"integrity":"sha512-PKSUWEMqU3Chjf/hYF8LUTX5e+6kXjMxTLMCC406AYIcPy8Y/vpiCDiU+MavcOc5KPayRMl/chNlAWIY0JnMmQ==","mode":420,"size":902},"types/binary-search.d.mts.map":{"checkedAt":1768031007406,"integrity":"sha512-PKSUWEMqU3Chjf/hYF8LUTX5e+6kXjMxTLMCC406AYIcPy8Y/vpiCDiU+MavcOc5KPayRMl/chNlAWIY0JnMmQ==","mode":420,"size":902},"types/by-source.d.cts.map":{"checkedAt":1768031007407,"integrity":"sha512-/za7OZmy83RL1uF1meCRPOHWDK4c7/bE6euOFnTW+r6ol5I/9nFi/zEXsumXky1aLNLtCOo51RoVWMS5TBgYPw==","mode":420,"size":478},"types/by-source.d.mts.map":{"checkedAt":1768031007407,"integrity":"sha512-/za7OZmy83RL1uF1meCRPOHWDK4c7/bE6euOFnTW+r6ol5I/9nFi/zEXsumXky1aLNLtCOo51RoVWMS5TBgYPw==","mode":420,"size":478},"types/flatten-map.d.cts.map":{"checkedAt":1768031007408,"integrity":"sha512-061xGOE08NlyZ3rCZnipQuo82nHz2yFXzkQDQi6V1+4a3/FM8N1aQjrDliH81QitTG8noGbvAPwxDjopfSeA2Q==","mode":420,"size":471},"types/flatten-map.d.mts.map":{"checkedAt":1768031007408,"integrity":"sha512-061xGOE08NlyZ3rCZnipQuo82nHz2yFXzkQDQi6V1+4a3/FM8N1aQjrDliH81QitTG8noGbvAPwxDjopfSeA2Q==","mode":420,"size":471},"types/resolve.d.cts.map":{"checkedAt":1768031007408,"integrity":"sha512-1aJteOtHaHv31Jqua+ZViY7PBDvpIbjkmMCB+Yj/YG313Vj8RZxQKZ5fAAqYUai4Xt0IYvs9tw/YEbWW8+oyfA==","mode":420,"size":291},"types/resolve.d.mts.map":{"checkedAt":1768031007408,"integrity":"sha512-1aJteOtHaHv31Jqua+ZViY7PBDvpIbjkmMCB+Yj/YG313Vj8RZxQKZ5fAAqYUai4Xt0IYvs9tw/YEbWW8+oyfA==","mode":420,"size":291},"types/sort.d.cts.map":{"checkedAt":1768031007409,"integrity":"sha512-u0azBB2ZQ1c03vfLNXEoHsSEPY7RhH4NiH2mRNAEf7RmTRzBLkbc8iHjnpxq80D67PoU0qe7RYe3EBfnyyX3uQ==","mode":420,"size":263},"types/sort.d.mts.map":{"checkedAt":1768031007409,"integrity":"sha512-u0azBB2ZQ1c03vfLNXEoHsSEPY7RhH4NiH2mRNAEf7RmTRzBLkbc8iHjnpxq80D67PoU0qe7RYe3EBfnyyX3uQ==","mode":420,"size":263},"types/sourcemap-segment.d.cts.map":{"checkedAt":1768031007409,"integrity":"sha512-tHy/AezHuvZHoh485MRBXbkOggHjCRlzThBjBOszPHi1lKqSdShSYW6bSXIstGjigkL2Psi2TuXXabYElmtflw==","mode":420,"size":760},"types/sourcemap-segment.d.mts.map":{"checkedAt":1768031007409,"integrity":"sha512-tHy/AezHuvZHoh485MRBXbkOggHjCRlzThBjBOszPHi1lKqSdShSYW6bSXIstGjigkL2Psi2TuXXabYElmtflw==","mode":420,"size":760},"types/strip-filename.d.cts.map":{"checkedAt":1768031007411,"integrity":"sha512-7icvEe7mvqGlTbHA7y7hGrYlKCkQZTkh32lpNv0PB3On281vXn+bBQiBBZFVqdNmUiyQ8euPsh0WVwShjUAsOw==","mode":420,"size":218},"types/strip-filename.d.mts.map":{"checkedAt":1768031007411,"integrity":"sha512-7icvEe7mvqGlTbHA7y7hGrYlKCkQZTkh32lpNv0PB3On281vXn+bBQiBBZFVqdNmUiyQ8euPsh0WVwShjUAsOw==","mode":420,"size":218},"types/trace-mapping.d.cts.map":{"checkedAt":1768031007411,"integrity":"sha512-GMjHf1TIsG8P4gA/5lb3fZBZU7RVnZ1vCgn2ne2ZXlQsp0ZukM4q9SO3vD2G5MM23V5dZfw4tQetlbViH8MXfw==","mode":420,"size":2559},"types/trace-mapping.d.mts.map":{"checkedAt":1768031007411,"integrity":"sha512-GMjHf1TIsG8P4gA/5lb3fZBZU7RVnZ1vCgn2ne2ZXlQsp0ZukM4q9SO3vD2G5MM23V5dZfw4tQetlbViH8MXfw==","mode":420,"size":2559},"dist/trace-mapping.mjs.map":{"checkedAt":1768031007412,"integrity":"sha512-XtyoTYAk6wyugGWLKIwyUX07nfU+3FRE1SAipC2ZCxRQ+M2dzU9w8Bbl8WnFXhP6fbWHY4ZvHtEgkJum7SM3OQ==","mode":420,"size":11351},"dist/trace-mapping.umd.js.map":{"checkedAt":1768031007413,"integrity":"sha512-KIOrvJwRlChdW5z28n3lRbSa2s3py6XASlSG3uMGiZzY/T4mkZUyQ+ghew9/sEB4ouNa+gWi/6vvXkn7YICWeg==","mode":420,"size":11713},"types/types.d.cts.map":{"checkedAt":1768031007413,"integrity":"sha512-OkYRrfLhuiVR8wWoVdrDvC0vl1R/9Uq7wAdvUUCZ0kQYLj876OJtWdMiM0+oR/vpBFV7+v0MuKDMSeL6LpQ83Q==","mode":420,"size":3566},"types/types.d.mts.map":{"checkedAt":1768031007413,"integrity":"sha512-OkYRrfLhuiVR8wWoVdrDvC0vl1R/9Uq7wAdvUUCZ0kQYLj876OJtWdMiM0+oR/vpBFV7+v0MuKDMSeL6LpQ83Q==","mode":420,"size":3566},"README.md":{"checkedAt":1768031007414,"integrity":"sha512-xKM9gB2XIMiLZMDRRXdqexxdk238XFdjUSXo6jDoyjrOlZmKFQat1p5APtIvrbjSZ7Ffxjp6Xy3WiMNbuG/lig==","mode":420,"size":14417},"dist/trace-mapping.mjs":{"checkedAt":1768031007414,"integrity":"sha512-cCZu0FwOjveOV+bH5HXWE/mLDRlASOYxjKDup12QR1YO94ykXHSQJByBKr1+zQj6tTuZRityDNniysUsyynDKA==","mode":420,"size":15571},"types/binary-search.d.mts":{"checkedAt":1768031007414,"integrity":"sha512-J+Uov9Odk42a7Vpy+pGpWNAb5uOwbyme0m3J2+tH/dKfXgGHKnuoY3dmPXFRHQqd+MVNMChUD3pz5KkS8p7x0A==","mode":420,"size":1585},"types/by-source.d.mts":{"checkedAt":1768031007415,"integrity":"sha512-QS6kaUHwJhYxLGtvCPHk6FTbX/9+C+UnPYjX05C7PFwQUv59uI3vZMPaQ47QJqQl+j01Hg8hxQQtAyQtzBspZg==","mode":420,"size":388},"types/flatten-map.d.mts":{"checkedAt":1768031007415,"integrity":"sha512-M52f3cP4WKx3xg5F3EpGB0bzIdqo2V0WIeSTMVNl04rVXeeN9CcXZ5Y8ZAlUSwoOBpJVXQJSUe+SCKbVD2UdUg==","mode":420,"size":384},"types/resolve.d.mts":{"checkedAt":1768031007415,"integrity":"sha512-v4asFaFH3Hy21q+SR1li0ChWt3/HkhE3UO+YIQAJSbjUwbhEJFDK6BibuVNbmb6JzSe8J0Kdy0FZ+VembZ/yxA==","mode":420,"size":208},"types/sort.d.mts":{"checkedAt":1768031007415,"integrity":"sha512-ONdy08aNWrmr4VLnFGozXWvHorgCpHn0nsJYaet6GBaPQtX0Qhow2p5IrIRsMTQgkJupNEvO6KEpmzVK3NN8pw==","mode":420,"size":204},"types/sourcemap-segment.d.mts":{"checkedAt":1768031007403,"integrity":"sha512-GuTs8x7y+N5FjUX3iezHU4HVIO2YEJCd1L7o2p5KBbBitaMvO2ePY4w6t7c7ZJAxaVC16b6OsO/5lssz9wFq+w==","mode":420,"size":766},"types/strip-filename.d.mts":{"checkedAt":1768031007416,"integrity":"sha512-Rn+Viwom96T0GCspgJohVoAyIsB2D3jhBet8hXEM7hkyJtcDZ9Hy2S7hIW8Qa2Tmp2utSPR9SjcOocdofBbpjg==","mode":420,"size":196},"types/trace-mapping.d.mts":{"checkedAt":1768031007416,"integrity":"sha512-TFgyYm18jqQ6KdvDbOSJbXas0rmRuvPcw/suHgQ4kGsz+3SBFdZsKI8akq6iNxwgP15ktXI6cblnSVFFTvEDcg==","mode":420,"size":4193},"types/types.d.mts":{"checkedAt":1768031007417,"integrity":"sha512-PcaKDYkTqTOngt9x4wf97JuYfGzHPg4GqoYiTJ/NhF6XRTGCtKqUpcn9IvD0stvmi9xrq7v9G9Yu9tRbgD2fxQ==","mode":420,"size":3144},"src/binary-search.ts":{"checkedAt":1768031007418,"integrity":"sha512-Yb9atefW6ioB+XqMPKIIHE44ywDp3rKQbqNNJH38uQg/5V7s7M9gvTQTtHoTVvi30YJAjjwQkEG1oy8XJXA/KQ==","mode":420,"size":2793},"src/by-source.ts":{"checkedAt":1768031007418,"integrity":"sha512-9xi7QjTorH0nW5LvEZPULKq/OTVhA9ezE1QWd3v0VzNdD1wXwkK8XDklt2alFoqwI68ipc5UrGv4/wBwyvPWVA==","mode":420,"size":2504},"src/flatten-map.ts":{"checkedAt":1768031007419,"integrity":"sha512-7s6/Jl0a4wrf3wvd+OekFV5FwBBDcChPIcx54xKhcEuf2ZB9POhPItbdji1U9ys87jhEBOje+2PWqCWo/ePfzw==","mode":420,"size":5417},"src/resolve.ts":{"checkedAt":1768031007419,"integrity":"sha512-JRQ9hFeI4n1kNpBJDqWujy6iNHQ2hdg2BMhU09GFLy/S0KWA//hBds2ZYGy23n4kRcu4K0+539PkrDzB9sbk4w==","mode":420,"size":699},"src/sort.ts":{"checkedAt":1768031007420,"integrity":"sha512-NcmdqLNTGyVq1uxmtOQONER62mW71d3GAMQndxiiL5Iy/q7BOA1n9w+MaL3+Ma7RAojdY1LjIMP7N0pT5PzUNw==","mode":420,"size":1407},"src/sourcemap-segment.ts":{"checkedAt":1768031007420,"integrity":"sha512-jsicInD1X3FgMo3y5htzBmOXsXk4Uz0b9bWM3fVY7NU7/+Ug4PPOEEPvr8Pi8JF5HdKFuWK/h8XaijbTt1noAg==","mode":420,"size":665},"src/strip-filename.ts":{"checkedAt":1768031007421,"integrity":"sha512-hKRNdKw6ry/xeMzjh71VRF95LRhslgFU0jM3UOh0jy66LzYYN+Yt8gi1JzeEOmqEOPhIPyECYTVQNwYqL1uvZw==","mode":420,"size":253},"src/trace-mapping.ts":{"checkedAt":1768031007422,"integrity":"sha512-J++I7riDefpO4MeZu2bP7V/9eAJCXNsyWqWCZsn2/R6tQhZHA1aALdnw6Po5BUAq6LTGfc1Ms2sLQS/USdWkmQ==","mode":420,"size":15398},"src/types.ts":{"checkedAt":1768031007422,"integrity":"sha512-E1n795CFfBfZPK+hhHejdf8GyXKQzf2Y919gGCS6sj4L2ZfA1SP4Vqx86nouwmBQttvmdumXfSEkncVDVLXNBw==","mode":420,"size":3166}}}