{"name":"flatted","version":"3.3.3","requiresBuild":false,"files":{"LICENSE":{"checkedAt":1768031006720,"integrity":"sha512-2SaZOkxJbyqdUbdgX9T1K0FtkknjwNDeYxEaJXMnabU8qUSjI9+c2k1tH4hFE33eU20CrBahVVrtKeZsmTstDg==","mode":420,"size":770},"es.js":{"checkedAt":1768031006720,"integrity":"sha512-6j99mZCpOJI8RLI1hxWlBhlZ7V5h0c8EwJh2pIDJKlp95aVnI5pAlrDwKtniCunXwaUjXfo0CU6BKAmVFG9YJQ==","mode":420,"size":1133},"esm.js":{"checkedAt":1768031006721,"integrity":"sha512-R2srmfWfNSlXskSKZaC6cEtn+sZ/khgnvA/VmHLBxRGzx4SZd8/SPaY8xrvY5opRukE2WkUArHssiHPhwDFGAA==","mode":420,"size":1101},"cjs/index.js":{"checkedAt":1768031006721,"integrity":"sha512-jafBY+SmJSd/Fvre951/N0Q3TKiju+JSwwt4qmkVWLN6//DfunEMCucgzCM5LYyJ2y4hS94KLWu1iwI12dwxlw==","mode":420,"size":3503},"esm/index.js":{"checkedAt":1768031006722,"integrity":"sha512-4eBxOCi1E2clXsSa92nexTCwldg3Fb0MxgPp2JZ/banPRVnhV99WIpa1fjdcr44KPKO+4RlSzPykNOShW0o9cQ==","mode":420,"size":3409},"index.js":{"checkedAt":1768031006723,"integrity":"sha512-ZDZuJZjiuaZPWkxB3b93Dv5aVfLndraZApz9Ci/x79DnAcYHAETtdFFvw5dJ3ZjFbsomyS6Aub2O/wf2g33qiA==","mode":420,"size":4354},"min.js":{"checkedAt":1768031006723,"integrity":"sha512-FhTQtM9QxZ0XxN5+cmnF224070MxnhKCioqMB/59/odPbkiAQMnd2njda948K2gD6CbUGJsN6FLd2BSZeMGL+w==","mode":420,"size":1438},"cjs/package.json":{"checkedAt":1768031006724,"integrity":"sha512-ZcZkWKviEBAyzdG1DKbmQ+DDaNCd+mzHAGsz7YFeEGuyD5r/EYGBgH59+fXU2Nl5Zwmx7Jp+BFRCMWNv34/fQg==","mode":420,"size":19},"package.json":{"checkedAt":1768031006724,"integrity":"sha512-RvW67+0P41NYmas7QdXjC4jbC1PE49c3hop0alLJ6ZVq3Ij5ORlzqy1RO+Ak7qpKFRr2G88ZfYUwgISKXeULQA==","mode":420,"size":2377},"README.md":{"checkedAt":1768031006725,"integrity":"sha512-c4sjn2lElqXZ2PMMiAjqTGBmL96Ni+f3YBpatKHV0aAsrIloJNIoYEitC9TJWY2AqMcSXm5Yeh+wHJllVMfcNQ==","mode":420,"size":4608},"php/flatted.php":{"checkedAt":1768031006725,"integrity":"sha512-OBR0zXrrnNZNdS4vuuijoSTRUbWnUNO1LGNzYzTLFU0DrtO0c6eiN3G7JAXNFRNDfbIhFIKBRMXVbZFjniqUWw==","mode":420,"size":4613},"python/flatted.py":{"checkedAt":1768031006726,"integrity":"sha512-bNYROepj10zw64VOMXfsD4DOEQLIrS1sexyltREApY9u+hY8Xs74p93YDQnyip1ol2wgjZiM9X6QVerO/zyNNw==","mode":420,"size":3860},"types/index.d.ts":{"checkedAt":1768031006726,"integrity":"sha512-QOLmLaHeiGM1OQwkmEu5ulI0LcG8brAoeGlkT0okVn3YWDCjW9O3dbdca+SRfMyyurIeJXIIn3owmshXvGKjAQ==","mode":420,"size":345}}}