{"name":"@eslint/object-schema","version":"2.1.6","requiresBuild":false,"files":{"LICENSE":{"checkedAt":1768031005294,"integrity":"sha512-3Gto0TuM+VlkS5NfEZKwLHGqelz2U71DtEgPqJ7sjU0/FqInjsjDtAqx/bIzsxc6eP2DWQ1vc54Mno/1bCglVw==","mode":420,"size":11357},"dist/cjs/index.cjs":{"checkedAt":1768031005319,"integrity":"sha512-G8DQ2xYITVMASBXpBDTrlX0Dprb+VU8dWSa3tZEbl46X6wL36oGUpwuwMtgR1bGCNv8MOAc0b5sog5dbehkJog==","mode":420,"size":11919},"dist/cjs/index.d.cts":{"checkedAt":1768031005320,"integrity":"sha512-M4OdEscP7UZGIqw56mAJtvJBj5sgHTzUr4KSXHB9unPzgIZehrey4Ay07hf/UJ8FvZqXLoOkbZRI8wivWvdsxg==","mode":420,"size":4195},"dist/esm/index.js":{"checkedAt":1768031005321,"integrity":"sha512-s9rPiTfLMZleSSxElnJYhUKZ/tZEB9CP6pQw31N1QpAl4tRkh+Rm3i8TSeVxSa+T418dsTA8IFZzWciID2Fk1A==","mode":420,"size":11872},"package.json":{"checkedAt":1768031005321,"integrity":"sha512-KQTvwQ5wkS4IxT/AiuEBRw6LOJEXM2YP9P2GrNOQjc7g+NGmwmtiRb+QHQ7i1JIC7DZw1VUx8rG46We3RwfCyg==","mode":420,"size":1439},"README.md":{"checkedAt":1768031005321,"integrity":"sha512-m9SgFjMFL+6B2MrLxzN+9F3HMd/2Tvk6Oc7kBh80Y+IydoWn/f0yOtRmHCMACrhhsp4B0FfYRL4KXYC7/HXP3w==","mode":420,"size":8357},"dist/esm/index.d.ts":{"checkedAt":1768031005322,"integrity":"sha512-RgEBxntX55Z82AKkbZLBKTDYDeOYzBZrtsshkvhviKj9hsKJnT1DQXqOWXQZ6DkPMOtGI8btiYC5DXHRea3yrg==","mode":420,"size":4193},"dist/esm/types.d.ts":{"checkedAt":1768031005322,"integrity":"sha512-zT9egi2J5J0TW2b5FH+WL/WKPtuzRAOz7gkZAhyW+OAIGkDkc0kTmv+TALL0qibHaN1P/QjTWhmyX/Jd//73UA==","mode":420,"size":1062},"dist/cjs/types.ts":{"checkedAt":1768031005322,"integrity":"sha512-MsQGeZ4ygoypfIhkqyb+NJuitXL8mCaEcKiQ0paYt5Y/w3LnAODKiUxbUOkimnzEwSf6p1tPlppZ04P433rgIQ==","mode":420,"size":1283},"dist/esm/types.ts":{"checkedAt":1768031005322,"integrity":"sha512-MsQGeZ4ygoypfIhkqyb+NJuitXL8mCaEcKiQ0paYt5Y/w3LnAODKiUxbUOkimnzEwSf6p1tPlppZ04P433rgIQ==","mode":420,"size":1283}}}