{"name":"debug","version":"4.4.3","requiresBuild":false,"files":{"LICENSE":{"checkedAt":1768031005249,"integrity":"sha512-NInsN4NAPaqJnsW9idjSOnOGqyzqYkPMzLI9LNemnHNfKFLWamw1cdIqe/ckgjFzyMEVxOSbkSAzFjgUXj3AWA==","mode":420,"size":1139},"src/browser.js":{"checkedAt":1768031005250,"integrity":"sha512-bm1Xl+u+Y9cSrVLWJoBOTrRzutCNPB9ZCOaKb5gyEo6vPaIn/2SempPdTTAYsEHFhMTXuVs771F36XbbeYkOtA==","mode":420,"size":6103},"src/common.js":{"checkedAt":1768031005251,"integrity":"sha512-IgOWSs1NCRq+RTlwWUKxDMbGgvD+qivPrrFFG01TisTu2FF+uKpQApaOMv3zU8nfm2ztyz7WOkIZ2h9Wxn47BQ==","mode":420,"size":6915},"src/index.js":{"checkedAt":1768031005252,"integrity":"sha512-T6qHTZ2GL/ySFSh0LE8f6KmyKjWHYPbpP87xOFI1dTKagBzpZZ7Y6WsCtz5YGz6Z2Rlz4imBs1j/teQxA6U2wg==","mode":420,"size":314},"src/node.js":{"checkedAt":1768031005252,"integrity":"sha512-gBfnMMuNnwz0xfXDzpB04A775Z8EHtltM27MPP31oiiS1t1PniIjl/APnFRqn+7I9I0x9pcvngMkwuJw18qPPw==","mode":420,"size":4728},"package.json":{"checkedAt":1768031011018,"integrity":"sha512-XlT/K+GEGYDZGPnx7G5lm+LLJejNvopVTnNkxRub968MyuF+6gRCfIZD92ovegwXRoL+UjrpuQeI4zLNzxmDHg==","mode":420,"size":1479},"README.md":{"checkedAt":1768031005254,"integrity":"sha512-K3k3SQMGVqegO33lVRs/9PLMMqDKH0YwzyOV9i5ZapahMn6wIuLBzN4Y/WwWAIahFqNtjkX18SoJIvFI8jQ1Og==","mode":420,"size":22115}}}