{"name":"confbox","version":"0.1.8","requiresBuild":false,"files":{"LICENSE":{"checkedAt":1768031011157,"integrity":"sha512-Q/NUY8I0qOCMS8n/rj59FRQfF9n9wSEBTQ3k/Wzmw0G/qUWegMpUkFkjoVa1+0lIR/Zqn0SIPwYRGwcND1GASA==","mode":420,"size":7374},"dist/shared/confbox.3768c7e9.cjs":{"checkedAt":1768031011157,"integrity":"sha512-zE2ILbpOYofdN35sa91b0IYUPR3MjX073pwWfWfmfIfnw7Ff8sO2H2ATgvCyf2aOfGz04yPQGaJ7YhzTaFN1rw==","mode":420,"size":1963},"dist/shared/confbox.6b479c78.cjs":{"checkedAt":1768031011158,"integrity":"sha512-dnX3to4oX9grd8vHXBcrdsueNPM4IPtOBAD35eLtKJcrUjCBWKTJGNglT4kf+uVxP/IkowDgwzix9l0fsuOZWA==","mode":420,"size":10839},"dist/index.cjs":{"checkedAt":1768031011158,"integrity":"sha512-IySv/662hB66/1Cs1XtdcaB5orUjhp7ugJvrpxYqACMapSEXsy4bjLGg8RJgL7AUjkMtBPBH85w8zADhaWyDig==","mode":420,"size":575},"dist/json5.cjs":{"checkedAt":1768031011158,"integrity":"sha512-66Yk2ROxIX8dipjknMDU3Cwa8jQu8yExj+fQdXf8BwpzWaEyBEYd4YdmLZGLaZAVpt4LElsusSoVtvqVGvOMdQ==","mode":420,"size":29998},"dist/jsonc.cjs":{"checkedAt":1768031011159,"integrity":"sha512-lO8nm0Z6769Jk47uOUIEHWphzinmXvfW46aCxx/o8qcnw7a7Compy8enF+S50aIkn5YJ/i9u3VgNlROLjpdURw==","mode":420,"size":188},"dist/toml.cjs":{"checkedAt":1768031011159,"integrity":"sha512-1hyzdlOO0llOqO2fPAgs5OMmS2u6RZj/SB8bDrzOYG80wAWEsZ1oT+4EDsDC8GxYHQjvpHwMabUhq29zMSUMrg==","mode":420,"size":25904},"dist/yaml.cjs":{"checkedAt":1768031011160,"integrity":"sha512-xQq2BrtbBaUbPIyiiY2KkKYeAjxm3fUNaarJ2YsqzxtEAA5So1L/ju10wY0GmCENWml4Osi7nZC9j20tafczVQ==","mode":420,"size":47671},"dist/shared/confbox.9745c98f.d.cts":{"checkedAt":1768031011160,"integrity":"sha512-2bww1kWijAz4gt/NafmMuIgO3qnHgfBCpeMKWxZ6CpppIGdj8UDVrOh5OYrj/h9+BFDovuhgHKruMXWOnOn5AQ==","mode":420,"size":655},"dist/index.d.cts":{"checkedAt":1768031011160,"integrity":"sha512-pohT2udRF/CCU7GnbK8WjTxnJfIk49JnTu7SsqqwSvakbsM27E0rX9BojCpAnjyaiSS1CZrMxHElxoAqZEuBsQ==","mode":420,"size":1507},"dist/json5.d.cts":{"checkedAt":1768031011160,"integrity":"sha512-7aPDuZ5sS6aKWw42gqK77JGonr9tX/rHs30AP9IDjD1rDpQrBvGQksuxKXzFJ0k3Omra0Qp3n+elUl7kMvU+dQ==","mode":420,"size":2673},"dist/jsonc.d.cts":{"checkedAt":1768031011161,"integrity":"sha512-FV3si/zNDSVrbYBB7S3RwbtYFva7KaezlNzjwcRsy3Mpig+Plkcs3gJyA7haRJ9gXWz7DnMpU2MhydNVbjbG0w==","mode":420,"size":1456},"dist/toml.d.cts":{"checkedAt":1768031011162,"integrity":"sha512-z9ONju62MQ6w4hmIo4MKb930MFlo+12o6mnK55Jx7MFHXej4qpdOEzLX02eAbo8hO5hll7Z2vb4yK5wVpXldGA==","mode":420,"size":689},"dist/yaml.d.cts":{"checkedAt":1768031011163,"integrity":"sha512-n/6ta7MsXTR30s4IWH4o68cWEDOS6ptwY2JQkINti1NazSSwydhCPnNn0s6Nw6LfZbIjtu53hRlAbL/xD7hm9A==","mode":420,"size":4394},"package.json":{"checkedAt":1768031011163,"integrity":"sha512-BAzhj8NvZhFv0uvNblDPJKmPFdYyL5/1/HqdVGGg4UCxv4gDPGaGpRH+mZOifo0OPW0gALEM2NArMNq0t81f8g==","mode":420,"size":2226},"README.md":{"checkedAt":1768031011163,"integrity":"sha512-ZjeepJGUNzxH0Oqo395nc6Mc/SRF+mNTGvOassenmSuvtHUtX/4Ep50/5HK/LFcl/1QMOGNupomddl8RSgFBPQ==","mode":420,"size":4421},"dist/shared/confbox.9388d834.mjs":{"checkedAt":1768031011164,"integrity":"sha512-6JGyJIlnkqAS+dXYXT/WTSWAj3kqNs7+1uff0av4h7m7YK1j//jjRR/WOQH225F0cXIxJn6l9rU5YAyOmwPeMw==","mode":420,"size":1535},"dist/shared/confbox.f9f03f05.mjs":{"checkedAt":1768031011164,"integrity":"sha512-A+ZtwfEYbu3B/4qDgDRCYZeFnl416nvdsw9aGeNoB+JoII1ZV2WfeSGCQO/cM7dxgXTMhi+FF2S/xtt3z+jtmg==","mode":420,"size":10146},"dist/index.mjs":{"checkedAt":1768031011164,"integrity":"sha512-0jD5lsVqgfhfCRdXjOfB3wJzuShMhcZTUqOvtSBvuLuAIg1ojXa++22KWnSqsZ0z9OwIn8cWY9Wt0s5M07jqpA==","mode":420,"size":299},"dist/json5.mjs":{"checkedAt":1768031011164,"integrity":"sha512-1ncBgC4CpSJ8w19VkS5bXdYkz/u988XiHDfN1VJoE/j8ei5eLptHnbj+qIjNHrhoU/8rL7GcMCy7qSGRjeqYVw==","mode":420,"size":27440},"dist/jsonc.mjs":{"checkedAt":1768031011165,"integrity":"sha512-DU/N8ZQg/EDue/MI0VnwBHEUfz0LE4t/f5z9TUp2RWNCWr8lSLNMp6PFQbebxwGPSn+aBblq7nKdyDgIzZC7ZQ==","mode":420,"size":118},"dist/toml.mjs":{"checkedAt":1768031011165,"integrity":"sha512-zCyylnNOXT+onS+FlwTaLxRvanidu9yyBygTQWcsE7tZWlPquakppwFbdbsQUsc9TYMKDd/mTiKhYQH5WvaW0A==","mode":420,"size":24489},"dist/yaml.mjs":{"checkedAt":1768031011166,"integrity":"sha512-pMY3BpgNyfXXD+54hIQqgrRrsNXbI6UWBWtRnVSJ97CpVY1yl9ScVjP/7YPQpd/BgpCzyubV0ChWxQx0MkGq1Q==","mode":420,"size":39516},"dist/shared/confbox.9745c98f.d.mts":{"checkedAt":1768031011160,"integrity":"sha512-2bww1kWijAz4gt/NafmMuIgO3qnHgfBCpeMKWxZ6CpppIGdj8UDVrOh5OYrj/h9+BFDovuhgHKruMXWOnOn5AQ==","mode":420,"size":655},"dist/index.d.mts":{"checkedAt":1768031011166,"integrity":"sha512-957D2U+NEAUinX4ZTXx2OPi5DcfjKQ4wy/BS0z61SIKeGFD+HleB8ZFcOpRZ2dqN0sTwSztcbsYGirQrT0xXYQ==","mode":420,"size":1507},"dist/json5.d.mts":{"checkedAt":1768031011166,"integrity":"sha512-BX0xD4qpUtuG102Yy6PMy8DH1CWzhwfpA3nhcLx/+eo+Gyiifq6cjCnuqzG0pCl0rF892jj7m011yAFEEyy3og==","mode":420,"size":2673},"dist/jsonc.d.mts":{"checkedAt":1768031011166,"integrity":"sha512-S4VXwfYdDtdKQ5e8251kGDqHECmN1MN/8Jb8ipezVR7g7se2q/zvAqtiqvocgIn5N+8LqJdFqMwJO57a0vMXdQ==","mode":420,"size":1456},"dist/toml.d.mts":{"checkedAt":1768031011162,"integrity":"sha512-z9ONju62MQ6w4hmIo4MKb930MFlo+12o6mnK55Jx7MFHXej4qpdOEzLX02eAbo8hO5hll7Z2vb4yK5wVpXldGA==","mode":420,"size":689},"dist/yaml.d.mts":{"checkedAt":1768031011167,"integrity":"sha512-f4eRREGWid5wftc4SFbiJ3dH7pQeGu1llMxC5IV6k48ApSax7/EPgMqMkn1QUtZDaU6SswhwhfoRTGLp1g62XA==","mode":420,"size":4394},"dist/shared/confbox.9745c98f.d.ts":{"checkedAt":1768031011160,"integrity":"sha512-2bww1kWijAz4gt/NafmMuIgO3qnHgfBCpeMKWxZ6CpppIGdj8UDVrOh5OYrj/h9+BFDovuhgHKruMXWOnOn5AQ==","mode":420,"size":655},"dist/index.d.ts":{"checkedAt":1768031011167,"integrity":"sha512-Lx2siuthcLjv8BL9AgINcUea1WQz15z9e1uxDWrGeL+l0lxXEIIMEpEKVIcpx36y2Y6I6WsWZ7y3fUi6idjstQ==","mode":420,"size":1502},"dist/json5.d.ts":{"checkedAt":1768031011167,"integrity":"sha512-82c67nTL7Bh0yZYiFjZ4fr+XLpXOC99B4GuhtKe+5gDbvMWk0C+jNXOldKD9vguwF4o/WaVundVPtNPjOotcjA==","mode":420,"size":2672},"json5.d.ts":{"checkedAt":1768031011167,"integrity":"sha512-solF7P6Iw0Bf9EzCC+olExLRfnnX9jq/d+MeZNBAucVjkj2O0iFBJUB0sJJ1uF+YY19Ra4SrPiNJJcR/Ct2FlQ==","mode":420,"size":70},"dist/jsonc.d.ts":{"checkedAt":1768031011168,"integrity":"sha512-9BbmtMuKPg0aCx0QZAIshqc8k4Do0zqbsdBmpZ0cBB38qqXPkT2X2TReK9U3zD00yrk0Ew+dn9FLKlDTtYW5BA==","mode":420,"size":1455},"jsonc.d.ts":{"checkedAt":1768031011168,"integrity":"sha512-ZEfu2ieh0EafLDreV4XjqIh47W7hPa+AB4dTUd95sLQl+UmHveSgI6kkvUvRd4x+bBZ/jGjwp082qeP+Isrw1g==","mode":420,"size":70},"dist/toml.d.ts":{"checkedAt":1768031011162,"integrity":"sha512-z9ONju62MQ6w4hmIo4MKb930MFlo+12o6mnK55Jx7MFHXej4qpdOEzLX02eAbo8hO5hll7Z2vb4yK5wVpXldGA==","mode":420,"size":689},"toml.d.ts":{"checkedAt":1768031011168,"integrity":"sha512-6stufQLXSbCn95KmqfOuDKJ87OkTi6jCf6e7R388b42ePcvQcOOcc1V8+JqvTNMciqHDiNV211Lv+wqR98Q1Lw==","mode":420,"size":68},"dist/yaml.d.ts":{"checkedAt":1768031011169,"integrity":"sha512-DfzIQHXAcILl9GIY+vuy7O1vHqJgMRVWZcNaGLZslNYHAfXmQqomtDGmwRcsOKlVvqnv4tK/dF/8XAaPdku34g==","mode":420,"size":4393},"yaml.d.ts":{"checkedAt":1768031011169,"integrity":"sha512-ar8NFPakfs8hmnfjTiGrgkW5owVVKZPYmreSXhI7jhF1ZnMKWTAgYAtnxq0nociRhv+LiwlJXElbvPNiPOcp4g==","mode":420,"size":68}}}