{"name":"set-cookie-parser","version":"2.7.1","requiresBuild":false,"files":{"LICENSE":{"checkedAt":1768031008065,"integrity":"sha512-4UfJ9dI4EsGYP8rAz7gXkIJuYHJSnMsE60aWZ8kQdHizh79YVqkNO6obKXkz0yP8+vd+BCjGIUm+EOWo1F6bWQ==","mode":420,"size":1126},"lib/set-cookie.js":{"checkedAt":1768031008065,"integrity":"sha512-h6ikC7W3KSH3GaR0pwyD0E4T5rb2O9Gye/F7eAonNMEQoRrTwTRQ8sDiHsQbeBkgImHTyvAzJAnoURrYcViNCA==","mode":420,"size":6630},"package.json":{"checkedAt":1768031008066,"integrity":"sha512-isBt4ZasFO/XJUffnL8z3Rwbfc7/fVPAqYpQL2dETx3iOplOWBlK0p/RK/H6Smzd2spPGFE5e9m49844cSssEA==","mode":420,"size":1021},"README.md":{"checkedAt":1768031008066,"integrity":"sha512-GlJfYqEZhkmLgp8+UfxVFC08vpYkgsyajG12mDBOUbVye41Wa5GPR0qorhdwLMsfRH1ORwp4QCdMizsgkXL+mw==","mode":420,"size":7297}}}