{"name":"fastq","version":"1.19.1","requiresBuild":false,"files":{"LICENSE":{"checkedAt":1768031010614,"integrity":"sha512-evchPJoEapp+9Kk5zZRA95xtvbXd0GFSaY4aac4rsnAZ0vneEh2tg31ybvorQDRRsid4MQBgM2kH5WpdchOY+w==","mode":420,"size":765},"bench.js":{"checkedAt":1768031010614,"integrity":"sha512-+iDoaM4ZD8Zhfp3FWKoRnGS3uinwAuRJ00JjByAe7ncmIQnU0mRnp0Gtv8Sc5sDiGAX2MNSyjjxCf8ZFGhSMtw==","mode":420,"size":1195},"example.js":{"checkedAt":1768031010615,"integrity":"sha512-mVyQ/Qr0vtPfvHYhmLmQE8jVm+w/kUGleDFk7AsB3+RZb+T+EqLa/6qt/b3naQVTQHtJmaJC+vv1pwDWkpAhPg==","mode":420,"size":238},"test/promise.js":{"checkedAt":1768031010615,"integrity":"sha512-xLQS5asLKgRKL1GooM3ayYGe2StxEqDaE5sDHSIXvhy/5QTm7NTHWHRxiLUu9g/E0FZrojRnqCUzIR9lOiJE+g==","mode":420,"size":6383},"queue.js":{"checkedAt":1768031010615,"integrity":"sha512-d+ufQFCnAAz6fUlSjxhxmoMwKGMhuIm9jsW1jhQ4oOltqb6EqOXSj5x9GHJjYz12hp98cT45UW93sD7dQ+8m7g==","mode":420,"size":6244},"test/test.js":{"checkedAt":1768031010616,"integrity":"sha512-5k/mFN5IMKNn2LjVeZIBFH639L1nVZRh4Un5rpspaGbuBR5kwLDJDRnKOw4sSIuWqvUVeVha7s5pxF8LT8t3qQ==","mode":420,"size":13983},"package.json":{"checkedAt":1768031010616,"integrity":"sha512-j3x4reeEgicCGYks4QrcD0IaunnTvXD/3Z+eMhaLe338b/khHZuOUgMk6+whScG07qGH6udIZXE3MfShzL1bfg==","mode":420,"size":1374},"test/tsconfig.json":{"checkedAt":1768031010616,"integrity":"sha512-IDz3YjBY1JHTNafNe7pvDTVHDTsJsJpTEF0auzU41Ie7/YvP7PbjpJL15NCx9kej0OpNNQWEVZGwFH7RUI182A==","mode":420,"size":154},"README.md":{"checkedAt":1768031010617,"integrity":"sha512-H8JU+0hivzrObHznhSlCoIxA6i5OIL1uqkvsjqy0S3inD/fF6UVzUddbtyXcQg0nGPIVbQkiBOduKRrkcC0/9g==","mode":420,"size":8343},"SECURITY.md":{"checkedAt":1768031010617,"integrity":"sha512-0nt0GWMXpexFLbBcpryZYosPIf4AmBYor0HrBH47topAb1/CuNNADj8eiMktKqZEM6VVua/EBX29nowMfRfu0A==","mode":420,"size":455},"example.mjs":{"checkedAt":1768031010617,"integrity":"sha512-AFtzXI7xjdmMtpI/gIogVu2gHJbHj1NGQtvK4cFOMO7/KcWSMg9LNGLmwSpBlIP0g/V7cxG2giJjNdklEIerpQ==","mode":420,"size":221},"test/example.ts":{"checkedAt":1768031010617,"integrity":"sha512-R6a5N1sMGaG91WDB0jAE32Eve9sxsAxifKz6uC6itCZnSL6Dm9pZzrhDej/qvMkcxO8i5dI8FNl6Fd+VR1SQWA==","mode":420,"size":1462},"index.d.ts":{"checkedAt":1768031010618,"integrity":"sha512-JltPaRCT0qGN6Mf//XFN5B9eX8EyfgLOxmc40bkcrxl8Qpd7EJcApfSeS7m1Fq+XfxLQB0AK3j6ahMU3ESFnZA==","mode":420,"size":3505},".github/workflows/ci.yml":{"checkedAt":1768031010618,"integrity":"sha512-LKX+ZzC6F9ywWiNn+1ixfmPhjSyj8XJi5C7fooAK4eZfcMRWOz4PhJ/A5fuTOXmzxmX4SHuhYOIi9HmDr87NVQ==","mode":420,"size":1408},".github/dependabot.yml":{"checkedAt":1768031010618,"integrity":"sha512-X99brF4xMYFpV19YG2rwc9Z8c3Dd1RSctfiao7387XVAGS8hlzICHKT1w0uKLggjbN2D2gdG9Zk+blajxLe/QQ==","mode":420,"size":192}}}