{"name":"minimatch","version":"9.0.5","requiresBuild":false,"files":{"LICENSE":{"checkedAt":1768031010729,"integrity":"sha512-wTfnc8s4Ray5d2LQ5WOrwpjTCiFgbWQCejR55GCiahxw1tnmV7UJMUH+GfoXlvcmjn+hdzfOaV/0kbit9GNBJA==","mode":420,"size":775},"dist/commonjs/assert-valid-pattern.js":{"checkedAt":1768031010729,"integrity":"sha512-a8Rc1kYBB6pmfOwXDlMY5DuRwuDYXJoWJQ+xy4XsQUIKhD9Vo8q99GDx57gZNIgoex6YBkGniWFooc7MAGufSg==","mode":420,"size":492},"dist/esm/assert-valid-pattern.js":{"checkedAt":1768031010730,"integrity":"sha512-jNueGz4Tz93IzbNSKtEvGde/72E+wspDmrHy5nbqEuLFEDLdESNuaVp+bDVwxH1vKzovoUttHkiwF7gWNog0ig==","mode":420,"size":336},"dist/commonjs/ast.js":{"checkedAt":1768031010730,"integrity":"sha512-FRgIpeuLA6M0vu+C/5dZE9/JtXlYoKk70+gMWtgSI6rGgtIZUJmRb0cK52oz5vkQ3w/Mr9m+44H2veXznzPHug==","mode":420,"size":22822},"dist/esm/ast.js":{"checkedAt":1768031010730,"integrity":"sha512-jFhrx9ryLCuWiDudI+qnYI+UM3vtAmrbHpgsnXA3iPlQcJPEY+AW2H6Os3DJcU9t/+aWK+j2BygS9iAHjQPTVQ==","mode":420,"size":22588},"dist/commonjs/brace-expressions.js":{"checkedAt":1768031010730,"integrity":"sha512-Bru5VbrTcS3i0H2TiPw4kW8n1TTjtvzK3zlvRFxG0XQvWFwJh9JfNo/tOao+d5TyGvJOtssNubPHDem5ozH7cQ==","mode":420,"size":5763},"dist/esm/brace-expressions.js":{"checkedAt":1768031010731,"integrity":"sha512-7foQzaG2CQihRczW0qAu6U70+vPmCepgjk7ZeCkFE20Anky37mZoSEuIAGLN2b9Sviqa03GExTn2EwhwnRrh+g==","mode":420,"size":5631},"dist/commonjs/escape.js":{"checkedAt":1768031010731,"integrity":"sha512-M0YjKsGLZRG+gJV+/q9zhcB6OswDbiqlSrOLV/AjyOd2mTeqo1lsE8MwqJTU8OdCfuHtDafB5Ot1NLN7jxtAog==","mode":420,"size":968},"dist/esm/escape.js":{"checkedAt":1768031010731,"integrity":"sha512-tHYvgdwzprrbGYMq4UWk8XaMlhUpLy2x7P66m3iDmHjW0DI+ubPuOuiwjkXmuHHgT0OpZNH+mZ9uBcIJ/FPaEQ==","mode":420,"size":848},"dist/commonjs/index.js":{"checkedAt":1768031010732,"integrity":"sha512-EJg5cuVt610taWhwvRHhGZcAT+ap1q+0glXadeblpRbjUQ0Hr3YJns6WG8fdRLLWs/koY0m62knZR323EkOTWw==","mode":420,"size":40557},"dist/esm/index.js":{"checkedAt":1768031010732,"integrity":"sha512-yy0aOmH+P96YcVhnUWKAU/N2l7IJMovltr8P9DPqvXUvH99bz22f8ftd2/QA1LgS9tbtLxsNL6BJPMzeKGDGzg==","mode":420,"size":39098},"dist/commonjs/unescape.js":{"checkedAt":1768031010732,"integrity":"sha512-kjJulObJld65HIWzPMdLElqKTvb1vNUDx4u6QUMz1nTnmTE6+L7qNIq+xqc1d3ye0BCsHPuOIQTPlGGmPvbDsA==","mode":420,"size":973},"dist/esm/unescape.js":{"checkedAt":1768031010733,"integrity":"sha512-BCV8M4A0gZDdrcs23RlVwIW5HE+bujic7CwRJFD+ODBQauhX+DhUO3Mc7w/R3fdJ4iTJ8dAIKh0N0A7lR45yrw==","mode":420,"size":847},"dist/commonjs/package.json":{"checkedAt":1768031010733,"integrity":"sha512-bFiTnaWPm3Fik6gyj3o2SbbiQr8jX64ABVoMx5+yeI5Kmd+qQi4M+tvoTg1eM7g29oYn5qQJZUh37cRDuU0ExA==","mode":420,"size":25},"dist/esm/package.json":{"checkedAt":1768031010733,"integrity":"sha512-nTI0IMxjxr7nncxdtfDxj2uOBz2q+P+lRZ4R8t5ZqfXowXjXf6kq/J3dNSYj3sNixi//hZxxovq5Px4hcsSYfw==","mode":420,"size":23},"package.json":{"checkedAt":1768031010734,"integrity":"sha512-5X1d3/4GN4QkCabvWQaz89SialTKzswMLbNkEVMrZ5shp+73w6Hv5nOzl7n99Mvn30h1THmyf9JqkHD7rtD0Fg==","mode":420,"size":2003},"dist/commonjs/assert-valid-pattern.d.ts.map":{"checkedAt":1768031010734,"integrity":"sha512-Fy5KNfXg7XjXzkULBfz9O2OhNtca0pkoMPZQJ3Eq6RHPwW4RdBgSu15wMCJJF6kO8MQgvHdeLbSL+85j+V26Og==","mode":420,"size":199},"dist/esm/assert-valid-pattern.d.ts.map":{"checkedAt":1768031010734,"integrity":"sha512-Fy5KNfXg7XjXzkULBfz9O2OhNtca0pkoMPZQJ3Eq6RHPwW4RdBgSu15wMCJJF6kO8MQgvHdeLbSL+85j+V26Og==","mode":420,"size":199},"dist/commonjs/assert-valid-pattern.js.map":{"checkedAt":1768031010734,"integrity":"sha512-N76agnGonZYLLEGi5ILcYNcpWOxf92+Ty9EW+gWaPL21a76BJtJg9zwvg9qyAT+BG7juj+PZLgrHDJopXrig2g==","mode":420,"size":802},"dist/esm/assert-valid-pattern.js.map":{"checkedAt":1768031010734,"integrity":"sha512-8B6+obMpuLoRPy3F/39Q7m5vFoif2Qv9WbH1bWaD3gTu2XN0Z1dxh2WEj0CaT1VWijImiFvdZ+seG0gKedAIqQ==","mode":420,"size":785},"dist/commonjs/ast.d.ts.map":{"checkedAt":1768031010735,"integrity":"sha512-Xm2pmtjb1+fyAlmo7xHBLa/BWzKWBXSsecrO6+pGqOtmU2GyvK7wEmOAPuzSqzc+pv8byWoioBbta4B8tkOhOA==","mode":420,"size":868},"dist/esm/ast.d.ts.map":{"checkedAt":1768031010735,"integrity":"sha512-Xm2pmtjb1+fyAlmo7xHBLa/BWzKWBXSsecrO6+pGqOtmU2GyvK7wEmOAPuzSqzc+pv8byWoioBbta4B8tkOhOA==","mode":420,"size":868},"dist/commonjs/ast.js.map":{"checkedAt":1768031010737,"integrity":"sha512-jU9Y3RUv+xe0pGoBfq3+YbBZyaB093X9FBfJWEfmz6pI88XpzDf+cLPzB62klx/llD6WFjBdzUStoga9Mb4ILQ==","mode":420,"size":40021},"dist/esm/ast.js.map":{"checkedAt":1768031010738,"integrity":"sha512-V3Tk8VLEbVi5JejIDaKM+Z5h/XfLRx8zs2hgwoUrb84LifeQ71GNftCjd0h1dzkmUFxTnGmwDnvzLdgkLA39Ew==","mode":420,"size":40036},"dist/commonjs/brace-expressions.d.ts.map":{"checkedAt":1768031010739,"integrity":"sha512-EgM0uhlY9QPpotfj1xoxeWyAsghr1Kc7XLOKAXZVrFNSHQ2WcYJbbxMMxQ3O0wvt0XNvARQ0ry8t9FBCz6O/6A==","mode":420,"size":304},"dist/esm/brace-expressions.d.ts.map":{"checkedAt":1768031010739,"integrity":"sha512-EgM0uhlY9QPpotfj1xoxeWyAsghr1Kc7XLOKAXZVrFNSHQ2WcYJbbxMMxQ3O0wvt0XNvARQ0ry8t9FBCz6O/6A==","mode":420,"size":304},"dist/commonjs/brace-expressions.js.map":{"checkedAt":1768031010739,"integrity":"sha512-oGZLLJ65q81Q51hKU7DihzVAJ0uYGU/AaZTfr35dMmsgyvp+VkPOHyuFp+Ig/GoOuIxNA60UfvPhxJOSbwA5tw==","mode":420,"size":10371},"dist/esm/brace-expressions.js.map":{"checkedAt":1768031010739,"integrity":"sha512-B/78IjAo0Xm8jTI+3vdb0uf2qn5tZS/sWwk6vU/4pe5Ao8aTavkBWjeImwS3qxqJhwxOEeHhjfpQGNwis9zWXg==","mode":420,"size":10355},"dist/commonjs/escape.d.ts.map":{"checkedAt":1768031010741,"integrity":"sha512-whnWn9sleswY7u9+ge1bC9G0zIshlnjXe7LRQy7lV25/LUzZYa/C4IKLGZLkSc/u+MybQ/sJrcj4AEpq34jIWQ==","mode":420,"size":244},"dist/esm/escape.d.ts.map":{"checkedAt":1768031010741,"integrity":"sha512-whnWn9sleswY7u9+ge1bC9G0zIshlnjXe7LRQy7lV25/LUzZYa/C4IKLGZLkSc/u+MybQ/sJrcj4AEpq34jIWQ==","mode":420,"size":244},"dist/commonjs/escape.js.map":{"checkedAt":1768031010741,"integrity":"sha512-bcWjctg3z5nJYfwSWph4WP7DoMbdT5ac8BhPHeOs6xuW6/r7aG+N7MQHo3K+lBrKFTKP4iY9sHTBpkKtUJykHQ==","mode":420,"size":1378},"dist/esm/escape.js.map":{"checkedAt":1768031010742,"integrity":"sha512-VdN5cY4IsjOKwwW7mHlj1Xwzotn23mW/sha3907kSzFlT3+cbu9VgiEUqm2tvCCz40sF89ttiRNmXQcszvr1+Q==","mode":420,"size":1364},"dist/commonjs/index.d.ts.map":{"checkedAt":1768031010743,"integrity":"sha512-SyodlJOeR/vu847GMWTnuDBk/936OJnEZ88E6OpfEK4XuR7YTwgnuSEbV1orFO1ywjwrjBCnikMMw6waMtcmmA==","mode":420,"size":3194},"dist/esm/index.d.ts.map":{"checkedAt":1768031010743,"integrity":"sha512-SyodlJOeR/vu847GMWTnuDBk/936OJnEZ88E6OpfEK4XuR7YTwgnuSEbV1orFO1ywjwrjBCnikMMw6waMtcmmA==","mode":420,"size":3194},"dist/commonjs/index.js.map":{"checkedAt":1768031010744,"integrity":"sha512-sJ2wImDlp7ymIvZKJzNNj6hNvptl+IyWf3NHYC9LBzLc5t176Gc2k6A3SwwWwlVgM7e+YkYEUK7kpL3UCocvSQ==","mode":420,"size":71631},"dist/esm/index.js.map":{"checkedAt":1768031010748,"integrity":"sha512-GBG8lfldri6ZmuhW+FAgVRWJjZDxB7IjGWoWTjsXBxogYJXdHcidkX8nmIxwMuZKyUbJXWOIuJegolX/5r1XiQ==","mode":420,"size":71657},"dist/commonjs/unescape.d.ts.map":{"checkedAt":1768031010748,"integrity":"sha512-wIgSHEzcyTjB6v3CYFjORgsruIQjoksfdH0ECWQlfM8O2b4Qdn9ycqxIZCFD7xUz7CFw9A6AwTO7sRMZA7JFxg==","mode":420,"size":254},"dist/esm/unescape.d.ts.map":{"checkedAt":1768031010748,"integrity":"sha512-wIgSHEzcyTjB6v3CYFjORgsruIQjoksfdH0ECWQlfM8O2b4Qdn9ycqxIZCFD7xUz7CFw9A6AwTO7sRMZA7JFxg==","mode":420,"size":254},"dist/commonjs/unescape.js.map":{"checkedAt":1768031010749,"integrity":"sha512-IRdwnM2yNa499gSk4ZTLiky2n/QLeN6U+NQisSikMpQ0IT4Ktm5ozSEtzD4PlsHepTfXfR7GW25SCsx2vH/qCA==","mode":420,"size":1403},"dist/esm/unescape.js.map":{"checkedAt":1768031010749,"integrity":"sha512-M0k+VKFnOsqqdJeJXmuqjiN4kVw7tCetjnmOfJRQCVt66oPCKn6rUX4vM+QM6tJBSpBpsu3Yu4AkHK0+Ri+L8A==","mode":420,"size":1389},"README.md":{"checkedAt":1768031010749,"integrity":"sha512-5NnNYcUtbCGbBolPvHGQsRlBM3GUS6FoBO4ohMjnUQEHKHLMmw0ACkIBRJhsPGIRed7d6mdVX0+rBytRlOvMrw==","mode":420,"size":16942},"dist/commonjs/assert-valid-pattern.d.ts":{"checkedAt":1768031010750,"integrity":"sha512-quDCp3uoStzxT8Se3euRizqmwyOhC1wwCDNf6pN4v2thvViiHGa8IAQj3Mln2PFak/Mns5l6I2fbzdpTvmSLnA==","mode":420,"size":115},"dist/esm/assert-valid-pattern.d.ts":{"checkedAt":1768031010750,"integrity":"sha512-quDCp3uoStzxT8Se3euRizqmwyOhC1wwCDNf6pN4v2thvViiHGa8IAQj3Mln2PFak/Mns5l6I2fbzdpTvmSLnA==","mode":420,"size":115},"dist/commonjs/ast.d.ts":{"checkedAt":1768031010750,"integrity":"sha512-jxX82c7zEe971+fB2RcmUzJcRTeoFHX4v4Y3tEQBPZ+6aRada+9AwOD0ymFi4nDpjE0YOBwUHY+nq78xS6JDdw==","mode":420,"size":795},"dist/esm/ast.d.ts":{"checkedAt":1768031010750,"integrity":"sha512-jxX82c7zEe971+fB2RcmUzJcRTeoFHX4v4Y3tEQBPZ+6aRada+9AwOD0ymFi4nDpjE0YOBwUHY+nq78xS6JDdw==","mode":420,"size":795},"dist/commonjs/brace-expressions.d.ts":{"checkedAt":1768031010750,"integrity":"sha512-Y6/wejwLex+OJBhuIb61iMU6hdqzTIhqQFMMkAS6Ldt2+maC61WB3OZmLM21rW2DaI9tpwi9V6hrLepqcRXfKA==","mode":420,"size":251},"dist/esm/brace-expressions.d.ts":{"checkedAt":1768031010750,"integrity":"sha512-Y6/wejwLex+OJBhuIb61iMU6hdqzTIhqQFMMkAS6Ldt2+maC61WB3OZmLM21rW2DaI9tpwi9V6hrLepqcRXfKA==","mode":420,"size":251},"dist/commonjs/escape.d.ts":{"checkedAt":1768031010751,"integrity":"sha512-xffGtEDCWQ+FD6MT+CncC06HutYdd3BCqf4VdvyXdzvWzmqfdo1Sg7jWrkxNvq6R98X1oOgI+Ulmu/+d3sCjow==","mode":420,"size":647},"dist/esm/escape.d.ts":{"checkedAt":1768031010751,"integrity":"sha512-xffGtEDCWQ+FD6MT+CncC06HutYdd3BCqf4VdvyXdzvWzmqfdo1Sg7jWrkxNvq6R98X1oOgI+Ulmu/+d3sCjow==","mode":420,"size":647},"dist/commonjs/index.d.ts":{"checkedAt":1768031010751,"integrity":"sha512-BdHDsCqOpPLlXctlWzzo2wv4XtnogfVOFNbUHktneEdmmEMHHvMV0+gQwt2TUvqSQFVMeAd5zitkKHHVo6FhEg==","mode":420,"size":3901},"dist/esm/index.d.ts":{"checkedAt":1768031010751,"integrity":"sha512-BdHDsCqOpPLlXctlWzzo2wv4XtnogfVOFNbUHktneEdmmEMHHvMV0+gQwt2TUvqSQFVMeAd5zitkKHHVo6FhEg==","mode":420,"size":3901},"dist/commonjs/unescape.d.ts":{"checkedAt":1768031010751,"integrity":"sha512-rHzjlijeetbhsYPFwJlAsZBF4heunfls/xb/nwF5fFzv6nJFwZeu/OK1uNHqWI/7CWctrqiHLpU+6MVGW4HISQ==","mode":420,"size":788},"dist/esm/unescape.d.ts":{"checkedAt":1768031010751,"integrity":"sha512-rHzjlijeetbhsYPFwJlAsZBF4heunfls/xb/nwF5fFzv6nJFwZeu/OK1uNHqWI/7CWctrqiHLpU+6MVGW4HISQ==","mode":420,"size":788}}}