{"name":"acorn","version":"8.15.0","requiresBuild":false,"files":{"bin/acorn":{"checkedAt":1768031005916,"integrity":"sha512-MLaQItkJuwyhrOKJyF/FKtIdJwIiCu8UK0PSNMdp2ycxUj54eYbX+eJ5qErbBGeZHapr4AdsuP9H+7gw1Kk0pA==","mode":493,"size":60},"LICENSE":{"checkedAt":1768031005917,"integrity":"sha512-sSZwWv50/V8LvOOycBo3ZvVml2zjfWDJyOeVwSWOfsidDTOfYQDxkZeYn5ZHYrtjwEzQ83d7V5QU92poVo7VEQ==","mode":420,"size":1099},"dist/acorn.js":{"checkedAt":1768031005918,"integrity":"sha512-2Fzm70I4oWrmN1lhsLP2O3W3BeoJ5SJZqVQ7wCzxguNgjCyo5slvQTB+UyzOaR1ZVq8bp1u6dMxM6dpZ+o8ggQ==","mode":420,"size":241575},"dist/bin.js":{"checkedAt":1768031005919,"integrity":"sha512-6nkNnZ8lxg2Q5+aZGEu2IEM5+AbG2/QKgK3DmUHN3Zznv6eDLpaS00D3mPc8608vB+Nz6dgRKp8jZ+Lg6u89pw==","mode":420,"size":3329},"package.json":{"checkedAt":1768031005920,"integrity":"sha512-8XvAlCd4SpAkuMl3PySAmgc0jND0VN70zA3uSKNNOTcR91kcZis2yY13pyMkTxn4rDWHBtcITRXXVSIhYWKrhw==","mode":420,"size":1061},"CHANGELOG.md":{"checkedAt":1768031005920,"integrity":"sha512-sUiuNPG+EIQxAp6VeGwnIvWT9fAB68nGftMOEXX55eSlej21pVLZUOW8hE7F+zw7xktqrMDt7d1t5kUzQANq7g==","mode":420,"size":23249},"README.md":{"checkedAt":1768031005921,"integrity":"sha512-UMAttWl2oI+Ioy/gdDBBjwJcwVAZN/770drh0lN4DlTiDlbWejHgOcvV4kSc1GdAiWhdqNZgLxuKHhUT66FdpQ==","mode":420,"size":10799},"dist/acorn.mjs":{"checkedAt":1768031005922,"integrity":"sha512-wsf5g/JpHKdSR2q3mf81WehA6ANc8i8EiGSj5ODQnps2VIDRzgYtma2yLhWt8n0+CoNyGLx53PnTe2B4EMGqRQ==","mode":420,"size":229792},"dist/acorn.d.mts":{"checkedAt":1768031005923,"integrity":"sha512-Anq5napGm2hHf8bVEfiJ5VdTTAMiHWUcSKfpjSfw6fzqCE7xSwPFmBkGuaFoXzc0JH2VfFbUTAOOVC5Kz5NaDw==","mode":420,"size":21989},"dist/acorn.d.ts":{"checkedAt":1768031005923,"integrity":"sha512-Anq5napGm2hHf8bVEfiJ5VdTTAMiHWUcSKfpjSfw6fzqCE7xSwPFmBkGuaFoXzc0JH2VfFbUTAOOVC5Kz5NaDw==","mode":420,"size":21989}}}