{"name":"vfile-message","version":"4.0.3","requiresBuild":false,"files":{"license":{"checkedAt":1768031009041,"integrity":"sha512-ic4iF2Ap25Sn5T9MMw7nJ9C20WL6V01rybBBQi2Qx8cQC9/ERFEqGnove1HT65tK2TIKM30PZoOV3Qbz2FE//A==","mode":420,"size":1094},"index.js":{"checkedAt":1768031009299,"integrity":"sha512-QaT49L1FiO/CGlKgUMV3HeF3MXW6t7KDm5XrZUHFZzxQ4AfZqQUQgJ/KlAPx2QndyoiRek8Vx/6xIMYrJqK31A==","mode":420,"size":108},"lib/index.js":{"checkedAt":1768031009299,"integrity":"sha512-aWhaz0bHRjadF9tdIEjGnzaptYMKD5/oLAXylZ9Mhd3j2Bn2SPnuQvv0cr1wrGeAQOOFlqIyTXnRN8KJfOg/cg==","mode":420,"size":8215},"package.json":{"checkedAt":1768031009299,"integrity":"sha512-3TjjLqmC2mORJTbaxsnCToTZpt7DpZbklKCnBSlnJI1farp9NAu/Kpj2CjwqyKAS1jFUCWCY/aJ74k/09WLUkQ==","mode":420,"size":1997},"readme.md":{"checkedAt":1768031009300,"integrity":"sha512-mgJv0j0qLbawNdLspJyw01U1UC6kLy2StIBSnNsl0qg5mJ3F59exxp9LMYKZJF0/8WSrh2XhZo6uDUrQelkDhw==","mode":420,"size":6959},"index.d.ts":{"checkedAt":1768031009300,"integrity":"sha512-Rv8W2BWQVXZ5X58AukWnuXnY0ZDJu2UO++5ytpnJ+1XaJBvJOXiETn2Xw0UAp9lXIN4NMuv3YPOXbTngHQUNgQ==","mode":420,"size":103},"lib/index.d.ts":{"checkedAt":1768031009301,"integrity":"sha512-3aGJ56L4Udkdu0OlGi3bDuJoi7iEb1c16ia/A5whOljqb8FFhysV5JXh6YetZ9+cHrDYrk/Rg6K2ffVo2vh4iQ==","mode":420,"size":15744}}}