{"name":"yaml","version":"1.10.2","requiresBuild":false,"files":{"LICENSE":{"checkedAt":1768031008474,"integrity":"sha512-XdkDHV47f1p0ViMQyWM/Cox1yL6PjgL+JRsiT1CLTcE+u4k2kZymiI8fxrXD30mPnoNLaEKhkFvJRaO9FuJCfQ==","mode":420,"size":743},"browser/types/binary.js":{"checkedAt":1768031008474,"integrity":"sha512-hNNoeH5MvNYfMHCqlNJ2Cc3D1IdeI8PsAWlR1FP/5QlizLAUqdfZ0xbm8f7eU5O2YpKfBEgJZREKhxP2xFew4g==","mode":420,"size":231},"types/binary.js":{"checkedAt":1768031008474,"integrity":"sha512-hNNoeH5MvNYfMHCqlNJ2Cc3D1IdeI8PsAWlR1FP/5QlizLAUqdfZ0xbm8f7eU5O2YpKfBEgJZREKhxP2xFew4g==","mode":420,"size":231},"dist/Document-9b4560a1.js":{"checkedAt":1768031008475,"integrity":"sha512-hQ3Vsit9GX3s6GRAkYeE+Tbaar+zHwj8ahLHy20yiKN4UYKlT6tnGPEiNpiZ3sk+KXJVm+lhUS8GB4XQSfta3w==","mode":420,"size":20060},"browser/dist/index.js":{"checkedAt":1768031008475,"integrity":"sha512-nNiFFKOIesH1QtxnAlmAx/XckPLcw6CPMO9qO3uk1MweGKInPHg9RZXnTDjYzTIORISy6W8qnVvdXeOwb3shTw==","mode":420,"size":27609},"browser/index.js":{"checkedAt":1768031008477,"integrity":"sha512-84P2jZEKvdxADZOZ4QSTFCpw3efMDVOhXpGSq/weYFWed86DJHrMtZZY9uG/sWUnw/SvRgZ++TMZfS48hZFfeQ==","mode":420,"size":40},"dist/index.js":{"checkedAt":1768031008478,"integrity":"sha512-ZC8i1b++c5AUlT0uLNRo3NlBswNly1SV1uKqlmv4wWYp7DvRdpqH49c9kraHn3vKjAsRa2fxkBdml/cYZgm3fw==","mode":420,"size":2006},"index.js":{"checkedAt":1768031008477,"integrity":"sha512-84P2jZEKvdxADZOZ4QSTFCpw3efMDVOhXpGSq/weYFWed86DJHrMtZZY9uG/sWUnw/SvRgZ++TMZfS48hZFfeQ==","mode":420,"size":40},"browser/dist/legacy-exports.js":{"checkedAt":1768031008478,"integrity":"sha512-nlZSvK8QaW/pY7TX45zIx0DXq6pC1rJgPi9RdGFs8eXZFvvUC9NsZiWxQik+31v47qEuGcwflig47mrHbanb0A==","mode":420,"size":229},"dist/legacy-exports.js":{"checkedAt":1768031008479,"integrity":"sha512-4v1vxKwUdFqLlpLHb9CthgFQTC4PQDDVLh4bIwohm28htQtGpj2mgxPKFvMpSAxYQeTMZxAzKh/tw35Sn8+FFg==","mode":420,"size":442},"browser/map.js":{"checkedAt":1768031008479,"integrity":"sha512-hGorxl8JYuYoywHfjbDxLXyzn9+wH8gpMMEoacowg97PqB3ilYWV2VKlOkiq1kgibaGQpz4PxFRh0l/fkEQmUA==","mode":420,"size":114},"map.js":{"checkedAt":1768031008479,"integrity":"sha512-hGorxl8JYuYoywHfjbDxLXyzn9+wH8gpMMEoacowg97PqB3ilYWV2VKlOkiq1kgibaGQpz4PxFRh0l/fkEQmUA==","mode":420,"size":114},"browser/types/omap.js":{"checkedAt":1768031008479,"integrity":"sha512-3Gaz393qzlkFC7vSrFpx2aX9P4gb+T7u/cYDNfyYXSzO3kzXEe9pdAhPq9mEBo4e3Tr7QqTmhdzPYxTUbnKXdg==","mode":420,"size":117},"types/omap.js":{"checkedAt":1768031008479,"integrity":"sha512-3Gaz393qzlkFC7vSrFpx2aX9P4gb+T7u/cYDNfyYXSzO3kzXEe9pdAhPq9mEBo4e3Tr7QqTmhdzPYxTUbnKXdg==","mode":420,"size":117},"browser/pair.js":{"checkedAt":1768031008480,"integrity":"sha512-wTO7/N3yuSQCmm2/CqY4eVV/3s4mK7sCeUMrNz6MmecZEA8UZVYd2wqF08kvL70wRiocxVVzirRfy+J/OpZMEQ==","mode":420,"size":111},"pair.js":{"checkedAt":1768031008480,"integrity":"sha512-wTO7/N3yuSQCmm2/CqY4eVV/3s4mK7sCeUMrNz6MmecZEA8UZVYd2wqF08kvL70wRiocxVVzirRfy+J/OpZMEQ==","mode":420,"size":111},"browser/types/pairs.js":{"checkedAt":1768031008480,"integrity":"sha512-az6EMLBWQsoiv2LoQ9fdJk3nWbudNUBuEuvrcg4MpX/6VZncjWDdzP3DnjUa33vmrTorwb5BcZwWmDcIMT4tgQ==","mode":420,"size":118},"types/pairs.js":{"checkedAt":1768031008480,"integrity":"sha512-az6EMLBWQsoiv2LoQ9fdJk3nWbudNUBuEuvrcg4MpX/6VZncjWDdzP3DnjUa33vmrTorwb5BcZwWmDcIMT4tgQ==","mode":420,"size":118},"browser/dist/parse-cst.js":{"checkedAt":1768031008481,"integrity":"sha512-5WOF4Bv0LY5UDXYpoKzcYrrL+Fv9Q/L0pQuQSFXj4uBgjtrhsCXuWrvOkZ5YzRQgvrBKfKESw2e3Ci4uk5eipw==","mode":420,"size":54633},"browser/parse-cst.js":{"checkedAt":1768031008481,"integrity":"sha512-qTGdUavKlZGBT+k5gRFOLqS6WakLe5TZ6zvB2FDXiBbHezdsT1FXGmd8kNJzkP0QqcTsdpmp5V54HDbp+1k05A==","mode":420,"size":51},"dist/parse-cst.js":{"checkedAt":1768031008482,"integrity":"sha512-eIWQb8bCyBKigwmVmzqJ4kREkUFH8U4zeYLjeebDMuTFMInpm3E4h3rHOGewtvhAu/4pauB//cngkdYwG9gHcw==","mode":420,"size":47127},"parse-cst.js":{"checkedAt":1768031008481,"integrity":"sha512-qTGdUavKlZGBT+k5gRFOLqS6WakLe5TZ6zvB2FDXiBbHezdsT1FXGmd8kNJzkP0QqcTsdpmp5V54HDbp+1k05A==","mode":420,"size":51},"browser/dist/PlainValue-b8036b75.js":{"checkedAt":1768031008482,"integrity":"sha512-rqp/+KGql3lY+x14+XhOzUfnNlNoLQln2s5TugrPpBKLtUrk7p7SQWH/C7c28IgtIAQ/mMIEa3tw01uT8UiKJQ==","mode":420,"size":33941},"dist/PlainValue-ec8e588e.js":{"checkedAt":1768031008483,"integrity":"sha512-E1aEiud0GBov3iMNu1u+6kgK/hyKl/dYe3rydVLvsdf/SJq4Qkm4h57MMu8353/iPotEK2XuusvelJD8y7XDHw==","mode":420,"size":20511},"browser/dist/resolveSeq-492ab440.js":{"checkedAt":1768031008484,"integrity":"sha512-QU066Ys5r65HUj3rSenX/89BTZM7xx9vPAONYIwUBEZXpnxJMT/XLwI43PC/Vx8sfF2xgAlkecqfPoS/iYdWZw==","mode":420,"size":71001},"dist/resolveSeq-d03cb037.js":{"checkedAt":1768031008484,"integrity":"sha512-MReWMxruOuZKlzkfwO7tiHSRKm9ykMPy0XUJ9dpQ4llvkgwvKr/h4o3s/O3icN2xBNKPTsG0UlRQO4Ck2aAS5w==","mode":420,"size":60925},"browser/scalar.js":{"checkedAt":1768031008485,"integrity":"sha512-oHZV5nmXr5jqxy6yTueWsErqASHQMAgDmNo1sOHW4JaUZ1DORt8WJF2oadP81XVaag1HxTX/B9+jmzmoJno+2w==","mode":420,"size":113},"scalar.js":{"checkedAt":1768031008485,"integrity":"sha512-oHZV5nmXr5jqxy6yTueWsErqASHQMAgDmNo1sOHW4JaUZ1DORt8WJF2oadP81XVaag1HxTX/B9+jmzmoJno+2w==","mode":420,"size":113},"dist/Schema-88e323a7.js":{"checkedAt":1768031008485,"integrity":"sha512-Z/NVGGYRUjOvWmfnRO6acHyD0d6Cqgp+60u5JKBJqkflKY1ulKMnFf3Bcz/tRcSZod9PN90YOq5eEPzIDziERw==","mode":420,"size":14656},"browser/dist/Schema-e94716c8.js":{"checkedAt":1768031008485,"integrity":"sha512-0NRUz5A2jDHdQlPlhcVtL/a9qxlcwg1tug+arX8JeJGu0t/rpgJNS3nDW/ZdpDuZPhoyajriQl0uE7ZB17rGRA==","mode":420,"size":18090},"browser/schema.js":{"checkedAt":1768031008486,"integrity":"sha512-fSzTLVJSjvJji4DhA/xUyjBXNsox/HnPoqyhwvtEjCPaCvBw0SDFUJGu6h42napqXfd+88hWXrL/xgtT9ierFQ==","mode":420,"size":311},"schema.js":{"checkedAt":1768031008486,"integrity":"sha512-fSzTLVJSjvJji4DhA/xUyjBXNsox/HnPoqyhwvtEjCPaCvBw0SDFUJGu6h42napqXfd+88hWXrL/xgtT9ierFQ==","mode":420,"size":311},"browser/seq.js":{"checkedAt":1768031008486,"integrity":"sha512-/Z4H18uS5hlbL1Od60IjVx7pzLAQ6hmDCyeqJFCSVdOBWTGylVr7TzjrA+H95kwVRfJPRIsylOj7nNDV4dmoKA==","mode":420,"size":114},"seq.js":{"checkedAt":1768031008486,"integrity":"sha512-/Z4H18uS5hlbL1Od60IjVx7pzLAQ6hmDCyeqJFCSVdOBWTGylVr7TzjrA+H95kwVRfJPRIsylOj7nNDV4dmoKA==","mode":420,"size":114},"browser/types/set.js":{"checkedAt":1768031008486,"integrity":"sha512-TxAaX6EZVVyJIW6DQiWtscODR8cpvttUeK92cYItdw2LsY870cMicdDdtE0YiPQEeQPQ9ODn0jKign57RYyibw==","mode":420,"size":116},"types/set.js":{"checkedAt":1768031008486,"integrity":"sha512-TxAaX6EZVVyJIW6DQiWtscODR8cpvttUeK92cYItdw2LsY870cMicdDdtE0YiPQEeQPQ9ODn0jKign57RYyibw==","mode":420,"size":116},"dist/test-events.js":{"checkedAt":1768031008487,"integrity":"sha512-WTwTaPTzooXxKRtoEWmNvDs5wDoM/vnO3zV6GhHuP9Fzf8DRSS43VCvmeTGtivX1uIpIH1MZGZcWhsWdCznNbQ==","mode":420,"size":4008},"browser/types/timestamp.js":{"checkedAt":1768031008487,"integrity":"sha512-2xufou9Z3QQLiHEH42h9xUvI2r/kjsyrPBTzcEjSwhrJ6/Uo39iZ7Q/InI4NkERMS/TSSzH0e8OIB04RbTEZoA==","mode":420,"size":343},"types/timestamp.js":{"checkedAt":1768031008487,"integrity":"sha512-2xufou9Z3QQLiHEH42h9xUvI2r/kjsyrPBTzcEjSwhrJ6/Uo39iZ7Q/InI4NkERMS/TSSzH0e8OIB04RbTEZoA==","mode":420,"size":343},"browser/dist/types.js":{"checkedAt":1768031008487,"integrity":"sha512-sWl0BVjcKJbZlm1wYWMQZU327/tlpA8Toi+UH1OG+aKYx3n2/MEYv0Yk0GI7jPQmV4RgoivOWLYoQefl3QniMA==","mode":420,"size":357},"browser/types.js":{"checkedAt":1768031008488,"integrity":"sha512-eIsC9JwBrN7l+EzMdQWTYyQQEWgPpnm9VMOxGcs2Tq8cRe3Z+LDRLWeoEJ8PwCKr3T+d6CdC6eqPrb1oCl4j8A==","mode":420,"size":41},"dist/types.js":{"checkedAt":1768031008488,"integrity":"sha512-BDgEeJ4x0qKmR+YMmW7iShoCdM1720x6JcSfBqrnpDhSb2q92LYgBLGruBXnPKvSXwReWr/T5c9bPby14aDRBw==","mode":420,"size":740},"types.js":{"checkedAt":1768031008489,"integrity":"sha512-hCC121qmGCZA5CBBy09AbGZdUWaTgjtMouymVzYria8WFLFLtzSJ5jPisGKAjWbgVm+d08chC3GBV0QR2Al7XQ==","mode":420,"size":510},"browser/dist/util.js":{"checkedAt":1768031008489,"integrity":"sha512-KkgDk0Ugqu3oER450o5s/1ZYxPhLnua7kHyf6PyE06jHv0c5CV6ow6vHh0do8fo4/0dh+OPbQ+UvwF84OU+5Vw==","mode":420,"size":304},"browser/util.js":{"checkedAt":1768031008489,"integrity":"sha512-vQB2QBbK0h6IwSwV+JBTcZGLYXs3NAKVCkghoLTjhoN13IDymLx//5GAsJ+G10Cvo37gYr+lQvbAi8H1qxPb2Q==","mode":420,"size":40},"dist/util.js":{"checkedAt":1768031008490,"integrity":"sha512-/V7bTaUwOhFxiXUpn3jikidKzh4ichlOpGrB1JErq9p7CF1fvSkwon3HGsZ5wNIpN/QqVas1rKAPcC/rbxdVIA==","mode":420,"size":686},"util.js":{"checkedAt":1768031008491,"integrity":"sha512-H6cNzsK/PkAHC0lt3Nv1YNi1nIJYkVThbSIDkLIHvzIaFKnBJW1gZ62Lc8KCAGNVD7qp0XQ9uPYdJy0LjJHTtA==","mode":420,"size":511},"dist/warnings-1000a372.js":{"checkedAt":1768031008491,"integrity":"sha512-fxtIa0BW50d4BMqEcCRpkp93s/K2NmonhUQ8nGT6AiZdeKvzZiloH7FpiV+5IJlx6Y2t6N1zmUdQWSQ67B+HdQ==","mode":420,"size":12549},"browser/dist/warnings-df54cb69.js":{"checkedAt":1768031008493,"integrity":"sha512-6i1iAe5yuflyh2mBO7TROkROmbwBa0iiHnUOwl3kZ/dQ45iVJpNwf32pGSipgfhQzcwiVlBRA9p0a/Lg9uJR2A==","mode":420,"size":15120},"browser/dist/package.json":{"checkedAt":1768031008494,"integrity":"sha512-hOahaa8wxXThKUrikgpwmOd/mPZRGsiXpae8EBsLMV5wbei6AoyBbr1qgYuVrtb3hd7PFvOqc5d7Gv9gcrRwqw==","mode":420,"size":21},"package.json":{"checkedAt":1768031008494,"integrity":"sha512-oGyMGfDWGnwPsQocxoYY1DI1tF7RpPwQCUXsRVqoPkGexK6V6as1J0rpoNkhxo/ZCT2y5LgjlMTtuOASHxM4hw==","mode":420,"size":3081},"README.md":{"checkedAt":1768031008495,"integrity":"sha512-wBiaPuGixZAiRKj55MGKBpexNw3Gp5BjPHwbt31H010BsZA2JSFqIyQNubvsKFh1vMm/PNNMZ3+4sRFIFwIFlw==","mode":420,"size":4539},"types.mjs":{"checkedAt":1768031008496,"integrity":"sha512-zZJCms4SarTuu9Sa205F0bmMdp2KUqKqs0rCbvC1ARHZupL7XpjuyQO0R5pyqPkaAyFFrnDMLjzs54aOWAKdMQ==","mode":420,"size":578},"util.mjs":{"checkedAt":1768031008496,"integrity":"sha512-7o47iYSpas3wpSkCljEsTboLMlgHse+W/Li6nUPgznkXr6aSjhMncbJPyxaJnZTzXOdiZn3JvXMqhlmj9kaawA==","mode":420,"size":571},"index.d.ts":{"checkedAt":1768031008497,"integrity":"sha512-07KFTmbw6w/WgMKG/DadvaVGnKbCrKttwZZYIRO1esX4yMcSJ5dvkB6OUid3ROvMr333siinOxFN4qwO5aBysQ==","mode":420,"size":10744},"parse-cst.d.ts":{"checkedAt":1768031008497,"integrity":"sha512-vuWkySz07npzlTDMQ5jRQKjq7TVOUC+juTx8orXYkKo3j/OG4v3xF/6AQptKCcAcUmM6XSLn9XB1+J3zb8rBhw==","mode":420,"size":4512},"types.d.ts":{"checkedAt":1768031008498,"integrity":"sha512-yQKYE4AeencgbWNtSizE4ML0EVZVAWuHFvqDnsLoBz7DpABYWXybs2vEAlkR8wyrpaSDQpXsxp5sV7XD4uwVFA==","mode":420,"size":11628},"util.d.ts":{"checkedAt":1768031008498,"integrity":"sha512-M0YYMCwMfvsddI967iVqj+ZfXJvbBPTJ6tuhC1gIHMyt50nnJzq/9SCoJRMYCdlJuUYZ0A9gQe9o9eDpjgnAhA==","mode":420,"size":2078}}}