{"name":"@eslint/config-helpers","version":"0.4.2","requiresBuild":false,"files":{"LICENSE":{"checkedAt":1768031073620,"integrity":"sha512-3Gto0TuM+VlkS5NfEZKwLHGqelz2U71DtEgPqJ7sjU0/FqInjsjDtAqx/bIzsxc6eP2DWQ1vc54Mno/1bCglVw==","mode":420,"size":11357},"dist/cjs/index.cjs":{"checkedAt":1768031073621,"integrity":"sha512-igrSWsLWqV8Ku2Brn+QiJZixd4OH77va2VG4jagWKVVD4EZ6CHPtXvo48Fb/jPzBFI/Ht9ytcq8OnX7NDI8+0A==","mode":420,"size":17228},"dist/cjs/index.d.cts":{"checkedAt":1768031073621,"integrity":"sha512-bW24hkJkpVXSNEtqh0twHYr5Pm7ITsmT0/SvFFbQQUzdFusDW5bV+Fq2JQpsdoz9iMnuj8zrkfcUojGiivMN4w==","mode":420,"size":1328},"dist/cjs/types.cts":{"checkedAt":1768031073622,"integrity":"sha512-IVGFtPT3L3EMLaWqXrVKqNmbmVQ1jNQ1UI15wQhV2BjWNOUu6ZXd9pv2zlcEQNATydjqwRaU0pIVIKRi0oWVQw==","mode":420,"size":727},"dist/esm/index.js":{"checkedAt":1768031073623,"integrity":"sha512-BdHv6u4GFw8gIYeesWHrRQ2fkcBu9TaGw6Z0d093yLb7yrbA2t3/yI172KGxQaRkjO7m6zjUBRZfG1bSYRRLgA==","mode":420,"size":17210},"package.json":{"checkedAt":1768031073623,"integrity":"sha512-JPtNa+7h+47ZqqDdjKdGOtRPUFlSEiFO/NVG5ItS2HBQJLnoLIy6HDXjEc40dIYjBsJTNouEeUzKKbdyQoL+tQ==","mode":420,"size":1706},"README.md":{"checkedAt":1768031073659,"integrity":"sha512-Cx07JGJEGVyLAw/gxJOaRQFd89Ee+iKiNjrUQPj+I6SjHQWstkKfJuJ1da2T9WRQwQh+Vnn03p+G6vXWsvAy7Q==","mode":420,"size":5160},"dist/esm/index.d.ts":{"checkedAt":1768031073659,"integrity":"sha512-+mg/PI7A+IEt3WGIRWopZAdgztfIyfyPMXKwJh51dFBqmECw0C+RFgdZiIcs6/t8E8SG1cod3IEPjxJiS8IsmQ==","mode":420,"size":1327},"dist/esm/types.d.ts":{"checkedAt":1768031073660,"integrity":"sha512-4qWvpe0En0HRopMiXej5i0ARct0WtbFDdZZMfiNSqojSQXCasPbVsrdAAilnWdCqsmdXJgEfDplOoOYCTsu3tQ==","mode":420,"size":724},"dist/esm/types.ts":{"checkedAt":1768031073622,"integrity":"sha512-IVGFtPT3L3EMLaWqXrVKqNmbmVQ1jNQ1UI15wQhV2BjWNOUu6ZXd9pv2zlcEQNATydjqwRaU0pIVIKRi0oWVQw==","mode":420,"size":727}}}