{"name":"@rollup/pluginutils","version":"5.2.0","requiresBuild":false,"files":{"dist/cjs/index.js":{"checkedAt":1768031008162,"integrity":"sha512-jAsbkRuYpl/0fPNvExtZ0OuInpSEzeH9qq1bjckLAuSpdrALDLRPjYfUUV3l5q50nENxpD2iFqSBboGMbPrscQ==","mode":420,"size":15369},"dist/es/index.js":{"checkedAt":1768031008163,"integrity":"sha512-DnKogOrFYOVMlL0W07ru8TQ4/BHJRGtJ+wg+3x0RhZuU71+oeHHPFDH/XhevOhgWtY2nerolfSZseZmaDh9G3w==","mode":420,"size":15005},"dist/es/package.json":{"checkedAt":1768031007895,"integrity":"sha512-Cj8csVIsbnWVGGqaVO0HP/pZCybH0xsId/Gckl+EcDfp+XIGa/7WJgmxkOsrwh/3sxUU4Iw95keA/vWYLLsh8g==","mode":420,"size":17},"README.md":{"checkedAt":1768031008164,"integrity":"sha512-ZDbLSWebcF92EXHCfN1P/5iSaz0Gt3Yv3w+Gdm6mdLtksdUOjOxH9jLw0H8n9eu44V1XXe7lbMYcJht8PFtwkw==","mode":420,"size":7461},"types/index.d.ts":{"checkedAt":1768031008164,"integrity":"sha512-iFocRe0QF1LOV5QnJyL2bijXVXMHm9SiKEAHGQt7ueVkeK5pZbSRifMrBxn4pdwIBWPHki4PgYZPq/2g0Th1Vw==","mode":420,"size":4079},"LICENSE":{"checkedAt":1768031008105,"integrity":"sha512-+MNMf6Un82mOjt6EL3mKgq094wsLdm3KbCSStF8EU7VRzI9wDsofMWGddLacEU23NCrQfFAH5RjWjg4Ubw9Ppw==","mode":420,"size":1151},"package.json":{"checkedAt":1768031008165,"integrity":"sha512-7VoQIJGPxJAcs12E/0wgcNxfxHV261fOdm2dznQ3JFvpO6UTv42HcQeWZCnRRfhgxqIeA601nThwi5hrAz+oQw==","mode":420,"size":2361}}}