{"name":"pkg-types","version":"2.3.0","requiresBuild":false,"files":{"LICENSE":{"checkedAt":1768031011141,"integrity":"sha512-78feVQxAgIkH61bMbb1iZy82jQAr33BtS+Me9zigOfXiYTcuq4I/MrDzWyKgBxBOtxZdi33ZdObX26InwTqbOA==","mode":420,"size":2267},"package.json":{"checkedAt":1768031011181,"integrity":"sha512-4/Y7uHfW0KZhYD+UQsFDdqtbn1bY37obBbUTL9/ii1TMZFXfcg5CofyeqlBNkv+kgnQTvPigygPF5zdtdL5B4w==","mode":420,"size":1238},"README.md":{"checkedAt":1768031011181,"integrity":"sha512-A971ficfgVCMxrk/HV4Me6pb/B7gbmkklzVIvgndAS/GvMANXLZ/F2sPas/vApZlUC4hjG01prvpZpJXvBNgWg==","mode":420,"size":5903},"dist/index.mjs":{"checkedAt":1768031011182,"integrity":"sha512-CGLxzw2onXzFYnvagSSuS+/Z7nhMnERJ/EHUVqetlNCVusGBz3jdQKT7YcE1uAZXy6kJixOVxf7D//XrCmgRpQ==","mode":420,"size":10828},"dist/index.d.mts":{"checkedAt":1768031011183,"integrity":"sha512-ufR/fugAP5ETTgFL8pNVuDQG4wbQ9WZUFdbkL6d6AL1FWsL07P3NwW84GLWDUYzzULBkxlDiXYF8u9pHnIPN8Q==","mode":420,"size":23842}}}