{"name":"@rollup/rollup-linux-x64-musl","version":"4.46.2","requiresBuild":false,"files":{"package.json":{"checkedAt":1768031007928,"integrity":"sha512-rREE5pk4n8WqoVQoEmPSSAQqRhyPSQmOX6vTeYwWLCW/3yHXxbgNdOS5ihghvI+0O3s6YzDBCFTGToPOuLin5g==","mode":420,"size":419},"README.md":{"checkedAt":1768031007928,"integrity":"sha512-5w0clYQzWCpPCMzdiw6R3wJDz9Xxt/3KdT5wZVKCz70lV7VB8JZ1W1n7kCcsC2/P+zGQxwmdlqbLWiAt92hzjw==","mode":420,"size":97},"rollup.linux-x64-musl.node":{"checkedAt":1768031007938,"integrity":"sha512-8NBmgqJlF43roTkAv9hAwcjFoJBqVB22BqDGlnvN6BnO8CbE+N4yxkfZm9zBK0xX8HKPlF2vgv42aYzcQ+Q4fA==","mode":420,"size":2670816}}}