{"name":"uri-js","version":"4.4.1","requiresBuild":false,"files":{"LICENSE":{"checkedAt":1768031005884,"integrity":"sha512-cRrf1BARiocYCJn5DOYZUqvB3wZMcpVVMahszB9W3TliY/+z8u6OcFoBcEZJ2vz4HdipDxLmWJhABbBXv6ONNQ==","mode":511,"size":1452},"dist/esnext/schemes/http.js":{"checkedAt":1768031005884,"integrity":"sha512-cmAMvqY/NKclBBGrpVIi5QaCy4pLYYR1fxckZ3N5U71d5nU4EPwAKhNAtZ5+BijumfD2kYBgpErl+1+IfwDG3A==","mode":511,"size":959},"dist/esnext/schemes/https.js":{"checkedAt":1768031005885,"integrity":"sha512-DbhOGgZWMIJMqT6+2siRfJHp2auboGm3Oz7YygQewdA1zyPpjeeJFbY+sRUfjURbaAz892Ohvusbtc0B5gRhww==","mode":511,"size":212},"dist/esnext/index.js":{"checkedAt":1768031005885,"integrity":"sha512-yxHpRjDarsunnLYFfbKBCEaORSEUzjmGLjpY13yWIqMcOFp7lzXMfifsNwsrozsHlx8ozHl3op7fwD8L6ATQCQ==","mode":511,"size":537},"dist/esnext/schemes/mailto.js":{"checkedAt":1768031005885,"integrity":"sha512-83wBssjoZlfZ4354gYyy6WqrRmoM1OGHVBgfaoqBU8u++02UhFoBqWKOZwJNAxPFFRkMXhTBapyu2cMdn74DQw==","mode":511,"size":7746},"dist/esnext/regexps-iri.js":{"checkedAt":1768031005886,"integrity":"sha512-EP/m4Bwz1PLKHxIcxDQ/1084yZoydmE2qsTzgwJrGmPXXjEUj9NpZgP8OrITiUI+PZHDjp9fuopLFOfJYPV4DQ==","mode":511,"size":114},"dist/esnext/regexps-uri.js":{"checkedAt":1768031005886,"integrity":"sha512-Z/m/g2p1L/4uwQ6N2YRXxClhGzikowED4whV6DILN9g4lypnLYS1rjnQiLF6loZ3OieeSRwutbI4rD83mdjJ2A==","mode":511,"size":7813},"dist/es5/uri.all.js":{"checkedAt":1768031005886,"integrity":"sha512-ghyBfrsDxIyqp3cDaH5c+p4uvhGGhxyeoQGBBVzlebnSdZJgyS1KOuzYrnNgRe/DGChpzGK1Y/7TcwoxyZKOcg==","mode":511,"size":57304},"dist/es5/uri.all.min.js":{"checkedAt":1768031005887,"integrity":"sha512-odC916pqsZHjbSHtJi6ojx17l6H90+hSMc0Ox1FRKHzNzvsNGKZ7FJ7EhI4xKcKj29gjpOJ4mlQbqlFvxp7VPQ==","mode":511,"size":17200},"dist/esnext/uri.js":{"checkedAt":1768031005887,"integrity":"sha512-G8oUYHQOGGn9o9+nGgY2mDdmSe4uiKrhxNzzjNtBt1PcABU/zLmVDoPjIAJyLcxCq7l7XLnKhVrOWf1ogexVBg==","mode":511,"size":20153},"dist/esnext/schemes/urn-uuid.js":{"checkedAt":1768031005888,"integrity":"sha512-HuXpVylozVqfKORz/E1QN/sUIlcIJ+0nTA0C9WoZ65h3J4XKb9ya0Gzq3EdeClLGOOQKMuUuECgJ+XhsWhS9Kw==","mode":511,"size":868},"dist/esnext/schemes/urn.js":{"checkedAt":1768031005888,"integrity":"sha512-5EdnwDqSuRXp8qyjrAY1PTH8ctlRMOtR1cwaY9Rjyg74g4O4hnYTgYTCT1LQFPWTTx8SKZlbeqNOflMTQjjGzw==","mode":511,"size":2050},"dist/esnext/util.js":{"checkedAt":1768031005888,"integrity":"sha512-e8nT7HHMKPSTOGOoJcjh2Yw4SnR7uXV1ulvSK7ThGM0oobiNPQxDtvABus/BDO55ummTOSA+iFrlPRvZUrc05Q==","mode":511,"size":1114},"dist/esnext/schemes/ws.js":{"checkedAt":1768031005888,"integrity":"sha512-hCcTLemo+eEhdR0B+V3brajsP5kf4zLzMkF1BOYArJCXPtgLv+LSR0l4XDxNHvWpDRb2mvB5Im/RodyW6z0eIw==","mode":511,"size":1659},"dist/esnext/schemes/wss.js":{"checkedAt":1768031005889,"integrity":"sha512-s6r4Lcwtqor5N8YKp2usMo0fVEiD9coFBXNX3YjDTBkwTEiQsK3MGWLZYG4d5nRXeTRNFqbgf/ty7vAYVhBAeA==","mode":511,"size":198},"package.json":{"checkedAt":1768031005889,"integrity":"sha512-rTtXTezOVqv+ZKXaRQUZgYw9SDT3x//xH4/qtbbPRoWdDPu95VI7rzEwz1uJskWAejT5ATtCGUngCjhH2qIuig==","mode":511,"size":2172},"yarn.lock":{"checkedAt":1768031005890,"integrity":"sha512-2y6iaa5L80+ws9tjcWh+y64UwpEqnuqHoFl77UPuH7RxR0UqDjhdIUzqMvB6oP/+5uCPgqTczHNiZ76TTGgB2A==","mode":511,"size":103956},"dist/esnext/schemes/http.js.map":{"checkedAt":1768031005890,"integrity":"sha512-wIMe8hvcm+9QIkrLi+I/wzAdBftbDZFt/7MDbbjPjnNvHvovHyXVD/VdGBSF4sgWpT/nCRHR0/bQYv49uhEVmw==","mode":511,"size":841},"dist/esnext/schemes/https.js.map":{"checkedAt":1768031005891,"integrity":"sha512-rPl99Sltx9aYcFETfZRQKAcDhJOYAFuEPSn3DHRdSNH1r96b1uKNc6tEuDKJ6mNmh9kccG1NPajzmnAVp3TvlA==","mode":511,"size":312},"dist/esnext/index.js.map":{"checkedAt":1768031005891,"integrity":"sha512-r/MA+LxHg4wXgl2S87NxQrwzs1S/Q08PfeTZQ/OyR81ngTBBe1+xcqShp3u7PLzkKKsGdXbsCxBeG7SWZDigwg==","mode":511,"size":747},"dist/esnext/schemes/mailto.js.map":{"checkedAt":1768031005891,"integrity":"sha512-EP63gCUFfI9jczkUxJVIUoAK01sadXf35Vm8bd3heRI0dwFDI2IP81plyfqwEkhXLVmgevC6N3hEVUrch4+DpA==","mode":511,"size":7209},"dist/esnext/regexps-iri.js.map":{"checkedAt":1768031005892,"integrity":"sha512-q6/2vr4QqHPK4kCqIkCsQfXbiQNuN5galClMVhDoKzZkgeSuJhFi0tVwbCkTiRJ7nB2XHpI7bfLGc+wxjtoEzw==","mode":511,"size":192},"dist/esnext/regexps-uri.js.map":{"checkedAt":1768031005892,"integrity":"sha512-ape7jTpq4A23guts62UEY+wPBtm6o5TA2Fym3TbFZ8bu53fBKupA94WED1WXbkreGBivX4RFy7ddpU+hNZ+y9Q==","mode":511,"size":8283},"dist/es5/uri.all.js.map":{"checkedAt":1768031005893,"integrity":"sha512-vj4+d/AqTazvy8QjPDwz2X64CGmMb6hntG7cKTWsXJ6kgSJsfPhjDz1W0bcJvUrH9b4Wrv1nPMptQzTvRlfxzw==","mode":511,"size":102192},"dist/es5/uri.all.min.js.map":{"checkedAt":1768031005893,"integrity":"sha512-VvTanivdcSEYHaaQU/v8hddHhcJyLQtA0a7VHicGHz7p5UwigCHlhJJzgsoYkokr59NrN0t0T6m8179xaEMmig==","mode":511,"size":83083},"dist/esnext/uri.js.map":{"checkedAt":1768031005894,"integrity":"sha512-iCdnwB0ErvGYQQGc31OPw6XS6TVcOacnA9L+0QyW/DuyPLUzJMMJ8Oo9+NqHLlCD5l3hne0+NTTAx31wOQlbBQ==","mode":511,"size":19219},"dist/esnext/schemes/urn-uuid.js.map":{"checkedAt":1768031005895,"integrity":"sha512-E0W+WGze8+jvZIGLVMb6MpZTXEuaXVoy/1qpefxMiDspw14ab5HcD9SGrzpH/1Ovdb04ATdi2n5e49Z/i7lW6Q==","mode":511,"size":832},"dist/esnext/schemes/urn.js.map":{"checkedAt":1768031005895,"integrity":"sha512-d2LHKYor1VxiItl6jchvv49znjZ+eaJ5xj3o/fpzgcl8duTMvZbHoGeVNa+Are2eDZDPZzmp1v9VNEhrtJE/7w==","mode":511,"size":1939},"dist/esnext/util.js.map":{"checkedAt":1768031005896,"integrity":"sha512-yh8rNVicxDdy0XP9bIsIhAlHUKKJrKiNL3HmJcCsNB51WsMRv/TIix7kZq5qsf0N+GdSELfwtG2/cMu9YbJvRQ==","mode":511,"size":1715},"dist/esnext/schemes/ws.js.map":{"checkedAt":1768031005896,"integrity":"sha512-58YDi8Fe9mQG0Nx4V4Bb2/vKcas4FyTYsqshuscM1hLKUBSbSqIIDSsyuQ9dapbmMz4dzDj2ydtWzqOX0LSxdQ==","mode":511,"size":1610},"dist/esnext/schemes/wss.js.map":{"checkedAt":1768031005896,"integrity":"sha512-J5YdM08fhKsbp/iFItoVBpta7wgeBTpCxEhuL7xySRuYGRTLYUrI8Q04Sm4WBySkw4b3D39yfC0Uvkw11WtWQQ==","mode":511,"size":307},"README.md":{"checkedAt":1768031005897,"integrity":"sha512-PW/qBtR0ZFFffbkQYJ23btQJ+oXrW6RsVRoxImYQ2EHx16mbTvtjoPBqFjHrzUX8P1r2CfiXq43s/p8zxIwnHQ==","mode":511,"size":6416},"dist/esnext/schemes/http.d.ts":{"checkedAt":1768031005897,"integrity":"sha512-29//uq1SRaB6x0QVbVwzfVwZqkDx7UqAvSUzm9pyfiV3hgn11aI9N2zu1n1AlPDp1UZCbQxmr3yZPlflk0X/6A==","mode":511,"size":108},"dist/esnext/schemes/https.d.ts":{"checkedAt":1768031005897,"integrity":"sha512-29//uq1SRaB6x0QVbVwzfVwZqkDx7UqAvSUzm9pyfiV3hgn11aI9N2zu1n1AlPDp1UZCbQxmr3yZPlflk0X/6A==","mode":511,"size":108},"dist/esnext/index.d.ts":{"checkedAt":1768031005897,"integrity":"sha512-OIzSA62zYsnALhQfIPfOd7qNdvvk/Lx/UwdoJuDmGFdVF8pO+REV83dxoQ5uCKHbbEbyIPsNWIwFSwRZVmYPYQ==","mode":511,"size":23},"dist/esnext/schemes/mailto.d.ts":{"checkedAt":1768031005898,"integrity":"sha512-We5kSRAIaYv9LLwS2kWYMDQC7+Np8rxqqH3OlXCp6v6LvDApTf6smzwTupPrGwJlyrYyjmBPPRZFIZenxFvTJA==","mode":511,"size":359},"dist/esnext/regexps-iri.d.ts":{"checkedAt":1768031005898,"integrity":"sha512-uDNegO6ia1sJlQgxOEZJvE5mocA1RtePLv5kA6VuXvPitzHX2QdEGZckV6OXraTL3St1FI8WQejEy9b5u1/Qog==","mode":511,"size":97},"dist/esnext/regexps-uri.d.ts":{"checkedAt":1768031005898,"integrity":"sha512-TViT4dhb2jxV1AIoUiaKjuzcZTeX7M3w8iq7Em9F8mwTizjEbWGLpTIAMD4IrtnEiBGruftUfhyoQ3DP3pYwzQ==","mode":511,"size":160},"dist/es5/uri.all.d.ts":{"checkedAt":1768031005899,"integrity":"sha512-kMXpwxBtsMQ17K4CeGmVGaHEOJwAN+VJpLaF8jFSPjOXs55W40+sfP+p4aNRE3Irll5JBqU1VI3qDkSd8rD1xA==","mode":511,"size":2446},"dist/es5/uri.all.min.d.ts":{"checkedAt":1768031005899,"integrity":"sha512-kMXpwxBtsMQ17K4CeGmVGaHEOJwAN+VJpLaF8jFSPjOXs55W40+sfP+p4aNRE3Irll5JBqU1VI3qDkSd8rD1xA==","mode":511,"size":2446},"dist/esnext/uri.d.ts":{"checkedAt":1768031005899,"integrity":"sha512-kMXpwxBtsMQ17K4CeGmVGaHEOJwAN+VJpLaF8jFSPjOXs55W40+sfP+p4aNRE3Irll5JBqU1VI3qDkSd8rD1xA==","mode":511,"size":2446},"dist/esnext/schemes/urn-uuid.d.ts":{"checkedAt":1768031005899,"integrity":"sha512-uTGOlCALGOQ0TJ5SWsRjDvk71/25CvMZedSWu0oPjGV4w/Zl5lLwv5njej6QjCK9n5l2FMYO1gCCLLdYbuLrKQ==","mode":511,"size":279},"dist/esnext/schemes/urn.d.ts":{"checkedAt":1768031005899,"integrity":"sha512-RxliQ2Cp155vnvCuh+tPLSN3yRFwVtDSjNAtmonn+gYv5Z4jZ/JEW6Dk9OFQe9E+UXd67qn0WYvg7hh7bFYjng==","mode":511,"size":324},"dist/esnext/util.d.ts":{"checkedAt":1768031005899,"integrity":"sha512-7ZJ6xui1pSbSSg+7cL2C0/mMJ0g79uqx/5WoH94IllxbNzD1KI+RLRt6ARp0Y3wxtnV90lQz3oneffKoT3kJNg==","mode":511,"size":343},"dist/esnext/schemes/ws.d.ts":{"checkedAt":1768031005900,"integrity":"sha512-7pXj5uBV9o5Kh8s1QYcGMNbjwaqoJf+GWyFiQ3GcUjRUIS568hWAtGoJFUJ0bXgpmY6fbHtx5d2t/O0ZI5ADIw==","mode":511,"size":228},"dist/esnext/schemes/wss.d.ts":{"checkedAt":1768031005897,"integrity":"sha512-29//uq1SRaB6x0QVbVwzfVwZqkDx7UqAvSUzm9pyfiV3hgn11aI9N2zu1n1AlPDp1UZCbQxmr3yZPlflk0X/6A==","mode":511,"size":108}}}