{"name":"@typescript-eslint/types","version":"8.39.1","requiresBuild":false,"files":{"LICENSE":{"checkedAt":1768031010215,"integrity":"sha512-t0z/UCQ+RY4AylIo7v6ZCtzCdS9pMnC0+yB0VQa2A+1S+oV4noJtM9o2SOJfDVq7GqTVK4GsuGR2QO4Nb/K7kw==","mode":420,"size":1097},"dist/generated/ast-spec.js":{"checkedAt":1768031010435,"integrity":"sha512-Vg0ksjKD18XqjEwJB5kSuvBimaxj2eTt+RbNEMZD0BvSGnrn7/tj6LPUiwbpKis2rdz/UuSvUJVXoe6czVUGKQ==","mode":420,"size":11762},"dist/index.js":{"checkedAt":1768031010436,"integrity":"sha512-br0xfOvtZ19facPamcs36sLsQQugMt4k5rMBy9329Ke2C8sBEvoYVVFTHggI/IdMK6yY+NeVt5n0RQu83gdPfQ==","mode":420,"size":1264},"dist/lib.js":{"checkedAt":1768031010436,"integrity":"sha512-XcV+t/zMLVgrArWBYyIC7MFATOcVS+EON5Jo3klYDy1ysSIAicEnBsQckbHZic9jSuqtTmysbitcNhIlBuEV0Q==","mode":420,"size":247},"dist/parser-options.js":{"checkedAt":1768031007730,"integrity":"sha512-f2XGQDoj2T+xSOglmwEtZVKrO/8Xj0p9ap2c7A9gQp/BiZ45tLyozAivx12afHv9sT/DcspjyF6yKwNV601gAA==","mode":420,"size":77},"dist/ts-estree.js":{"checkedAt":1768031010437,"integrity":"sha512-OK4w5JK6cHW0W51Bgs8z0lr+tsUbIYJP2+bT37uKoiRL96s94oNklgQq27+K8KVLNOcSFM970t1QPkGFpEfkPw==","mode":420,"size":1529},"package.json":{"checkedAt":1768031010437,"integrity":"sha512-ywd77MhSQvDVuODu0C48zIkilPUq4zhnK3y5B/vxHGlEOiNdWdVfauh/PeiQogDp0EahGRveBI3SK9Of4lPC0Q==","mode":420,"size":2177},"dist/generated/ast-spec.d.ts.map":{"checkedAt":1768031010437,"integrity":"sha512-rNVOU0uW6X25GJ+jbRRevoYwTkB77iHjgn9qXeFABD9vH//qChtzzfeKfcfTJI0fRRKAXH+iTqhhoccj5DPotg==","mode":420,"size":52216},"dist/index.d.ts.map":{"checkedAt":1768031010438,"integrity":"sha512-tD+0ezerWiAK/tsG1zNhEtKDcPmxY3DGFSod7DAmf+EuUSWqmj4uFRQMQD78ieWnEC2Z+n+hTNT/vZfrz/qy7w==","mode":420,"size":220},"dist/lib.d.ts.map":{"checkedAt":1768031010439,"integrity":"sha512-JJPovTAMcGlhjiffy0dg06DdSDLuVF30u9HQicj0wYkMysjWQdjR8YRfglk69Vq9Sb4ppz6jTEDtQWZrE54Z9g==","mode":420,"size":1314},"dist/parser-options.d.ts.map":{"checkedAt":1768031010439,"integrity":"sha512-4AO3ZuaMScZhvK2f22uP1p7MN1wiroIBTp5anMK/Bbjdz6Ak6DtBFK7t2aRwroerUIb9Mg2YqVMUENs3E9nhIw==","mode":420,"size":2132},"dist/ts-estree.d.ts.map":{"checkedAt":1768031010439,"integrity":"sha512-ezBsh24LqWoGQMhBONXvrvEsezn28CzGtk8LoKCbiO34iXJKxtb3L7TXozLrPPntddsb+YJ1T9b2eLY/4v4MIg==","mode":420,"size":4553},"README.md":{"checkedAt":1768031010440,"integrity":"sha512-pmjlBNIkmyNK+P3y8mZW5SuTcGF66FehKIY1Fj1ciOgT+0jzN66IsX/T+ej8cU01idesLzQONa9NIl6T0seRAg==","mode":420,"size":432},"dist/generated/ast-spec.d.ts":{"checkedAt":1768031010440,"integrity":"sha512-8Zzat69NGJ1zr8UoVSB2f4deO4mXdGJ7BDeDBj96BXq/4291S9QhHbZhyHHcfgXVV4YhFp/nuy7Hk1JKM6snNw==","mode":420,"size":81053},"dist/index.d.ts":{"checkedAt":1768031010441,"integrity":"sha512-sPMZ+92hW0b/OIcuVujBoGepCe3gzO+rsllJ9ox82/O9YyCr9OpG3r3d5QoHUvMANPSYWmDPiMlZT2GitaY30g==","mode":420,"size":193},"dist/lib.d.ts":{"checkedAt":1768031010441,"integrity":"sha512-CqVNwhYuNQFUqAmn+81Pu4X7QxVIV4guuIGqCjtJeOQ1v4kAQMJug8oSEpzlV0iinqtYB47WZYWbYklYCSvDXw==","mode":420,"size":1967},"dist/parser-options.d.ts":{"checkedAt":1768031010441,"integrity":"sha512-WJkEME2njBuLhHfD8agq+okqD/RnLYZkqiE1vDelqyfAq05zV2noZ3h6o+3n5oqPzVbDDL+aNwGbgqf0d/iVEA==","mode":420,"size":2687},"dist/ts-estree.d.ts":{"checkedAt":1768031010442,"integrity":"sha512-7WQ8jJtoMCPAkyjJaMa9Yi5/XrlcYMIVBWe0weu/6mjsIpjY/JjP4tam9Fn5AbNLJ30lJXUlsdUQUWocaDGjXg==","mode":420,"size":6626}}}