{"name":"cookie","version":"0.6.0","requiresBuild":false,"files":{"LICENSE":{"checkedAt":1768031011391,"integrity":"sha512-Scr4piRfVq7q+vQQBTpyWGusX5lDBTzo+GtrnyDcyNnVU8Xu2mkHXKKVHU+knl9ox1PB8G3VVpgjBzU0eBh8EA==","mode":420,"size":1175},"index.js":{"checkedAt":1768031011391,"integrity":"sha512-G2lX8u8oxdThTgLo1v6gjXIQwPLrneR4h5n8xX2AaZhEhiIUXKRfD2BdtEfZe+mCxiIRU1v0IdjALZ44Tn2zOQ==","mode":420,"size":5281},"package.json":{"checkedAt":1768031011391,"integrity":"sha512-5DJBJhcMKm1OAfe9h3Sia6vFq/+GaS8oO/aR4rQ19rbygjF54ICqveINNouyZwenJtVMjWTng44hXO8HTEmVmA==","mode":420,"size":1142},"HISTORY.md":{"checkedAt":1768031011391,"integrity":"sha512-+JsaRnYEviTCFNIxdX/yGflDXoEitk6mpGYS8kMIJsyBzC8x8vOnhOwjYI1oj9DFXX/4k1sI6J+Rsuj7c6ytSQ==","mode":420,"size":3189},"README.md":{"checkedAt":1768031011392,"integrity":"sha512-j2+giYjKvB2Q9lI9PKLQnoliKuy/LpVOZyQaB29D09sOyjuxayjNAlnoUTBWMfjcQimaeKpADOBiOskLfFbCGA==","mode":420,"size":11769},"SECURITY.md":{"checkedAt":1768031011392,"integrity":"sha512-WqBYt4zqvYsMm5RTAjcGyRbnJ3xILs02Ic49o2I3Avv1QBFNLpBDAf8wvzbDjFr10plAAh88Ctm8Jn1NKGFoHA==","mode":420,"size":1180}}}