{"name":"@types/estree","version":"1.0.8","requiresBuild":false,"files":{"LICENSE":{"checkedAt":1768031005443,"integrity":"sha512-HQaIQk9pwOcyKutyDk4o2a87WnotwYuLGYFW43emGm4FvIJFKPyg+OYaw5sTegKAKf+C5SKa1ACjzCLivbaHrQ==","mode":420,"size":1141},"README.md":{"checkedAt":1768031006157,"integrity":"sha512-alZQw4vOCWtDJlTmYSm+aEvD0weTLtGERCy5tNbpyvPI5F2j9hEWxHuUdwL+TZU2Nhdx7EGRhitAiv0xuSxaeg==","mode":420,"size":458},"flow.d.ts":{"checkedAt":1768031006158,"integrity":"sha512-f3OqA/2H/A62ZLT0qAZlUCUAiI89dMFcY+XrAU08dNgwHhXSQmFeMc7w/Ee7RE8tHU5RXFoQazarmCUsnCvXxg==","mode":420,"size":4801},"index.d.ts":{"checkedAt":1768031006158,"integrity":"sha512-YwR3YirWettZcjZgr7aNimg/ibEuP+6JMqAvL+cT6ubq2ctYKL9Xv+PgBssGCPES01PG5zKTHSvhShXCjXOrDg==","mode":420,"size":18944},"package.json":{"checkedAt":1768031006159,"integrity":"sha512-KaEBTHEFL2oVUvCrjSJR/H812XIaeRGbSZFP8DBb2Hon+IQwND0zz7oRvrXTm2AzzjneqH+pkB2Lusw29yJ/WA==","mode":420,"size":829}}}