{"name":"levn","version":"0.4.1","requiresBuild":false,"files":{"LICENSE":{"checkedAt":1768031006062,"integrity":"sha512-FkymZYtx329CmIaO3HdzaHZ6WrL5BZj/NGLWVaM6TuNvsbYcBnTjOd6Yzvi6lJfLVAW0oJGhl8mK9EKILopYDg==","mode":420,"size":1054},"lib/cast.js":{"checkedAt":1768031006063,"integrity":"sha512-nn1LAMLVrIdaNIIZB7sAGSv0EVIePV0DeWyoHLQwWSFtW08Lv2mGyCbo7Izsy+Ci90VloJHwMsnZMq5mpxuOrA==","mode":420,"size":7861},"lib/index.js":{"checkedAt":1768031006064,"integrity":"sha512-W1srhj7+tQgQrTHoju3OONH6eTJY4K5FanlLBZSlDPVuE61DjmmFPQ0SVXxswdzoHegiBK3MrYebK1wKLNn5UA==","mode":420,"size":788},"lib/parse-string.js":{"checkedAt":1768031006064,"integrity":"sha512-+QQvLmxxfsvzJAaFZQeBWAHIPruO2CMTxepyXXZK9eBK7tuY8rCP354HOIwfiudisN6FceTOmohmW3vjipU7pg==","mode":420,"size":3875},"package.json":{"checkedAt":1768031006066,"integrity":"sha512-7IRkTraN/jdCis+sKH/yfBHNifTmK4xSCygOJ+ShL0R+NgE66Ny8GNTsuqlkUsVLBbbEtCOwYf1Shss+QV9Dbw==","mode":420,"size":901},"README.md":{"checkedAt":1768031006067,"integrity":"sha512-Y20Ck6py0hgAyvHn66HItzFTbrXWxPpT8ld3ofGckq1Pt54Q2ia7WWAiinUhZOa1i7Y9EwDI6Ay/21/F4NY/Cg==","mode":420,"size":10468}}}