{"name":"brace-expansion","version":"1.1.12","requiresBuild":false,"files":{"LICENSE":{"checkedAt":1768031005243,"integrity":"sha512-CwBouL62hk27aXHZ/hZdLV/UILzW17u9j0JYnrmBv5XYVN8tFsIdN46m1I9WI0XS9m3g/RcTTf+oSV60lubf8A==","mode":420,"size":1096},"index.js":{"checkedAt":1768031005245,"integrity":"sha512-XVpituYzYRNywZ9HCbPkJxW9Ku44vxODlJfSNwGL1FKJ08ECu4yq6L5uuxZDzhZfQtHnAlXlnExGzs1LpNU0Hg==","mode":420,"size":4797},"package.json":{"checkedAt":1768031005246,"integrity":"sha512-gXZANlfPfqakQ299jnaT3Jvexg+eBz7KnRNFhHPbhs9LLlpLe/4VZ4zUkSm022CulQiIBxo2yjgPEUK+WA9/aw==","mode":420,"size":1156},"README.md":{"checkedAt":1768031005246,"integrity":"sha512-AWsMjzK1dtM8sFJPdzcIElc6HBYMvDF/kIR3v2AiVyRvWPVu/5sTQg5AhYKGNfr73LetS0MY9gBgz/XoYl1G8w==","mode":420,"size":4058}}}