{"name":"ufo","version":"1.6.1","requiresBuild":false,"files":{"LICENSE":{"checkedAt":1768031011127,"integrity":"sha512-ZUOz4mMEav3Dj+n3ZhgAmeZ5pM/9oYtnAll8fJqq6C8n6eBNpNUv3con8e42dckvhnjRUWcTW8p5juElOx3RRA==","mode":420,"size":1078},"dist/index.cjs":{"checkedAt":1768031011172,"integrity":"sha512-ZME4SO07YXc8uN7PJKQsbJXITJY4wc1VS9XP8iOmq2oT5QKbjBNtpNSLCi6ZLHZYXvJFW+ksKI5kf2Gh3ArjWA==","mode":420,"size":20852},"dist/index.d.cts":{"checkedAt":1768031011173,"integrity":"sha512-/ZuSxce39N/YqOae5EW9X1isPNaiJGW9nLJvGgXZrWkn/dIwv+ZOc+cSMLClGF9tLi2ShYk/kglxARF59DyAVA==","mode":420,"size":17101},"package.json":{"checkedAt":1768031011173,"integrity":"sha512-8zYxDcs75ASeGaX2o8LZE0QrX26EUQ+u/MCi5MA9pK9VaYEZk9aD+2rxIeXmaFs47+6vIp4HMj/uB6xyTfyF9w==","mode":420,"size":1212},"README.md":{"checkedAt":1768031011173,"integrity":"sha512-athr4Bw/IE7B/cWD+1JIrCvROtfo9efna7fCFdWaFpA3+vClHFiZ0ldm8zClG8jHB3OoAgwAtmLLIrGAU4daUg==","mode":420,"size":10648},"dist/index.mjs":{"checkedAt":1768031011174,"integrity":"sha512-+D5i2N2C3baoYbiewu6Vk4GrLX53VxajS/Ccf+/VXzOq+2CWeX5l5bctlQnmo3C93jg1fWLmiwaOm91hguwOjQ==","mode":420,"size":19664},"dist/index.d.mts":{"checkedAt":1768031011173,"integrity":"sha512-/ZuSxce39N/YqOae5EW9X1isPNaiJGW9nLJvGgXZrWkn/dIwv+ZOc+cSMLClGF9tLi2ShYk/kglxARF59DyAVA==","mode":420,"size":17101},"dist/index.d.ts":{"checkedAt":1768031011173,"integrity":"sha512-/ZuSxce39N/YqOae5EW9X1isPNaiJGW9nLJvGgXZrWkn/dIwv+ZOc+cSMLClGF9tLi2ShYk/kglxARF59DyAVA==","mode":420,"size":17101}}}