{"name":"@typescript-eslint/eslint-plugin","version":"8.52.0","requiresBuild":false,"files":{"LICENSE":{"checkedAt":1768031076010,"integrity":"sha512-t0z/UCQ+RY4AylIo7v6ZCtzCdS9pMnC0+yB0VQa2A+1S+oV4noJtM9o2SOJfDVq7GqTVK4GsuGR2QO4Nb/K7kw==","mode":420,"size":1097},"dist/rules/adjacent-overload-signatures.js":{"checkedAt":1768031076012,"integrity":"sha512-58/KkwwvQgTG0XoXdm3bea3nmiOaGTg+qnPH3lG2K7MFrw52xKB5NgJuAIiMRmPOUeJamPqUBOb0RfPixbiUMA==","mode":420,"size":5085},"dist/configs/eslintrc/all.js":{"checkedAt":1768031076014,"integrity":"sha512-EMIUUpJ/1eRRnDOLPji+dYHNaiYO3nvUZbMKsvCFLY0T13rKOZO+JwMsSQsrxApSZCeo9BcVRRPmw+qOUESqNg==","mode":420,"size":9135},"dist/configs/flat/all.js":{"checkedAt":1768031076016,"integrity":"sha512-/vL0AK/5piSipJhYCHt9zHu+BtyIYikBBarwPu0U6J2XnMgRLTzdVtIPpaYJYuLPxi/LffvacEfL2npEuPcncA==","mode":420,"size":10396},"dist/rules/prefer-optional-chain-utils/analyzeChain.js":{"checkedAt":1768031076017,"integrity":"sha512-KXrEtP7m/exuIE1thSJ697Ef6iONhDlJQ0rdAOGQ1/rqEhh+mKOCLnBdEBArjF5iLhTZgVDoF6IZMoPT7DMf6g==","mode":420,"size":27317},"dist/rules/array-type.js":{"checkedAt":1768031076019,"integrity":"sha512-mGqNsW4PDbSoc18FfxAzVZVXw+yqgk76DDh4V9FAz6mG6WUJl73oW0sk3XTGVSe1jhC+ZWpTopXU0KfL1UNN7g==","mode":420,"size":10432},"dist/util/assertionFunctionUtils.js":{"checkedAt":1768031076021,"integrity":"sha512-KhSIo0ccyWTuAUo+sIgRMmFg9OQdDZu0cM57gz4WM6w+S3GIgNvmXJZBNizdyD53ZO1F5V82jhVGBFWkfptAqg==","mode":420,"size":4734},"dist/util/astUtils.js":{"checkedAt":1768031076022,"integrity":"sha512-vGQEeU3OvOrVFGhyVxreAt6RdEtzlbxT04Onr6EKLsmyj42X9i+W+Z9YtzAA60Bkc76LPo93HbeGqfLv+xxvKQ==","mode":420,"size":6167},"dist/rules/await-thenable.js":{"checkedAt":1768031076025,"integrity":"sha512-6A6csYDpPZeFPQHtFCchNpOJTCbe5+RXQhK1PG8HWZfHTx739ez8DQQDy2rEOQrKf8mWqpokIfHbFwtBpkmI8g==","mode":420,"size":10742},"dist/rules/ban-ts-comment.js":{"checkedAt":1768031076026,"integrity":"sha512-hdGMLhT5+DUA3MOGDUUdvNn1d8vyZeXBUvd1f0RCvyY0jfaylAp3jmtMAFg9Y6ilhvd5+xQN9LkJFHGrQLbJ4w==","mode":420,"size":9718},"dist/rules/ban-tslint-comment.js":{"checkedAt":1768031076028,"integrity":"sha512-shhN84E3Zy5iJUcDzW/lGs97Lv7I+fPbVWrz1fq7Rm2OiO5nR/fXjlI04TeLO3aKxvf4e5pmPqiYfMep4kpVpg==","mode":420,"size":2191},"dist/configs/eslintrc/base.js":{"checkedAt":1768031076028,"integrity":"sha512-EEmRIaZW+ycv+ToZWzSHMqxhq1ZvJdnZaSBiIBE1rewnt9dnmOwVAPGsAZt7w8ABf7hzt1lWTasltfqh6XCCMg==","mode":420,"size":159},"dist/configs/flat/base.js":{"checkedAt":1768031076029,"integrity":"sha512-9W6RWEHu2AsOVgz9ejLF335Wj2FdYUXre9wtB21FJc8gZ/HcyyEXFnpdCph1n0vEZTumJTaXMQfEihG77vS/VQ==","mode":420,"size":567},"dist/util/baseTypeUtils.js":{"checkedAt":1768031076031,"integrity":"sha512-gFPKbl0dMjamC98AmJFrDZrV7VY8L71ulHbdeU80nyu/BMmJX1T0grCdTYGuzYj9ZzYtaFcbCjhOhIGwI9+LVA==","mode":420,"size":3085},"dist/rules/prefer-optional-chain-utils/checkNullishAndReport.js":{"checkedAt":1768031076032,"integrity":"sha512-7VvtBlcGVkgOFBzzz203Q3ADKVHk/bOcIg/9uiveU6RmjO0+1GbDhK7ktwr19qodlkrEHjLHhfqSkx85oOWX7Q==","mode":420,"size":2041},"dist/rules/class-literal-property-style.js":{"checkedAt":1768031076047,"integrity":"sha512-1N+rsFiefiLp93cgUGDGjB+sD2CsruTiA2Wl6JIuC5duKrPSmrUG5KcaNDIVCHCGKBPg98HbVdBRibUGtc/LFg==","mode":420,"size":7032},"dist/rules/class-methods-use-this.js":{"checkedAt":1768031076049,"integrity":"sha512-qXormlcNYVIvpEaXIR986J2ax0oeWFEo4ZKl1y/Z+T9MzYZJSjwsLQE+B9xRoB17lbwi8anreesLUHxUKbY0aw==","mode":420,"size":8607},"dist/util/class-scope-analyzer/classScopeAnalyzer.js":{"checkedAt":1768031076050,"integrity":"sha512-Ct7XWYcGQaoJ1SGcojuCCWnTvX8jpaBRVuL/0VtNictL6GoUVSonbGv2E2jkDqcZ9nnIqKrEWc7C9dGsed0jZA==","mode":420,"size":20620},"dist/util/collectUnusedVariables.js":{"checkedAt":1768031076051,"integrity":"sha512-195pCdkkMfg0W6e44LcCq//fVYX9D+rtdY/ECjbnT+evZzIA98Qepa68Gnxx35KcSSafOrGUJ1gdkpTjaQGqtQ==","mode":420,"size":24124},"dist/rules/prefer-optional-chain-utils/compareNodes.js":{"checkedAt":1768031076059,"integrity":"sha512-phrHsZnNse1lFgAx0lSZhjCUboS1mINgcjlNt36dCFNnABccbF6HtyOeTj7OMP4b1alvpzrfOm/P8HFX3KJxtQ==","mode":420,"size":14851},"dist/rules/consistent-generic-constructors.js":{"checkedAt":1768031076061,"integrity":"sha512-I2njliQ9MwJZJOIbBkzIJQcVssFqA0TU3TdahTa0Cf/YizlMppG04FNXAbT8msZrpziuGC0qH3XSx5mINPcRkg==","mode":420,"size":6187},"dist/rules/consistent-indexed-object-style.js":{"checkedAt":1768031076062,"integrity":"sha512-fW+JIQdYo1eSgT5Zf/PsUKjBAUS8kM6d3gdAcqnvC67l9QHUEsqmGAdwtpSm9Cn8bFLK8qgUG1RWDPfttbzCmw==","mode":420,"size":12205},"dist/rules/consistent-return.js":{"checkedAt":1768031076063,"integrity":"sha512-StdBv/8bd1fH/5tFu1JjUHrSn3479gLHcCrqXboU/JwJA74v58ZGxvmUTqseFYboSs2g/3O6AkyvHAvtMki8Hw==","mode":420,"size":5463},"dist/rules/consistent-type-assertions.js":{"checkedAt":1768031076064,"integrity":"sha512-76QLJmHtEIPJ1vtmcLwOuLbqCSqhbARDBhR2Dp/6b2TFtNusQsQu7lm+mWbUkXgl7pYOTzEmzHuItjngyUwJWA==","mode":420,"size":12372},"dist/rules/consistent-type-definitions.js":{"checkedAt":1768031076066,"integrity":"sha512-JdO9Lmx1vpn7M0BCZGRpWbWadKGQBxW2hnnUKdNuNtaRjDehi3nY3L1nfo+AjFKzasl21aBbH9SyYHS6aSOgXw==","mode":420,"size":5199},"dist/rules/consistent-type-exports.js":{"checkedAt":1768031076067,"integrity":"sha512-hzC/0DB4jKmFyW3j9strGBNO2sZJ6adDhnjDriKMR9k8PYsMK9hYVr+v5XYvkPhqFwGzQ6rsrZDO01zigdM/Ow==","mode":420,"size":16383},"dist/rules/consistent-type-imports.js":{"checkedAt":1768031076068,"integrity":"sha512-JH+nEJOF9VHsDNQgJuL4eYYphm2WvkK+RJYweKwMexeNlxA1g2iPhmIKdjsrakm9/9yUrJ2eBO5irrbpomC6bQ==","mode":420,"size":34543},"dist/util/createRule.js":{"checkedAt":1768031076070,"integrity":"sha512-dcJyWCDr+31JJprjC3Ffxn5Z71W6PMbTBM6jw2MWWgCZTMbewQYODnwxdNDzxmcr26iPU5vO0Nrr3YQ5tFtAQg==","mode":420,"size":267},"dist/rules/default-param-last.js":{"checkedAt":1768031076071,"integrity":"sha512-a5Lmn9ZJT5/qfZ3m3wLux1SI9kTr5Tkdf24ee+z3EvZv3QbCf8FUaZ52JbX0fbUmvyMbLbH/eSgKXwCWz4MsOw==","mode":420,"size":2557},"dist/configs/eslintrc/disable-type-checked.js":{"checkedAt":1768031076073,"integrity":"sha512-Vo2fcMTUBIKXAKBo8VcusPN9wbVmlQNWpMDq/C6zH53QtYWGvKydgzBIjYt23XU8OvrI20/BbrRTp9Cav5hxVg==","mode":420,"size":3998},"dist/configs/flat/disable-type-checked.js":{"checkedAt":1768031076075,"integrity":"sha512-r7jhtkmrbB0pTBzxxjG1OSAKK4SSvbDrJ7UbItPLpTt3Y3WpRJUwA2HdJQhVWwLATe90ocBE7zRSwAPHt/DqRg==","mode":420,"size":4369},"dist/rules/dot-notation.js":{"checkedAt":1768031076076,"integrity":"sha512-OmBWO2DIF9jXM7TrTAiD4UPSk7yCtR6fzRf3Fje3YPS7BqvStjiv8ITq0EXLx884JmlqBlMhVcrb/Ow3u+z5iw==","mode":420,"size":6312},"dist/rules/naming-convention-utils/enums.js":{"checkedAt":1768031076079,"integrity":"sha512-+MW8OVqQ+N5G30xMVEFMYaHawzjmiwJRczS5QmAqeSX1lPbXwdbJFm6ilTDmUGdXy1noQYFzQU2VCSqDHjySYw==","mode":420,"size":5617},"dist/util/escapeRegExp.js":{"checkedAt":1768031076080,"integrity":"sha512-iNR+LmO0uV+NkqzAk1XxslgR6EkAQ8OI27hrwqJHMVQszkXhgrSSgvsfdhh3u2pZTmD2HKqt+EEpU5Xs7kTQvA==","mode":420,"size":467},"dist/configs/eslint-recommended-raw.js":{"checkedAt":1768031076082,"integrity":"sha512-rZJ3VGGqz4li8yi2zoAaYARCCxOngUN9/ryWaHVAh5niop+jApntGD0WrmbEntOJuyk04LSgjwk/0W7ieFYkMQ==","mode":420,"size":2280},"dist/configs/eslintrc/eslint-recommended.js":{"checkedAt":1768031076083,"integrity":"sha512-8pKoQ/nBpMTPxVntmHPUVIqJEe70BjTK/q7lOA56n2TbAxxlLYAm81ts0Vh5iC0nJ3L8M183Kk3vo560y7Y02g==","mode":420,"size":538},"dist/configs/flat/eslint-recommended.js":{"checkedAt":1768031076085,"integrity":"sha512-9nshCUV98bwg2S4+E9Y1qLEORLL8D5Vsi74Xg2ts6Gx1MMj1d6i22zv48KiXhVEd2KnVJrz0HzJtgVjgyWDRUQ==","mode":420,"size":750},"dist/rules/explicit-function-return-type.js":{"checkedAt":1768031076086,"integrity":"sha512-CA64LKrZR/ainUQqGoZo8mqpa2DHn2iCC/bG2mCO1cP1NrAaSZ4qAvCSCHdXzhHzAA5MvStxQz5E1miN7uuWpA==","mode":420,"size":7742},"dist/rules/explicit-member-accessibility.js":{"checkedAt":1768031076088,"integrity":"sha512-bm+sVAEbcVnrupfssJHPTHt3Bof/Vzy2/4RxYeqOwe2ReCereNFm7ZedBSGuTuGJHmZ2llUgzMHfGePAMtFGzw==","mode":420,"size":14048},"dist/rules/explicit-module-boundary-types.js":{"checkedAt":1768031076089,"integrity":"sha512-kUfdaL0PFQhqqFvVQh+N0wjVWJYPjcPiLLTJqqagYm1CiBAY9f2ChCHfnTySojPcVHIiiXyYn6F3SfkGqp+LGQ==","mode":420,"size":17685},"dist/util/explicitReturnTypeUtils.js":{"checkedAt":1768031076089,"integrity":"sha512-8fxdKKNlQSyV0OCxNeO9hFmFPTtNCN9xR/1KGAsBgpIMQueHd6WiOPwZ1NaTwdKlw5IhYtX1GtP98soaEVUTVg==","mode":420,"size":8293},"dist/util/class-scope-analyzer/extractComputedName.js":{"checkedAt":1768031076090,"integrity":"sha512-+Rh52fU4VvXNIu/duMYU4NFNKcxLa8IbiLfD5wiSUd6tKPhrYOD45ab1VWMS94dBuEOnD6RykpH+0X3+YGpVTw==","mode":420,"size":2401},"dist/rules/naming-convention-utils/format.js":{"checkedAt":1768031076091,"integrity":"sha512-QERStYKzdGeuKj2/ekKJMkJKH1kyQLeF6aO99nlvAtvFR1T+cLs89qoxAOktiX3PP61NqT1/WWbDn+fWi5qhsA==","mode":420,"size":3069},"dist/rules/prefer-optional-chain-utils/gatherLogicalOperands.js":{"checkedAt":1768031076091,"integrity":"sha512-AZJ2CZG1K5hGc3hh/7/dP+t0KIJpDKPjIA+BTqc2FvM6AK2gP3PQbzQ9Z3ow07CBcMr23E4UUW7weGsOOgkc9g==","mode":420,"size":18185},"dist/util/getConstraintInfo.js":{"checkedAt":1768031076093,"integrity":"sha512-/TGRXTS3yepGnBuVerZzYF+2SjSRiRbwy25DJ9Aicg9Sty6bOEh4Jr7d7hDZda5YxZs6XsqUSd7xEJfzVkd+Jg==","mode":420,"size":2697},"dist/util/getESLintCoreRule.js":{"checkedAt":1768031076093,"integrity":"sha512-t5JCWnW/9sWN99tnvxLJ0cNC00Y5zR/s4JYcEZ8zmkidTS6pfSlP/xc7Djs7Fbex3iLaxGcaiUPhFb5vAZtq9w==","mode":420,"size":659},"dist/util/getFixOrSuggest.js":{"checkedAt":1768031076093,"integrity":"sha512-R7Cgz4xVcVwZJJewjDF/KA4ehgfAIgEHeH39BMdxnoKyyQ7R3dwV5Hc+v5/bC/uAMjk5n3buAWIOUOH0evcUzA==","mode":420,"size":399},"dist/util/getForStatementHeadLoc.js":{"checkedAt":1768031076093,"integrity":"sha512-hZelXRWmoANE3iyXN3j4yn0etryMzErlyBxbV4hQtGOz0+XjuApp9knxeSPfW1zqrFmxOpTbkmRoOxqmAIIIOg==","mode":420,"size":993},"dist/util/getFunctionHeadLoc.js":{"checkedAt":1768031076093,"integrity":"sha512-PzCCt3c2pALzpV0H0RRHmCS1PPjOr//uH29UiDZOu+T8seR4R3EKaCST0iyX3ivrT9W1om+caarroKmEHgGzLw==","mode":420,"size":6127},"dist/util/getMemberHeadLoc.js":{"checkedAt":1768031076094,"integrity":"sha512-D3yHGsT6zTLSf6AhBKMmFndvwDleZkq8N9EKANgFm8t8peOlG/pyTkdh9XVtOED0D0usxOK8jwUOH2n9ktlndg==","mode":420,"size":2547},"dist/util/getOperatorPrecedence.js":{"checkedAt":1768031076095,"integrity":"sha512-//X4+b49tzaa2H8Jd2J1AbXppRGp7V7WiWCxlPxefjsVVE341EHohd2kftlfxYWAhHIVaFNMglKFY4xCc/skgA==","mode":420,"size":19333},"dist/util/getParentFunctionNode.js":{"checkedAt":1768031076095,"integrity":"sha512-/WYqEiVzif4Z/EISd5ujerUW3Yn8qlhhHhB+beAOZTTBxwGWvOrgqs0A1WlGIxRUhUPvAFOH1K1pDHni35gnJA==","mode":420,"size":775},"dist/util/getStaticStringValue.js":{"checkedAt":1768031076095,"integrity":"sha512-DpwWwsFbe2SsujE+XjQ7ePWFLGUe9wEMX+aJiDtqjhlHeE9L6esTJbP7hJolByGdk3gKx3l4TmLFL+9DGv5xRQ==","mode":420,"size":1902},"dist/util/getStringLength.js":{"checkedAt":1768031076096,"integrity":"sha512-oY3UahElMD9sUIqMTTP0sXFnWYBfVqNUxPR9ofyIoLNatM9iFbfc67xG4k/sWcdNzVMzcH4wBxHEMShZ/pLF8A==","mode":420,"size":395},"dist/util/getTextWithParentheses.js":{"checkedAt":1768031076096,"integrity":"sha512-uoTlvLwakkkhnVaacelrwDrqU7INnQH0BES3hjcoLiGDGLTbSgLBRpBu3+qJu74rS5K4fkENQJAStD4KS7vzzA==","mode":420,"size":880},"dist/util/getThisExpression.js":{"checkedAt":1768031076096,"integrity":"sha512-VwKp20ELpQMWn918biGz4wu+WQJxsnTKekptgSKEOn6oWGQJhINmJJHwb3UzuTLZtbQGo+vt6WalUQJ8Z9k8dA==","mode":420,"size":746},"dist/util/getValueOfLiteralType.js":{"checkedAt":1768031076096,"integrity":"sha512-aPD2ZKnefxV5J0ozsC6ftGOy6Typrms4KIgkwdlDix3I3AT3vp0kS3vlrIpJVizOwbKVj8odQ25J9d5u7ed6xw==","mode":420,"size":533},"dist/util/getWrappedCode.js":{"checkedAt":1768031076097,"integrity":"sha512-/bww0AuDpivbk8sLsmzZXjtEgFvAILePSuGuLbMsFiQpdDQKHx3hhuA1mJ4IjQtw+Zdt7ijOgzyP9gzO8sYVHA==","mode":420,"size":253},"dist/util/getWrappingFixer.js":{"checkedAt":1768031076097,"integrity":"sha512-+gyoW4DzPl/Qg3yo6OqQ1Jn+KG6iF65+sT0xTmlcCuBs+WYmytfPqtJDHdChfWSgODwKB27yJo9b2GJfJjtRmQ==","mode":420,"size":7649},"dist/util/hasOverloadSignatures.js":{"checkedAt":1768031076098,"integrity":"sha512-ZqY7WGjbYoTWrD8zsodC9F1hHinx2KfZlbewk+CFxM53B2SI6BYTW8aUEXa2vYEkKlzCDCCLEVRzZLa5YYGhAw==","mode":420,"size":2202},"dist/index.js":{"checkedAt":1768031076099,"integrity":"sha512-g9IEyprLk38cvGocol2QEQLcGPVPzdNSTd86mw0D5sLRvzN5Z1Hzzxb3LsepuYfAr99iVwEsss/2rkl3Mr5TYA==","mode":420,"size":262},"dist/rules/index.js":{"checkedAt":1768031076099,"integrity":"sha512-0TYE2xlQtmIoxJbhoIiyWEVPbqf6p8RIk88sVNJeOdmt8U1J7+Sl1X9npV5mRpeCcZlfAveqFpxkPfIU84w2Ag==","mode":420,"size":20101},"dist/rules/naming-convention-utils/index.js":{"checkedAt":1768031076100,"integrity":"sha512-keB+NzXBS/YNukXkDT07i/Ng+czqgGMqRnd0RyU3/fNF6Rc2C8MeTT0VyYFdujN2CY+Jb2cQRAVNsWOei6ZW/g==","mode":420,"size":845},"dist/util/index.js":{"checkedAt":1768031076100,"integrity":"sha512-exSq0PJyOvJFQ0+APfzsPwH0et5dmLHaqMAGtHbOn/gLk83T1qsasrbvujTQ6zZ/li3A9rn+apE+gvqgskkYzQ==","mode":420,"size":3104},"dist/rules/init-declarations.js":{"checkedAt":1768031076101,"integrity":"sha512-Ejzi/lbAddBc7lyCw+JNT9pfrpHxHhv781iUgAXhH3G1FPfv2xxeJtZfA8Rs+jzCi6HH4p7lFVouBaXFQlkMpA==","mode":420,"size":4366},"dist/util/isArrayMethodCallWithPredicate.js":{"checkedAt":1768031076102,"integrity":"sha512-xXM2DNA6Wx1zYtvkroCUastQ+3nBkuwegeEhcWjdWwFQvwAJUNT17fxdjCtMJj1Ac4VDr7dDtQ4zZ1yxwqdO2Q==","mode":420,"size":2554},"dist/util/isAssignee.js":{"checkedAt":1768031076103,"integrity":"sha512-Xa0aLZU3YWjztyr7jLtbOvhkKzDNUytW78q5NOsR7VxHAJ2VfnCtOXsPJEbe3Uq4tnsygln01UBXYlDuc4vSaA==","mode":420,"size":1669},"dist/util/isHigherPrecedenceThanAwait.js":{"checkedAt":1768031076104,"integrity":"sha512-CF7x55QktRMIialWPrd61bItoRnvCTcM0zpM05ItrL5RJ207K9F1W9YVPoFvpBrN4LYLpA87rNMBWM4zTMkJOw==","mode":420,"size":2069},"dist/util/isNodeEqual.js":{"checkedAt":1768031076104,"integrity":"sha512-bXcLfcrFxsGm3H+sIv5ARJtvpniFDQ2P8qLwk11/3I+MGc8eEdpjdOlNv3u06K9mqFEHn4SpvDZ7dcrIB3s9/w==","mode":420,"size":929},"dist/util/isNullLiteral.js":{"checkedAt":1768031076104,"integrity":"sha512-4Cafj3IFnWkeK9mhbvSxDDGqzBCYLnUqp2CU5lgtZe4/8qh4BetG0kRgvCyS6ED+YQFDXMdYXA4/v3Y1F078Cg==","mode":420,"size":272},"dist/util/isPromiseAggregatorMethod.js":{"checkedAt":1768031076105,"integrity":"sha512-Ocj5aX4il8L9M/RjNlFOElC1IG+UmjcZtxAXXoYCRozntpbt+BKY0XSP7NJ8zEiBa1uMCVwCxzPjxH/dQsQepA==","mode":420,"size":902},"dist/util/isStartOfExpressionStatement.js":{"checkedAt":1768031076105,"integrity":"sha512-SVFDsM3pQckePTndHWGG42iqTHObsk9YAjt7qnKTQmELK4VlJbZ8FpCJm/EMU2/NF7YLCDqGFrPj/X4XyIa5eg==","mode":420,"size":1007},"dist/util/isTypeImport.js":{"checkedAt":1768031076106,"integrity":"sha512-m5lrbXYEaouRXJTqDh4v+7N4RlVAY5Uxeh6nbu4M9XGDUS26yrtsdGOgfDk48ntUT3IALGdGAtSOOb1lX7oVlA==","mode":420,"size":769},"dist/util/isUndefinedIdentifier.js":{"checkedAt":1768031076106,"integrity":"sha512-9+hmMBaIsPHuJl6BLqTvmc7WBP5fDSRwgrkoJgwubyrMWXqdZfhaF3UGjX8w4PciRC8ifSrMLXJKYRI5Bx/cyw==","mode":420,"size":306},"dist/rules/max-params.js":{"checkedAt":1768031076106,"integrity":"sha512-2m4H/GMaWXnDESBdtlTDDACin+3+YQ3NaJin8FBEf243tVsPsZ4NmRn0/GKSFrB+NN9u0B1mduFrJGWAGtXoVQ==","mode":420,"size":2857},"dist/rules/member-ordering.js":{"checkedAt":1768031076107,"integrity":"sha512-lIc1jWqt1bnVulpx6GFOu9OMe/YZqnr9ltQAOSmbBss2RzBjf03QAhHLFnBEgl8YXroCeHqW1aGrt1m1PsB+zw==","mode":420,"size":31275},"dist/rules/method-signature-style.js":{"checkedAt":1768031076108,"integrity":"sha512-HlBH8YpyFnInZxAf27stHb1lFUp69XpkAYOcjqgJTHm75VSvkljv2NqFY6/fGIQ0pOekRcmZabPrr4u6MZNduA==","mode":420,"size":9108},"dist/util/misc.js":{"checkedAt":1768031076109,"integrity":"sha512-AERzS/ufJ/xEcg0rmgsYjRaLmz9J0kWaIDtwuDXXcMO//7esHYz4TIoR471YZr8iM0jJDfp3g6XWNirl2IhTNw==","mode":420,"size":9405},"dist/rules/naming-convention.js":{"checkedAt":1768031076111,"integrity":"sha512-X1glzM6QpzYq81zmQ/ptvM/K5OFVgJDS1fu4EnkoaAadzhepujhvJezethNlq4/89gbGiw99QUXBBznsWZZhCQ==","mode":420,"size":23858},"dist/util/needsPrecedingSemiColon.js":{"checkedAt":1768031076112,"integrity":"sha512-+664nyiC1xftZRoZsYzG+tErEoIO9RH7A0wZm+Lh/nbYxpI7abaDs660kfyOGZ/LB6YONk3k8FDPslmENbckrw==","mode":420,"size":4389},"dist/util/needsToBeAwaited.js":{"checkedAt":1768031076112,"integrity":"sha512-bEhKY9xcK7u50qV1ctbb0X9w2oyw5TyZJn33w3KFizRTVay8bLEGAd3sB948Ib0E6BYVPsIUBnP0nYyqVeLf4Q==","mode":420,"size":2671},"dist/rules/no-array-constructor.js":{"checkedAt":1768031076113,"integrity":"sha512-1O3fzGy57r5t8/fRXNkO7jd12kFsjRmJPm68cCBYqV9bZtsexLIcBSn+AplMgQLCbouwHBX1TpXa0SK55y0Gzg==","mode":420,"size":2232},"dist/rules/no-array-delete.js":{"checkedAt":1768031076115,"integrity":"sha512-QZ1v8QiDGseXYg0CJB8id1qEu1A5UqZ5oUerriOosYY9PNg/jTP1qBFOE9HS6Zi71+tF4kiusw3C7ONgX5GYsQ==","mode":420,"size":3684},"dist/rules/no-base-to-string.js":{"checkedAt":1768031076116,"integrity":"sha512-LI64oZHc321OXI8yF7uffuBKNGJm40fOECQuhxn9WziUx7p9el5ekR31IyN/0M0QP96k+wJqvoLBhMCKNJSPDg==","mode":420,"size":14575},"dist/rules/no-confusing-non-null-assertion.js":{"checkedAt":1768031076116,"integrity":"sha512-B5+yC+iyMvWRPJdyMV9F3pn3hTsjjAnSJVhG48YPv1XB3rd7XunFANPzkHEeWgT3Lg52UkvkQE4aObEn4EjuSQ==","mode":420,"size":6563},"dist/rules/no-confusing-void-expression.js":{"checkedAt":1768031076117,"integrity":"sha512-+s3GfXioyY/LpIb9psbAabDeu2W1B/opzdz7TDP16z5d8bjM5LWxh/Eq2EuAWB8jGEczXYXhA9/dRgJB2KQJkA==","mode":420,"size":18010},"dist/rules/no-deprecated.js":{"checkedAt":1768031076117,"integrity":"sha512-NaZ9x0cEgb7JqKGArYyEXMdynNtMqzf8oejn5dpDbY/tpdhutitdo+repXKRN2gh/lF+JO5DJ1N0kx9MwHVTxw==","mode":420,"size":18715},"dist/rules/no-dupe-class-members.js":{"checkedAt":1768031076118,"integrity":"sha512-xb2p7Wb63dDl5QMDJbdyUGDe4R2c7dlrtID9UUem3rG7iJcJeChYzQULzwymc/0F7tvJaxkFjAclhkQJcvwBjg==","mode":420,"size":1435},"dist/rules/no-duplicate-enum-values.js":{"checkedAt":1768031076119,"integrity":"sha512-vz6pz1yIO/D7lYzft9/J21DhtvVsSfBx5FQg/0hTGrDlQeXBiYu6ShcuMWKywn+NAFF3W/kqs10MmUIlwWNVNw==","mode":420,"size":3170},"dist/rules/no-duplicate-type-constituents.js":{"checkedAt":1768031076120,"integrity":"sha512-5hHsMTmASB55VkyQyprdkCTMKtF0AoTZYGlTS3Cbu5BqawUVD+luBL6O+Um5Bw2a5MBi1EHHgPadXG9W3ZWJJg==","mode":420,"size":9918},"dist/rules/no-dynamic-delete.js":{"checkedAt":1768031076121,"integrity":"sha512-jA20bGHoeWa72ROAkbSnycH9eI0EzznXilrTXMHmG+nNxDhkZYFNW/iTYByY4ijQNTqzLJajCJG1edpfrwEAPQ==","mode":420,"size":1555},"dist/rules/no-empty-function.js":{"checkedAt":1768031076122,"integrity":"sha512-i4qYg71cy+nVLE567OOP64bhTOeYlMOfWIR/1YO3PHTG7Y93s/Lu4iNZuq4XqnKrylWWBZbJzsslKUKxbIIsGw==","mode":420,"size":5059},"dist/rules/no-empty-interface.js":{"checkedAt":1768031076123,"integrity":"sha512-0+bumRN6lVED9/6K8dDmsPCMh3JJKAymvQmlo7znvGFcMTOLADI1RhGTfKveYUYVkEI6VOnr9lkX0MK53qB85w==","mode":420,"size":4213},"dist/rules/no-empty-object-type.js":{"checkedAt":1768031076123,"integrity":"sha512-Az35ucQAprCpaAA/VFh6A1bttXhsYtjOU1kZdiTy3DvRYTB7+IIoZp2ixFyM2AQz8FV3PGn4xAuP/Sfg8+k32A==","mode":420,"size":6923},"dist/rules/no-explicit-any.js":{"checkedAt":1768031076124,"integrity":"sha512-1qgtp76LzI59KGB/VNzxsWjVYzH1IT7T51fbIXpN9fGnWz3nOOsxxf1YaMwIkE78LJZJH5TJ1URGaxTcwpM44g==","mode":420,"size":8885},"dist/rules/no-extra-non-null-assertion.js":{"checkedAt":1768031076124,"integrity":"sha512-1jEs3fbpK0oWUMJ6Q4BZwGyRQkvPnTEC1zlSbYeivMSvEd0AM6faEspqQ6ZPt2aY46fu7g9vcSmR4gMY7G7S0Q==","mode":420,"size":1215},"dist/rules/no-extraneous-class.js":{"checkedAt":1768031076127,"integrity":"sha512-NsqCPDqGj4mQhRojVMqHmVZ6Ove/Cv+lPuPtpmFc/1mhOLbreZq9ezQtNHlb2GCelwsrtBdzFNwI+puHVeVAMA==","mode":420,"size":5014},"dist/rules/no-floating-promises.js":{"checkedAt":1768031076128,"integrity":"sha512-UlO39GeeT0V5svzuEUz81gD1Ypf//shuQqj25uPQStZrUBPr0Bu447i9wF/j6IJqJSy1RTyPh2TSk3AGimBMCw==","mode":420,"size":17862},"dist/rules/no-for-in-array.js":{"checkedAt":1768031076129,"integrity":"sha512-bpPMDMql3aCsBNcVA3cZVGNrgu7a+GgW+4TdqDPm+zNTFilQ/zaAXWyu5UKeQloemDhYZYa3ZIPFlygzMxfuyg==","mode":420,"size":3494},"dist/rules/no-implied-eval.js":{"checkedAt":1768031076130,"integrity":"sha512-9+hSYky+VQsy28hdtJvF9c3k2wK7N40UUJrAza3OP10clMLMx2p+5//sWkHxJ8f6ZVmHZb0PG7cyait4iLd37w==","mode":420,"size":6246},"dist/rules/no-import-type-side-effects.js":{"checkedAt":1768031076131,"integrity":"sha512-F87hpdaszBysO2+2o+J73HFlPv+vVssSIqPw2RK2LuFx//ZfxYdVhgWSZYwal/2AkYh+u/fk7v3sBR0AmH2ECA==","mode":420,"size":2447},"dist/rules/no-inferrable-types.js":{"checkedAt":1768031076132,"integrity":"sha512-ACE/2Hwjlo63Afk1DZgkCh6QmwQhAfNtUYRO1xfgzgOHd1ScqKUcBTEbufKeGZqViqdq/58JYi3uTezuQxN7rw==","mode":420,"size":8447},"dist/rules/no-invalid-this.js":{"checkedAt":1768031076132,"integrity":"sha512-NPzte6sIMOZS548vh3M6FEqZPVATJr4FQWxHgfoI+Bsw0SFlXaiV+0yi40OLOwl3VooiHB1ksTBji/RmPoToqg==","mode":420,"size":2788},"dist/rules/no-invalid-void-type.js":{"checkedAt":1768031076133,"integrity":"sha512-iHhmB3eI3JVrM9XIoj95IqDxwpPhuXrAi4Dyq233N9ULSA/OIxkkQK7ilBo9kJMzXY20sV/ttpg7JeAd2axoJA==","mode":420,"size":9730},"dist/rules/no-loop-func.js":{"checkedAt":1768031076134,"integrity":"sha512-GW/Grb4SGXlgEr3ccghkkeF6y6rWmxAghRtZ+6urnoOtmeKYKuMmjKtCuiI1uUil2xM3Bj9xhc32FBhnSO27MA==","mode":420,"size":8104},"dist/rules/no-loss-of-precision.js":{"checkedAt":1768031076134,"integrity":"sha512-d6mh3GV/1rymYwsG8jYGw2tz3YtbNB78S3hpSAqMIylgruS8JmeLVr9Bd+Tc+401E1iFl6NePck8ff2FvlkKOg==","mode":420,"size":1230},"dist/rules/no-magic-numbers.js":{"checkedAt":1768031076135,"integrity":"sha512-zsPGjMFCSzOIcwHv8fWQhQP2U/ooJGq74+CAmKhBFPfoexFfXXojrCbfefXWUx/taQE9escR78JR+3xTdokhRg==","mode":420,"size":9707},"dist/rules/no-meaningless-void-operator.js":{"checkedAt":1768031076137,"integrity":"sha512-WFz/rPvzaQ+oIQs7bMJox+WgDr3PSbf4r4QvFtSgesBFvJ4LquL2dj9i97fE5vRMohXHLYqjHwhI8LFCLVeNXA==","mode":420,"size":4240},"dist/rules/no-misused-new.js":{"checkedAt":1768031076138,"integrity":"sha512-XRPD9XaO9jkTpWozzeArgw/z0MxwqfEo4FgCsOVXsB7CY1clE5amFTDEfEDaAyBNMrIcwrU8R8ssDmAHpeaAGg==","mode":420,"size":3055},"dist/rules/no-misused-promises.js":{"checkedAt":1768031076138,"integrity":"sha512-izBCZ4HV3mgEUqt66TLgePhLqEztoNEflVHxkgWUM4CbVzbsDMSll6v5ymOcQhGg80lrrck2xxdYVb4S/N8ZAQ==","mode":420,"size":36092},"dist/rules/no-misused-spread.js":{"checkedAt":1768031076139,"integrity":"sha512-n+xZIEsH79nGyUcu9VgrB236druSDf7ND0pSzpYgCCltCesAStnKPWrmD1oAz9enkD9DDStsDhZnm9OT6OgZlg==","mode":420,"size":11172},"dist/rules/no-mixed-enums.js":{"checkedAt":1768031076158,"integrity":"sha512-KnwDQgFQmExa9OHw42tDjToJe848DmAgTz2kPbJSn6KeHvhZoC6/5DjB1brnukUKAkSwefRp5NAYUsoQD6CLBg==","mode":420,"size":8626},"dist/rules/no-namespace.js":{"checkedAt":1768031076159,"integrity":"sha512-btyOjuUz/bVGItKt0h86tHYS2vSwIcyswS6Lrso90OvRFclXO7pudNKxrzcNQzM3q/tEFW/BEmLsiktiC/IRhw==","mode":420,"size":2167},"dist/rules/no-non-null-asserted-nullish-coalescing.js":{"checkedAt":1768031076160,"integrity":"sha512-sURevmOA1doiqLjqjyMt9Rho0dapnx6II5vcpLA2C4bSP6CGzslgAwB142nfBDUMGvVGEToBtElcDHm/irJ0/A==","mode":420,"size":3642},"dist/rules/no-non-null-asserted-optional-chain.js":{"checkedAt":1768031076161,"integrity":"sha512-PjFmbmXkR1mFZGPkPa3HXx2wS/p86EsdxmLe4P8uwXz0jkhqvShnF11dvuGsvGcBz/JyYJCNpjf/9m9ngpqLfQ==","mode":420,"size":2590},"dist/rules/no-non-null-assertion.js":{"checkedAt":1768031076162,"integrity":"sha512-37LnC/+ayrZSVQrwp1iTtQMKNX5hW5kajaGhw+UncFMNNpGbgNAVUpBdFp71sJJgQZHmUbKwUS2keoMtAxUO6w==","mode":420,"size":4114},"dist/rules/no-redeclare.js":{"checkedAt":1768031076162,"integrity":"sha512-F8WJ5Htz0GLKQHy2/FWmcr2SpVUCrFtAaC3sItuLE+LAHwVJ3Z7m1gp1zd6kEjPWo+6u9DEA5R5hBUHueVV4ag==","mode":420,"size":8954},"dist/rules/no-redundant-type-constituents.js":{"checkedAt":1768031076163,"integrity":"sha512-dA/+UY6c5zfeTrxM8/A0+cl4JOdRHXMrj/WWG1wk3mj6EGVf/RVp1Ykt7mhtPOHNakmMu8g54Hc9ua97alWC2Q==","mode":420,"size":19208},"dist/rules/no-require-imports.js":{"checkedAt":1768031076164,"integrity":"sha512-z+eeQLYS3QlmIzq7YLVnqffnm4rmpWF+IqUyksuE6hXsoh5L5+vA9lHQUYkD5N08FNkVVKUXWxNhtzbpkiZhXA==","mode":420,"size":4706},"dist/rules/no-restricted-imports.js":{"checkedAt":1768031076165,"integrity":"sha512-Q0BZ9U2UarOMIi6/thLzGBs/IfmkoeEoxq0IvCkspVjl9tk3hopp2yIQN2+wwATnCF3pufZyECvqfQgbw5FqwA==","mode":420,"size":9077},"dist/rules/no-restricted-types.js":{"checkedAt":1768031076166,"integrity":"sha512-9RpuCWPYNAlamPuyYejiT3vMVZctNLpjt4/2O3j3ngV6F2eS6navF9ft57HfK6vq70HOWqGBoMY6kmZ4HNZ3kg==","mode":420,"size":6440},"dist/rules/no-shadow.js":{"checkedAt":1768031076168,"integrity":"sha512-Fy2DIVDSgALGck/OMXKzeejAihzCzFdyF8K6LKQj7t3Z9RTMLpLycbB6DgDUnI/4G22Tc+tWnzs1MGEFi2B54g==","mode":420,"size":23299},"dist/rules/no-this-alias.js":{"checkedAt":1768031076169,"integrity":"sha512-acObGQogzYxZ+8SJ4+qbyAMnE6aDCHAGLrFAvJaT8gpjERDc4OYDIwo+brlTYTAI95XGrbldTLj4aBgp7l0mtg==","mode":420,"size":2593},"dist/rules/no-type-alias.js":{"checkedAt":1768031076169,"integrity":"sha512-+GpTDjKiORX2NUEiGGStnsZUvArRsfngtpqllDbKBcjyMNTJiOx+AxoQ++t/Zzdi/Vdva/AhJNUwTeh1QaZc+w==","mode":420,"size":11845},"dist/rules/no-unnecessary-boolean-literal-compare.js":{"checkedAt":1768031076171,"integrity":"sha512-gmS3rm9uXZ4srRMEHlVQm8GA0kESnsh++BToASPosMNH0F3q2b+MJh4hn4+wxAHjNN1erTG82ssHHOw2Qe7ZKA==","mode":420,"size":11794},"dist/rules/no-unnecessary-condition.js":{"checkedAt":1768031076172,"integrity":"sha512-1cfqdGYrAdDveLaPFevcvVN5ntGzbg0/nqLRNnA8h1/P5uvHpjq8xihOE+OK8KX0AoVlVZZ0gwnAJaDn9nsoZA==","mode":420,"size":32986},"dist/rules/no-unnecessary-parameter-property-assignment.js":{"checkedAt":1768031076173,"integrity":"sha512-TrM7NvVVwe+DnmDjdRJC1ntZaIAhFrP+DrRcbweCinuKjL+zCI/PJTdugFoWcxaN0X9lWZT2XQxj0XIOkMNc6g==","mode":420,"size":6807},"dist/rules/no-unnecessary-qualifier.js":{"checkedAt":1768031076174,"integrity":"sha512-kxBmrG8es0vcbIqLC72WI/JW3/WFvVB/7Zi+FD9eN/o6UsIUm/9fW+GrrHCTrdClnibuS3BpX95oyGEEY6EMqA==","mode":420,"size":6941},"dist/rules/no-unnecessary-template-expression.js":{"checkedAt":1768031076175,"integrity":"sha512-U4muaVblrKGz87Z3HBARQI0mzVsR1ueDww2HO9Ot2Hn6jzk2HdflJKHV3wRnSs3WrOjmA7383D7W2JcjP2+kmA==","mode":420,"size":16960},"dist/rules/no-unnecessary-type-arguments.js":{"checkedAt":1768031076177,"integrity":"sha512-wNRLCbQlWn/ER3zewciYrKza5sMlzNQgAqfJ2Hnb2QLAXMaZ2su+Wb5IH/PgvP+0pW71c0pipxH4M1tOXBu+qg==","mode":420,"size":8209},"dist/rules/no-unnecessary-type-assertion.js":{"checkedAt":1768031076177,"integrity":"sha512-sMjBj3e1fqpMUeQNDtQO9JkLFG/KTuhI/Hb3xQyWHaTXHDz6MZpfeKBJJY5ZEPgMcHeTAYp9i6ZTt1I3n6HP4g==","mode":420,"size":18278},"dist/rules/no-unnecessary-type-constraint.js":{"checkedAt":1768031076182,"integrity":"sha512-Tkivz2ozfEjFJzQYV2b7K4GtJCUBgLfAG+35YTTFIBi5uCtrPIh12blDMMN840FIZoeTy5TqXSAod2BSx7y6zQ==","mode":420,"size":5048},"dist/rules/no-unnecessary-type-conversion.js":{"checkedAt":1768031076183,"integrity":"sha512-S61PKGar95UqU/sMOzkpfElsNUgguCodxg7kpuG4oC8bY4BlhnDTO1C7IChEsl/eFp4bYmcQmbVnMvIT4NzH3A==","mode":420,"size":16322},"dist/rules/no-unnecessary-type-parameters.js":{"checkedAt":1768031076189,"integrity":"sha512-5YsVFCzrZ6jelF3eZ+aKGxnU8U6eJraINbtPAZWfEc76AEqv6kLRf3bkBnNHWJe+aAUBp6li15keQW0XwZof0w==","mode":420,"size":21118},"dist/rules/no-unsafe-argument.js":{"checkedAt":1768031076200,"integrity":"sha512-O7PUT42IW2GLhR2w7z/wfcBnaGmbhRUq/qe2Hpyh3dAg503MbFitIOuuilbz9zLwxfMVyNzh0Zcgk8auAdB5bg==","mode":420,"size":12333},"dist/rules/no-unsafe-assignment.js":{"checkedAt":1768031076201,"integrity":"sha512-NNhGr8YtWd7fTASjJWsiF9kUt2NPhNHXqAdg2MOJSjdPgLzrUeUnDCdQo+m8SVIBer++HjCzSDJfrPmVqSi9Eg==","mode":420,"size":15399},"dist/rules/no-unsafe-call.js":{"checkedAt":1768031076202,"integrity":"sha512-+Ukm50jAqomxvZ4tjU+pL3awD9rOTlmq48dvt6yucATyHFfRlJcfer7MTx1E+2x+cKcmfbXYVgDu99VPZyREvw==","mode":420,"size":5615},"dist/rules/no-unsafe-declaration-merging.js":{"checkedAt":1768031076202,"integrity":"sha512-p71j5W7PwRaj/zwP5WBxs/09shfwfE8ZDoALBq5ilV4P1tBX14URbnSM/rfHxKvKL9l0HTkbAk0g8gjH9Zxd/Q==","mode":420,"size":1985},"dist/rules/no-unsafe-enum-comparison.js":{"checkedAt":1768031076203,"integrity":"sha512-bWZeDP8sTI6spAWS0qruTlhyrZf0lL7hoBTMRb/oGlZdkYspQLXAjhrFhS3L95K7IybDuZHSqAHOHtUdm6jw2A==","mode":420,"size":8482},"dist/rules/no-unsafe-function-type.js":{"checkedAt":1768031076203,"integrity":"sha512-0ljS8VnSHASthB1XsdvUXoh/Xte5xzgevXYCtNZbA1aApMx0NzeNn8O/T2qZ742nCOabcrMXiZ/XwWEUA14QtQ==","mode":420,"size":1504},"dist/rules/no-unsafe-member-access.js":{"checkedAt":1768031076204,"integrity":"sha512-EJ1EBWTQGBPKR64rfwMfvXZriBXUQY7O5VmT7MsG9SIx7e58NG4762ETExOrLHHS7BKHgrDnW1FTM+B2x/MXKw==","mode":420,"size":7682},"dist/rules/no-unsafe-return.js":{"checkedAt":1768031076205,"integrity":"sha512-8AuMN0+877xan4qOoAVMPF9iN4JkyIba5d+1ZLKKtZn319WlxWAVh18KtVUrgrI8x+YL9A/M8N4unG+V8uchJw==","mode":420,"size":9148},"dist/rules/no-unsafe-type-assertion.js":{"checkedAt":1768031076208,"integrity":"sha512-tHyLdTqZLBsHVnIqN7sDL0gD5JCfqACPzjYF4V26tj2CVnE27ZmJzir772xUKB0x7CVMcuRQOueBwPpf72FwGA==","mode":420,"size":7096},"dist/rules/no-unsafe-unary-minus.js":{"checkedAt":1768031076209,"integrity":"sha512-oHV4BPh8Y7cVXpWYBBx1ZyQ/YpJGBWaXqYZB7S/D74s6GdaokjDHrxvfwrrH9tn3Y7LuKWPQwcup++tno53/WA==","mode":420,"size":3021},"dist/rules/no-unused-expressions.js":{"checkedAt":1768031076210,"integrity":"sha512-vYJ10jmzj1AAjMi5SLLsT7WXjNMjLj1/FhPpAfiRLIOxv/n8j0xwnObSDaZnvvpL7tmdrOxohwg9wZQ210FppQ==","mode":420,"size":2652},"dist/rules/no-unused-private-class-members.js":{"checkedAt":1768031076210,"integrity":"sha512-DqiXjwm8xRg/+X0WEL0TnuNsl2xOGDNkPHWBAlta8aovrb8X5RdAzNEAgdfVOi03nKOAzT6t5wNutQh7pAySCg==","mode":420,"size":1781},"dist/rules/no-unused-vars.js":{"checkedAt":1768031076211,"integrity":"sha512-HCpFPRIF+2ZUy43nVT2RC+nci5u6+h3qiDQEGh+MPe19sU8Ha8i4JsLQ02NmadrsTKLe3X7sGUBEGrPOiUV7IQ==","mode":420,"size":31262},"dist/rules/no-use-before-define.js":{"checkedAt":1768031076212,"integrity":"sha512-mhMvut7GQFyeWllWHCHQ36wKMUZ347WxGEEouUAYBnuTmW6SvcEBNy2zinmQznF3YetUXsu4FJ3zLRq+wmeP2Q==","mode":420,"size":11377},"dist/rules/no-useless-constructor.js":{"checkedAt":1768031076213,"integrity":"sha512-H3rWyyzJh4WCP+HluDaa+0oIyoOx0sVHhHuAeiKRT26F3RD2tU/coBrod6wa3Slyn/+Y9regeixeymySFwGWGg==","mode":420,"size":1862},"dist/rules/no-useless-default-assignment.js":{"checkedAt":1768031076213,"integrity":"sha512-/aybu5iIhwYmH123oFOjxq9IThjBv7QsMyyGRx0bLRrdv9BZ+UBHa2k1ISVpO14YONwczUyR7/i5rMGQdDpoIw==","mode":420,"size":11499},"dist/rules/no-useless-empty-export.js":{"checkedAt":1768031076215,"integrity":"sha512-p0maLmbG9FMNQuS/R+5JRqAjLO/mF+RdXjLzUtEy3Cf8oA4ufX6iPiclDWWdPujNxwuRnY+q3EJuSAv19YXgRA==","mode":420,"size":2508},"dist/rules/no-var-requires.js":{"checkedAt":1768031076215,"integrity":"sha512-R90i0KRnVbk8xOLwUgLHlVJvCoPpxpt+7aPH744hTeVBKNG69Pz7MNG/IAIEyaRqz0jgdR+te+bSdm0juEFdcQ==","mode":420,"size":3379},"dist/rules/no-wrapper-object-types.js":{"checkedAt":1768031076216,"integrity":"sha512-BJCVWn4gcF/sjSsEwueyeJaAXn7GwGZqxrNoojF5+qhZ3HzQC+g6gi9BvNii74oEDCr1DEnn2QvY4ZAC596zCw==","mode":420,"size":2061},"dist/rules/non-nullable-type-assertion-style.js":{"checkedAt":1768031076217,"integrity":"sha512-63M6QjxGmJdb83XFGp9mqkNIirMMAPhGuas5oZfAJbffMTS2rRnfKwxY9DadVFqjlWd951HjpJhNaTn40HcX8w==","mode":420,"size":5622},"dist/util/objectIterators.js":{"checkedAt":1768031076218,"integrity":"sha512-WUMAOHGfe+2NT2tVZz00OE7JyqRY+BEHBJJ4o9ZdDv+I+xJ6QzclmMALqRh1rwG2I6lAZfeRCVlpZ+3CBB1IaA==","mode":420,"size":704},"dist/rules/only-throw-error.js":{"checkedAt":1768031076220,"integrity":"sha512-rBh89AkOSYSCm+FUbnxyQjGBJ3xWpNwYKyu02qfqzlDXvtbdQQEwNa9WFQ3f9ycukmZHfBysi43oFErB+XcjsQ==","mode":420,"size":6542},"dist/rules/parameter-properties.js":{"checkedAt":1768031076222,"integrity":"sha512-vriTpKGJEIamjGowCMN9UpyLSKF7Qg1qXTuph6hK070BuKyLhqGtyCeridoYe/dlaLxdXQ3HAtQq0Qn19LFUZw==","mode":420,"size":7033},"dist/rules/naming-convention-utils/parse-options.js":{"checkedAt":1768031076224,"integrity":"sha512-a7sr1hzb7nnwnEvp9ZULkrK6lqr8tBa8qyMdE9OeETV1H+kp8ZIGw8SanANVUqy66wjEU7eCOALpuOVoUq1U8A==","mode":420,"size":2666},"dist/rules/prefer-as-const.js":{"checkedAt":1768031076225,"integrity":"sha512-cjdOWZrF1RTUV0XsobKRmFDGY1Q0I/pkpkmhfZNvMDk+351Mj0yXgRAs2cIfTjC0SxPlLMDpKqKDAG0Ne7RWsQ==","mode":420,"size":2861},"dist/rules/prefer-destructuring.js":{"checkedAt":1768031076226,"integrity":"sha512-QudiZqYI8D0knTO25OG4LQRh84opIwP9BGi/XSG4lnZTZ8sk5/FZknFbqRCrie+qLP5D3g3TvHVT8Q2uJLSB5w==","mode":420,"size":8033},"dist/rules/prefer-enum-initializers.js":{"checkedAt":1768031076259,"integrity":"sha512-/inkdPeu7A/eLNPdEwLplD/xtfoTEtiH/WM4ufiAM5TeMPPAiFDfdX+Utzw3m3EjeqPEQCEfSJ2y1+qprna3mw==","mode":420,"size":2499},"dist/rules/prefer-find.js":{"checkedAt":1768031076260,"integrity":"sha512-7wzj9JBWvGP1nEFE5cn+S46QmUWXokEoARRoUOML72kzRrMhrjwdP6/9MlzGqvWI9xmpK9e0C4k9swO3etuMzA==","mode":420,"size":12123},"dist/rules/prefer-for-of.js":{"checkedAt":1768031076261,"integrity":"sha512-n3w0M+Ysq6WXgWpY9ifUWAz9c/ov1K007Lq7CqHMsN3AK5X5S73bUGofnFXkl4t/wwPCALMhiR7uZz8H01D00g==","mode":420,"size":5082},"dist/rules/prefer-function-type.js":{"checkedAt":1768031076263,"integrity":"sha512-O4KSbm5+83oil1j0rIbpTes748Ha1suSMAbHujSvDvqTyYTeDTw/7DqFnCjuGLAwOTlWuZr3LC3hza35kM/yfQ==","mode":420,"size":9049},"dist/rules/prefer-includes.js":{"checkedAt":1768031076263,"integrity":"sha512-nas4IzXDnugH/0MjbG+IUusmaHV3cVOcfIC6MkpOF8se9w92afqwXgaOSWVfYLk05iM2KLm19CmYF48X+20rrg==","mode":420,"size":10241},"dist/rules/prefer-literal-enum-member.js":{"checkedAt":1768031076265,"integrity":"sha512-nkaoeoEAyBEhAYHfsBo/l98RV6lyqfZGdQq0nJL8p1CHebYHLub3u86gjEapp4SIzvd/4UyFhyMbaCvU63BhfQ==","mode":420,"size":5316},"dist/rules/prefer-namespace-keyword.js":{"checkedAt":1768031076265,"integrity":"sha512-pfobHnt1gsE6gS5YMXx/BneEPKWTfzPAAf4ugwOMmitCgNvQTA/ZFs+Kwcszv+5HutlvLl5GaGX95UqcQKA8xw==","mode":420,"size":1543},"dist/rules/prefer-nullish-coalescing.js":{"checkedAt":1768031076266,"integrity":"sha512-86khwD7CKFtVlBm8mE/qah0UdV2uSZ6F9OfgqLzeEhV1EfgUK7GpeLspcHr3hLdqJAiz0H+mDJmgAezyK2fR4g==","mode":420,"size":31200},"dist/rules/prefer-optional-chain.js":{"checkedAt":1768031076267,"integrity":"sha512-qQMmSDc60PQ0jFH5jeaeFh3Rx2uKvVSpn+yX6w3bM6U2Ww2v9aBsOinrYgd+DbUpvsk3IbfHcSoFfY7mDZ8SFA==","mode":420,"size":7755},"dist/rules/prefer-promise-reject-errors.js":{"checkedAt":1768031076268,"integrity":"sha512-lDvpsTXW6SL0XbLHF2yFI4NsgbWyqB5aR2X/vfshAJS68qtl5pg2rMO7D1GQhR5uXx8r38X7o0uALdXPpzCYXg==","mode":420,"size":4800},"dist/rules/prefer-readonly-parameter-types.js":{"checkedAt":1768031076268,"integrity":"sha512-yA10s8Ga4EkbZtfxtiE6occrgs2IOtRkfxYP6Cf4uMn3woPOvwGllQRZAoDm4ixGrFvlLm9IOkP/1XWlI8Hhag==","mode":420,"size":3951},"dist/rules/prefer-readonly.js":{"checkedAt":1768031076270,"integrity":"sha512-XZMbQ5Qn3SDT8o0f+65EIbW+bvKz+xWOapyFHCXPRY+GzgAYuKA7TJSOeFSqVOgOi7DAtjMmoRgbbF6b6nn3NQ==","mode":420,"size":17758},"dist/rules/prefer-reduce-type-parameter.js":{"checkedAt":1768031076271,"integrity":"sha512-8lOzwXr4eGmHYwsw5o12snPOODcRTJPCxnIz2r7iWirgwt4/UYbo3QIwTLFp82OIaiJlweGRxk9xcrXFDTxp7A==","mode":420,"size":4908},"dist/rules/prefer-regexp-exec.js":{"checkedAt":1768031076272,"integrity":"sha512-nm4fBaOQcqFX4dfIeUu3yMg5y80fv3QJT3GiArENkk5zdRIM/KKfbkCGMEJeG4sCXyaO6w6UJE+OiTLb5Ppubg==","mode":420,"size":7818},"dist/rules/prefer-return-this-type.js":{"checkedAt":1768031076272,"integrity":"sha512-GzwC9UjgmQESSSY9EPRRTEJLyCA7AtBk+hwW8WnJcaeJXZwZjcADxHa+hWg6NJMYLW4se2Vv7xBW4JGxMyzVag==","mode":420,"size":6116},"dist/rules/prefer-string-starts-ends-with.js":{"checkedAt":1768031076273,"integrity":"sha512-Ku6xznPp437T8A75bHH/TgAZ6/1qO9TG2qQ72azEW8ACun1oHFKkDQBrAib5PEzfzYCHBULA0jgd8SuZx/NYVQ==","mode":420,"size":24863},"dist/rules/prefer-ts-expect-error.js":{"checkedAt":1768031076274,"integrity":"sha512-GXD9dSMiHAt0Z1xZGrnsayvtT2TlPSuFoQfwENmH1+Jad0/I5PmnXh2j8v6YPovP2ewSRs0zvuW1swfJwnOH6g==","mode":420,"size":2939},"dist/rules/prefer-optional-chain-utils/PreferOptionalChainOptions.js":{"checkedAt":1768031076275,"integrity":"sha512-f2XGQDoj2T+xSOglmwEtZVKrO/8Xj0p9ap2c7A9gQp/BiZ45tLyozAivx12afHv9sT/DcspjyF6yKwNV601gAA==","mode":420,"size":77},"dist/rules/promise-function-async.js":{"checkedAt":1768031076275,"integrity":"sha512-AooC8cze7n4zUr1gWHt7X4mf/DgutqEutDp1CjM6y1voDnptqFy3fC1mbOjaB/ENLJ5IrGV1NAuEtI6S6rtwoA==","mode":420,"size":10170},"dist/util/promiseUtils.js":{"checkedAt":1768031076276,"integrity":"sha512-0IxW9gQC2ljPr5x5HPjX+o6euksPuqDNIQhw9qNcSGgwBfWGTKVoDVkv/VXs9cbNXYB8zxMi30rMdfLmkIQ9bA==","mode":420,"size":3507},"dist/util/rangeToLoc.js":{"checkedAt":1768031076276,"integrity":"sha512-V7WbmvAn/3QvguVYbScios1giVYqHECiTsmA6MfyLnJXcqMr9WNOQojrhxQ+d5P4/TJQntwDnUm/VIL8Pp1/dA==","mode":420,"size":277},"dist/raw-plugin.js":{"checkedAt":1768031076276,"integrity":"sha512-ZgOY2BwSGt9MtTtcUiwOaDdnFMZ5QeQ9geNFxdpql7WS4wscvk6XXQNQoSwTp0nWgFUs8l1WvsHdteGo2nuvaQ==","mode":420,"size":6804},"dist/configs/eslintrc/recommended-type-checked-only.js":{"checkedAt":1768031076277,"integrity":"sha512-9tldXoTt5d0MQ6tdx4Gk1386VyuEfTmyhy7TgsfruKMotNqXcErjmyY7S7i33MvtTsZivT9B8FSwCNu/idYsbg==","mode":420,"size":1913},"dist/configs/flat/recommended-type-checked-only.js":{"checkedAt":1768031076277,"integrity":"sha512-k7waQmAwqsLUkMczWRCn0C0oWuij5NFrwiPgKXFpahNxQJJa+rm4NxGxtrizDyWj7N7qS4LH/oNHtQ12daY4OA==","mode":420,"size":2691},"dist/configs/eslintrc/recommended-type-checked.js":{"checkedAt":1768031076278,"integrity":"sha512-ZKXYJ6qn511r6Hb3peOQFhJtUagBaWCnCtJy+/wTJQ0m1O6xri/gdGWOTOZYZJHD/47D0LMH7VptzWUlnXiV0Q==","mode":420,"size":3238},"dist/configs/flat/recommended-type-checked.js":{"checkedAt":1768031076279,"integrity":"sha512-WDkQm3iM3cnP5V5D7uN4utcmmPiRlcB1Ud2DNaPF+m8lmY1oPaZ2OA+4ze/hl/mG20ofM4B/PX+9cVBNLjtvzg==","mode":420,"size":4081},"dist/configs/eslintrc/recommended.js":{"checkedAt":1768031076279,"integrity":"sha512-VeegUmQO2KmZRpHX2uEqHzN6CPVt9NBqgHYaoMAUJxmhXeWCbwKQzJlTDJq8ucoN3gM7U6n9xS98UbzI6hOWeQ==","mode":420,"size":1707},"dist/configs/flat/recommended.js":{"checkedAt":1768031076280,"integrity":"sha512-BVYNP0H7POO/hEVt1kUY1xixtHsKA06tBkR+mhzKN81Y6vi6AJjlnKb7yllJp2Z2eBvPHXMBg1P9jmCZX2ig9A==","mode":420,"size":2409},"dist/util/referenceContainsTypeQuery.js":{"checkedAt":1768031076281,"integrity":"sha512-pPKaADWMCzeb1/tWxV4BMIC6P/2uGR+26venLomIbsTl036/mtz2Sb7OYYNIAs5iMZBSCZ/o6YOuj7w2dht36g==","mode":420,"size":743},"dist/rules/related-getter-setter-pairs.js":{"checkedAt":1768031076281,"integrity":"sha512-ic4PXvsO0c9J4u2S1S/b8KaPJELX8MXviGB0lM1uM4DlV/zGMmpV2vUK4Btxip5k8DtYeRnpBnTmWCqQVcMJ+Q==","mode":420,"size":2920},"dist/rules/require-array-sort-compare.js":{"checkedAt":1768031076282,"integrity":"sha512-1ymjooeqbVUr2pv4yarbShQFnIvI27WPGysWhqY+zAqbHbb7W1PopCdQiILIdiGcMLARM51MApAP43pbuNi/SQ==","mode":420,"size":2362},"dist/rules/require-await.js":{"checkedAt":1768031076283,"integrity":"sha512-D4NhJmKehGcjiHG60v6MaqR2pt7kV0JWX3vBtAWLIKP/b09+3+9RZ3xdTiThx5PWjNppk6vewL6O9mThfl2siA==","mode":420,"size":12350},"dist/rules/restrict-plus-operands.js":{"checkedAt":1768031076285,"integrity":"sha512-4jLKmzLp/QPXVjxdY5hPkq7H8Ajngmtf3w7R7AGbPdn2YOVrr9dxm7qT5tlbP7iH4AtKOP6WlJFAd2m9tjL/4A==","mode":420,"size":10000},"dist/rules/restrict-template-expressions.js":{"checkedAt":1768031076285,"integrity":"sha512-t3Wim6iomxYVM3vKpdrAFYPw30UigktK7VxhdvHP2Xb4tetZGa4N654HNvpiAFOD0fZO8Ohza28xhvN1MUYk7w==","mode":420,"size":4910},"dist/rules/return-await.js":{"checkedAt":1768031076286,"integrity":"sha512-zFZpUJAtXQX9j23FcChC9fkUzbcZxPMcGUAP80arObPqGHhfXH07q/wING9JZesAH5VNRww0Xzz0z3OMTDe6yQ==","mode":420,"size":16186},"dist/rules/naming-convention-utils/schema.js":{"checkedAt":1768031076287,"integrity":"sha512-MNgYiMSPu1V9aNcGDVuwWHYoLnRN0TYCFo8M3ixr0L80S7hurvcHcjYQImjGQBUTDHMKf4f+TYrVFs7XbYPpoQ==","mode":420,"size":8988},"dist/util/scopeUtils.js":{"checkedAt":1768031076287,"integrity":"sha512-poVcR0JBeNxt7i6Uf1SJV6Bu8QL/xvtZjcvkzEn4COsjOekqGtbBK0ECyE15vPWswc93cz54BOoD4zvFDPX2Kw==","mode":420,"size":415},"dist/rules/enum-utils/shared.js":{"checkedAt":1768031076288,"integrity":"sha512-xPsxLxardAj8mfM1j6Fmqago52wuCqiGknH9fwYPuAeaMbAzk4j/qKywos0taiI59EG5z0W84fIi9An+NFkaqw==","mode":420,"size":4617},"dist/rules/naming-convention-utils/shared.js":{"checkedAt":1768031076289,"integrity":"sha512-fQvThNQrkHt/qwdlYHsU6wxVwbZ57TODqxKTVKNuCg5we1fQk/tFBob0B3kUk5LnPxEUYfmEbyUWBIzMvBGglQ==","mode":420,"size":720},"dist/util/skipChainExpression.js":{"checkedAt":1768031076289,"integrity":"sha512-po24jYpsf9Shfuuqga9Eel03D0y/j2P7V1Hb9GVFxRlXAIKDvuX7B3gBgFbC6DlnH7igBvdckw3jfkkIwoYi0A==","mode":420,"size":310},"dist/rules/sort-type-constituents.js":{"checkedAt":1768031076290,"integrity":"sha512-Co9vmRvGSvX2MoQv33PcmRcekHpO5jUX2qfGcTcv7bo5m0FNIsTclyW2jvFZkxlkdt1kVoDQ+4TytQrCQKNavg==","mode":420,"size":10929},"dist/rules/strict-boolean-expressions.js":{"checkedAt":1768031076292,"integrity":"sha512-CALn2tfAI3T+LoeRUG/qHnRI+9g1PgdBYBMBfSmBJxoe/pyxXxlMd1FdH1bKyknO5vJuU7KmF41frGuuCuoOoQ==","mode":420,"size":42077},"dist/configs/eslintrc/strict-type-checked-only.js":{"checkedAt":1768031076292,"integrity":"sha512-mrDDsgQ97zGdQpbWGxOFi+3fKxihf0XHv17uW0eb0gF4/MZ6o9E2VgCdpYrc0Qkjz4RDJi6zISYyNmAs3G1WIA==","mode":420,"size":3651},"dist/configs/flat/strict-type-checked-only.js":{"checkedAt":1768031076293,"integrity":"sha512-rpuKnIJBFfjNJvhXatQBHPIU2gbsMxdqnn+OnW53sz8tjqGqvzeiDRQBSF8ptv7g/r52Fbt1nw4unU+6NLL5yA==","mode":420,"size":4574},"dist/configs/eslintrc/strict-type-checked.js":{"checkedAt":1768031076294,"integrity":"sha512-48CW2/FBmeMWerktTXquzjyVV7GLwFBvA1w1eRUYuujIw6gYeJN26/uEPVIyTyKGALiFukvxis+AilV1MFXmjQ==","mode":420,"size":5590},"dist/configs/flat/strict-type-checked.js":{"checkedAt":1768031076294,"integrity":"sha512-5HQt9EDmKFL4gIsYf5TE/tFSRNxfT5arEZolK7cg1a3KZaRMrCM1ysFtwQ9earAjb89AKlWOc0yfZUBNk4ZabA==","mode":420,"size":6669},"dist/configs/eslintrc/strict.js":{"checkedAt":1768031076296,"integrity":"sha512-FHf6sGGpah0yAaJkPogyUGFxPR+cQg1xFh6TWHu6kHifBZm3FCj9OKqEoksWQsqAZrI0p+Inr9WXMb33tLu1vw==","mode":420,"size":2321},"dist/configs/flat/strict.js":{"checkedAt":1768031076297,"integrity":"sha512-MfVZz5FGdE7gLpkVs/gzVHqW6wur7DLfmk3/cpa0hE4b1jaR5A0+1WdJ+J/mtIL6C8gxiJUEOO3EoC22g1T7cQ==","mode":420,"size":3059},"dist/configs/eslintrc/stylistic-type-checked-only.js":{"checkedAt":1768031076297,"integrity":"sha512-JO8tUpOHBSzMSv7OmDKTUCmZyQw+E056fLpSxCziWgs1ZHjMiSZGdsvh212HJGp2Ag35nr6DfTrg+x+8mncYJw==","mode":420,"size":898},"dist/configs/flat/stylistic-type-checked-only.js":{"checkedAt":1768031076297,"integrity":"sha512-NrTi0ju3nsEprR8sAXCrFO1SmSayI54/DaI4pJvJCVIxVw6WuArDi/eGxltruieysfzFC5t/6LLYDgKURNd2OQ==","mode":420,"size":1598},"dist/configs/eslintrc/stylistic-type-checked.js":{"checkedAt":1768031076298,"integrity":"sha512-4sk4UfcjTIViNERt3lJr5kaVZ9IBNhoVRcmdqdGa3mROFDIZ84tlQlMB88N8OxxYlYJOTh5AEirKC35tnLDGfw==","mode":420,"size":1753},"dist/configs/flat/stylistic-type-checked.js":{"checkedAt":1768031076298,"integrity":"sha512-UfR0yCP2Nue8AaBgCgcj5GCQAR96V965FhAtcGyRuriopZF2nxX6hF1nwjMh9EN3Rzjukj+7YC08dV/pZVJ7Cg==","mode":420,"size":2481},"dist/configs/eslintrc/stylistic.js":{"checkedAt":1768031076299,"integrity":"sha512-+p1DhEOFlfsLG7xY6VvFF07OzxUE9GU6LdTnlcxJRWGmGiMe6IlmS/2K1c7Usi1SjCWhzGwnwWXW2bWHJdt7Lg==","mode":420,"size":1237},"dist/configs/flat/stylistic.js":{"checkedAt":1768031076299,"integrity":"sha512-jEbOblO3QsHMY8xsVluwGxxdEuvTETPFk8IQsGEKVyihpk9iN8b3/YiSlTy2H6+SoTXw6b0bYFcLo2RbKhbDVQ==","mode":420,"size":1913},"dist/rules/switch-exhaustiveness-check.js":{"checkedAt":1768031076300,"integrity":"sha512-8/cArjK3eqVdOS8IVAjkUhWMVL5khPDOUn6oy7WadLqeexoVcsgOg5d6OoQk+6I3J4gUG4YPlFma3h8YDr/9cQ==","mode":420,"size":13830},"dist/rules/triple-slash-reference.js":{"checkedAt":1768031076300,"integrity":"sha512-lTinMProtalq/wrnFG/aMmQ0vEuWIFIShJIcv7QxbAzlyIGDbYkTdgZXYElKipBZrlTFEx4ZMt+lmj4JOpar5A==","mode":420,"size":4430},"dist/util/truthinessUtils.js":{"checkedAt":1768031076301,"integrity":"sha512-z4iTnS5ZmzzKTsPV9a8omSa3fkyG1em9kjvtg3zfA+toKLiQclw/wd04j56DB1q64Rur/pIYGQnkuzKo0RM8LQ==","mode":420,"size":2725},"dist/rules/typedef.js":{"checkedAt":1768031076302,"integrity":"sha512-bYzZdpKfh6kcHje0PV01kpZTn/Y/7XZs4lnmGbaOjUtz70oGaM4EeL/uWX2SXwVKwL5xsBy+RTgRBUpdYqf5LQ==","mode":420,"size":10727},"dist/rules/naming-convention-utils/types.js":{"checkedAt":1768031076302,"integrity":"sha512-f2XGQDoj2T+xSOglmwEtZVKrO/8Xj0p9ap2c7A9gQp/BiZ45tLyozAivx12afHv9sT/DcspjyF6yKwNV601gAA==","mode":420,"size":77},"dist/util/class-scope-analyzer/types.js":{"checkedAt":1768031076303,"integrity":"sha512-rhfGJ+7keWCv9eeevRaxDgeYG1xrZOwAwAlJEZb+aZ0Ms/A70YDG24DMoVojLWZrZ6la2jtuy+3jc9af1kBuzw==","mode":420,"size":254},"dist/util/types.js":{"checkedAt":1768031076303,"integrity":"sha512-f2XGQDoj2T+xSOglmwEtZVKrO/8Xj0p9ap2c7A9gQp/BiZ45tLyozAivx12afHv9sT/DcspjyF6yKwNV601gAA==","mode":420,"size":77},"dist/rules/unbound-method.js":{"checkedAt":1768031076304,"integrity":"sha512-3nQh5H/lkSDjUolHV0ILMUtwEsYxav735L33SAQWc/3SnqhQHAPq9e2UdXyAaOHA+lHm1xSQCOudU6/9lcMJ5A==","mode":420,"size":14499},"dist/rules/unified-signatures.js":{"checkedAt":1768031076305,"integrity":"sha512-iObMRxR5aHjFYvvx/wO3Cb++0of3PY6BdeeujY4aLgycl10789xbsGSu5nHoa997NXbIxxi+FA2m6S5wWmQn/Q==","mode":420,"size":20621},"dist/rules/use-unknown-in-catch-callback-variable.js":{"checkedAt":1768031076306,"integrity":"sha512-Uo8+x0Q+UXPGxzqriEaHac69t99UFCnQkytmM2PQqlIc8a4iH2anyqLHliAzj61jHzLYhlGlYFhlm00qw2HrRA==","mode":420,"size":13144},"dist/rules/naming-convention-utils/validator.js":{"checkedAt":1768031076307,"integrity":"sha512-xbOBZ2OkTsuMzKVZUbGo/oXAXmJlL33FdIugKowpPtJwYwmm5tD1GcjGlb1xw4Ag/j5Xp4IpMDr+0Trw27SATQ==","mode":420,"size":13130},"package.json":{"checkedAt":1768031076308,"integrity":"sha512-5Pt5K5ICq7t8JFpb4tZJFwkHbSBPUyFBdTcLI9H0KANhTAk6iEucdqDsnPW2lAdsBVGRGhCX//tb3KUmpzJWpA==","mode":420,"size":3231},"README.md":{"checkedAt":1768031076309,"integrity":"sha512-5Pc0Lln0EPguw+Ypho3+Uz47GRFgcqSdzDTofhLT7/O/3rHFeCKN8NGLH780/3SyxJyfh0ADyg5h+26EFfzszw==","mode":420,"size":754},"dist/rules/adjacent-overload-signatures.d.ts":{"checkedAt":1768031076309,"integrity":"sha512-wMTuQBBuScicenB62vAqOfxUat3OzGDDAK7SOa/sqwyn/c0xOYjLvjgmrzDXMQPJaooo6cpTj/+TwtfMJiamyw==","mode":420,"size":254},"dist/configs/eslintrc/all.d.ts":{"checkedAt":1768031076310,"integrity":"sha512-b5V+0SnDq4AKU49T1vDhA3EvtO4kuGGk7Ni2mP1oLM0vcAsUSBZDSfJZEzy3spWepAgDLWZ/FBj5wgshUheZUQ==","mode":420,"size":8844},"dist/configs/flat/all.d.ts":{"checkedAt":1768031076311,"integrity":"sha512-/wdsc86SFg4jbrVON65+YfgJbBxZWP11DJeAVhnmNz4yN7cbTa7KYL6D3HGWGDJQq5V83QM3DydESLasCE4RuA==","mode":420,"size":428},"dist/rules/prefer-optional-chain-utils/analyzeChain.d.ts":{"checkedAt":1768031076312,"integrity":"sha512-c8O6SS78bEqyFHgSrxidZmg3NlSs94PC6EtmkAZR5GW9vS6yngFe+YRQzoYeHgxGWFFLqjERCb1B3Wf715rYcg==","mode":420,"size":706},"dist/rules/array-type.d.ts":{"checkedAt":1768031076312,"integrity":"sha512-f5a46lpes75XSWe4Aq2TT1YxFTTisnWi00AyJZ3Ihy418KbYsNWMKzaMZ7GldUhsrAaI7lAbM3D6DeuNW5Q4AA==","mode":420,"size":606},"dist/util/assertionFunctionUtils.d.ts":{"checkedAt":1768031076313,"integrity":"sha512-o0TIkhajwUxU/oyW1AkdVgCPdALW4rT2OgDXg4mMWO8lH3MPcM3negN5hxPCz0noQpihmE3s7Ay+r+8N4cGvmA==","mode":420,"size":834},"dist/util/astUtils.d.ts":{"checkedAt":1768031076314,"integrity":"sha512-epAc0a42nfZ3lxNH1Yd2Jknq1a4j0bw6Fb6zxglyn+JItMdIAPcL8/JMGP9nmMt4Xee3uDpMynMainwdxZjkNg==","mode":420,"size":1027},"dist/rules/await-thenable.d.ts":{"checkedAt":1768031076314,"integrity":"sha512-cXo6XW5qjUeSJFNj5DHbB8fJi/D9tT9w0e9JGIQezquzDyMjVyZ4gE6R2B3DFhiB67M8WrxdDIuRPRUHETXI/A==","mode":420,"size":404},"dist/rules/ban-ts-comment.d.ts":{"checkedAt":1768031076314,"integrity":"sha512-PPS0zOfc7DdZMJWU9jZxspRxYsL05nZbs5omx1msOKv+WZhLA1qbLaQ0dRZlocdfG4/d563gw80d/T99cskAnA==","mode":420,"size":804},"dist/rules/ban-tslint-comment.d.ts":{"checkedAt":1768031076314,"integrity":"sha512-483wXUZm/dnDesF+qtCBwIfrhpJmaLrPHcwtOcDyT2sxLMpeZgkjBkeHnAhsMdtiifHabbzPXxRgebYWATCN4g==","mode":420,"size":252},"dist/configs/eslintrc/base.d.ts":{"checkedAt":1768031076315,"integrity":"sha512-mZI6G8Zz7s3ZjdPyielRfFPbLJikJbV/LJlnHMOAesJnwMbsSW8p6bcGbdcZQaLfeHWHk3I7yJcBFAZgSecCrA==","mode":420,"size":149},"dist/configs/flat/base.d.ts":{"checkedAt":1768031076315,"integrity":"sha512-EpkLyIsUyICcf5i7MAQwnVG+zZiuMtAo2ldy7Jw2Vg/AIXaCQShnFK5LDQohNzQ7WqrMBuNzHmCHbW3lBnw6ag==","mode":420,"size":469},"dist/util/baseTypeUtils.d.ts":{"checkedAt":1768031076317,"integrity":"sha512-S3jnsukmyiZBl7m/5J5jNoPalC1GsC9nw8yhXgDZWMWeVvg3wsNZHzoaL4Z9NEFQELeR/dIxz0Q7u5YrSeSJIA==","mode":420,"size":795},"dist/rules/prefer-optional-chain-utils/checkNullishAndReport.d.ts":{"checkedAt":1768031076318,"integrity":"sha512-0zvO+w/zITnk7GM5gOGrogkAQhO2/GoldizdGCcSh47gFWzcgrfSDrufOCYkGZa1S4oXJMxgrzC+KUmIPZcfgQ==","mode":420,"size":637},"dist/rules/class-literal-property-style.d.ts":{"checkedAt":1768031076318,"integrity":"sha512-zQCnJRXDufhCevGU9FtGQ1X4BVsJTOYTegJu4uyvYuywjMgD3GzKPEqm70+efgQ7e3YVTnV5GULm5Wf/jwmGDQ==","mode":420,"size":412},"dist/rules/class-methods-use-this.d.ts":{"checkedAt":1768031076319,"integrity":"sha512-UtSlvO8dJ13nQMPxUTLO0e9Itv25vrbgMMVei1zGpd+GDHRy2b4R89tg1ynjZW2bp/lNnCb/gqI+S9wKQTvfCQ==","mode":420,"size":523},"dist/util/class-scope-analyzer/classScopeAnalyzer.d.ts":{"checkedAt":1768031076320,"integrity":"sha512-dNuDHGKdtWFRhHzofXKEPAPy5+WsNkmBDIb1Jof+ExXa9eU7PiaFs/tUjiM7JnXmRZuftpTJqloe0A5+Cv1Z1w==","mode":420,"size":1564},"dist/util/collectUnusedVariables.d.ts":{"checkedAt":1768031076321,"integrity":"sha512-yW8BEhO4jOEyCj5EYzh9zptqPmYB4mCg+plE6vmzXdXy2S4wR5bs1LWYAKlewRfouIszuM3dHyyV0cpHaCLZnQ==","mode":420,"size":688},"dist/rules/prefer-optional-chain-utils/compareNodes.d.ts":{"checkedAt":1768031076321,"integrity":"sha512-3TfF2dGMXQ5FhThow2rXkWH1yNSb+91uWSPBJxYd7vY/sFQ3P9oYzuqFrMBXvyUovtXdUWWvQRuFf6PPQfsfxA==","mode":420,"size":635},"dist/rules/consistent-generic-constructors.d.ts":{"checkedAt":1768031076321,"integrity":"sha512-bm1OcCrp9kvAntOlw8ojQyJm13cLwElNNhH1aRJQF+9ToHmI0IwZGAijvZGnqlRiTgS8c0r+L1+MAhS9CuUFlQ==","mode":420,"size":380},"dist/rules/consistent-indexed-object-style.d.ts":{"checkedAt":1768031076323,"integrity":"sha512-I3wPseLtYnDjTDLVHzInMzp04/fowa7FinCPKAHMoMD8H36vRuTNxTB4PxXgVFBnK+KdD8znUSdKsCNWWBRnxA==","mode":420,"size":391},"dist/rules/consistent-return.d.ts":{"checkedAt":1768031076324,"integrity":"sha512-ZOIEA7VVY3E6I7AGAbXq/TzFPcvyo6Na98md1Gl6svxrae0pmLZTqg+RNiuz0gIm0ldkBSahkdSOE+x5RjZd2w==","mode":420,"size":1153},"dist/rules/consistent-type-assertions.d.ts":{"checkedAt":1768031076325,"integrity":"sha512-Xi60lGn6yBpakwQK3RN5tpidrlh4YOCiPE2bFPQL3GAmTfNXLTbRV0mOCpzCnx8BM30pnBFjrKuf+bp01yJojw==","mode":420,"size":832},"dist/rules/consistent-type-definitions.d.ts":{"checkedAt":1768031076325,"integrity":"sha512-a8iUgeQI2zD7kshUUNnSeKe6ilbaEGdoSH835M2zXzGu6AEy4N3jc8nUGqFUx57MMUn/XQmdbh+oGh966in/bA==","mode":420,"size":268},"dist/rules/consistent-type-exports.d.ts":{"checkedAt":1768031076326,"integrity":"sha512-1tVRxjbjSTFtTGYYSaUbLo69vNreXbtQQhhZaXBeEUGBXAS1Gprgfw3ofI48FgSDS2vhvlUBm3OND320p/y0KQ==","mode":420,"size":425},"dist/rules/consistent-type-imports.d.ts":{"checkedAt":1768031076358,"integrity":"sha512-TAp7Y69O037XzKiWtKvVxgFs3D2ztjoWQguO71FEHx6YJPwvBkj6JU7Lowo20BOrmb/qgH0/0sBqGcZ9J4GrJA==","mode":420,"size":605},"dist/util/createRule.d.ts":{"checkedAt":1768031076359,"integrity":"sha512-76PXJuZZ6vv3NhdJ8SEwMWU857a4tqfMwR61flXR+PoMU7+BTilxqyDqzk6EwEEDM2BcPbq2jBXkosIyOCEgeg==","mode":420,"size":429},"dist/rules/default-param-last.d.ts":{"checkedAt":1768031076359,"integrity":"sha512-4q69X0DUUX4MiVcYV7HfAXCZL8lNpKE5soPBlkyj7qzXjkzCWtRUQmt4erU9khHXwJxrpHkAw3VQa5g2xZj4vA==","mode":420,"size":249},"dist/configs/eslintrc/disable-type-checked.d.ts":{"checkedAt":1768031076360,"integrity":"sha512-S0CJ3Lq/m9HxaXpOmrjriJADxUs1j36S7ZxjGK8L9il+rxZJPvDsOQpI6+dd9tQTqX53xzGbUq/wV+bxLOnAOw==","mode":420,"size":3796},"dist/configs/flat/disable-type-checked.d.ts":{"checkedAt":1768031076360,"integrity":"sha512-57qBPuojZ/N3Cj3ARa7fZYojesgl+jbRE0EdW8Fv4fBzVUrOqPsLStbemypI5y7AhZDdVRSMcdX/jt9VABG7WA==","mode":420,"size":395},"dist/rules/dot-notation.d.ts":{"checkedAt":1768031076361,"integrity":"sha512-8QRD3tQvMoB69EvxL32pjwfl+wanMd9KxQj/fd7smu27tyzj2H+JlhgExUdoaL2IYuvsi46UV9oRxMMHWcmkcQ==","mode":420,"size":1133},"dist/rules/naming-convention-utils/enums.d.ts":{"checkedAt":1768031076361,"integrity":"sha512-sx8Rp96ApzJsLgrjq5batJEWXR/QJyD+B8jKo3lIjOzRd7mqCyS/G0QzAbNDEMgSB4nxjUUekDIKD/Ljo4gsWw==","mode":420,"size":1967},"dist/util/escapeRegExp.d.ts":{"checkedAt":1768031076362,"integrity":"sha512-oDjA9pfIC6uSLzFe3uJhlBG3UtdD907SuUZ6Q1/33lktBLD5cQwa07Ko1bqcH25iaYkYEv4eBCqbeqLbnS6j/w==","mode":420,"size":63},"dist/configs/eslint-recommended-raw.d.ts":{"checkedAt":1768031076362,"integrity":"sha512-wPvUjOHnlkHk9VEYj1b6INsoT+/EcedGJhC2MdVv8jbzOD8lwqroU59BPv5PhWoGpVEhmB1RbQo5KsaQD9dNUw==","mode":420,"size":362},"dist/configs/eslintrc/eslint-recommended.d.ts":{"checkedAt":1768031076363,"integrity":"sha512-zHWgEshoaPpRKvQda+ZMbGqQVpogNSwS5ZGOqr+s5D8HAPM/i6WJoRU05aPb/BFXZ66JQKmm9HBfIxtezVpHpQ==","mode":420,"size":367},"dist/configs/flat/eslint-recommended.d.ts":{"checkedAt":1768031076363,"integrity":"sha512-Jxb09TtyWQNMkVry7Wp2rDtYWAfKThg0ks9YEN3kRQE3Qtm/4Q3HYFfW230Cgn2+KDaMFQjjmwVkUQJH09+Yug==","mode":420,"size":488},"dist/rules/explicit-function-return-type.d.ts":{"checkedAt":1768031076364,"integrity":"sha512-X7Oi3FNhFzNuu9J8NeOAqz6dOFlO1Ob8j7pz88HeXEV+8/onc7h7qadqYg2cwIinkD6eYccxug06wIXtOl4zNg==","mode":420,"size":725},"dist/rules/explicit-member-accessibility.d.ts":{"checkedAt":1768031076364,"integrity":"sha512-WNpD1Bc3al4Dch/jsueTbLuweTvKV9G2l06NRGdiwsO5hStLrSuc50YyoEAsR2BjL2JNFjdy+pmwAyZEOQpQbQ==","mode":420,"size":778},"dist/rules/explicit-module-boundary-types.d.ts":{"checkedAt":1768031076365,"integrity":"sha512-32ddeibyMECNZ2qxRNZKnTw7jXZymP1YZz+CNqVbPDfYq6HPdMwPW5dIMzLRGAWGtK+ihdGy94EtQsbPO1ZRoA==","mode":420,"size":703},"dist/util/explicitReturnTypeUtils.d.ts":{"checkedAt":1768031076366,"integrity":"sha512-OtVdT8+09ea2JoIazZiDueEjiXNailp/qLikZQnzTZ2qHkNvbHLJluk+OHc9Mdqm8XulWaCxQ0xvOcIncXMQ4w==","mode":420,"size":2061},"dist/util/class-scope-analyzer/extractComputedName.d.ts":{"checkedAt":1768031076366,"integrity":"sha512-wf3G7BS79bznIqVVnRE9yhi59rFrqnavogsVkhdwLeIyoeFBO+/2DaBRXVPIZ5cC90Fsaex4TZZ6qzYHPAUHqw==","mode":420,"size":668},"dist/rules/naming-convention-utils/format.d.ts":{"checkedAt":1768031076367,"integrity":"sha512-HOKJ0kojo5muMDtAwTVe/nA3H28YHzSJOHeNBabohQ2gz2HCVZZH3p+xahatVNW7w9xdEMBxblTa4pfmyXfNAA==","mode":420,"size":163},"dist/rules/prefer-optional-chain-utils/gatherLogicalOperands.d.ts":{"checkedAt":1768031076368,"integrity":"sha512-/f7ydmgqf5xgEM2ZkI09CpndPeBw9vAA7y1+JP3Bi4Ag9EPfJ9HvwpN0Exegk79UIAJvD/UPJa2NKhi0p4PBHw==","mode":420,"size":2138},"dist/util/getConstraintInfo.d.ts":{"checkedAt":1768031076369,"integrity":"sha512-wmLkQX6frTMp++fwtUbTeHxpp3tSYqQTfaTaHx89eo/3GpvTB5VTIzMDwTk2s4EdMBvkzjJvp+DYEfEcPJVIew==","mode":420,"size":1419},"dist/util/getESLintCoreRule.d.ts":{"checkedAt":1768031076370,"integrity":"sha512-wtm96tXwTKNqW7xrnHOdZwbwr41fo7e9HQ7zcnY/XrN5Eg6hNI+qAH61AVX8Q00pfjT17tTfM0LuZ+J9e7pHYA==","mode":420,"size":1827},"dist/util/getFixOrSuggest.d.ts":{"checkedAt":1768031076370,"integrity":"sha512-QDFDm3hlM7ONRJERxUYVOMoWothSJ1zJpGy/3hj5YjyvexW+pQOAJ44/ksFcuY6224q0Jl4t3sYNKLiSd0M+jA==","mode":420,"size":394},"dist/util/getForStatementHeadLoc.d.ts":{"checkedAt":1768031076371,"integrity":"sha512-Moyr7gnPTQh61UJHwSXosvmNXblC7AhvjvlZYalc+t73qAmeeuTctC5UU+dqVlJuHRqkQTk/BfwTRqhnwfhftQ==","mode":420,"size":690},"dist/util/getFunctionHeadLoc.d.ts":{"checkedAt":1768031076372,"integrity":"sha512-H2R15pwpVPtDWBE9d4LTiKhQKd1aGyIUfjxGQUz1s2bfskol7hkagNSWPj9BFVQKol5q3Om21Rd8waBsgKWjcQ==","mode":420,"size":3110},"dist/util/getMemberHeadLoc.d.ts":{"checkedAt":1768031076372,"integrity":"sha512-J59liGSl68cGQFoNRkyEdiPnOMmF+ukk7KUm0gbjhhnvAzv2Zw0yQQQ0RkaSKe9mumFyA/+59JYKO7NTLIM4AQ==","mode":420,"size":1251},"dist/util/getOperatorPrecedence.d.ts":{"checkedAt":1768031076373,"integrity":"sha512-Qo73tIO7uGMjnLMUPSSZZdr3kNYibVrkh0fH3yiOT0Mxq9tfIM6ZFHeljqHICTEguMtqTj8mf97iQR9QIatzGw==","mode":420,"size":1298},"dist/util/getParentFunctionNode.d.ts":{"checkedAt":1768031076374,"integrity":"sha512-YsxKzfN0Z1LyNARxGU5ojt6Alu6lR82wXJEbR6rYeBCquIyOSbfV7nmVDo2VAZ+cvZhgb7feHmR3HNTaEbsenw==","mode":420,"size":228},"dist/util/getStaticStringValue.d.ts":{"checkedAt":1768031076374,"integrity":"sha512-DppPJvGHQssAZXitdgoK5rDaXaAqR54nd55zPqKvcqVzyPyco1BySYhUmxnQ2xuZICWn8A6OSPuALttoOJTIgA==","mode":420,"size":559},"dist/util/getStringLength.d.ts":{"checkedAt":1768031076375,"integrity":"sha512-4DwaCId/CnHmNA/PgACn8RH4KNE3yU4D7DXN7FyzO1j8INdIvAMC/Jxv3F/+dkJiSoJFK3RPcSFaPFAWcSamug==","mode":420,"size":64},"dist/util/getTextWithParentheses.d.ts":{"checkedAt":1768031076376,"integrity":"sha512-a3wQTSrOVQD77ArQ6IHFnIXIj/PVJAVWnv4oMyuhZU/v1b6gjQMBeWtTrq+HdcPrlI6ZocnEYPzsqXqstW+nsg==","mode":420,"size":239},"dist/util/getThisExpression.d.ts":{"checkedAt":1768031076376,"integrity":"sha512-YtabN45oEJY2iOzeMWoKECwXV8f3ERWV59vl/8BHH3CwjsDV1RIt+YzcyvQbBqGFI8G+ayXCisSOxk36kyaUYQ==","mode":420,"size":159},"dist/util/getValueOfLiteralType.d.ts":{"checkedAt":1768031076377,"integrity":"sha512-eyB0lacHus7RQCxBY2EQBnp8BrDYlYNtC7ofiRchb7pJ9to6DDxLH3/gbsxrDobkFmWDKZ1OYxmcPJUPG7D6Fg==","mode":420,"size":135},"dist/util/getWrappedCode.d.ts":{"checkedAt":1768031076377,"integrity":"sha512-SoKQSbnaprdnEk2iZd/hbW2kGhHOHJGs0TTN7XIxJb7tHrrlhkKHr/yFJVibyWNDmYAJrptlOG2jzuG+tEvcdw==","mode":420,"size":203},"dist/util/getWrappingFixer.d.ts":{"checkedAt":1768031076378,"integrity":"sha512-1W60LnoW58/xwETCwzrTz8bgOh4JnjJVqfTZ6YoctdTd4eUoA/+c51ykvZIJ+QCd3yWPWiYG3ZUWSx9o0RhnWg==","mode":420,"size":1820},"dist/util/hasOverloadSignatures.d.ts":{"checkedAt":1768031076379,"integrity":"sha512-7tt2Hjgme02WWnGQZNiL+urNDwWRsRLQ2nMu7DyEJhBzH+dakiig6BHLlPEDwm1Y681OMb0GFissGTxrFONW7Q==","mode":420,"size":372},"dist/index.d.ts":{"checkedAt":1768031076379,"integrity":"sha512-wNPMxXKJsMibgBWWRWejnBfauwIKOX7jg3MkqbqMpxmcWHr/siTONOjua3KOmXQ+CJbmIB2CCQHP049cNS7PFA==","mode":420,"size":81565},"dist/rules/index.d.ts":{"checkedAt":1768031076380,"integrity":"sha512-eFVUD5/eFuhI9Up4dbN6rvsYC3u4EcfqbU1nnKisCe4eGRifMEqjTEaWgtDQ8CNloaTm0z59xf7X6NuxNe8T3g==","mode":420,"size":39097},"dist/rules/naming-convention-utils/index.d.ts":{"checkedAt":1768031076381,"integrity":"sha512-JOz53seqdVMpxMWpiT1XjDth63o5lsQ0MuDIymJR268vfOwiXx3FswDuVUjW0kLePnRQfLI1LTlfxh5Ja6u5nw==","mode":420,"size":301},"dist/util/index.d.ts":{"checkedAt":1768031076381,"integrity":"sha512-bumP/gHNl8D5NLLRrTg5GnaBpJiErGUgXabwmXwWw0SgYd51CKFoxVbdUSprv1HJYQkFF3E17qD98Mr/ybw1TQ==","mode":420,"size":1798},"index.d.ts":{"checkedAt":1768031076381,"integrity":"sha512-YgQx0GPQ7X/lqRVph1YbZfb3GrRCLU9UBlEWDd483+1CIdPEHQ4XSodOIw7NPi3tjdILiTgK39NwkEW4dBIC3A==","mode":420,"size":279},"dist/rules/init-declarations.d.ts":{"checkedAt":1768031076382,"integrity":"sha512-E/96P7s1zE90MgrPKsDLIjED/4lYnW8yKUxV4KAzQR8+1mX4+/5epS+9bm7KNhJJqOVrjhzx2trNjE7BajQy7Q==","mode":420,"size":896},"dist/util/isArrayMethodCallWithPredicate.d.ts":{"checkedAt":1768031076382,"integrity":"sha512-Tc87dhlb7VD8AFOIWyZoOzTyyeMS0vMl7956HOeJCcujZu+lqmKTZDaZHTe1nk6ldMPSldsxGcLymU7JkAYyDA==","mode":420,"size":346},"dist/util/isAssignee.d.ts":{"checkedAt":1768031076383,"integrity":"sha512-GInlGFSsaEPcyrJ34dtzQqRwIjOnGtl+Nz5ZrDoFki/aPdCiK5v5xYOb2K01faZm1GlJq/Tkgu/Li/iEFO0CGQ==","mode":420,"size":124},"dist/util/isHigherPrecedenceThanAwait.d.ts":{"checkedAt":1768031076383,"integrity":"sha512-6aiS/bURSkdAoI3tDWvpo5fuokdsMf6ThChxH7fy0mX8vIZATuFbizvFgXuvuujVIyGA7bVlUGFskgmhMnYxsQ==","mode":420,"size":113},"dist/util/isNodeEqual.d.ts":{"checkedAt":1768031076384,"integrity":"sha512-DI1oE4fxltQD78ZonOnS+dyVFfv5DXZVwvxJr1kcpB6x4adGXICTnWNxW6kIN9jXnpO8i+IS7/Q/0Ic8iOW2TQ==","mode":420,"size":140},"dist/util/isNullLiteral.d.ts":{"checkedAt":1768031076384,"integrity":"sha512-UR2KpKgNxNvT+kpNGRaipZCX7/0IzCa8K2wIrOuMG+OunqipY3SSRFn8+DqpcJxHZcfmHnacAA/ke+2++DHgfg==","mode":420,"size":142},"dist/util/isPromiseAggregatorMethod.d.ts":{"checkedAt":1768031076385,"integrity":"sha512-6Jia+kMwT3NC8oWzTu2/HX06JTmCJlv3unN/6xo0X06BBaZv3pPyMroOxt2BL1uoDhoOVFYpdPhXZzXaD8CBMw==","mode":420,"size":341},"dist/util/isStartOfExpressionStatement.d.ts":{"checkedAt":1768031076386,"integrity":"sha512-ZGocp+OryRkhHyUBx7hij4hsh8mT7E0/eQ4xygPrJcFywcWMw9ATOQ+tE1KKlvM7KGfjszyFzWv7fxO6921tdQ==","mode":420,"size":364},"dist/util/isTypeImport.d.ts":{"checkedAt":1768031076386,"integrity":"sha512-YG1hM0+z2nWaFFguN/Xx9MT6OxpEeBVkdfUnVG6CR3LfJuNbd81PeWrSTelyuAiKQEGaSwtPH+YBbazMaK+aZA==","mode":420,"size":419},"dist/util/isUndefinedIdentifier.d.ts":{"checkedAt":1768031076387,"integrity":"sha512-J5I1BxOmy+nWKJRwRg/ubBmCViiSjuHv2WLvjHpxHqqtcN3+yPbL1QNWIhXZPXJDk9fDmSJNHWMJCbUtXa4dHw==","mode":420,"size":132},"dist/rules/max-params.d.ts":{"checkedAt":1768031076387,"integrity":"sha512-9zej6RN+8hwa1vIwSURD3ZoKpQ3NdYMvB7JvK42vj7pYkM9+zA68oxjJWB6tOaHqNsgb2BDAjJYW720dMI7wnw==","mode":420,"size":1108},"dist/rules/member-ordering.d.ts":{"checkedAt":1768031076388,"integrity":"sha512-M3X4QX3ISstfdU29Bdq6DqXLSK9qS/X5I1Azk+8yUAWy+MCx/knSjgqkZIq6yxruZvKEgnaP6M7ELunT9382dA==","mode":420,"size":1976},"dist/rules/method-signature-style.d.ts":{"checkedAt":1768031076388,"integrity":"sha512-W5gr5AGILpoASP3VjzaoxsfRIyUJDMwbF5spJIF1hx9mimyoky5gkycW28Z5SijKnl6XYOX2HHyjmwMrZv5PpA==","mode":420,"size":358},"dist/util/misc.d.ts":{"checkedAt":1768031076389,"integrity":"sha512-nVcIf+D13HWh7/mYtc0yJnolpsuQepkPBPnum20ygBQK4P0QrISq+ml6lL6u5Fx53HbInJQ05U/ZwzRw4PmCcQ==","mode":420,"size":5050},"dist/rules/naming-convention.d.ts":{"checkedAt":1768031076389,"integrity":"sha512-XXzFMmuS7WBby5Z2B43oSNI5Ulk7sOca5naXnCwWBiJtXyTlmkjc2JP0bBbyaS8nDkNQ6RI8wIr/7wZNNa3uRA==","mode":420,"size":483},"dist/util/needsPrecedingSemiColon.d.ts":{"checkedAt":1768031076390,"integrity":"sha512-9DCsi2VUleRHdFlDbQLTEBDaoX3OlWSJ3P3ZyIjrVg5gXNt8yPjfptR3Fd9LNgMEhqBdvWqlFO9SObBzyvM3nA==","mode":420,"size":764},"dist/util/needsToBeAwaited.d.ts":{"checkedAt":1768031076390,"integrity":"sha512-SmfX4S3olqNqRA7+rA1L7yk1qcdxNsDsDpwxvIOtmc9UQBIbrDDae8+JjFEVKlDD8hzoZ5C3FWpfwQQZvMSxkA==","mode":420,"size":224},"dist/rules/no-array-constructor.d.ts":{"checkedAt":1768031076391,"integrity":"sha512-mqRpXi1xRygqKlIKYUsXdnoxD9LWMjL65j9ntAsloDQIj1D2sQZtjsI+JmBRg9YM/ntpbmF87N13sn7JSbBJPg==","mode":420,"size":247},"dist/rules/no-array-delete.d.ts":{"checkedAt":1768031076392,"integrity":"sha512-RLfHXLXjPWsTYq3EZUWws7+54ynV98TzUGQ+pbkFt3YgbrurZ77FugfjgZumOXxgjxZPGSzXD2O+Qzv8DSB/0Q==","mode":420,"size":285},"dist/rules/no-base-to-string.d.ts":{"checkedAt":1768031076392,"integrity":"sha512-btZynobFUUkwCpmSeA6r4uutVoS59y5Q7yZfGO9B5Kt1a5L8GgI1eIj6wbYx8m2UjvMCVFBsVNM5pB5+Ee0apA==","mode":420,"size":417},"dist/rules/no-confusing-non-null-assertion.d.ts":{"checkedAt":1768031076393,"integrity":"sha512-jnSBgJ1EDUHKvhmAS9lB529avAkdO/1tXh3Hb80THWwhCVwjlNJflpxBwrXFeOjDxD5GY7PK+XeWh4oIV2weFQ==","mode":420,"size":394},"dist/rules/no-confusing-void-expression.d.ts":{"checkedAt":1768031076393,"integrity":"sha512-hdC0uDpBo8ZHRArldPO3tuVJWm/XNV5sOTj/AssiUFOYLMjx+xaF7RJ7OotEk0CbfntlmaA9evZHdtuLaD0yqA==","mode":420,"size":640},"dist/rules/no-deprecated.d.ts":{"checkedAt":1768031076394,"integrity":"sha512-TQD56jw/fz+puQKjGxG5GTFRoIHqhoos1cDuZoYgpZid6zUj5VJ4QiWyUXiXTqG0V2eVQXKSsLLoqemYGJ2gMA==","mode":420,"size":432},"dist/rules/no-dupe-class-members.d.ts":{"checkedAt":1768031076394,"integrity":"sha512-7AtolJ8vlWyxQyw5+d7PHMnGYSmgtXjhmoYcM/IGtin9OcgFkYqdlY/glCvQRelVp8HOXoVbwIgRvaJ4Pdp6aw==","mode":420,"size":827},"dist/rules/no-duplicate-enum-values.d.ts":{"checkedAt":1768031076395,"integrity":"sha512-T2wdQseAR9II8SZbxqefk7h99iiml2aiiDaS6zb33UEz/0DPvsq6Q7REypAQ0cvcWZfRKTHapmc95yzjVUUmvg==","mode":420,"size":251},"dist/rules/no-duplicate-type-constituents.d.ts":{"checkedAt":1768031076395,"integrity":"sha512-WfHWDYabnlQpsA8qlvOP5BHWsa0xUMW6wkJGrMNeAbSPdaEYV/bxUqbiTgfMCleKLoRtnefEiViEPbBTuoc4Ig==","mode":420,"size":414},"dist/rules/no-dynamic-delete.d.ts":{"checkedAt":1768031076396,"integrity":"sha512-N8ZbOhj8QYPQCunZg2h1mlF7qcGaS6ikVWnQjXHomjEKbhWxU3LetMOU02Q5QEKaYY1ytFArAGe9Ri3XZW3dOA==","mode":420,"size":250},"dist/rules/no-empty-function.d.ts":{"checkedAt":1768031076396,"integrity":"sha512-Dpame86l1pIL/h6L8v0AYNGZAau86lGCRO7LmU50r47iSHUNO8xzo/qQWKNfb7KwzzkqzNIPto/CFtZVQB06lg==","mode":420,"size":860},"dist/rules/no-empty-interface.d.ts":{"checkedAt":1768031076397,"integrity":"sha512-SBCOD4ikVwc/F45xzB2mjvLiyS8o+tQ0Gd+dQPJioVV5ZFZEhQP4sxQyXIXZDSDLrqT/crvuCo/p6sSmxC8vNQ==","mode":420,"size":370},"dist/rules/no-empty-object-type.d.ts":{"checkedAt":1768031076397,"integrity":"sha512-3nEjMKhyyNp7w7cNlFcWxQXV9EDtQM5AusmplQLBtsQzAEQ7JKUZivygUsqIA4zt/HXCAxgdGwiZBMLviimQIw==","mode":420,"size":701},"dist/rules/no-explicit-any.d.ts":{"checkedAt":1768031076398,"integrity":"sha512-NMoNma0vGliwNEVxYK8Uh9k6GWzlbnZRwHNpyYNB/c8BsgSwz20lR6XwnSAk4olEuYujP+hjLANanjpKyxvXDA==","mode":420,"size":442},"dist/rules/no-extra-non-null-assertion.d.ts":{"checkedAt":1768031076398,"integrity":"sha512-lGHc0oGU20yrkWm+SuN84ZcsZcXEoDIgXhfSaPS08e/Ix5iNojICNfQTJAFtpATueKukPomstCMZIAzexhxTcg==","mode":420,"size":260},"dist/rules/no-extraneous-class.d.ts":{"checkedAt":1768031076399,"integrity":"sha512-OhdepBb5iGwuPStWMwL3FJkUWgNvKuxQttlgPpCTFC+bxIo0U+hdXGKrwWd6IRWMfTZEEhoHny5umlMJz7rr3w==","mode":420,"size":501},"dist/rules/no-floating-promises.d.ts":{"checkedAt":1768031076400,"integrity":"sha512-ci12/2ix5iUczRZz9g+3qFLmMVUXH9g6jZx5xjuPWJ5vPPsayVQPEJCwmX1QcW42qXsK3MKz5CVxOpHLq4cP5A==","mode":420,"size":762},"dist/rules/no-for-in-array.d.ts":{"checkedAt":1768031076400,"integrity":"sha512-Ma7r/wA2Mq3DQ1JtUHAxcn+WqZZ5ITdakSUvw++p8lfI6SzTT5jVIH4mf3mwQ/pUcYJn9F1zOeLVjssJoKXTqQ==","mode":420,"size":251},"dist/rules/no-implied-eval.d.ts":{"checkedAt":1768031076401,"integrity":"sha512-mX6RrDucG1jm6zUQZ661ERk7gfrEeVQfB+V+Gu0f6FfTebb9iJK7ZQZ8hOTmm7JoYf5V6wonixLWN7hgpJ9HFw==","mode":420,"size":281},"dist/rules/no-import-type-side-effects.d.ts":{"checkedAt":1768031076402,"integrity":"sha512-h9nk15QqwZAMajCJE/BSWJJKaJ336jvGYohSbSJV6HC2HvmJtKjGBV6XylNoSNkk9T5uVBard+DDUX9ib2bPYg==","mode":420,"size":318},"dist/rules/no-inferrable-types.d.ts":{"checkedAt":1768031076402,"integrity":"sha512-5UhlEDcq+OWlYD8IZzPYL0BOcNRSo9ZA+wVCP1uPAUFlBLiLN+nLVqS1TQT28VyP4A01u5SyE3uaPuT2mujYnQ==","mode":420,"size":414},"dist/rules/no-invalid-this.d.ts":{"checkedAt":1768031076403,"integrity":"sha512-7yw/F+Mrv/o9xMliHPXYZHy5maO6GtfS4ZN7wgb/ZWX1d8PFoC1Kcrkgo6UKg9kz1UpyJ/ZTyh/34c2Hq5btsw==","mode":420,"size":805},"dist/rules/no-invalid-void-type.d.ts":{"checkedAt":1768031076403,"integrity":"sha512-EezP/TAFikSbhB1SsPbdbvBc1dYv2K+Zy3tpIEwlbfh+Su1MvRFf7wRFU8rDkoMhPIP7x55aRsXjYKrD8/38VA==","mode":420,"size":606},"dist/rules/no-loop-func.d.ts":{"checkedAt":1768031076404,"integrity":"sha512-Q+DN1yALVj0ZsX6Zysl5YRI5nKswYSlKYMm2KiSXbp9173ZMTa1//Sv6POphQBseGPpMl24oFtGcfiqGYeVPSQ==","mode":420,"size":749},"dist/rules/no-loss-of-precision.d.ts":{"checkedAt":1768031076405,"integrity":"sha512-hxvdgYIx5t4Pnth0SZHBRay8ejvXTaD+COVUr3LCp0n4RDXF2KDuy25QrGDzK0Uvp32Xs55LSxlGwAmporbo7A==","mode":420,"size":627},"dist/rules/no-magic-numbers.d.ts":{"checkedAt":1768031076405,"integrity":"sha512-tzEVfwRj23H9zF+DM29ODiqjHz1CC6QbJEf73PeOXFe44y+/GVw9UUZ7UCGmrXbWKwBHCPBXYAF/ktfhZigzDQ==","mode":420,"size":1225},"dist/rules/no-meaningless-void-operator.d.ts":{"checkedAt":1768031076406,"integrity":"sha512-oReFGyTLKa3jBcUAU/n4KkQJXGiX9FUwEdvLVBfFkcAX14auLP8ulHNqw1GLivvnP9bhsOWDMjDLmV2Ysr3kgQ==","mode":420,"size":334},"dist/rules/no-misused-new.d.ts":{"checkedAt":1768031076406,"integrity":"sha512-yyD6RtLNUffvTVEW/jKzr3sZpn52tteeMH10Qsxq58nOKsKib4nxgKzqrLREm2fo36uPRIu5ZMbFioxg6k8iWg==","mode":420,"size":280},"dist/rules/no-misused-promises.d.ts":{"checkedAt":1768031076407,"integrity":"sha512-CZwDfLGT/mxO6rJTRWPbyaMhdhNOzNmhqUHcQ8ZDgxIqtYsGsGCPDGWlWbq93U9q+6Ju4mJNPTHXe2DWMHCkpQ==","mode":420,"size":822},"dist/rules/no-misused-spread.d.ts":{"checkedAt":1768031076408,"integrity":"sha512-CY3rJOdpVTTUI6cPMZJnCZD+JVujGyBdBgq0/pzZZeIschAe1FVwpfzhi8VkP0he02iGibDFoTrMrX4OI3NAFw==","mode":420,"size":646},"dist/rules/no-mixed-enums.d.ts":{"checkedAt":1768031076408,"integrity":"sha512-jOsWWxHmbuMnab1rKS4j4Jk6/V+S+Brqtqyp1LruyOEzFz/So5/IbyRaaqSIyxK/slLQVwhfMYRRhHC30BGEAQ==","mode":420,"size":242},"dist/rules/no-namespace.d.ts":{"checkedAt":1768031076409,"integrity":"sha512-ePOiWQjlbeAO9y0GhtVfSdi+c+92VOjNrFLahZyUhv0gAsvQQOMUGbVy/14kt8B0HCU1BgfDR/bU5ebP6PeRzQ==","mode":420,"size":433},"dist/rules/no-non-null-asserted-nullish-coalescing.d.ts":{"checkedAt":1768031076410,"integrity":"sha512-8i/cPwfYjmo5ZWKXhGlpvaOoVObFoU2vbwI4+sqh8+f17Q+Yikg52qGfX0fCs7Yq9wGqySFzUIVJhuC6A3NhSQ==","mode":420,"size":284},"dist/rules/no-non-null-asserted-optional-chain.d.ts":{"checkedAt":1768031076411,"integrity":"sha512-ijUrCUh8Zf6x9OWcYCtNDPGu/lLgL2EUqyS4cG1u5iJaBq67fIgZmbM7KvLddtvkW/wbIez7TfS/ELJYGmarfQ==","mode":420,"size":272},"dist/rules/no-non-null-assertion.d.ts":{"checkedAt":1768031076412,"integrity":"sha512-zj1h6Kk/IyLg2FjCBzG511vANz1NKyV4fzxM0UH49ksBfEPcfsctV/C/kLNh32WMOIHJoAsuBLYKm5hGMsiyWQ==","mode":420,"size":294},"dist/rules/no-redeclare.d.ts":{"checkedAt":1768031076413,"integrity":"sha512-pYg5PUIx+ogpcJqam4PiaLq+00iwIVY9Dlk2vrzGL5JYjMn3JKBGvRlazgvLOVd7D51lwriEpIeRgkoBBoawQw==","mode":420,"size":437},"dist/rules/no-redundant-type-constituents.d.ts":{"checkedAt":1768031076413,"integrity":"sha512-o75h1vGguqcEQs2cHGW1Rf0mkbj5lJL5PhZKA2BzRlExCFOPoo9WhBKAXQimLRjZtenKYnrofgHpD6n9NjXYIA==","mode":420,"size":330},"dist/rules/no-require-imports.d.ts":{"checkedAt":1768031076414,"integrity":"sha512-JzHV5CCsH8ZL8P9RQOwrxzRK6I0A7nK2/YcAvbOutFiDChbjC6az4s2w+I5GXeX6GnqfZKLDUe56PxaCKiYRtw==","mode":420,"size":401},"dist/rules/no-restricted-imports.d.ts":{"checkedAt":1768031076415,"integrity":"sha512-TY8YOkRgHeNxAPDosw6oNQMFPLk5X7PMxd1ZUm6RTnBw/gVMEEEF1ycX61VqAeb09iLzUz/mLY8V5PMmcXgHvA==","mode":420,"size":1196},"dist/rules/no-restricted-types.d.ts":{"checkedAt":1768031076458,"integrity":"sha512-JzwCzgCa0Ynwxt1rFcQV3mrROmj2djBxZfNZjfl9roLaYxq3S2Jrfo0C4o1dE6tFf8JxKhEpCq4DcHnP0aPz8A==","mode":420,"size":506},"dist/rules/no-shadow.d.ts":{"checkedAt":1768031076460,"integrity":"sha512-D6b6A84b/u1j/9A0ltB31qZ80Jhc3TkhU6+8vRRnunmGWK8tpEc9rDAWzX58ysgGQhxZ1cTesakfckMZ3YrhgQ==","mode":420,"size":617},"dist/rules/no-this-alias.d.ts":{"checkedAt":1768031076460,"integrity":"sha512-s2nxbeSxC24F4HhLMF7WfopGQGZ9PpFEzOPXOawTJKDn/r9s0YZuF8MBkEQN8deX4smfpHuiuv6vOtCEYspQmg==","mode":420,"size":423},"dist/rules/no-type-alias.d.ts":{"checkedAt":1768031076461,"integrity":"sha512-8pcodHScwliuqi+QaF048n43O/VqB/Q5SjR13OAjHuurzmxb00s6JLA9ZOH/rXreHNuFm5dSTuo6JPkY8AJOiA==","mode":420,"size":774},"dist/rules/no-unnecessary-boolean-literal-compare.d.ts":{"checkedAt":1768031076462,"integrity":"sha512-IFBkgqgraakVorA9TznM+e/0l+Gr6Shg5JzSp1LHi+V4cLs52rnfTZ3IqjlR01mHbvXbeaS6muiD8s/C/ZBAvQ==","mode":420,"size":643},"dist/rules/no-unnecessary-condition.d.ts":{"checkedAt":1768031076463,"integrity":"sha512-QLHnCzTEjNXq3w1HAj03zZzRmpysYTIOoEiykpnEY0Ofqf0wIOI5vLLgp4shJDsjRaqKLyma9TqZUPC0ivRQmg==","mode":420,"size":945},"dist/rules/no-unnecessary-parameter-property-assignment.d.ts":{"checkedAt":1768031076464,"integrity":"sha512-q1vnDDRbzClaOVztOZWjH6j/VR8KnfSnSDK0zADrBjhEIG5dyIWIG9YiaN/wfbwJtst8gQfry25tIqqZk+TVvA==","mode":420,"size":254},"dist/rules/no-unnecessary-qualifier.d.ts":{"checkedAt":1768031076465,"integrity":"sha512-OhF+U6wLEGluZj7AB/tKsXEin6VjxB5U4+PbsUVSKYwIeVuDMmLsEAxlz+hRcn+LArDmzsEFn68aBpFPEm1/ww==","mode":420,"size":257},"dist/rules/no-unnecessary-template-expression.d.ts":{"checkedAt":1768031076466,"integrity":"sha512-7j2m9mFt5eXqVRYEt5mLkLHekCNq8YUoBViIa00hhUybwJg95cpuqr3YCLqe0NgRa/jYAcd/8TMcQPGT/MxRGQ==","mode":420,"size":313},"dist/rules/no-unnecessary-type-arguments.d.ts":{"checkedAt":1768031076467,"integrity":"sha512-DDKq5o9udcz4gyX2IpsAPHROHNq3GY4BZXUPw8ynDUdCz6Veeha5U+cT37wU6r7Qibr8KHyJ2q+oWtD88YJ64w==","mode":420,"size":314},"dist/rules/no-unnecessary-type-assertion.d.ts":{"checkedAt":1768031076468,"integrity":"sha512-G43Z/jPRQCFbHlKVwkszIapek0R5vI/CQx/T+tvnJPDIp4Whi6dPyR3Y/vkvi1rFAkwbanoqYeSC3NWxP/ClVA==","mode":420,"size":447},"dist/rules/no-unnecessary-type-constraint.d.ts":{"checkedAt":1768031076468,"integrity":"sha512-LPsyc8cnU+Z0R0rwt6fmah6ZcElfgErbwAt4Sj7agrkvv871A2/HM8z5nDxDmaBfF66bLvWFwc+yXmSyP/zamg==","mode":420,"size":276},"dist/rules/no-unnecessary-type-conversion.d.ts":{"checkedAt":1768031076469,"integrity":"sha512-Ey+7ZA20pBM2lQhTVtRDLNmSowkjid9g6jdV9tsyftaYV0n+NJEjY4F+x8WckngcdjBR71tK68jqzAsIc4OfIw==","mode":420,"size":331},"dist/rules/no-unnecessary-type-parameters.d.ts":{"checkedAt":1768031076470,"integrity":"sha512-GLb1oCJ9osZUDcD9mHkrIdpNsvIAPsxIDPfSP1/fhyTumjYIXMP2pDSTdB5E2iBBujIWpOp1kPxRa839f7Mwqw==","mode":420,"size":259},"dist/rules/no-unsafe-argument.d.ts":{"checkedAt":1768031076470,"integrity":"sha512-Ni/T8vi6s9CIUteZ+WqgXKlTBcQkPQuTX+Xjg4KccCX8qWFvOxgbPLwxgF0t9Lr/2OleDbxrXkFCKP5WlJpwsQ==","mode":420,"size":349},"dist/rules/no-unsafe-assignment.d.ts":{"checkedAt":1768031076471,"integrity":"sha512-c1akyRZyl5bjAibXTifczPSQbT35se29mgyKOvCvy1HQk0sZpqKLCtdiRYROWbCmryHCJQ7P0EWfggdNsK/z5A==","mode":420,"size":394},"dist/rules/no-unsafe-call.d.ts":{"checkedAt":1768031076471,"integrity":"sha512-s30v6rDE2NskRcJL4+zPakF0zMKKvaMj+QH8FVZsuH0m8NeruPLeWa5j/t2gRIlgZ9MNoCMlV+onsovRZpwuqQ==","mode":420,"size":339},"dist/rules/no-unsafe-declaration-merging.d.ts":{"checkedAt":1768031076472,"integrity":"sha512-Ge8XZtNpJKUKOY0f2+3YbHTR+7zYZNI9uu/RYrh6LS3aLFm0BLuQghTvyJw06HFsqWy77ezk9THcVhVqBqYlLA==","mode":420,"size":250},"dist/rules/no-unsafe-enum-comparison.d.ts":{"checkedAt":1768031076472,"integrity":"sha512-5Bmw05aUz96OM4+ZLRrKn2GJPuxU0fZtZdkKGFvnxAec5vcw9g5wenR+L7IT9bUdDCvomoBpY0LjJCnhNZ3QuQ==","mode":420,"size":286},"dist/rules/no-unsafe-function-type.d.ts":{"checkedAt":1768031076473,"integrity":"sha512-/h7//STyKrxrDR2Em4l7HZ0k3CAhneUUaW0iGdMMzRwY/IZTPPFHuwQwBUhugeQ8hdRuzmiJq9SZ+xEQFinicw==","mode":420,"size":255},"dist/rules/no-unsafe-member-access.d.ts":{"checkedAt":1768031076473,"integrity":"sha512-NWyHal5Ny7nER1y+QJfOVY1VMG3U/4ra+Ro+03Bp1I/HQW3wszetgmgUNgwZTh4IjF4ms82z1nJxsHPNqrKIow==","mode":420,"size":443},"dist/rules/no-unsafe-return.d.ts":{"checkedAt":1768031076474,"integrity":"sha512-4O8c7t0EtRJwog2nLLCGqj84xzX8bvuXwJrv01CbCN0fGLoemvod1R6F1ChPiK87rj3pxDtEPg3HSdZS5Xj4DA==","mode":420,"size":297},"dist/rules/no-unsafe-type-assertion.d.ts":{"checkedAt":1768031076474,"integrity":"sha512-CiSmuE2g1JSn86Ku5Zx/EGp3MiyTRB/4l28JCbNBs4I659V5VfsTQFGge04Nk2w/oKjSxcz7zYp3QS3yoKlsEw==","mode":420,"size":399},"dist/rules/no-unsafe-unary-minus.d.ts":{"checkedAt":1768031076475,"integrity":"sha512-RHxin6BKssElCpOHAfCFVOr5fEeE86kU804UyAabHT4ICMawmranBsC/IMMaSDDl/XzlwpymWZtQwvWgPutSrQ==","mode":420,"size":312},"dist/rules/no-unused-expressions.d.ts":{"checkedAt":1768031076475,"integrity":"sha512-qHvaLe8STFgfAzjiLGcDRws2UviEHybX4k3KkQEpyV/7Q7ET/rUrWJXV78ZMuM/I47fkH16Ds+t1dVWGXZyF6Q==","mode":420,"size":914},"dist/rules/no-unused-private-class-members.d.ts":{"checkedAt":1768031076476,"integrity":"sha512-0RHdEeyTtm9F1Zmk774T4d0VCryv2+08vsDtg+rd2tPG6mPZCq/weuR67DrSGvPWBgFCESHuLf6v0ZpY30g2gw==","mode":420,"size":304},"dist/rules/no-unused-vars.d.ts":{"checkedAt":1768031076476,"integrity":"sha512-RnYXG013DurEsT1XpWOoRorc/6xaHLTgnf569k6yF7mw3kM5KZcKeI5v4iwLNGhf4TVWSS5/JExj8oEXQvYQ1w==","mode":420,"size":820},"dist/rules/no-use-before-define.d.ts":{"checkedAt":1768031076477,"integrity":"sha512-ENSh4VDOnNklQRMGrp3XbrmD7qIAN5k76fCmXv8k+qB7e6O6wHVnKfyqG1qH5btf6d9KSi50qj4xAi9KFQKSsw==","mode":420,"size":544},"dist/rules/no-useless-constructor.d.ts":{"checkedAt":1768031076477,"integrity":"sha512-nUkllNaBb9cnc3YQuwiUv9nW3X17YFrtPRou4YE4nTJ6XY2ec6zJ5T68piQ36Hs2QLTpaA47bO4KC4tTgll0xw==","mode":420,"size":765},"dist/rules/no-useless-default-assignment.d.ts":{"checkedAt":1768031076478,"integrity":"sha512-+7DzcxNo+keQAgVA+qkNPbtQ4ZUmK9Tmlkr+tM8Wp8PB6nM7Azk6sLB29hMeElAevEYqoY5figo3pWahrL4/Gw==","mode":420,"size":321},"dist/rules/no-useless-empty-export.d.ts":{"checkedAt":1768031076478,"integrity":"sha512-P6pvVyQHUZuocLg8X9viweXY5qwlda0b91KeB7AHbg9vaojwtItzzombCLGx0qrru9d+w/e3mllvRqgYCqxYCQ==","mode":420,"size":250},"dist/rules/no-var-requires.d.ts":{"checkedAt":1768031076479,"integrity":"sha512-g94n12qV/txpFFoDw2n8kaSeBM4sm8pVQOPahw+KIhy8SRE+wgjKPAZZJe0nW+J1tn6xOHhqjKc9EHmL3HOReQ==","mode":420,"size":353},"dist/rules/no-wrapper-object-types.d.ts":{"checkedAt":1768031076479,"integrity":"sha512-6spNV07FJNIsRzJtUMBXxKrl0Zya4KPiQiHSx8eZYzat3lQxCmM5Su0kDM0sPgEOHlAujKNEwssQf6vy1Bj+Fg==","mode":420,"size":238},"dist/rules/non-nullable-type-assertion-style.d.ts":{"checkedAt":1768031076480,"integrity":"sha512-AoCA98XI78xRVdguflmAm5fo7oLU6t2yfBSGayQALEGbzVaCFe5GmeMpNEa19hT+vV3hq8ZpiGtxSedBtvURPQ==","mode":420,"size":259},"dist/util/objectIterators.d.ts":{"checkedAt":1768031076480,"integrity":"sha512-GVpRP7eyo4exMrvqI+XcCOJrycxEnIUDqWSedESCZZxZ86sd/Y+X7Otv9Y5bnjVWrOXzIiopA86vjr70i11aWA==","mode":420,"size":451},"dist/rules/only-throw-error.d.ts":{"checkedAt":1768031076481,"integrity":"sha512-UX3QFoza4rtuuGeUy2eoCY8fkIRk5zI++bHYc4HJLuG4m/SVXU5XHbSJNleX+gHp97gmsuCZi3Lx8aT1GXGGkg==","mode":420,"size":538},"dist/rules/parameter-properties.d.ts":{"checkedAt":1768031076481,"integrity":"sha512-Mp/GgGHtfCUW1SuQ6mHytQHozJDsuQh3Z8EChRuy0EbtorSCjvug5ow8fDe2ZGNdGatXMKcJ3IAD6OZ0E6Regg==","mode":420,"size":602},"dist/rules/naming-convention-utils/parse-options.d.ts":{"checkedAt":1768031076482,"integrity":"sha512-LMvpv1W33kX9lDzbGniilhs2bFxXBN2rWOneaU7YgTCk2QjUe6ehqMa4YV3xetaCg3prgyed2+lY2d3K9fyZTw==","mode":420,"size":126},"dist/rules/prefer-as-const.d.ts":{"checkedAt":1768031076482,"integrity":"sha512-900isDWweEWcA4sN+kGy5eyzHU5he3dqWcwsOZaMC4Z4xGV9sGlhVZn+qgajvVVPN7ldpmJcQLItZw7x7npZtQ==","mode":420,"size":290},"dist/rules/prefer-destructuring.d.ts":{"checkedAt":1768031076483,"integrity":"sha512-l0nOyMz3Wd6oLpAyjOS5CmWyNRr0aaAEQBhIHTLEpEFBNU3RRcH70//sSTw41ToXZh5Ff9ZcOn9OkAbbL1ZMQA==","mode":420,"size":1206},"dist/rules/prefer-enum-initializers.d.ts":{"checkedAt":1768031076483,"integrity":"sha512-4iX4cEg4tWnb1phZhBfZenrwcve+51uBs1SiIaASrTMEIi02qNaANQ6sfRmiL2eVuGg+jiMgI0um25+Rwc+83g==","mode":420,"size":309},"dist/rules/prefer-find.d.ts":{"checkedAt":1768031076484,"integrity":"sha512-GqYR+hoQw3HHO51w2UKfYyKiSRG4jKSQLOjhe2WA+WSfRpb/Heh0PWBrMRi63UNfzelRkbpLyyVr5VL/LjA+vA==","mode":420,"size":258},"dist/rules/prefer-for-of.d.ts":{"checkedAt":1768031076484,"integrity":"sha512-SYDQ3xRWPfOv/f5UlbewhCNCOSPkckXsQAQ8VrrthtkYA2Kz7jTISrDDK1nGxqqP/H2UKzt+JMEFd8hKxpg5RA==","mode":420,"size":234},"dist/rules/prefer-function-type.d.ts":{"checkedAt":1768031076484,"integrity":"sha512-huU3OeqQE4gpukZUpeTUJZc5tCEylSJ++m3ojJbrYkwU3+fF+9GQo2g9wtUQxug8ExEBD0DfGjW/X8QWZojWDw==","mode":420,"size":422},"dist/rules/prefer-includes.d.ts":{"checkedAt":1768031076485,"integrity":"sha512-FraXZ4F5v+a7em5lWQfAKcUuEPVt9WPmekVj45W54H/PEC4OpXFuM79bi4mX+GrfeJqWV0xighod1dV3jn9LbA==","mode":420,"size":262},"dist/rules/prefer-literal-enum-member.d.ts":{"checkedAt":1768031076486,"integrity":"sha512-TbLPfD6+DkK/3xMtfHVnkbi5U3bXLq3ZVXu9FMEAbyBWiTx5CEL4iQ8x4OAIJ71f3JAlNSse41MeKAd2KdAZWA==","mode":420,"size":322},"dist/rules/prefer-namespace-keyword.d.ts":{"checkedAt":1768031076487,"integrity":"sha512-Je3eqgfj1SIgs4zccnBQXU0yzzxM7KmZndMxWerjh1bLjbaq2GpvaK9CmUz/iD+YjWl+lxf/9EL2kWgZMWz+KQ==","mode":420,"size":249},"dist/rules/prefer-nullish-coalescing.d.ts":{"checkedAt":1768031076487,"integrity":"sha512-RZuYsmfZPlqkPoVOVBAPXOjL0uw6/z1sF+XmZYr7dPgEJr7iPsHM9pEnOgkGm4c7pjaTiy/zAGag1BZqTcaKsQ==","mode":420,"size":875},"dist/rules/prefer-optional-chain.d.ts":{"checkedAt":1768031076488,"integrity":"sha512-BqodLlbbZO1CTbNvBh4oFplafCsamkaDn63AFRTQEYh4jhVK4ftljXrlZXsv5OZEDe8T6pRIXw5LcWO6FX1byw==","mode":420,"size":429},"dist/rules/prefer-promise-reject-errors.d.ts":{"checkedAt":1768031076489,"integrity":"sha512-sFI4IWIePXdoX5STdHN5FVpuhsnyVTD4EgzQ0xdjLFerdBR8OG3VUUjaOboyWNx9DHp99XYi4bST/C72AbFWSQ==","mode":420,"size":448},"dist/rules/prefer-readonly-parameter-types.d.ts":{"checkedAt":1768031076489,"integrity":"sha512-XEbXIIv3py+wJ4t8Xo3agIbnqQ59OE5Ab1IJOl5+/+KCFkyG4tSG/FYXFWnsCKE3Rg2m72bEITlx8CARecf6Ug==","mode":420,"size":560},"dist/rules/prefer-readonly.d.ts":{"checkedAt":1768031076490,"integrity":"sha512-HeItAP5exma26mCHhFJ3QNH17H5pM8BQiwqZ2PaTIWg1/4nOrSm0tY0a5hZrbuwP+Ag62rLWpXAJpg9g7Vg3LQ==","mode":420,"size":375},"dist/rules/prefer-reduce-type-parameter.d.ts":{"checkedAt":1768031076490,"integrity":"sha512-44vP5qA1++txKjrDsY/B0cHK+rxVJR+Ib31pLJzbWpmjtOMeB6xQb4M8hiuoEFWhvz8F0sOeBW8AzIPRgvupVw==","mode":420,"size":256},"dist/rules/prefer-regexp-exec.d.ts":{"checkedAt":1768031076491,"integrity":"sha512-/zxUW1QVz3ku8PA5Tj9cHCvJSg0AxMwjPev3yGZInaEtE3DU2r1l5gSSR5GXmYaBSxbs5RLybMCqd49Gx1ZSeg==","mode":420,"size":262},"dist/rules/prefer-return-this-type.d.ts":{"checkedAt":1768031076491,"integrity":"sha512-ZNme8H7ybSv5hwqEAgRigM6VJR7fajYWEIwCM6afUTxSHMBRKBusEv509AoAeHS8WXkI/BiC7vFnlIFXVrXTRQ==","mode":420,"size":248},"dist/rules/prefer-string-starts-ends-with.d.ts":{"checkedAt":1768031076492,"integrity":"sha512-fAmw4aHLO+1y8+EWwEeAzIjUoqD51h+VlJOMfpilKhtUfFH87/QC8H3jmbKrAEcpdpmAnmXOIaRBtCJitDCCTQ==","mode":420,"size":462},"dist/rules/prefer-ts-expect-error.d.ts":{"checkedAt":1768031076493,"integrity":"sha512-pHNX2ZOerIiNRf+f6INySXa0iUzhG1I0q8ZNFbQ3iPJ+d27CA9BbYe3MX/vETYzLGgZPjF2gHimpPGOzqdYyYw==","mode":420,"size":314},"dist/rules/prefer-optional-chain-utils/PreferOptionalChainOptions.d.ts":{"checkedAt":1768031076493,"integrity":"sha512-b5I3XRpzClQOsgur8JWxRk1MGpbIr4nJS4O08tYxS07IXzqEx1xQytGvFYSsNo/+Mzk9F5EpqisU6X/x0C2nYQ==","mode":420,"size":413},"dist/rules/promise-function-async.d.ts":{"checkedAt":1768031076494,"integrity":"sha512-w5Sv0UCNxgOjHmYtwNAov/WvgY00cVq3jEp7YMT2TuLCbySrJ341Dt1TtqasJoysnPVoQoMTxP19z6GSH0QrVA==","mode":420,"size":598},"dist/util/promiseUtils.d.ts":{"checkedAt":1768031076494,"integrity":"sha512-Rqf0daIBas9I6Xb5XvGfPdj88oPlXHAZia3BC3Qdl7SyhoFXvzjUWWoKiRuKJCGEugQmhUbBO1sKmGa1l16KoQ==","mode":420,"size":1144},"dist/util/rangeToLoc.d.ts":{"checkedAt":1768031076494,"integrity":"sha512-tc3o5nsvDp4B79qinONF54CMin6NlJ+8WvXBTemUrW0rwsi3Vz8fwUnZhDpTnTVMlZsgA+1izecz8A5E+1yf2Q==","mode":420,"size":189},"dist/raw-plugin.d.ts":{"checkedAt":1768031076495,"integrity":"sha512-eXo6QQ+aDX2IaHHICzg74SOMronuJGFRbE4TLor1Il/enTXpKSsCAIN32wIAxU7vttQihNomErJyA9oIvvrl5w==","mode":420,"size":77681},"raw-plugin.d.ts":{"checkedAt":1768031076495,"integrity":"sha512-AzrWJ6hJUpEWX4Pn2rZ2hHa4wHFLjKBPXHaQKcFNiFxdGeBQHL4DphooH5Ch5KauIwqPjvvTqR5b5BxaAa4Big==","mode":420,"size":916},"dist/configs/eslintrc/recommended-type-checked-only.d.ts":{"checkedAt":1768031076496,"integrity":"sha512-8YEvAGLqcQjTg7KYtII90scHWmUopk8s6UI16Gu1PxlkTwdx//BSoTZxWFpRrAuUQHQeIUf51dgJFzwMD4eANA==","mode":420,"size":1622},"dist/configs/flat/recommended-type-checked-only.d.ts":{"checkedAt":1768031076496,"integrity":"sha512-kdrLpnxpuAv5VZINsGfNUQb6UnRsE8g+XA7WXhjmwzUj1Z75iQS2NqnF8MS4owy/EVkllwbU8hJz3UTvqvXUCw==","mode":420,"size":419},"dist/configs/eslintrc/recommended-type-checked.d.ts":{"checkedAt":1768031076497,"integrity":"sha512-Q4ZJ6k2vC3QUt1DlPhKlEV/iax652Sb2k3pd5gY7QDFFIaTO2nLl2cHDOLnZd20MBr8KbKx/Jt6pjnE0Qw/9Tg==","mode":420,"size":2947},"dist/configs/flat/recommended-type-checked.d.ts":{"checkedAt":1768031076497,"integrity":"sha512-rppT4oHyFw/+Cj1r6eAhVxadce2daq0NFW2iZIBD+Dl6FJ/IuzKwWslCbJ1xpqPWmsMzS+qP2Ybedawr1hVMjA==","mode":420,"size":397},"dist/configs/eslintrc/recommended.d.ts":{"checkedAt":1768031076498,"integrity":"sha512-jzawqX++7dfpRPUbIC5i0Q6/LdwI+7H8CGkJXMvvs/tSRAIh9ZF8D5DMhO5aRH2dlkzj94MK7gT6hlupG1a0DA==","mode":420,"size":1416},"dist/configs/flat/recommended.d.ts":{"checkedAt":1768031076498,"integrity":"sha512-MVHYxPBvpShYb/98Itvc8YduPsO1QtHNwq6SenAzFjOjCv2n14qGp9NhopJdzYq5VUrWkQfyRd19KX3CZYNi8w==","mode":420,"size":377},"dist/util/referenceContainsTypeQuery.d.ts":{"checkedAt":1768031076499,"integrity":"sha512-rMVxFcOEfclgfT1pysIv3ecxJDyDuKFqosGftrchQnpPuugzglrbg8yg0WBo/WhPmUtwsYdglT6eS/I31BFY0Q==","mode":420,"size":243},"dist/rules/related-getter-setter-pairs.d.ts":{"checkedAt":1768031076499,"integrity":"sha512-b8FaR60g3XInw0vOmlizHj/1+Q+CzvWERPunRS9oKvdbm8IQA890FSYZvBKuFKYqsyIVGVfFBCxxAtUQsZNgvg==","mode":420,"size":245},"dist/rules/require-array-sort-compare.d.ts":{"checkedAt":1768031076499,"integrity":"sha512-vUAW+7nrBjnVRlGyKKXIs/3NuHAaOepv86qeC6lwkMoveeujtENs/6na+gPVAxxEP0xzqC2d+iTDn0FNU2ccLA==","mode":420,"size":376},"dist/rules/require-await.d.ts":{"checkedAt":1768031076500,"integrity":"sha512-T/zPj2hLCW8U5CSa+HoY+QA93XcDj0HlWgoIXmPNEKAg9TPDXiu+N4WvSHf8smOwD07Tw41e/SQmicnTbtrP4g==","mode":420,"size":265},"dist/rules/restrict-plus-operands.d.ts":{"checkedAt":1768031076500,"integrity":"sha512-vJfIb3zn3c+tIIbWIAneKZ6GhLp4gNBFjqp+XLlOzknsiXbyb5+wHg4g26xfzaWG/LyHdZGeGJQOxFM5KdweHw==","mode":420,"size":566},"dist/rules/restrict-template-expressions.d.ts":{"checkedAt":1768031076501,"integrity":"sha512-1gb5BCr0WGlbV2xg1RixpgZPRIn3mWDoQ9S1qx5dWSn2G9B8JbScWeDR3rzUlLZoqFr8OyEcYmFuf89V2hTcRw==","mode":420,"size":1178},"dist/rules/return-await.d.ts":{"checkedAt":1768031076501,"integrity":"sha512-iQv/AjxDyFxVy0wUknoqRZiEQkKeJZXxwCWGVrhc/NYesBdogHyUodDdgIGyVWeSnR7+RkjPGHOzNQec+DlbLA==","mode":420,"size":368},"rules.d.ts":{"checkedAt":1768031076503,"integrity":"sha512-NaeAitcwEpqSThcV788moE5hJrmhS8gA3XV40T6pdH/YLIBpr9/0l6qLbiduCnDHuiK2uZagAKG2Xu9qjPFDaw==","mode":420,"size":2857},"dist/rules/naming-convention-utils/schema.d.ts":{"checkedAt":1768031076504,"integrity":"sha512-I53EwQA183oY1WVcOAC07cF7Z6TBb5jeIBkpx5XmDyf4LPQh67CPKLS6amxqildW+BNyWHde7DxVCN/kXp4R7Q==","mode":420,"size":113},"dist/util/scopeUtils.d.ts":{"checkedAt":1768031076504,"integrity":"sha512-3Gxre1qCdcutVwX63KHa3kcis2ZDQSWUE+EgbLy2F3LCEHxw7l6nMkclKR11FqTWyFie29TiUhETL9FjV22GEw==","mode":420,"size":255},"dist/rules/enum-utils/shared.d.ts":{"checkedAt":1768031076505,"integrity":"sha512-DRC7oTqANf0ytiT/jIbMp53Qi3QT2QMMgRBq5KGdpZ5Yt4VnG/7Sf7rj049HoQB3pUqHUzS/Cjp2sGeEgX5RVw==","mode":420,"size":1343},"dist/rules/naming-convention-utils/shared.d.ts":{"checkedAt":1768031076505,"integrity":"sha512-91All02EXF/D8iiZUrGbuDDCelDeBtzxNvoFjUh4PwT1dKjGprVtXeY/gX21H4WE6YbARJhGust9Ar6OVN/0bQ==","mode":420,"size":525},"dist/util/skipChainExpression.d.ts":{"checkedAt":1768031076506,"integrity":"sha512-H7yq7QTbay0KN4pYUnrlTGcQD/FvGUXl2Eo/Y8/zApQlrtAo8od5bDpxp02HFxnEE5FvUnf7hyobqYAUOq+Ujw==","mode":420,"size":164},"dist/rules/sort-type-constituents.d.ts":{"checkedAt":1768031076506,"integrity":"sha512-RcpYmAiyn6EiEIXVgiHWRzVLfNPYZdmgUU8aFaFjLs16h5e6VfCfkEtykEvo3JzSsARzrMiO4CFmcajYLXAKOw==","mode":420,"size":480},"dist/rules/strict-boolean-expressions.d.ts":{"checkedAt":1768031076507,"integrity":"sha512-a9YSNuJMtc+j8gPF6CdnTh5Ts/6bZchJwwhCB0AGkO0dh5wxa5eWLkVvb8LpheC5QCHzuq7MAEfAKYMrSAE9Pw==","mode":420,"size":1530},"dist/configs/eslintrc/strict-type-checked-only.d.ts":{"checkedAt":1768031076507,"integrity":"sha512-deRuwL5+KDlUXgKANL8t7yzB3IizP54kbOh8mtkoLROOly+iMsdAf7ykNhS/ek2Grb19klDgZ/w/TCsdtDbrtA==","mode":420,"size":3198},"dist/configs/flat/strict-type-checked-only.d.ts":{"checkedAt":1768031076508,"integrity":"sha512-pOKXcPkrMOUAFFq/6cZoFXEokAOlGEE5fvRGzEk5Xw4BPenEiw5M/Fzc2NhPY4IyWlpKH0u4ETB1JmTSV7fLNQ==","mode":420,"size":409},"dist/configs/eslintrc/strict-type-checked.d.ts":{"checkedAt":1768031076508,"integrity":"sha512-5mZfKuCsxoEBxyzU3oWte+DWhgnS7honDalJ6OfGNUEEP58b3ozy+/nW4+EHfGL89IlYADigf1Xru+hhKTLJvw==","mode":420,"size":5127},"dist/configs/flat/strict-type-checked.d.ts":{"checkedAt":1768031076509,"integrity":"sha512-7Z2KxzIDcRjsrs6JRPEpOOHOigXvkuxuyl6M3BFVtFxUqa+/f483SixfL3KVLpQR/i0wxYTsomSlgMHy5BVcQQ==","mode":420,"size":430},"dist/configs/eslintrc/strict.d.ts":{"checkedAt":1768031076509,"integrity":"sha512-bPNf0CKXdE7XJ1J3adnaDOJ/0IZ1/LThDE9llVkB0gbskT5tme9fpiUGmvt1irrmZBEg7jXyb8xTVkqdR/KY4A==","mode":420,"size":2020},"dist/configs/flat/strict.d.ts":{"checkedAt":1768031076510,"integrity":"sha512-pV5F1amQ1KHVydrn9d/Gu/uqQ3mKbMQGrjXkuXH+HhJjJOI51BSu+x3dzW1Vhn1gWl+wn1qQyxgrK1l6S+ux5w==","mode":420,"size":370},"dist/configs/eslintrc/stylistic-type-checked-only.d.ts":{"checkedAt":1768031076510,"integrity":"sha512-Ze9NeYgDpCboOKXhl9YzU4kbsjuQCt9eO4Txzs+tM+X955hjBrEgKCcnT366OE8k1Y6RBsPGXq1PQnRx2qi++A==","mode":420,"size":607},"dist/configs/flat/stylistic-type-checked-only.d.ts":{"checkedAt":1768031076511,"integrity":"sha512-axgADNRLYoRH3O5R/ClEAsJqQRwk5sBApq33+0CZ27ptRlMO4f1aKWMtWMC04FkoW6f1+hQjdWo8jUujqcq6xw==","mode":420,"size":415},"dist/configs/eslintrc/stylistic-type-checked.d.ts":{"checkedAt":1768031076511,"integrity":"sha512-oSF7PjC9CVUj2w09CgS2CeSYkwWugBcypm48hpvNadaDFBsvcaahNe/RIsGpY5mfSgMNdiAF2YjgqEU66L/pDQ==","mode":420,"size":1462},"dist/configs/flat/stylistic-type-checked.d.ts":{"checkedAt":1768031076512,"integrity":"sha512-3EJ8/dwGxtgogGTscIaxMkCF912f7LN2MZdvI/1ivzIaLmwv5CcRjHtKtNo9H0fIK/7nnM1gwCZqtVJMCPJ/7g==","mode":420,"size":392},"dist/configs/eslintrc/stylistic.d.ts":{"checkedAt":1768031076512,"integrity":"sha512-Nbz5dxoZMRBmiFlQokm7nZoYKQFalWeYnvkcx8QmY0DlZYWktp8sEu67YI1M9Hi7VQEteFPPiGbejO1rxMcZZQ==","mode":420,"size":946},"dist/configs/flat/stylistic.d.ts":{"checkedAt":1768031076513,"integrity":"sha512-MfafeGlJLY+kwVegi+Ti72B0iFKq5zSGeM5BGOb/sL7WVkSeGTTRrl3JXQlamBre/uDUoYQm5zzsXUhgXCvy2w==","mode":420,"size":389},"dist/rules/switch-exhaustiveness-check.d.ts":{"checkedAt":1768031076513,"integrity":"sha512-z3abXbKue8EDMqD/6jWjucAr0IzzFOwrHeiXFZZzluwsXQXC2WZj0GOinfGpsLuyyOIhrJdegfn1IsfMpxBsBQ==","mode":420,"size":1180},"dist/rules/triple-slash-reference.d.ts":{"checkedAt":1768031076513,"integrity":"sha512-GqyeHrtFOvxBLj+tO1idFQpGf7L34ujvjcHcJJhgowk9TuNDXaWu4jP9fapX1gj0W018y+z0AAgWXKIddTRIaw==","mode":420,"size":473},"dist/util/truthinessUtils.d.ts":{"checkedAt":1768031076514,"integrity":"sha512-BdNXCxJcJTaMB/4xXZfdRO0R8hPxLCT9BdMfbgNEhqhD3y7AlCNa+cGKC4AVqwzlswqxMn18+eQZ/6VAfg+B/A==","mode":420,"size":167},"dist/rules/typedef.d.ts":{"checkedAt":1768031076514,"integrity":"sha512-qBfDfsrL82vBppA1FfX2TdJu7uHyD6ZsCgpLMZRfXS60pRKn31+hyme5L0TvoSygIIlmQzCOTGkJxzUt/qmDZw==","mode":420,"size":821},"dist/rules/naming-convention-utils/types.d.ts":{"checkedAt":1768031076515,"integrity":"sha512-U+tnW4WpJS3Urf6mGhWCouWYXA9OZNQb0EW0GcaBAyNNUp3qwwzoB6GzW+Izv3TJxIaBGMOvTV+aucrZ8ArCbQ==","mode":420,"size":1730},"dist/util/class-scope-analyzer/types.d.ts":{"checkedAt":1768031076515,"integrity":"sha512-YoilL6OZmP5c+l1NKTF6jPXazB4V2QkAMUgZ3watL7Q4YvWltJcQrXT0gVGKeNFiB0Tqdn/Pz7BmvK2bTXbCSQ==","mode":420,"size":709},"dist/util/types.d.ts":{"checkedAt":1768031076516,"integrity":"sha512-zA07APfZZHuzU1TrTUnzLvVfzVCCiszTrseTHPLL4SiZtZjq0ICd9GBmOka6gKhTjRf0PrturVBSOWNXVyVi0A==","mode":420,"size":159},"dist/rules/unbound-method.d.ts":{"checkedAt":1768031076516,"integrity":"sha512-LAkRz+MQZ6dsg5GGV17k0qNpzRWy4CnM6RoQzCr7XTBvVO856VO9UMAypkIMDgJq4wrIwaHczb0O8famd4lD5A==","mode":420,"size":399},"dist/rules/unified-signatures.d.ts":{"checkedAt":1768031076560,"integrity":"sha512-1uS+sf+1ihIl3CtgKCNPIWKZsgVrtd3UgOW9kLlDNn8dOW70OD2l5SEHtK7v1kmv95fOJNQ6lnsOlkcXqwm4ew==","mode":420,"size":502},"dist/rules/use-unknown-in-catch-callback-variable.d.ts":{"checkedAt":1768031076561,"integrity":"sha512-jl+Ss0mlGq0POgBT6DZRUuPcpvDb2iVnzT1DA2w6G3S/Q7KA5XUYN6Ps50dGfNW8ibOEINlFMMDTnxLdSuhJCw==","mode":420,"size":505},"dist/rules/naming-convention-utils/validator.d.ts":{"checkedAt":1768031076562,"integrity":"sha512-D4bBq2tZ5lmf+C+y5BGf45Y5rZR3Xu7M2CPxZuLF0gHG5XsVayduPwZ73lZ99r1zroFMJDp4ivj7WvyPG1ZitA==","mode":420,"size":262}}}