{"name":"postcss-selector-parser","version":"7.1.1","requiresBuild":false,"files":{"LICENSE-MIT":{"checkedAt":1768031076574,"integrity":"sha512-e777slm9XUPbX/rmyjjzhkLEh3YNgSsCSYl/tfH4oO9Kse9zBtQFT/MjEOlhP8+u9bknjMu3D4HZEoKiwCxtBg==","mode":420,"size":1092},"dist/selectors/attribute.js":{"checkedAt":1768031076576,"integrity":"sha512-+h20vyJ/eyZPAjgeKBe+MY/LQTxyZJ4LLsYXrdjDCMJn//bXSy9ttjrWtelWKGk6NnOZ/9IuCk3paGnbJ/FDNw==","mode":420,"size":16847},"dist/selectors/className.js":{"checkedAt":1768031076577,"integrity":"sha512-nGtZpMYWNoxMKTi1AIQ1ai539V5OSa3V+ZljWWEXug7PrYkagVY5DP+Ynz+8RIiQDJzFHO/xAIHsd2/cJdf5DQ==","mode":420,"size":2346},"dist/selectors/combinator.js":{"checkedAt":1768031076578,"integrity":"sha512-C7xZIDMmbPOeHOrEd49YWUY27rG1TsRToc4DnYvyWnJufcPR2MQVtIVVurwaEkv8RNZ0SrO1jzqBkrAJwI2QVg==","mode":420,"size":989},"dist/selectors/comment.js":{"checkedAt":1768031076579,"integrity":"sha512-chIng7d5lSghLdRtzkymHlezRdKE2ChiCBrbaIbomyjPE8zhQ89Ul2vN9i3ktYC9iKccNd6dpG/Ic9LPgUibVA==","mode":420,"size":971},"dist/selectors/constructors.js":{"checkedAt":1768031076580,"integrity":"sha512-nX0AchQRrZnpvLJEDzJgi8/4WJ+6KWcR8h0/JZ7HdPoB/6RV05ZTdzpOlkhftfvE6ilkTr+Hydj5YmisuMN66g==","mode":420,"size":2371},"dist/selectors/container.js":{"checkedAt":1768031076581,"integrity":"sha512-gLN9OoON1fqxcVhqsXz+iJqXY2EqBGhHNKmwA0ynYGQof+A/O9ChqzphHW2W6vcUF2aPacST4TqKx2NNZ3MwYQ==","mode":420,"size":12338},"dist/util/ensureObject.js":{"checkedAt":1768031076581,"integrity":"sha512-/l0mGugSOnpeVPlj9yEfHP4Z/5nruMMl7SGNVHclJLC+mI56TZhT/wk7z0iEYnuZvXSeNbN0OvNnuS/BMEAHnw==","mode":420,"size":431},"dist/util/getProp.js":{"checkedAt":1768031076582,"integrity":"sha512-z6BL6z678AG4VZ3NjnhSBTbHpKWD/Jaol2450QS7WobK5Up34YTf1nmnL6d7FmQ2ks9JPduAM0/zXJXkwzbVLg==","mode":420,"size":437},"dist/selectors/guards.js":{"checkedAt":1768031076583,"integrity":"sha512-MFzIDx5ROFvhZtQFlOYAjeYeEt9/XkTMUot6aLoDyJsR+EXeQf1QZWEww7Y2nfoVsbWgE926nN38nJmK+DWlfw==","mode":420,"size":2691},"dist/selectors/id.js":{"checkedAt":1768031076583,"integrity":"sha512-0RE/hBgDwPK0vAxEAQjU6U4J3M428c5+lVIACgnOE5KyojbtLu3uyQE+afUtm/BSwsvXYCdiNsFDmRcPgVwzlg==","mode":420,"size":1086},"dist/index.js":{"checkedAt":1768031076584,"integrity":"sha512-pBl66oW4EAGa2iWtqw+YiYxafA5BQAxUrjghBpCGz6tA4vW8eZZ8o1nW9gbePo9izL995Qo/Ly9y+KUy6dRBlA==","mode":420,"size":1684},"dist/selectors/index.js":{"checkedAt":1768031076584,"integrity":"sha512-w8eSd2q8Nfy2cGJwrEsCrWfIvtuCbk3/okx4oiBV0ap33IUQGN+ofOSLF+KJOjL0Y8zgOgEMhNzb/Gkr10M2BQ==","mode":420,"size":774},"dist/util/index.js":{"checkedAt":1768031076585,"integrity":"sha512-DS/tHd81loZ3HZmSxG0Dsiyl9Z/qVYtAyBw53boxnrT+XndfoqSwDSH7QoMKiYwUdXxgefC3Q96G47VEx5NZTw==","mode":420,"size":664},"dist/selectors/namespace.js":{"checkedAt":1768031076585,"integrity":"sha512-G0ddPdJ/TywqegoM54L0IVlEPBWggaw2Km97O7vupYvzOCALPL23fMcJ2OPNQYCR3ru2Xq1ipU6+ZcffrjaPPw==","mode":420,"size":3061},"dist/selectors/nesting.js":{"checkedAt":1768031076586,"integrity":"sha512-AL/y7cvcjAiTH9j9rpn8/S0c5WVQhXxHbT9XzIqkLmtny8VwH1Bmnxf18X74fyYO1NdXeW9hj8dwtxLNl5Olvw==","mode":420,"size":994},"dist/selectors/node.js":{"checkedAt":1768031076587,"integrity":"sha512-j/nBjSS4Gv3ibbcqI4Ay6B3F/0JLS7E+8v1dEGlyMzH69uTD66SWCF0Lj4yZz4tUL4LKAOiTxbYDfHuJFiLazQ==","mode":420,"size":6690},"dist/parser.js":{"checkedAt":1768031076588,"integrity":"sha512-zzyPMljnsQyd4Piv5fg+HBfP1NeUN1/JQHvrigeOxhSKNd/+Inx6kqvU/fjIpPhZEeJQclCqPA4hq+TBbIDttQ==","mode":420,"size":39071},"dist/processor.js":{"checkedAt":1768031076589,"integrity":"sha512-uEBQu1yN37OPcmn8gUFwkv0f6A9cGeIOIOZZdtxAs4dU83sZ+s2WUxNa/fT6H9JXDf0YmviygWLpfve3mFab8A==","mode":420,"size":5210},"dist/selectors/pseudo.js":{"checkedAt":1768031076590,"integrity":"sha512-7UgeyMWTTzM5qErrlA7xg4djvLBl3BGY0qAXVEM8pdshcofvSDj2DGCSuiUnBCR+/fidJaH8cVxVx9j7IOSqDw==","mode":420,"size":1255},"dist/selectors/root.js":{"checkedAt":1768031076591,"integrity":"sha512-xNu1lmfhWmhZiNv5CLlHW93wLN83sfO+lbzkU5r6vEzV3lHHHm81IBIjU7ViU2utPpTrnBMcAXkK2s7dSskERw==","mode":420,"size":2146},"dist/selectors/selector.js":{"checkedAt":1768031076591,"integrity":"sha512-Lo8dmHWG9SvXF90LZXe2No3W03q4klB1HEjRXlBSnX5zfYaA+poz0vaDGt/IT1m5vLjXccD86+GZcZBqFl+uBw==","mode":420,"size":1007},"dist/sortAscending.js":{"checkedAt":1768031076592,"integrity":"sha512-/aMdh5Xu8WLXqLATGYP1LT2qSLDNm01rqyWYB5sTXMI1WMKIEE8xJwlFzGK3mRkejce1VOwp+UZANhYdHYL5Vw==","mode":420,"size":207},"dist/selectors/string.js":{"checkedAt":1768031076592,"integrity":"sha512-+q9+K7JP+agbDv9ijQcYAVaPHo1BvkF+Iq3NleGAK5lvdy+FeUeZ4MPxfVBgQWZIQuI1Dmr/Le6uJ4z9TT3ziQ==","mode":420,"size":965},"dist/util/stripComments.js":{"checkedAt":1768031076592,"integrity":"sha512-Ez4uQy+B8phzU40dk+9gIAnfBzcgTSdktay2/wL6LFBvkHrje8jHdUl0eqIYKiPsvIfZHXp+j+coGUGRom72Ww==","mode":420,"size":521},"dist/selectors/tag.js":{"checkedAt":1768031076593,"integrity":"sha512-Rdmm8FkfkT5KDwG4OQ5oZF14YdDjsVgff6kMF9V6O1URoMhZEupeq9C3uQA5NApOCuJcvYDpwkkJA1bFPK+SlQ==","mode":420,"size":977},"dist/tokenize.js":{"checkedAt":1768031076594,"integrity":"sha512-tiJ6GRZfEnm1MZy1hZ8aas5iV33Gm32EvPM2zZx2l39QR0FScPYcehlbAo2MEOtu1FmyoH922xWK6TEMp18UkQ==","mode":420,"size":8451},"dist/tokenTypes.js":{"checkedAt":1768031076595,"integrity":"sha512-yUcMwfHwIEpwz3wN2OSUTddDJjtNbrb9Qa92rmMUCSOMZBTeNsjcARt28aJSEAtKog0t7qcLkG86IRobzMbfkg==","mode":420,"size":2698},"dist/selectors/types.js":{"checkedAt":1768031076595,"integrity":"sha512-tiiQOXSJdkzgjUXRzixathtb7K8Usn5DcdFKV3fi8mEf5V0yaYRl5Z/6YZCoNddRpVF1S70+xYhcXpNKJpJzaw==","mode":420,"size":849},"dist/util/unesc.js":{"checkedAt":1768031076596,"integrity":"sha512-4RW5t/m3k42ss1B4APCdXCp99cikHndFxLob5uBNH0NmSrwwUF1yCmcrSBhaYEnJCucqBteTMldmWiYpNtd0AA==","mode":420,"size":2318},"dist/selectors/universal.js":{"checkedAt":1768031076596,"integrity":"sha512-lJ4I3DIbZDRnF8AVBUy4G5E/DXES+4HXE9tn2/zTkF81bRScr+koEy/LJfF3dZaY7EFBVuNQuAQfIvz1PEsDOQ==","mode":420,"size":1036},"package.json":{"checkedAt":1768031076597,"integrity":"sha512-6JmjiEP8ITM+HC3ZNd3WXQR9Xl7ifXH1E/y/DHSTZJjkd1/g9NPjg01BJ+04vug01m662RY1HhGGqHvmvo+h4Q==","mode":420,"size":2154},"API.md":{"checkedAt":1768031076598,"integrity":"sha512-dn8mAswvV7y9HbDyfGXyqYnw9LhDeR/hGRjFlojGP7vcd2btTMSSuVi+Pyauio6QsYF+vCunRonmaalFpFtB5g==","mode":420,"size":21096},"CHANGELOG.md":{"checkedAt":1768031076599,"integrity":"sha512-1Cd2/sh/W9YP/y4zdJbHqZdi7E39zStpXuXShuXH/RzsXz5MBFRO4YFeask3nwU8xyBD/UI6ix5bCfQcU3TIDA==","mode":420,"size":19850},"README.md":{"checkedAt":1768031076599,"integrity":"sha512-ixZztyKEZEkZz9BosLgkypgWgOzk2q0aw1rTN8oTg5Xo6NgLikyYQoLvFE5vPBGOtjcedKR8Rb27sWSwAOj39g==","mode":420,"size":1184},"postcss-selector-parser.d.ts":{"checkedAt":1768031076600,"integrity":"sha512-eMbF1nv160jkw0bz3X7A36ejYRjLpivFnP/fhp5u2iR4HQvRMJzLMxX0Wm/4QzKwnw//d9qaLAFGCBoaCwRe5w==","mode":420,"size":21028}}}