{"name":"supports-preserve-symlinks-flag","version":"1.0.0","requiresBuild":false,"files":{".eslintrc":{"checkedAt":1768031008287,"integrity":"sha512-e7PybsRLZeXu7OaFPyHaJkPMsb18wS2Oyq5o8X/yaVFjsSvE77pwMiNQlicUX/iNy+eZ6Dui7/8uV6HFKU7Ndw==","mode":420,"size":132},".nycrc":{"checkedAt":1768031008240,"integrity":"sha512-2vm1RFz8Ajl/OYrfoCWPJIm3Bpnf7Gyn5bha/lZx/cq+We3uMy9xj15XeP6x4wF3jf/pO7KMHAkU9mllm605xg==","mode":420,"size":139},"LICENSE":{"checkedAt":1768031008287,"integrity":"sha512-16Lw2sQpq8QINLGIfL/+xkhzMDKK7+1KhO0tqPzWh6SJx+JcmBuZ7w7FwLce+/bDBInYIE8pUEWvqkiN2Y1kTg==","mode":420,"size":1067},"browser.js":{"checkedAt":1768031008287,"integrity":"sha512-CqIbtWILDQ1E0nFwdnigHPmpuV5tBSAKgsRCwqYlyW0PhR0rVgyr95kJGrinUb30EHx4jWqQYpHi/MbdlW4Dug==","mode":420,"size":38},"index.js":{"checkedAt":1768031008288,"integrity":"sha512-/MHKHFJ9EbmYLYd3hXks4cSj7UAzH4jcUS6eA0jWVwQZ6nolG74GLRXOjzeYiOmBhd6Oy0N7+s65XAg7fZPzYA==","mode":420,"size":293},"test/index.js":{"checkedAt":1768031008288,"integrity":"sha512-E9RfkUuj8cDqPVgk5RYr9WJLOh4FTrDQQQHkyYLtCetnVtSAJwp5U6X9nvEUhwg/KQpxGEBA+P5usUKfTjDduQ==","mode":420,"size":737},"package.json":{"checkedAt":1768031008290,"integrity":"sha512-RFJ8D9BCU6NVb1teezzS43FRbl2Y8ZHTLqwU760DmIRUNdK6pb/B1MjyPF3wQsOKUJuBGAvHERS3QbQTYXLhJQ==","mode":420,"size":1895},"CHANGELOG.md":{"checkedAt":1768031008291,"integrity":"sha512-N1KxeLQcZFxHBv1ykZ13gHCrjamNsPY632IMsEUNlazo73b+0pRoF6d2z2OITJzvOkhHyLHPqoxYJUFY8lX07Q==","mode":420,"size":1989},"README.md":{"checkedAt":1768031008291,"integrity":"sha512-mvNCx0t0mZQDr1c6Iq1btwB7vl55SAl+WiCu3T/i1JJDKNy8Uyym907OrItG5d+SsPxJYzqvaSPYEIoj1OkG+g==","mode":420,"size":2287},".github/FUNDING.yml":{"checkedAt":1768031008292,"integrity":"sha512-u6Gu4wuB13BJpwHfgRQ2Cs6sRFxTgcevSm7PtMgvX/hSb+xJ0hoM+ekI3OKpb1mT7mW2LRtOXzf2HZPK0qdVFQ==","mode":420,"size":601}}}