{"name":"@sveltejs/vite-plugin-svelte","version":"6.2.4","requiresBuild":false,"files":{"LICENSE":{"checkedAt":1768031069819,"integrity":"sha512-OrT8pFW4B2XbvqEXQtR+EK+3mAlmzUJ7IATExk7VRBV5sKmzM9PEON/gJz4zY6TFJalSbONd2BbTnz/bazxZLw==","mode":420,"size":1139},"src/plugins/compile-module.js":{"checkedAt":1768031069821,"integrity":"sha512-wKD4xYEtCH7cb81pWa6prYCXcyB7aZVpDPal/3SS9DYOGhInClRN5hjFnj3lKUgsY8QSPG+O/aWGpQuZTzIIEw==","mode":420,"size":4040},"src/plugins/compile.js":{"checkedAt":1768031069822,"integrity":"sha512-QkhYUyQ0Na6kQRuTGu+QbyvKmcHFl9T+kUwb0CG7vH2ENQ1e7VWFPTsnAX8ld07xDpZa10H7nGnXa4NRlBrsQg==","mode":420,"size":1514},"src/utils/compile.js":{"checkedAt":1768031069824,"integrity":"sha512-CX/VGrHDN+Ke35l7k4PyxFl5AGvZvnPaBmc4QRuhnYXWqu7eT2FZy+F1OMFOsN5tGhcIP46SFsA8HVlZiozmkA==","mode":420,"size":4858},"src/plugins/configure.js":{"checkedAt":1768031069826,"integrity":"sha512-dCmch06rDlyp1G8honReEOeQNh15TsSQ1LwpITqa/ElO1xTblzRkGOBkcA7RUOsGPiew643VJdLH7J0zae4apg==","mode":420,"size":2944},"src/utils/constants.js":{"checkedAt":1768031069827,"integrity":"sha512-NbnktYc2jrl76+tMFKCGNxaJzDm3+mK3snU+SzoCjZGzeUvhu80UU2oSWCsPFJT9Pb6cklFuAB8C/JxlNwhzzA==","mode":420,"size":1384},"src/utils/dependencies.js":{"checkedAt":1768031069828,"integrity":"sha512-7WMWcX7LLRpFrPKk7NupD/h2Q8xukVsBkl8xJzeusRDv+J3LBD5aIYduE+hcGsV8neYC49XVqEFNawKkuhRknw==","mode":420,"size":1470},"src/utils/error.js":{"checkedAt":1768031069829,"integrity":"sha512-jT+LumKz+BbWck1bpmgp19GdRpmTFO0G4J3wnCSbDUZlCrEeYLp27e/WvGd1JmqqlNZeM/FoeJyKcFi3BfGdeg==","mode":420,"size":5222},"src/utils/hash.js":{"checkedAt":1768031069829,"integrity":"sha512-7TG2FJ6vr+O3Ss77GLo1ai2cVeoe2WlFFQQxJJjAS6Z6wH2Xp7j17/xnjTG8zq7i2SCc7RAdYRwuGawoG6XkjQ==","mode":420,"size":1091},"src/plugins/hot-update.js":{"checkedAt":1768031069831,"integrity":"sha512-FPWxvQOXWefr9jjjFVRvWNoldP0tGoMAIkcqaoWiI6RW38j6sEw5mBOqZM3Zc3PnAErcgcXJOJaJe+9xFbKw5Q==","mode":420,"size":5340},"src/utils/id.js":{"checkedAt":1768031069832,"integrity":"sha512-jLgFtAW3Y1Au0CNEjjggv4tLRyHS6vkJOnNth84aDUAy6NmobbLuiuG++CEScfIByyqMXj89ZZ1Ju3iSNCrJag==","mode":420,"size":7753},"src/index.js":{"checkedAt":1768031069833,"integrity":"sha512-eKDzLaOUrzS5Y7OYcJEll1CzwFk70w3uAZI8s6NXiNdSv4OVwFmsjoRsqSg2xd3BVmBby6zbPYGFPf0S5kXybA==","mode":420,"size":1543},"src/plugins/load-compiled-css.js":{"checkedAt":1768031069834,"integrity":"sha512-wYNBLE+zzgaOzgYxqckmovWQhZiy7Z5H++wDXdpbg5JFvWeNDg1a1HgQnzn8FotEE+n1m0J0IFrmPaXBOdrljg==","mode":420,"size":1942},"src/plugins/load-custom.js":{"checkedAt":1768031069836,"integrity":"sha512-c2lv6/1wGBAY0tb35DRv5xuoExWz3x2Sq1GY8rYB4v8xndXqgAeA0LKR/Tg8RKvRWjhbplyvAc76HzNgt3bMxg==","mode":420,"size":1252},"src/utils/load-svelte-config.js":{"checkedAt":1768031069838,"integrity":"sha512-X8KRsCRqomZKrgTTYdg5Ud6+ta57heTY8rz7FGNZOiY2Y6xXz+Z6jmXAgD0/FvjuAuLGn++drIYKNMJ5FHnixQ==","mode":420,"size":2437},"src/utils/log.js":{"checkedAt":1768031069859,"integrity":"sha512-k6Npk2bLRKQgOAvx+BOwCbCGpZTBIW4kMHWLXVyqRB0jNOFJMnphaOMJxba1pbpFNTfdsgZckk9XYKMb0epQdA==","mode":420,"size":6520},"src/utils/options.js":{"checkedAt":1768031069860,"integrity":"sha512-RkAO9Ffa/nMf3z7KZFAmviNHGZ6M+lIGNUOBpbdty2PY47q73X2Gnwo3Zq4bskY+WoTrwkLBSBGhvPrBIRwbjQ==","mode":420,"size":20817},"src/plugins/preprocess.js":{"checkedAt":1768031069862,"integrity":"sha512-vh7/OAKm5ocdQxvIEAG73PrEq8VIOyggdzFcyd2zWduC7SFpJ+exb3rqZvD6FSFoRD6erq1eFwaexcKEDufQaQ==","mode":420,"size":6006},"src/preprocess.js":{"checkedAt":1768031069864,"integrity":"sha512-jNbUyTfo9zzirNz2HuNmNAhVXROIhTDqdIaMCxEzeEsSIA4pxFZyGKK8n2ckDOu6l5pBUgGnfHJGdwdANJLYUA==","mode":420,"size":5010},"src/utils/preprocess.js":{"checkedAt":1768031069865,"integrity":"sha512-4vrrmxeEOVquy4yqauqiNr39hhHdNH6uPTHJsOmwniU5cJn7Hep1eWqDRRMyJvoRK5EXv1Z8PKd8/rmfNgpYmg==","mode":420,"size":2921},"src/plugins/setup-optimizer.js":{"checkedAt":1768031069868,"integrity":"sha512-rQynJ31uVGXXTSpm+s6qmfJHTbNQUgU6d+ciuXvxdpdh/ZvEXCtc2FvxHpXqAtcRPgTvNIMhkZZ8aEw7xgs0IA==","mode":420,"size":10515},"src/utils/sourcemaps.js":{"checkedAt":1768031069872,"integrity":"sha512-4uy2cfO2VhG7BqLdNty/HKDpwV1cPBjD6DNspbmAlrkPyMDabE5r4ZN6kp1A1+dvc5DyAFCPy3tHA/jzv+6xZQ==","mode":420,"size":2232},"src/utils/svelte-version.js":{"checkedAt":1768031069873,"integrity":"sha512-4cnj5gWEdZ28JiEniDf77Cp0kBZpEG3+QVnv7zZVsY8Y8EhCInVlpQbUcNBvHJoJ5wygpHOJVMZoOYUvEZ6ffg==","mode":420,"size":968},"src/utils/vite-plugin-svelte-stats.js":{"checkedAt":1768031069875,"integrity":"sha512-f4vA/WuVcTKeOgqc4DK1BUFLaabCrpEo3tvebqzVb53TYJaJmNmwWO65GjIPwDymdupgKLLXUb5z1/Utp64eXQ==","mode":420,"size":6597},"src/utils/watch.js":{"checkedAt":1768031069875,"integrity":"sha512-s2q1HVwYQcULZBv2WkViUxQ6DNHlN7Dv+JwdoHhq4MWM/Z3JbPF1miNIy8zUs/bji6PnTw+73ebfdZ+3XguIgA==","mode":420,"size":2714},"package.json":{"checkedAt":1768031069877,"integrity":"sha512-uAp4EdyHAbx+v4mTctr8EkbOnsY14GNxQK9q9wCVznXiH41xDRsZOtyQpio+qRyx/kxLEXZwbm33bGOOHXwmsA==","mode":420,"size":1345},"types/index.d.ts.map":{"checkedAt":1768031069879,"integrity":"sha512-Id0ee8vfssp42vkfHVZCbOSQ0qs261vdas3B2EnEgHbyL+sClDXHqm72EPq5bW4AEwfQ/AHt4jiFtVpXVO7fDg==","mode":420,"size":864},"README.md":{"checkedAt":1768031069879,"integrity":"sha512-XjP5vEJwnz8LKDF9MTpiq/ib4fDzZG3HxWGZUb/YkqkvPcrqd86drnyXLfARkWzOUIrB2mhGIVdaA+ndB0JP6Q==","mode":420,"size":460},"src/types/compile.d.ts":{"checkedAt":1768031069880,"integrity":"sha512-8eR4zprVvBQRWqDvF4ZA7D0Jkvj1BzeNBLON8Ftwzcp3XccJNnC15K0sgIN/yJM5ZnzwWrEUMH/ghzOeRqqfrA==","mode":420,"size":900},"src/types/id.d.ts":{"checkedAt":1768031069881,"integrity":"sha512-CVFoKzWu1HqsEiDyMaptnr+u3/XrKvXQBRa1ypCYs5hqiI62mBDJ2ojPS125wf5zlp9tINstLPtnhW6WLwKrhA==","mode":420,"size":893},"types/index.d.ts":{"checkedAt":1768031069882,"integrity":"sha512-9z4WfnBEheGjc8HWPPbFR+TUmEQDXs37XK52YGuFYGzT/gk3QPDmIH10yBHnqZNR7uyzuEg+p4KMY9j1pR3yGw==","mode":420,"size":6879},"src/types/log.d.ts":{"checkedAt":1768031069883,"integrity":"sha512-rdFiwjyxckpmsJwrG6yaee8JB+2smulCs6nVAJPjxDCAb6gUPtXg55ROIYjD0qCt4m8+dWtB+ItmWZ3WKDPDYQ==","mode":420,"size":754},"src/types/options.d.ts":{"checkedAt":1768031069884,"integrity":"sha512-Alh/OXyuPqMlRBYaIffKq9ppUeRE94dat9J1XSYK0YpfuGRiS/a+5YXipgh0+fC+hhl+fDcYP9JDYq8pho3MMA==","mode":420,"size":647},"src/types/plugin-api.d.ts":{"checkedAt":1768031069885,"integrity":"sha512-BkaxjTJxAwjZ8Oz5GeUiREcfUxsL+rYZRjIjhuqPRftFQyY6BL7kQfeVEdNhpdl9dDoUMWde6Y68GvHcrG6EsA==","mode":420,"size":393},"src/public.d.ts":{"checkedAt":1768031069886,"integrity":"sha512-PAOTf1gvgX6zfEXxVLBO6J+BEuE7SdgyuT4pyMi/Olf/Bc/ni2fEnffN/KTZgSae8a/uMyJ1KPG9QULUGKWlxQ==","mode":420,"size":6192},"src/types/vite-plugin-svelte-stats.d.ts":{"checkedAt":1768031069888,"integrity":"sha512-klN0NOo+2AyyjHof4L+uAudXK56aqF9bal8K4N3bH3NIdoQSivzUFIHVkMGUcDEocd01AXmkJ/oFFNkE4ykfZQ==","mode":420,"size":604}}}