{"name":"ufo","version":"1.6.2","requiresBuild":false,"files":{"LICENSE":{"checkedAt":1768031079378,"integrity":"sha512-ZUOz4mMEav3Dj+n3ZhgAmeZ5pM/9oYtnAll8fJqq6C8n6eBNpNUv3con8e42dckvhnjRUWcTW8p5juElOx3RRA==","mode":420,"size":1078},"dist/index.cjs":{"checkedAt":1768031079379,"integrity":"sha512-2GyZE2hCh8NvQ1l7okouuiAeIH8+X8/q1Mx++xGtzzQn8YmPKJTZHqvS3b4CsL39usd8DvAbHPLbBxT9O/xhCw==","mode":420,"size":20860},"dist/index.d.cts":{"checkedAt":1768031079379,"integrity":"sha512-fzC5+OmMOEveSK+W7xDz8SlGW4gSE2hrDplaxt/daOCztpz1P78u2gIFPh/nPGSmOewYdI+es8TsT8DToDxgMg==","mode":420,"size":18770},"package.json":{"checkedAt":1768031079380,"integrity":"sha512-4bNKdeWUP1baLuQSe0cQgCdQvNz3RlRUIJymD7fZwPJJKzS57V119+asTWZD/PLBVohx3GDiPNicDcl2FwBhXw==","mode":420,"size":1252},"README.md":{"checkedAt":1768031079380,"integrity":"sha512-L3lz3M/BEjzEKMXTK1wD98dtdow9fd61faGGeS6UXW/6O6d3mL+M6GYMAL2PNBTiu8FmX3DmVRWZyC+jRB/e1w==","mode":420,"size":12619},"dist/index.mjs":{"checkedAt":1768031079381,"integrity":"sha512-A3H3swjanyR09Hvig2+NxkLfP5hxwdty8Dg7mkcWBDHlB2HxcfDkWWPXKpeSVEtWTPxVYbiuHRiZuMBPdhGSlA==","mode":420,"size":19672},"dist/index.d.mts":{"checkedAt":1768031079379,"integrity":"sha512-fzC5+OmMOEveSK+W7xDz8SlGW4gSE2hrDplaxt/daOCztpz1P78u2gIFPh/nPGSmOewYdI+es8TsT8DToDxgMg==","mode":420,"size":18770},"dist/index.d.ts":{"checkedAt":1768031079379,"integrity":"sha512-fzC5+OmMOEveSK+W7xDz8SlGW4gSE2hrDplaxt/daOCztpz1P78u2gIFPh/nPGSmOewYdI+es8TsT8DToDxgMg==","mode":420,"size":18770}}}