{"name":"@esbuild/linux-x64","version":"0.25.8","requiresBuild":false,"files":{"bin/esbuild":{"checkedAt":1768031007720,"integrity":"sha512-WRmpeVLwxw6yV6vG5wvU5P5RtWAretGLNBCrNes2NIXhSVwjDmHtgXvJ3xulLCUMpkpIivghchptT6zwRZp/rg==","mode":493,"size":10297496},"package.json":{"checkedAt":1768031007720,"integrity":"sha512-PPqlQEcybJ1NBy8utZ3bU7a+v9bYP0TvGbfVP77VN62EFkDYUgxuMZPTPP1eucePQhfTdzzX7kJihbtEqNPn7Q==","mode":420,"size":372},"README.md":{"checkedAt":1768031007721,"integrity":"sha512-qNBiKmnPN19z/Z+/lCWlQUHNdW/dUvbWf5vFnL6D/NigWWw0HAKYXtACpBYUaA3TvTVK/gkK+Cus4aW8HbBtdQ==","mode":420,"size":141}}}