{"name":"@shikijs/core","version":"3.21.0","requiresBuild":false,"files":{"package.json":{"checkedAt":1768031075000,"integrity":"sha512-lllLMVmDH0iA8seElmWMgxWO66exzGpGgJIM/Q45qLIVIs1qrUalP4ByxQyNw+/v/m34Bfbg1Th30o0KbmTfqw==","mode":420,"size":1287},"README.md":{"checkedAt":1768031075002,"integrity":"sha512-5Vb46TLacUgaY0OcyR/uooEXbT0oFnSPaUTgD3ikcGW3jymIUk6za4BYc3SLrlXItdOqbIkcbLdSJd3tF2B0ug==","mode":420,"size":167},"dist/index.mjs":{"checkedAt":1768031075003,"integrity":"sha512-3RcJ2dh1h0dcf2v24JVNA520K4dvJEF1bWZYPOMPpHDm7NKYFRzSunbXk7qGyxS8F7CED/sFg3DxaosCglf2Ag==","mode":420,"size":79455},"dist/textmate.mjs":{"checkedAt":1768031075004,"integrity":"sha512-2uQzzuWz2cosuZ1xIh5JWinPhot3k5uIKeiAx5u6aBmHl5b0d0KXKFyWPk/isrKVLsUeOn4NPrq+SkD1p3MzFQ==","mode":420,"size":42},"dist/types.mjs":{"checkedAt":1768031075004,"integrity":"sha512-j28nz7hI5rN163aSJNnuiGpg9QOpcyvyu+ffIjNsEXJy3xUvkdH2mQTSTL8Q801BrAoX6ZIxH/Btqf61tS1I8g==","mode":420,"size":32},"dist/index.d.mts":{"checkedAt":1768031075005,"integrity":"sha512-1CBDx83OmBfR07rVxM6com/n5G/pH8qGeJ4PK0ckxZkZXJP2/bTXfb0Gx/21ttaX29E+V5EbmmcEtb3dmEakVg==","mode":420,"size":14406},"dist/textmate.d.mts":{"checkedAt":1768031075006,"integrity":"sha512-2uQzzuWz2cosuZ1xIh5JWinPhot3k5uIKeiAx5u6aBmHl5b0d0KXKFyWPk/isrKVLsUeOn4NPrq+SkD1p3MzFQ==","mode":420,"size":42},"dist/types.d.mts":{"checkedAt":1768031075006,"integrity":"sha512-QLRUxktiRN8QAC7mK/TxreUeuXddjHqPNi0xQzJ9tcgBtPQhj1ErPyjp8A6uzaFjHYQL9hmml4Rv6rynhP12lw==","mode":420,"size":67},"LICENSE":{"checkedAt":1768031075007,"integrity":"sha512-5Oyi8HU/tGbhNDzTBpEbXlDP/g0HnJ+Apx3ZgV/SLjr25kzEDWWBkjuJ9jA1oOpl9+t7JW3RLaiSrWU9mz8XIg==","mode":420,"size":1121}}}