{"name":"eslint-plugin-svelte","version":"3.11.0","requiresBuild":false,"files":{"LICENSE":{"checkedAt":1768031008301,"integrity":"sha512-Ao1i6IQAb7UjXOzQ0HFQLma/F5uWBWgbDABwqMHqmL0J5wHhIJBmCOVq008NbITsDJ954VBAC7l7urXTPhHQRg==","mode":420,"size":1067},"lib/configs/flat/all.js":{"checkedAt":1768031008302,"integrity":"sha512-dpcnvW4o9smL+XWThA0IxoTp7c/w/kuN/kZ0geJT+LdtEAHpLuLcOoH7zEJkHJ2aGNTu6wBDZOu9mKra7yWcQA==","mode":420,"size":458},"lib/utils/ast-utils.js":{"checkedAt":1768031008303,"integrity":"sha512-esu/W+1v6MRR+uiASmKsmibJbc1iLIS4INWzzDMWjl563INmik6iZzQlKZ8BqXJJ/PpagD9HQcBhOmmVURCR4Q==","mode":420,"size":16588},"lib/rules/indent-helpers/ast.js":{"checkedAt":1768031008304,"integrity":"sha512-J5XnoymNj354OXH+aLbKm84zLLHfRuIgSlPhHHHTuvbiSPJuGvNVVZt5Bc4XunR+BQN5xPsSacu9+ekhNONJsQ==","mode":420,"size":527},"lib/shared/svelte-compile-warns/transform/babel.js":{"checkedAt":1768031008306,"integrity":"sha512-9yto9Vaeil0JOCUOzJCDda4l0qoDXUH1XjFrMj+THObBqfHEUOW5aw8gtK+K8/MKicx1Mn7dxBkd8b84rsQUSA==","mode":420,"size":1171},"lib/configs/flat/base.js":{"checkedAt":1768031008306,"integrity":"sha512-naNfS2DlwiG9U49o9cVVk2f0X+uz4IsaL5aaGkzzPMLVu26QBDWxamIzIf1UncjEyspU6qa8JTBOFk6+GH5nXQ==","mode":420,"size":1385},"lib/rules/block-lang.js":{"checkedAt":1768031008307,"integrity":"sha512-4fAHHZ9n9J2sRl7E2ErLQB7Z4GogIEF5Kl44HVGXnLvh7TnhwkcGvbU31DgVqATGa4C2cUXe9Nti4g0zFA/KWg==","mode":420,"size":7887},"lib/rules/button-has-type.js":{"checkedAt":1768031008307,"integrity":"sha512-mFQ/y2srhR8uO32EfWMb527yL9MudTXuDzAFhjOIL+R4XArsx7u7ZWEgnibtNb5aD9jg74/7OZI9ttJeEJIZiA==","mode":420,"size":3743},"lib/utils/cache.js":{"checkedAt":1768031008308,"integrity":"sha512-ch4luRm6sFojTqyIaba3IQdazuJTT9haLvgb1B0r11BF/3DMfBF6YBeKHNV3t3T9jKk9a4ZYZcme/+aOl3Ni6g==","mode":420,"size":1303},"lib/rules/comment-directive.js":{"checkedAt":1768031008308,"integrity":"sha512-RxTfIoxu/bxKl3pwBsDtNceH2Z7U64uZpreE9m9T01b1gjStuuft8QvPRIBhsCaszAPDS79QYaoz5O3+1js/gw==","mode":420,"size":8081},"lib/shared/comment-directives.js":{"checkedAt":1768031008308,"integrity":"sha512-Z2Ni7/Nclzsa7t37Gp5ulxVTPTinMpa8ew6xS4yAZh9s2oEGQbBoGiu9+Hm+lB5xPEhu7G6Jnz1Na4MVV8Vv5A==","mode":420,"size":5786},"lib/rules/indent-helpers/commons.js":{"checkedAt":1768031008309,"integrity":"sha512-YCBAPtyJFuC6+aTIdfgaI7WdNBFbHHe1CODvBqjRZUTi8wG7Zc5JN20TGRCWxyqu+S8ZK47a+HWdABOyKxX9OQ==","mode":420,"size":2594},"lib/rules/consistent-selector-style.js":{"checkedAt":1768031008311,"integrity":"sha512-/q9Ci9y1KWMoqtCQz0g1ybkqCdhjmSlklpW6uVk4VlDOwj9Whbk6SCX5+4Y4ztq1kYVoWPT2LIcA1sWxOB2Wsw==","mode":420,"size":11607},"lib/rules/derived-has-same-inputs-outputs.js":{"checkedAt":1768031008312,"integrity":"sha512-02kj1q9Af4K7eaVNGdk2r7M56SBQgvZeiWbS74x2elb2QoSSTxUK/eQtm97Ma1MgFot9H4YdWdMRyDlGP+z7JA==","mode":420,"size":5021},"lib/utils/element-occurences.js":{"checkedAt":1768031008312,"integrity":"sha512-BY3gLuyyjBZASh0a8yWym7h/IOdWFmOd1K8O4yNr4EhunR8TfJ3fVZVt4rRL5NcjOh0Q17n2E05mxv8AOVPi4g==","mode":420,"size":1587},"lib/utils/element-types.js":{"checkedAt":1768031008313,"integrity":"sha512-1Wuoe+XXktjSnLcVbxm3iybaDZ34vvXw6pJtGkx0w/W4MAnwsEDPVl6k13Ol2kuulBpEHqEu9jAWYn8iQUtiSA==","mode":420,"size":2144},"lib/rules/indent-helpers/es.js":{"checkedAt":1768031008313,"integrity":"sha512-0aRwkbE8sfpekLvNdMrmhS2fcvlVXLKbblPmjs8sDqtzUEv51U7alQIVDSaXiKkWzT0KPZjshhuLdWym67cFzw==","mode":420,"size":38357},"lib/utils/eslint-core.js":{"checkedAt":1768031008314,"integrity":"sha512-yEuRaXVrEhGH9OKFPqSPCIGGw2xT5JxjgM8heeMlBrtZaDyw23+uMAXIlFmCc76KbLgrYf8Oip6clfXLnqgdfQ==","mode":420,"size":1886},"lib/utils/events.js":{"checkedAt":1768031008314,"integrity":"sha512-dRocZpDkmXaK/dNn4tuiHay2AffDHSYF8x73gU6fcimT58te1Ha9OaGbhk/77NtZohfRiAfyYshI43xxmYqnhQ==","mode":420,"size":7887},"lib/rules/experimental-require-slot-types.js":{"checkedAt":1768031008315,"integrity":"sha512-GPNMQpUp3VovH38OTVwEyKuVvjqNIwBhlieH8nL89/TjzwQAiCc5oy79E0h1q9Xgxwj9pb5F8dYaiXQQWn+oUw==","mode":420,"size":1819},"lib/rules/experimental-require-strict-events.js":{"checkedAt":1768031008315,"integrity":"sha512-XZz0h9EoQMIYyFwZlzfSaFCH5d4PTb5PkMWC04tJBFG5myWpHtZ2VFzrABWzziMMMsi8jIMIoVIrA1OBHKmlrQ==","mode":420,"size":1768},"lib/utils/expression-affixes.js":{"checkedAt":1768031008316,"integrity":"sha512-CZb6DfjflykY1SiiM2/nE/gkZZWxSGa7/wpJYuSXx4UgggoFNCQFBGOUuJL2AzH5oe6AfZhxusagbvdOsT+XOg==","mode":420,"size":5659},"lib/shared/svelte-compile-warns/extract-leading-comments.js":{"checkedAt":1768031008317,"integrity":"sha512-7uol5EJPpNjKQod1nqKr9dDJetCUBjW1rncjVuzKAxLRcMqZFINAy2KnEOfo+3+K8BU9jLxwDI/0UcjMVnvQig==","mode":420,"size":1023},"lib/rules/first-attribute-linebreak.js":{"checkedAt":1768031008318,"integrity":"sha512-pC1tMb4QTI8d+GTssIFii7mA/7gomF8gBPNWXGYZaN5vIcaHVkL+v+1ZRqEDu1yKGG6KNQXw8HM6iUIhM9R6/Q==","mode":420,"size":2487},"lib/utils/get-node-module.js":{"checkedAt":1768031008318,"integrity":"sha512-y4NsMt5CKh1kacUrsTs330BCyktRSQ7iAdS2PxrmQreqQ7dok3gUfezaB+8ou+EEn8SNohawVKdw1gU1PrOi0w==","mode":420,"size":1940},"lib/utils/get-package-json.js":{"checkedAt":1768031008319,"integrity":"sha512-u75IBz9VyGmTRlsg6/wa/RUjqD/dNkB+xZueRHD2axj+sghD75BjsgvE8m6IWopdWuez0pIorkfiW94hywcU3A==","mode":420,"size":2028},"lib/rules/html-closing-bracket-new-line.js":{"checkedAt":1768031008319,"integrity":"sha512-ALbrIUxnnsA7F4rC0KxeKByuVw10f55xucUMwDvSb/Np6qpM2T7RaGx4EXAhSfL3tcpCeB5rGu7PAbnUQK1mTw==","mode":420,"size":4907},"lib/rules/html-closing-bracket-spacing.js":{"checkedAt":1768031008320,"integrity":"sha512-JN7BIK++dx/oY771OCAxy2yRg3UvUtRbpvbkINj/br8XYp+Vl+oKr6yVFZOToeqAzfu04E1KBFY2i/UnF0rvDQ==","mode":420,"size":3275},"lib/rules/html-quotes.js":{"checkedAt":1768031008320,"integrity":"sha512-BmzoVp3SuXdQrE8SlRNuwK8AeQkuqics1f1Eo6LOBuPysxiGy5E2GpsnDwkFsIXCUWIQU23izB5BH1qiHGjMAw==","mode":420,"size":7045},"lib/rules/html-self-closing.js":{"checkedAt":1768031008321,"integrity":"sha512-Kpfy5RwYYforoz8vJPDJsJMsXtsY3gaqLSxwj44WtwZcNDFIwexahytRTw5MY2i0dY9vUt72NvaA/Wdf5FBTaQ==","mode":420,"size":6868},"lib/shared/svelte-compile-warns/ignore-comment.js":{"checkedAt":1768031008321,"integrity":"sha512-TG2XWcu+SJUFQcRSvwUUkZvpJ7fpv2xhcyQDNilEHSynz57w3+9oPR+kqE0GPb6VGnQwv0NP1DnbeR/gx+z41A==","mode":420,"size":3846},"lib/rules/indent.js":{"checkedAt":1768031008322,"integrity":"sha512-dTYVidL2ot28H1cTxS+Rgrq8Jpcly2FdP7lhsCtRNB/U740yc+JGYNaqhpr9qC9iHnHiXJlLJ7GBIbBkwLt10g==","mode":420,"size":1851},"lib/index.js":{"checkedAt":1768031008322,"integrity":"sha512-xv2AlGWXCHT+OP9tqfW8xBiWWjHg8nsvQQIvGqFa8HQfx5ik1m6CL10Y7Vptx6/8cKEDrj/7rKMG+Q1NL+dZ2A==","mode":420,"size":170},"lib/processor/index.js":{"checkedAt":1768031008323,"integrity":"sha512-NJLDgSv14j/i62F45Tye1XHu6om6MTxpuothWu2ISDsfGwCIUOSe14YeN+Rgp+5RNFHL/vg0Bsu6F3AJnI9vNw==","mode":420,"size":804},"lib/rules/indent-helpers/index.js":{"checkedAt":1768031008323,"integrity":"sha512-TYAB7VwA9/muhoE3lfqXrrlN7y/HUpXz7X0zI0aOPaWRJW00iQDTw4RW5/T3PQ6zJp3jF5/UeIjUhJbtw1Vbhw==","mode":420,"size":8907},"lib/shared/index.js":{"checkedAt":1768031008324,"integrity":"sha512-zPmkUAVYI4pGrLtPe58PmClK83DC83DAitHOPsuKAM3VfXywuLODa7d4rW8T5MYsi/AEt9vSsKfbh+tQlKbNNg==","mode":420,"size":822},"lib/shared/svelte-compile-warns/index.js":{"checkedAt":1768031008325,"integrity":"sha512-v0XqsMckPFSkY//EMLRKVBvxxQyzVBGkRz68TBNb3HW5bpW6NuI+xXZKL9R6VdxbwziTvhVUpZpVl2dTxpDxXA==","mode":420,"size":18816},"lib/utils/css-utils/index.js":{"checkedAt":1768031008325,"integrity":"sha512-6jSKOcnqmmGoraepLyR4JqPyschSTxovOT9v3pHfKo4fk6PDeHAPnHriyJkNTENMFyjUCduiJx6EnMMf6m39Ag==","mode":420,"size":97},"lib/utils/index.js":{"checkedAt":1768031008326,"integrity":"sha512-2IvLb49fS3y0KuOiBnOMtok0YQE0WKYHSe0wS9K22MPx9npWA/cWXxPMNSlLbBAOsHm3Bq6NBREs9rKFt+qNcA==","mode":420,"size":1968},"lib/utils/ts-utils/index.js":{"checkedAt":1768031008327,"integrity":"sha512-Yf62Tn7SeK4cgySH/hH5XPqvURkrde/X5uMI2znvy4s2okdDm5v2O3CcBqU5fVh6RK1wg9BTuRN/6A+Tf4vVLA==","mode":420,"size":10348},"lib/rules/infinite-reactive-loop.js":{"checkedAt":1768031008327,"integrity":"sha512-wr9X2rCcn851uXpSXxXaWxdjH1rN65UlaIVfPSNlQIfujuTseLX+6LEORjBZ+F32TJbOCnyDur+Xf/DnIIhSAQ==","mode":420,"size":12352},"lib/shared/svelte-compile-warns/transform/less.js":{"checkedAt":1768031008328,"integrity":"sha512-+YcgdRaOst71rHtdkAlwxixVX4UE71PIjrTcv8vTrIKfM+3Kjpyzp5DunyLIGAypy4RkJiMiELla/ZD93F44Vw==","mode":420,"size":1080},"lib/utils/lines-and-columns.js":{"checkedAt":1768031008329,"integrity":"sha512-yGriAjD9wzS3qmPue4n/K0n6FJlWWh8LFIFbpC3nVrjQph4fksVlR9e4RQSearEm8aitPv4pdmCXF7fPKTo/uQ==","mode":420,"size":1610},"lib/utils/load-module.js":{"checkedAt":1768031008330,"integrity":"sha512-bDOECSPLK0jZRPsHP5mQ1pEhY2/V+s3lg6tHR0pJhE6EsBbS3U2kORzbjpnfK1M7p42mdbLhauouLf/pBdmZsA==","mode":420,"size":1199},"lib/main.js":{"checkedAt":1768031008330,"integrity":"sha512-1rOPyLoMVqs/AtMfo3J2xTFOxwrxONZH4WkvLR3ERGswvsX/UnsF7TPf83LgDY1UgPAO2pn6n7VKgqQW0u/dfg==","mode":420,"size":815},"lib/rules/max-attributes-per-line.js":{"checkedAt":1768031008331,"integrity":"sha512-kPkNlcQQanw/IZRQJnsFR5lesCPGG3wSVuYQBHuj4azeoiY6m0vCMPjozRYmIfKj8scz+zcVOQTqCf2F/ulFFQ==","mode":420,"size":3689},"lib/meta.js":{"checkedAt":1768031008331,"integrity":"sha512-/MYl1qEcL6EcPoNDs7d8rEzVfRLlbwLDFNgPu0Lm7s3Bpi/tSbrn7jDf+OPRpd7mEHPj7lm43s+omqINqXA30Q==","mode":420,"size":198},"lib/rules/mustache-spacing.js":{"checkedAt":1768031008332,"integrity":"sha512-EbZRCktULPW+8cQnt+oUT025Bc5bcLHyMOlb9A+0qHCMosQgBw9cya1WZ0qruiMOGEGnJ8yDZYEUZOVMGcvoeQ==","mode":420,"size":13462},"lib/rules/no-add-event-listener.js":{"checkedAt":1768031008332,"integrity":"sha512-hJcnHctXwAnhnG9B9+TcCqRt1t2uyY+KL8TuwLR7OYTLWOI6tGVGkOrtFoYkfsXmU3kOgNcGWSx7TXWMVnfOqQ==","mode":420,"size":2034},"lib/rules/no-at-debug-tags.js":{"checkedAt":1768031008333,"integrity":"sha512-3lZ3BWfFBhfcKzx4778A6RoZ5SS4+qDMXkrxKPN/aS7HF3o0s0srMh7cAS9lJDKA2LzmnHl/7Yuc+nGFore39g==","mode":420,"size":975},"lib/rules/no-at-html-tags.js":{"checkedAt":1768031008334,"integrity":"sha512-2IGMXo9ESH9pYjRyd//aYjoDoaqjOYd89FHXVnN559W7WTE6qM6Ti7m+lgUVIu6R+vcFB9B1wssrEurCLua9Tw==","mode":420,"size":694},"lib/rules/no-dom-manipulating.js":{"checkedAt":1768031008335,"integrity":"sha512-1a69DT7D6zwZr2NZs1dZX0hhBwd7B+mpoMjYk3P+Mn1wEvst11sWHW55vaNBUfjPHM4792IahfWP88+ZIf9T0Q==","mode":420,"size":5270},"lib/rules/no-dupe-else-if-blocks.js":{"checkedAt":1768031008336,"integrity":"sha512-9Ts1G7mLG8fIFNfM+1t2mgrXlC7RCjewkBJbNFqigH6Sa31L/jpjGMKjpd1yZUXPgicNhqxhPqgeLo2XbKM5jw==","mode":420,"size":5068},"lib/rules/no-dupe-on-directives.js":{"checkedAt":1768031008337,"integrity":"sha512-rJ8DAzyF5RA1mbZG5etP6aLcJKLqIb7U8s1MGWSP9y5c3GFMUG218W27ipc23yJQxtY5wED6lS75c5FAANQH5w==","mode":420,"size":2697},"lib/rules/no-dupe-style-properties.js":{"checkedAt":1768031008337,"integrity":"sha512-N+31W8lPRvd9VmTHhe0zn3dIs0z0/FpAJ7FUsOKpdH/O83ohh5oK36mW9mVVYiFKLesOaZ918jbjvdlHHbOgsw==","mode":420,"size":3463},"lib/rules/no-dupe-use-directives.js":{"checkedAt":1768031008337,"integrity":"sha512-0cOB6f7cegAAHjgl87K4tmMQ38IY4JSLy/c8hn20QtDTGHeuhN7L2hvpn08aYR+epk63rkI5hPWns+fcvv4rWQ==","mode":420,"size":2766},"lib/rules/no-dynamic-slot-name.js":{"checkedAt":1768031008337,"integrity":"sha512-adXXxEua9M31dmtOm7YVlRplgXxcBxPQ7BNNHCq9w2URrEm+RxZRTHIMTp755Enogts0Wkz1kGQ2QwRxp5m0Sg==","mode":420,"size":3176},"lib/rules/no-export-load-in-svelte-module-in-kit-pages.js":{"checkedAt":1768031008338,"integrity":"sha512-LS5HkHAo5AUGsmavMc1vp43xab0YzS3vdEVS/c9PXguI+QsHrwMp4UICfg1zQrFTR+suSSPKSNPZYlXqtb8rqg==","mode":420,"size":1642},"lib/rules/no-extra-reactive-curlies.js":{"checkedAt":1768031008338,"integrity":"sha512-GN0L9hb1hdNSpKuqfqitQe5gV+pJtGqcS5ou7QFzbabqzAoi2XeMRYpWsxdCNQB6K9267M2duKco1hU8h0IJIA==","mode":420,"size":1973},"lib/rules/no-goto-without-base.js":{"checkedAt":1768031008338,"integrity":"sha512-YClTy88o2u7x6LNMMkqtWN9Lo67Jndp1aGJpVS4NTeSiNKfljxM9y72mvROMFIBsKhvOuTFHQQbJmOeRMmi4ag==","mode":420,"size":4123},"lib/rules/no-ignored-unsubscribe.js":{"checkedAt":1768031008338,"integrity":"sha512-ebvFXjXZL3dTfl/dKi1NdJmMQdUy0yURHkS8mojXRJJ35hO0kUSfr8VOezHBksxwBYv1HuR1lCFbJ0+SxpdwZA==","mode":420,"size":890},"lib/rules/no-immutable-reactive-statements.js":{"checkedAt":1768031008339,"integrity":"sha512-VtwEfBTQ/19NhzuWC6KnXEJN2eudyrc4Uvr7BSM+NUqBxOD7oI8PtnhJRQ9wp89Fa8k1DQ4qcDYf0cXlH6gU0w==","mode":420,"size":7390},"lib/rules/no-inline-styles.js":{"checkedAt":1768031008339,"integrity":"sha512-rYpMSpObG1OPQFrIszw25oSHkApbf4h+TIjFxUFxsVIp5f69BUGeSGphwCdKZyqTqpvH+womiX28XBr4MNuVkQ==","mode":420,"size":1887},"lib/rules/no-inner-declarations.js":{"checkedAt":1768031008339,"integrity":"sha512-se/hnbAuxLVMfav/tbNMnkvdXIf9f/WVndpy/kdGJACigM0hgwuFpYEuuQFhjAgkAXWsMggk0FwZ9dVPFnOmhA==","mode":420,"size":1311},"lib/rules/no-inspect.js":{"checkedAt":1768031008340,"integrity":"sha512-yalMphoB4KTP0ETBPp1lHLByzQQMEXLF0Bhn0OgHa5AAsrLNPOiGuKhfi5SRzIBL3cEwc8brDPkHAaT/wP61mQ==","mode":420,"size":855},"lib/rules/no-navigation-without-base.js":{"checkedAt":1768031008340,"integrity":"sha512-RL4et4DaLyPGOxQHvL9SRFdpe/XyGZLU97z69/jDrfEidqN6y4KPzjE7U6xY5tYDyz3Y70+eKqAxvPSI8tP2QA==","mode":420,"size":9036},"lib/rules/no-not-function-handler.js":{"checkedAt":1768031008340,"integrity":"sha512-Cchv+o4cQmyXiaG68GaHZ2kLCkn2brcu9gktgiKZTMk4EfyElncLNAGfEgpJSv3ZtRae7n67cg58LtGTFKvDgQ==","mode":420,"size":3398},"lib/rules/no-object-in-text-mustaches.js":{"checkedAt":1768031008341,"integrity":"sha512-gkKp/dMzCukSIpqSbdKTpsS2gfoK3OyFJDwXYBrJ6ioJj7ovZbv3xYo0hnr10e+GrnhtjG6Ucv7Et/TQzupuew==","mode":420,"size":1626},"lib/rules/no-raw-special-elements.js":{"checkedAt":1768031008341,"integrity":"sha512-0RzCFd8zJwtAO1YAf9YF2LcjzApLH7vM/okuVhk/BaAW7R9Cx0hS1xtKPqomOSVKICRaeXoxoHGzvfmC775EHQ==","mode":420,"size":1499},"lib/rules/no-reactive-functions.js":{"checkedAt":1768031008341,"integrity":"sha512-trW8NtcpozNroZdTW5uHz1iWBWCigaiVrY8KH/+wQeqDL/HjRFgf9H07oMvOc+XUgb/Kv6JdIJ8L/KuOc7SK7w==","mode":420,"size":2248},"lib/rules/no-reactive-literals.js":{"checkedAt":1768031008342,"integrity":"sha512-+UD0PBvRd9XAKkMhtfTVhR7LTcBeaRhm68rHef8Zh0QfprXq0I4a4Q7qpVGIx0irtkmOh5lZUam/Z19hRGtCFA==","mode":420,"size":2434},"lib/rules/no-reactive-reassign.js":{"checkedAt":1768031008342,"integrity":"sha512-zCRu4uM5t1ibHUm758e2FTAF+wPkB9O4mgIRsYjMcxLn4insHX337C8sM37yzo9TxLPU7/1G1G7Eojo81d2uaQ==","mode":420,"size":8651},"lib/rules/no-restricted-html-elements.js":{"checkedAt":1768031008342,"integrity":"sha512-lcO7gBZO777qvN0JaZXsmRdSAeuN1/EooXhZ+f2iILu9u/4DXQmVxOkfOakGAV57g9L/1ISYenP6Pme3Tpw6eg==","mode":420,"size":2126},"lib/rules/no-shorthand-style-property-overrides.js":{"checkedAt":1768031008342,"integrity":"sha512-E4yUodvaSBv/Eq8V36fzOP91bsQq4jLPMspe+7MOPJIDavwHLamfVgo/QoaC8MEPx/WLx/7I0MUzeTSfeyG9nA==","mode":420,"size":4010},"lib/rules/no-spaces-around-equal-signs-in-attribute.js":{"checkedAt":1768031008343,"integrity":"sha512-1XdYdffc1e8FE0eSIDRWI6E/Dn1ewaEkM4b/VZQ1w3sE8hBfogseBCsKs2olX9kuxubPoSVaiInd3PO2TqkN5A==","mode":420,"size":1887},"lib/rules/no-store-async.js":{"checkedAt":1768031008343,"integrity":"sha512-UrUYdzgdOBKnXdzCB54PVv1JxAi5OGRl31Cz4cjHJf0XeoVuP5YJ/JYErppiMqov7qvE8khIY75d7OZGxbD4hA==","mode":420,"size":1528},"lib/rules/no-svelte-internal.js":{"checkedAt":1768031008343,"integrity":"sha512-MaDS2p6wiohiJFAs4qLh1Pqxxkl3rKfdGxoHPnQj8wSFkI67Jz15lkF0VsMKvM2jZfvXDKxHCBf7PcU8ACRhMw==","mode":420,"size":1666},"lib/rules/no-target-blank.js":{"checkedAt":1768031008343,"integrity":"sha512-5Vt+dBVCsuC7TJ7Snl8dWIA+kxcpFQbw8GKLXbpMk0m7Swx07mYr8PgY5zzCK1IqQLrKHT+Flp4QpVyL6dc4EQ==","mode":420,"size":3238},"lib/rules/no-top-level-browser-globals.js":{"checkedAt":1768031008344,"integrity":"sha512-MtRTPVJgI3fQxE6SBsUT5K7dsG4NlIA8SVgpFKzg8KWaoKNH/nDLthe1zaB5LcGvDd3QkVke4Di76Z0be9mGOg==","mode":420,"size":16555},"lib/rules/no-trailing-spaces.js":{"checkedAt":1768031008344,"integrity":"sha512-PPmsJfgmcn52boq2zpa1zLiOF12muP/PGUCyj7UbnCtq7h8/AzysS7EMNrupNCDSfChFz1pYT0z4BOox9Iyj9A==","mode":420,"size":3360},"lib/rules/no-unknown-style-directive-property.js":{"checkedAt":1768031008344,"integrity":"sha512-v3Odu3zfaHLir9qA9338rKT72HI/ZPeMjJtukVxKNUTUaIvE5DoWIqoG9RXvu/2I3uT0DToJMn7OfABnE0tLxA==","mode":420,"size":2147},"lib/rules/@typescript-eslint/no-unnecessary-condition.js":{"checkedAt":1768031008345,"integrity":"sha512-6jqoudskTO7zYmAnBuCKkfn82DdJk43tjVUwWTAP/ZsYjjLJqAcZOHUgoL0knpQpFXAzmIHliIlHF415MCLocg==","mode":420,"size":26939},"lib/rules/no-unnecessary-state-wrap.js":{"checkedAt":1768031008346,"integrity":"sha512-M2kIXOewDOGEAM7CpDNnMtx69lhdjYS5j4vUr2t8mCeUN4qtzwmYRJYcw+kdXhQ/jLBRkQrLeI4rvOodNaDDdw==","mode":420,"size":5227},"lib/rules/no-unused-class-name.js":{"checkedAt":1768031008346,"integrity":"sha512-+1Rtg4uSbf1kCgC1Grxebp1DHLnU5O46CnEauV65rSAYq5DZ5bckIHciO+2lBhxFyy4GjMNqxNWmO3Ke89vW+A==","mode":420,"size":3426},"lib/rules/no-unused-props.js":{"checkedAt":1768031008347,"integrity":"sha512-WbfCVWf3/rYN4Zb7JnW69u5UNvUrwiAzM8+pBQIlVUEboggq6Xap9fKdrQ1KWXVoGWPRmgf0uxSiJHRoU413JQ==","mode":420,"size":16153},"lib/rules/no-unused-svelte-ignore.js":{"checkedAt":1768031008348,"integrity":"sha512-fLcBtZU2h9PXfnqW1rwpy6FkBqBrAft41c8HKl/uTnTiu8vmAlFRuWEvKgr2HWK0wTvTNgLi5Y/hRMnzPG/Y2w==","mode":420,"size":2412},"lib/rules/no-useless-children-snippet.js":{"checkedAt":1768031008350,"integrity":"sha512-fWsMypiEi7IYiB9Ir9Hy/zfWJpsr8+BsoekFBW2PCd0W7arhdExRHR48qSFSsxP0hvDPVsdVP1lVdxkJ+QmM0g==","mode":420,"size":919},"lib/rules/no-useless-mustaches.js":{"checkedAt":1768031008350,"integrity":"sha512-ElJPkqMr0fIqPdS5rJCJtbViUfDKlsKDcETeXC3JunctpEvsCqiqZV/ibkZsnoijocnwJmyGvZNjRxhI5CwIjA==","mode":420,"size":5614},"lib/rules/indent-helpers/offset-context.js":{"checkedAt":1768031008350,"integrity":"sha512-1EreGxa73A21Zip8LtghYaIPccFSzYSCZ5e0iFxYRzzYF+5kLCPEdytLrGpgt1PZeokudUQuYhy6zHkFmPHu5g==","mode":420,"size":7408},"lib/shared/svelte-compile-warns/transform/postcss.js":{"checkedAt":1768031008351,"integrity":"sha512-s14Q2vl3t1PNQOfTWLoZhZ+czQn2COpPAEfyAjknhrMF4TMWR+jUxk4JLZMDyceRanKmTt7VGAj+vnFgvv4dJw==","mode":420,"size":1247},"lib/rules/prefer-class-directive.js":{"checkedAt":1768031008351,"integrity":"sha512-C0WS+UbPakRQWa1Uz2p1bQWuf7gIuBYVz+NcJXr0T/vzLoHuMs9Z3cqF5nZQm/xY9ACEfHJ9bNTyUjgNfCgYKw==","mode":420,"size":12299},"lib/rules/prefer-const.js":{"checkedAt":1768031008351,"integrity":"sha512-ojfYJ4daPBszbtTQV29HwL66CMrCYk2wmN0KhV/pNsV9euTrCoUBOXCY9bifcz0dOMs4zlCbnid6Mx6wsG6dAA==","mode":420,"size":2852},"lib/rules/prefer-destructured-store-props.js":{"checkedAt":1768031008352,"integrity":"sha512-nDMoH4EKbIgsGsFPKWx00sTR0s3sNLReOUL5Fkmt6POTxWbKXCnmpFOZyhtZ7vuxjhxazqE0Ss3gQuIJDbDAEQ==","mode":420,"size":9625},"lib/rules/prefer-style-directive.js":{"checkedAt":1768031008352,"integrity":"sha512-hXgSjFlzuQebER4wUslM/PemTlqZfpkJROhpj3E7wrf4k83/Xx6g/z/LaSwXI+zwj23EAoYHZayOq4ypYNA4NQ==","mode":420,"size":6670},"lib/rules/prefer-svelte-reactivity.js":{"checkedAt":1768031008353,"integrity":"sha512-E3ZDECQflc0ay6rwKAJTob2icA53IvnX2OC/LxlY4FERQul22Ss+8GkiYAYNkME8dGgnsnvSxBd0XshL/fiS4A==","mode":420,"size":9263},"lib/rules/prefer-writable-derived.js":{"checkedAt":1768031008353,"integrity":"sha512-t5Kn6liarkLGFfFF6ny4r+EG2mBkq44YLRPYCoaJiLMnQKdyxf1jq4fziqlZsIotL59gB4K6u3zLCu5tMPgJFQ==","mode":420,"size":3992},"lib/configs/flat/prettier.js":{"checkedAt":1768031008354,"integrity":"sha512-C7/I/t4KF93pYSEBKJuVPZEQeOG8zLV/T0gOUL5ha9t7I4aJdVapHgXugq3xGA5TEAoGrk2sBcp1UO8OuES+yA==","mode":420,"size":826},"lib/configs/flat/recommended.js":{"checkedAt":1768031008354,"integrity":"sha512-IGsHytX3jByuoWp0IYqjg8LKk5XpD8QLPw/EwPZ5ZRRRNFPciEvW2ZOePQl9OlrxKC79noNIjT3LgCEjiycEig==","mode":420,"size":2162},"lib/utils/regexp.js":{"checkedAt":1768031008355,"integrity":"sha512-MXSriuhLD/HSrkSf6SJsW112RP7tMa+29+FTN40VcPCBSaXpdMkjz5KfoqMKq6rrIKLovzcjGv12kjs1hB4Mbw==","mode":420,"size":712},"lib/rules/require-each-key.js":{"checkedAt":1768031008355,"integrity":"sha512-QhCXyQMjJkh7H8Il8z2amHvGGevdS0RyMsYno6GqLZDK2kRPHsK784nBV3meFa/t4mVITzBTNZKwfld3L21kwg==","mode":420,"size":873},"lib/rules/require-event-dispatcher-types.js":{"checkedAt":1768031008355,"integrity":"sha512-NvpCdKqvQUnbzfUaJchD0uQGcUlNBHOvH+XJyRgf7v/eTIPS+PbQgH99mLxeQhkwyqPMtKkJd9b6otXmAWTCfQ==","mode":420,"size":1994},"lib/rules/require-event-prefix.js":{"checkedAt":1768031008356,"integrity":"sha512-yyE/y+SjAWRvIZvDbxzJEiqVey4D+pW0q5KFhHsnY89OP6P2YpGRGr+sW0CHNLzaEgXOKLCXuIrX0M5IiWwvWw==","mode":420,"size":3725},"lib/rules/require-optimized-style-attribute.js":{"checkedAt":1768031008356,"integrity":"sha512-nXv2MstO4aBLm3mp0zpkRCpe7gQtlIHPLEuxGzAHtJ/MVXsGtfnT9N++dl0w2R9FL/5TPhxLdrzubSR0eKlt5g==","mode":420,"size":2894},"lib/rules/require-store-callbacks-use-set-param.js":{"checkedAt":1768031008356,"integrity":"sha512-Q+uKnwEcRtOheawI2QIq20h5fZPlpHfmkCUqdXcbCMMDl+N5OHldpqbVdw6HSPxEGV8cjEYsP0lrzEYJd9wpUw==","mode":420,"size":3371},"lib/rules/require-store-reactive-access.js":{"checkedAt":1768031008357,"integrity":"sha512-mZw4+4g4oM6WFiAaQczLeCopkVk/VOTCO9EboT+plQSi14qjQkrevcPyhGMHdMn6QZyV7CBPt3gQSN0CDI8XVQ==","mode":420,"size":10546},"lib/rules/require-stores-init.js":{"checkedAt":1768031008357,"integrity":"sha512-/GjQlSSzqYgBm2I0TAdoyzngcIYgZ67p8NuXXUnrXIhhJine53BuHCY072bIc73+5jV2tXuOL9WFma4SpvMt7Q==","mode":420,"size":1324},"lib/utils/css-utils/resource.js":{"checkedAt":1768031008358,"integrity":"sha512-0Vep9H6S2KJgaaV99lqo5NBlnNVh0EYxACnsnYOMK0zIul3QzyzZrTr5REXr6NwSeLYLvI63JyWwBap4efd/Tg==","mode":420,"size":4929},"lib/rule-types.js":{"checkedAt":1768031008358,"integrity":"sha512-PsitfwCSzoZ5FtPeM3qUwcA+vPU6pUAUg2a0c2dAHqrpX59/LTbJ0oIQ26K5fcdftWyyLDBjqzNLpJwWxzjW4A==","mode":420,"size":132},"lib/utils/rules.js":{"checkedAt":1768031008359,"integrity":"sha512-S1zYbHbTv5Hh1bBSvk+X3mpCuZFT0h0uNZrs4ShMB50K8OQeTSFUkTb58hBWrUtd2VYkwUtJtjq4YivNRBF+/g==","mode":420,"size":7588},"lib/shared/svelte-compile-warns/transform/sass.js":{"checkedAt":1768031008359,"integrity":"sha512-J1Tqe9tYYurAXWCKOqIKC3EEzoFNCsR+r/Ais9Ih+IX8HCX+khnQonvkgi8whxiBBHFBondhv2tjyChNCX8C8g==","mode":420,"size":958},"lib/rules/shorthand-attribute.js":{"checkedAt":1768031008359,"integrity":"sha512-vA4T/MWkf8xeer3StryWWc9NJcygcWR5tuZK3hooV0pYOqkxr69p8qKhqRe4DlGLG7b3EzN0um6UGHHrBF11NQ==","mode":420,"size":2879},"lib/rules/shorthand-directive.js":{"checkedAt":1768031008360,"integrity":"sha512-eiwY/jQXtEEzcKWZZqyJ1yZCUMZz06H9zj6dffvmHS6HnA+AlLNN7JaJke9ZHCLc9FruxWgOE4dGpAiAiE5pVA==","mode":420,"size":3866},"lib/rules/sort-attributes.js":{"checkedAt":1768031008360,"integrity":"sha512-oph+iEzS3GCh+pFt5DKiOddUoqBTrXSiAolvo9c+z805GiBjMpmgn7/owkxGyyXcnHL24gQi6JObOOo4dMOOtA==","mode":420,"size":11229},"lib/rules/spaced-html-comment.js":{"checkedAt":1768031008361,"integrity":"sha512-lPMi3LxU5dJi1ZhFTgWnzsy+OkjC+VPRQvJ4gcWXbXgHVJZ/lpM8SQrOl1ag8cQMZD+3o6yWs/EeUYtllp4G9g==","mode":420,"size":3238},"lib/utils/css-utils/style-attribute.js":{"checkedAt":1768031008361,"integrity":"sha512-Gvzoipg0y3vPhLsMnTMvZouiGDCy+R/wMpar7cdGHkEd1ihEGRZYaFieIIDgVg4ltqNmy3QVYh8qr/rPFU5IYA==","mode":420,"size":8505},"lib/shared/svelte-compile-warns/transform/stylus.js":{"checkedAt":1768031008362,"integrity":"sha512-mt4HIxS1uhA/x53C2efxkHseN2rUdE7Ry7KialoSAJitNY5TZmQPEnlR60pfhNZxMSMYuV+ellCZm3xW7zhLhA==","mode":420,"size":1050},"lib/utils/svelte-context.js":{"checkedAt":1768031008362,"integrity":"sha512-xcBywyZVjMUBfO+24G9Sxz/ZL7GCe8ywqf1yr7zcVoylgY5gQBBd2YOwAlc9Abfu5KwjCOui1cVn1WEvGu1yUQ==","mode":420,"size":8700},"lib/rules/reference-helpers/svelte-store.js":{"checkedAt":1768031008362,"integrity":"sha512-vCwKMQSDJUF2XA2m9o47tg3YAM2HzExnu1rEn4EHCCLs2nu0GyC4W3diHUBHPjXc/L6BlwCZESSK9J+ECNH/7Q==","mode":420,"size":5429},"lib/rules/indent-helpers/svelte.js":{"checkedAt":1768031008363,"integrity":"sha512-HwiD9Tc9TT4RtQn8t10U6U2VfvBa88g1GegssvrmRiram8WVw68pPwazfEGx94CAtKOeT3kPx8J7fDOxZT0Rzg==","mode":420,"size":22205},"lib/rules/system.js":{"checkedAt":1768031008363,"integrity":"sha512-bJXcLrqcXI9zg/WLelHih4fMNIzMc/c0v+Qvv+S+03YiyOH8HrSbRX8BPzGuVTyM5mIWRAMpTKwMuvD2f0jHWw==","mode":420,"size":2462},"lib/utils/css-utils/template-safe-parser.js":{"checkedAt":1768031008363,"integrity":"sha512-YOsATLtFmpl55/thHF2ws8CYE1Qo1rBv7tN35StVq3vxMxu1W9UXYZq4eN4fZEzTuO30ieDLrsdPkI6y5SLmkA==","mode":420,"size":312},"lib/utils/css-utils/template-tokenize.js":{"checkedAt":1768031008364,"integrity":"sha512-DPd4s6WExqAYm/TcInVZXKXy5jW3+Gz2rrsma6yBsnPYySwyTyXATn6AUGmlTYj7ObeBM9kqj4eh3YEyYDfYlg==","mode":420,"size":1062},"lib/rules/indent-helpers/ts.js":{"checkedAt":1768031008365,"integrity":"sha512-kraffOTmUIPSfaK6SAgmPwmXxq/N/wmhRT2rXD6krA2QZQ5SY8Ry06Rab2dFIIAcLAEfuoU8QmYRtc0Kba6qCw==","mode":420,"size":43124},"lib/types-for-node.js":{"checkedAt":1768031008365,"integrity":"sha512-RQI9HDZf3IZpk2bwwc2D++j4HQRX3XUZ55zwFLASHR7alI7l4d03umvhcsa+PebHWv9EwywMQeCCKFSfyQqITg==","mode":420,"size":260},"lib/shared/svelte-compile-warns/transform/types.js":{"checkedAt":1768031008365,"integrity":"sha512-TuHIj4w/TkzTTLbAAzm/nW0Db/St469J6HHMiWa4THKdi3VJKsxkE8mmZKwApXlYIjrBPEIp2oxi6+alPk94Pw==","mode":420,"size":11},"lib/types.js":{"checkedAt":1768031008365,"integrity":"sha512-TuHIj4w/TkzTTLbAAzm/nW0Db/St469J6HHMiWa4THKdi3VJKsxkE8mmZKwApXlYIjrBPEIp2oxi6+alPk94Pw==","mode":420,"size":11},"lib/shared/svelte-compile-warns/transform/typescript.js":{"checkedAt":1768031008366,"integrity":"sha512-iA3YZM0602nGJmDuD1CPsek3//miuRqOATE6/F9NxeFPJgzMgcrp/BH6VPOI0XLufy/XC+INjh1GNIfSF8Ae9g==","mode":420,"size":1425},"lib/utils/css-utils/utils.js":{"checkedAt":1768031008366,"integrity":"sha512-sjKPVrGz5S23IBKRmWl0nRkgYjTh5/B3jnNRPZcMsGmGJ86yH8XLmKNzT0cxqBQJbztHNeiI2jfg8OQac/7pBA==","mode":420,"size":425},"lib/rules/valid-compile.js":{"checkedAt":1768031008367,"integrity":"sha512-2qn1Nhg8uY/zlxqAroCEzudAr71NMQVSvfBizK+1bphDegjxhaGmtb0mIDB9XJmBjrxzFGLco2TXSxrznaz7kg==","mode":420,"size":3824},"lib/rules/valid-each-key.js":{"checkedAt":1768031008367,"integrity":"sha512-ptbGpTuEbBhD0FEcq5ASeJohZ5vJXzS0g27yLwPjY+XRloJe/8m6JeQxZMX8tmRHEfL4Do7yeb7XYPZIao7y+Q==","mode":420,"size":2088},"lib/rules/valid-prop-names-in-kit-pages.js":{"checkedAt":1768031008367,"integrity":"sha512-ySonNxLlfAufuCW5k97iwzTSN2t0IBALPT5yxm3RWgRFiY7GUT306gABI54y+/MvYwFLMbkp1pb+GCVjmCSwyQ==","mode":420,"size":3532},"lib/rules/valid-style-parse.js":{"checkedAt":1768031008368,"integrity":"sha512-jcPhFPsd0xZk2+sk5pJxpDJFl4/NpDH6zY5XTvZ22zyl8ha+5rCCgtfr5asdWC0poQUshTEc8mIekZbVd8pE9A==","mode":420,"size":1319},"package.json":{"checkedAt":1768031008368,"integrity":"sha512-4v8YiSaVELJ0VBlnMDbMob6NTAcsohCbF8uR2N8cvgb+fjfhILYgd9bF5M2IKJayUqdEB3tcIC1ZHOkzdfn5Gg==","mode":420,"size":3754},"README.md":{"checkedAt":1768031008369,"integrity":"sha512-JOnnhwKZMqXGo/VdygScfbPFC25+1l6Uj130o2LmqVf+pl9ic0ac7d/Yn7r1r8S+aGh61u+9kBDV+scyBTehFg==","mode":420,"size":26892},"lib/configs/flat/all.d.ts":{"checkedAt":1768031008369,"integrity":"sha512-eWRzHfPH4n++c+Z+BbhsYrLa41dKGwMPkLKQpxvxEel3nFbpWS+YO9//LOsyYREFtP7XVniD+Go0NsKU1RpvfQ==","mode":420,"size":100},"lib/utils/ast-utils.d.ts":{"checkedAt":1768031008369,"integrity":"sha512-9qTcqv+NwhfdrESi9O96gRfAzvtFghvUYweNW51DoPP/GlqckWUl3aGc7ygljbBnZW4SDjuRJyuQyVekDBTwhg==","mode":420,"size":6593},"lib/rules/indent-helpers/ast.d.ts":{"checkedAt":1768031008370,"integrity":"sha512-kwNs6CrJDUnvKG6nJxiVQ7uyjdOHy/NTXG/lbO4QfNLh+t0UKFKVO7m1608qrllK4T9OvECE2b0dDccA0yaRxw==","mode":420,"size":486},"lib/shared/svelte-compile-warns/transform/babel.d.ts":{"checkedAt":1768031008370,"integrity":"sha512-JM+l+j16+aH2+4Mu1zrFk/z5m3Dwk8FeRlQQbHfqab9RlChU6KmUNiaa9SIrU0Q8G3GGkeweQw2btS0ts0xZlg==","mode":420,"size":412},"lib/configs/flat/base.d.ts":{"checkedAt":1768031008370,"integrity":"sha512-tU307CzMpJBRNST7qIomLSZoPtE8eL6NHwTLwxx2XekJVmyYi0aUB1CxapJNxYRokexsCJprxZtV/Ukl14yeug==","mode":420,"size":178},"lib/rules/block-lang.d.ts":{"checkedAt":1768031008371,"integrity":"sha512-mhGCncPcZALVPKTWN8S3ovbGbH/KZbWpqj6AyKTtZlO9Ijmzik28V8tHEzPu2ze0c0qHpesxYWaHJ2i0vT5odQ==","mode":420,"size":83},"lib/rules/button-has-type.d.ts":{"checkedAt":1768031008371,"integrity":"sha512-mhGCncPcZALVPKTWN8S3ovbGbH/KZbWpqj6AyKTtZlO9Ijmzik28V8tHEzPu2ze0c0qHpesxYWaHJ2i0vT5odQ==","mode":420,"size":83},"lib/utils/cache.d.ts":{"checkedAt":1768031008371,"integrity":"sha512-nvdlI50E2FE5rEgLOmWdKa8cVSZsTX/4ur5n+zOIp/Dy8zPyYZteFRkJIyXa/j+pegEKj9SIwSaWB4mJ8sSoWg==","mode":420,"size":433},"lib/rules/comment-directive.d.ts":{"checkedAt":1768031008371,"integrity":"sha512-mhGCncPcZALVPKTWN8S3ovbGbH/KZbWpqj6AyKTtZlO9Ijmzik28V8tHEzPu2ze0c0qHpesxYWaHJ2i0vT5odQ==","mode":420,"size":83},"lib/shared/comment-directives.d.ts":{"checkedAt":1768031008371,"integrity":"sha512-FjeTpcgUsmCLOm43y7CHcdyL8I+rCv/ElagjfRhLCnAQ5RmKn7937XYxonpq0LDtLpmao9GVyeydd4R9hFgxog==","mode":420,"size":855},"lib/rules/indent-helpers/commons.d.ts":{"checkedAt":1768031008372,"integrity":"sha512-QgU3TXuwJnRFQkLhzZaczkqkV57oMky79Z5CLwGNA6JcQ9hviRU3TyeLl2es5PmHU77xKzZlgpgciUfKNDwgUw==","mode":420,"size":1376},"lib/rules/consistent-selector-style.d.ts":{"checkedAt":1768031008371,"integrity":"sha512-mhGCncPcZALVPKTWN8S3ovbGbH/KZbWpqj6AyKTtZlO9Ijmzik28V8tHEzPu2ze0c0qHpesxYWaHJ2i0vT5odQ==","mode":420,"size":83},"lib/rules/derived-has-same-inputs-outputs.d.ts":{"checkedAt":1768031008371,"integrity":"sha512-mhGCncPcZALVPKTWN8S3ovbGbH/KZbWpqj6AyKTtZlO9Ijmzik28V8tHEzPu2ze0c0qHpesxYWaHJ2i0vT5odQ==","mode":420,"size":83},"lib/utils/element-occurences.d.ts":{"checkedAt":1768031008373,"integrity":"sha512-PD7ZeAmlb/LEfQpLtyraQ9epOkfolvXlojhzUXMwMRWew9LUvy9RgMBdRWK3A8HI6iKCJdgCvqnoduZvqgp2OQ==","mode":420,"size":245},"lib/utils/element-types.d.ts":{"checkedAt":1768031008373,"integrity":"sha512-blCUO9xdV+lABDGcfn+qewmlBZmP2d2tXmjiVONFEOQfEwNanoWTh5LRRDg0RqJDRZzimoMwhV0eVjHIOF2/pA==","mode":420,"size":136},"lib/rules/indent-helpers/es.d.ts":{"checkedAt":1768031008374,"integrity":"sha512-NdtW7Hl4QBintOCEZ1ll/W1Dy1E7/5aa/B0JOAotGbzbazjJm/IIQJKcsB3jj+lL5R7UmpurxT/V/ne8Zb1MQw==","mode":420,"size":361},"lib/utils/eslint-core.d.ts":{"checkedAt":1768031008375,"integrity":"sha512-P9Ka4k1TzNj3GL46Pgjlf+2FUpQpFjAHMeuOQ20iwuAcU4TpxZCus9WOfePjYQH/aD9IS22VhBRW9+nWnZfbkw==","mode":420,"size":914},"lib/utils/events.d.ts":{"checkedAt":1768031008375,"integrity":"sha512-JEEbGPp6EzOK+LAdlOLu7i4T6R4TY8N7KXf0XZa8GZDIIoYMfb+mEcofnrw1fl28FK5L8E9EC2l/GFi2jWd96w==","mode":420,"size":44},"lib/rules/experimental-require-slot-types.d.ts":{"checkedAt":1768031008371,"integrity":"sha512-mhGCncPcZALVPKTWN8S3ovbGbH/KZbWpqj6AyKTtZlO9Ijmzik28V8tHEzPu2ze0c0qHpesxYWaHJ2i0vT5odQ==","mode":420,"size":83},"lib/rules/experimental-require-strict-events.d.ts":{"checkedAt":1768031008371,"integrity":"sha512-mhGCncPcZALVPKTWN8S3ovbGbH/KZbWpqj6AyKTtZlO9Ijmzik28V8tHEzPu2ze0c0qHpesxYWaHJ2i0vT5odQ==","mode":420,"size":83},"lib/utils/expression-affixes.d.ts":{"checkedAt":1768031008376,"integrity":"sha512-1AHCjKyVmTIMXXb7+pTpwuFr4EK3an5kicZRUYZUEUVkxYEPHJuXZ9yfII6mRwk8Zr7kmUxTFFGUab6z/ntH0w==","mode":420,"size":575},"lib/shared/svelte-compile-warns/extract-leading-comments.d.ts":{"checkedAt":1768031008376,"integrity":"sha512-Jmo6TnLqtlC/O0CRifRBb6TaOQgUa9Vwi0Q5jGnj7tmqGqPlFicM4rVfAK1+EK8JlCC7cT8aClqize1SHWPXCg==","mode":420,"size":314},"lib/rules/first-attribute-linebreak.d.ts":{"checkedAt":1768031008371,"integrity":"sha512-mhGCncPcZALVPKTWN8S3ovbGbH/KZbWpqj6AyKTtZlO9Ijmzik28V8tHEzPu2ze0c0qHpesxYWaHJ2i0vT5odQ==","mode":420,"size":83},"lib/utils/get-node-module.d.ts":{"checkedAt":1768031008377,"integrity":"sha512-msrW+OZqt30PUDH9pSUO8itrJ8r+cH9BTDY3bxv+3WNVC8YLR2lf/nIfR2QX7kCqOMCq44ZfWr7p7bbus3WwXQ==","mode":420,"size":153},"lib/utils/get-package-json.d.ts":{"checkedAt":1768031008382,"integrity":"sha512-fUtJCsXr+CrSltpI0F07hr64mVDtP270iqPpCc5HUjgpvuKYdbu/Gqbhr5nZ3RlgmIET5L5vAZHMorTAQjc2iQ==","mode":420,"size":668},"lib/rules/html-closing-bracket-new-line.d.ts":{"checkedAt":1768031008371,"integrity":"sha512-mhGCncPcZALVPKTWN8S3ovbGbH/KZbWpqj6AyKTtZlO9Ijmzik28V8tHEzPu2ze0c0qHpesxYWaHJ2i0vT5odQ==","mode":420,"size":83},"lib/rules/html-closing-bracket-spacing.d.ts":{"checkedAt":1768031008371,"integrity":"sha512-mhGCncPcZALVPKTWN8S3ovbGbH/KZbWpqj6AyKTtZlO9Ijmzik28V8tHEzPu2ze0c0qHpesxYWaHJ2i0vT5odQ==","mode":420,"size":83},"lib/rules/html-quotes.d.ts":{"checkedAt":1768031008371,"integrity":"sha512-mhGCncPcZALVPKTWN8S3ovbGbH/KZbWpqj6AyKTtZlO9Ijmzik28V8tHEzPu2ze0c0qHpesxYWaHJ2i0vT5odQ==","mode":420,"size":83},"lib/rules/html-self-closing.d.ts":{"checkedAt":1768031008371,"integrity":"sha512-mhGCncPcZALVPKTWN8S3ovbGbH/KZbWpqj6AyKTtZlO9Ijmzik28V8tHEzPu2ze0c0qHpesxYWaHJ2i0vT5odQ==","mode":420,"size":83},"lib/shared/svelte-compile-warns/ignore-comment.d.ts":{"checkedAt":1768031008383,"integrity":"sha512-3DzygF13FLw4+BP+0GhsmYXoa02GYvUQlnl77P8ZSaoQTIca9UsUWKQPi8W6c8fGEA5HHI/TeKhz4wN7WPrDzA==","mode":420,"size":513},"lib/rules/indent.d.ts":{"checkedAt":1768031008371,"integrity":"sha512-mhGCncPcZALVPKTWN8S3ovbGbH/KZbWpqj6AyKTtZlO9Ijmzik28V8tHEzPu2ze0c0qHpesxYWaHJ2i0vT5odQ==","mode":420,"size":83},"lib/index.d.ts":{"checkedAt":1768031008383,"integrity":"sha512-roWp04jJoQ6R9cMWotsJzoFxNJpExOFf/cQo5UXI0ApjD4kdEJfnmUe+A+5MHWXhwGv0g9GYEU9eXJ+70j30wA==","mode":420,"size":87},"lib/processor/index.d.ts":{"checkedAt":1768031008384,"integrity":"sha512-qpkeyCLwkaPZy5q6BguoEzmDbPG4a4N8om4RLxwaRF0232k5jWagy+WeujXymJkzsHp3kY4VrZJdr/TQkteAqw==","mode":420,"size":347},"lib/rules/indent-helpers/index.d.ts":{"checkedAt":1768031008384,"integrity":"sha512-/7IXEsG6Bu7b+BviwC9GLIkwJYC4i01ziU3/EfqXulsX2lMtzmYPHBOtM51GOAnfzw//1uhVfzTspn2tCWCM2g==","mode":420,"size":412},"lib/shared/index.d.ts":{"checkedAt":1768031008385,"integrity":"sha512-h610WutEWr43NsPRlBf7DW/azT+sLN6NCEKCt0fuBAL/AC45K2f/LVCd2gGjwlSHGEZS4AN/fErWlGlsm07hnA==","mode":420,"size":605},"lib/shared/svelte-compile-warns/index.d.ts":{"checkedAt":1768031008385,"integrity":"sha512-uQ56HSk+XIL04xLzkwf/PTJKUKRQZckbZYODtJXe1OOBT8SA3AFfKDeDhe0IiHQLPO9L/LgR3609K/5u6pWXiQ==","mode":420,"size":798},"lib/utils/css-utils/index.d.ts":{"checkedAt":1768031008325,"integrity":"sha512-6jSKOcnqmmGoraepLyR4JqPyschSTxovOT9v3pHfKo4fk6PDeHAPnHriyJkNTENMFyjUCduiJx6EnMMf6m39Ag==","mode":420,"size":97},"lib/utils/index.d.ts":{"checkedAt":1768031008385,"integrity":"sha512-vVn25k+WYBdsw4fwDrzysN3l6nAjHy4CM9J4iOuG2n/LQ9bE7uf+b9+jv1ZIRuB/AFMVkj+xRTDeYKYzCMa34A==","mode":420,"size":454},"lib/utils/ts-utils/index.d.ts":{"checkedAt":1768031008386,"integrity":"sha512-Y8bq9TBZbULN1JeSQZF4CWL6n1OHvIeLEAGcaucbe5C/M/J10S6RXdkXiS9TDxfgyow1gO2ylFUL4Y3ngYqgyg==","mode":420,"size":5738},"lib/rules/infinite-reactive-loop.d.ts":{"checkedAt":1768031008371,"integrity":"sha512-mhGCncPcZALVPKTWN8S3ovbGbH/KZbWpqj6AyKTtZlO9Ijmzik28V8tHEzPu2ze0c0qHpesxYWaHJ2i0vT5odQ==","mode":420,"size":83},"lib/shared/svelte-compile-warns/transform/less.d.ts":{"checkedAt":1768031008386,"integrity":"sha512-eOisaaF22t7uoJeVRpbYDn2mWWrc+3EZchnCKoWIjZ2xtYrZH5A+gN58cJ9P5rz6jMTTMFYsOL7h1hPX04W9cw==","mode":420,"size":310},"lib/utils/lines-and-columns.d.ts":{"checkedAt":1768031008386,"integrity":"sha512-Yi3v6VVkcK6u2wNS8TX21XlRzzE1clAh3BuTU/H8XbTBRoq3Fu7/SJtk0sxxQ04FQJ62Rf0+l0nfzAlHk7kOEw==","mode":420,"size":291},"lib/utils/load-module.d.ts":{"checkedAt":1768031008387,"integrity":"sha512-X+y3KYb+JKPJuZ+fmbmkINytBVVFuLs7bCAnZWunYsqow1Ov8Im/sRsR/lL24o+6Kt12YLbLEXpy1UBZeupCAQ==","mode":420,"size":156},"lib/main.d.ts":{"checkedAt":1768031008387,"integrity":"sha512-iR1eE2ozkUHdrAqShiUZmkLhsViPmlPSZEp2Xr3fgJRzV20uZ6x9y7wFscjJyu6bJ1TpKxqBwiqEr7gJ8Nr6xA==","mode":420,"size":1095},"lib/rules/max-attributes-per-line.d.ts":{"checkedAt":1768031008371,"integrity":"sha512-mhGCncPcZALVPKTWN8S3ovbGbH/KZbWpqj6AyKTtZlO9Ijmzik28V8tHEzPu2ze0c0qHpesxYWaHJ2i0vT5odQ==","mode":420,"size":83},"lib/meta.d.ts":{"checkedAt":1768031008388,"integrity":"sha512-LHUYdLA3t9SgrzWiARqNAcn0f1FIQltuXEhUnlBTQU4Nv9Ec8F0Rbp2SDeSBbvyEHnGXQ/OTdjHg8j7Q7VSOLw==","mode":420,"size":91},"lib/rules/mustache-spacing.d.ts":{"checkedAt":1768031008371,"integrity":"sha512-mhGCncPcZALVPKTWN8S3ovbGbH/KZbWpqj6AyKTtZlO9Ijmzik28V8tHEzPu2ze0c0qHpesxYWaHJ2i0vT5odQ==","mode":420,"size":83},"lib/rules/no-add-event-listener.d.ts":{"checkedAt":1768031008371,"integrity":"sha512-mhGCncPcZALVPKTWN8S3ovbGbH/KZbWpqj6AyKTtZlO9Ijmzik28V8tHEzPu2ze0c0qHpesxYWaHJ2i0vT5odQ==","mode":420,"size":83},"lib/rules/no-at-debug-tags.d.ts":{"checkedAt":1768031008371,"integrity":"sha512-mhGCncPcZALVPKTWN8S3ovbGbH/KZbWpqj6AyKTtZlO9Ijmzik28V8tHEzPu2ze0c0qHpesxYWaHJ2i0vT5odQ==","mode":420,"size":83},"lib/rules/no-at-html-tags.d.ts":{"checkedAt":1768031008371,"integrity":"sha512-mhGCncPcZALVPKTWN8S3ovbGbH/KZbWpqj6AyKTtZlO9Ijmzik28V8tHEzPu2ze0c0qHpesxYWaHJ2i0vT5odQ==","mode":420,"size":83},"lib/rules/no-dom-manipulating.d.ts":{"checkedAt":1768031008371,"integrity":"sha512-mhGCncPcZALVPKTWN8S3ovbGbH/KZbWpqj6AyKTtZlO9Ijmzik28V8tHEzPu2ze0c0qHpesxYWaHJ2i0vT5odQ==","mode":420,"size":83},"lib/rules/no-dupe-else-if-blocks.d.ts":{"checkedAt":1768031008371,"integrity":"sha512-mhGCncPcZALVPKTWN8S3ovbGbH/KZbWpqj6AyKTtZlO9Ijmzik28V8tHEzPu2ze0c0qHpesxYWaHJ2i0vT5odQ==","mode":420,"size":83},"lib/rules/no-dupe-on-directives.d.ts":{"checkedAt":1768031008371,"integrity":"sha512-mhGCncPcZALVPKTWN8S3ovbGbH/KZbWpqj6AyKTtZlO9Ijmzik28V8tHEzPu2ze0c0qHpesxYWaHJ2i0vT5odQ==","mode":420,"size":83},"lib/rules/no-dupe-style-properties.d.ts":{"checkedAt":1768031008371,"integrity":"sha512-mhGCncPcZALVPKTWN8S3ovbGbH/KZbWpqj6AyKTtZlO9Ijmzik28V8tHEzPu2ze0c0qHpesxYWaHJ2i0vT5odQ==","mode":420,"size":83},"lib/rules/no-dupe-use-directives.d.ts":{"checkedAt":1768031008371,"integrity":"sha512-mhGCncPcZALVPKTWN8S3ovbGbH/KZbWpqj6AyKTtZlO9Ijmzik28V8tHEzPu2ze0c0qHpesxYWaHJ2i0vT5odQ==","mode":420,"size":83},"lib/rules/no-dynamic-slot-name.d.ts":{"checkedAt":1768031008371,"integrity":"sha512-mhGCncPcZALVPKTWN8S3ovbGbH/KZbWpqj6AyKTtZlO9Ijmzik28V8tHEzPu2ze0c0qHpesxYWaHJ2i0vT5odQ==","mode":420,"size":83},"lib/rules/no-export-load-in-svelte-module-in-kit-pages.d.ts":{"checkedAt":1768031008371,"integrity":"sha512-mhGCncPcZALVPKTWN8S3ovbGbH/KZbWpqj6AyKTtZlO9Ijmzik28V8tHEzPu2ze0c0qHpesxYWaHJ2i0vT5odQ==","mode":420,"size":83},"lib/rules/no-extra-reactive-curlies.d.ts":{"checkedAt":1768031008371,"integrity":"sha512-mhGCncPcZALVPKTWN8S3ovbGbH/KZbWpqj6AyKTtZlO9Ijmzik28V8tHEzPu2ze0c0qHpesxYWaHJ2i0vT5odQ==","mode":420,"size":83},"lib/rules/no-goto-without-base.d.ts":{"checkedAt":1768031008371,"integrity":"sha512-mhGCncPcZALVPKTWN8S3ovbGbH/KZbWpqj6AyKTtZlO9Ijmzik28V8tHEzPu2ze0c0qHpesxYWaHJ2i0vT5odQ==","mode":420,"size":83},"lib/rules/no-ignored-unsubscribe.d.ts":{"checkedAt":1768031008371,"integrity":"sha512-mhGCncPcZALVPKTWN8S3ovbGbH/KZbWpqj6AyKTtZlO9Ijmzik28V8tHEzPu2ze0c0qHpesxYWaHJ2i0vT5odQ==","mode":420,"size":83},"lib/rules/no-immutable-reactive-statements.d.ts":{"checkedAt":1768031008371,"integrity":"sha512-mhGCncPcZALVPKTWN8S3ovbGbH/KZbWpqj6AyKTtZlO9Ijmzik28V8tHEzPu2ze0c0qHpesxYWaHJ2i0vT5odQ==","mode":420,"size":83},"lib/rules/no-inline-styles.d.ts":{"checkedAt":1768031008371,"integrity":"sha512-mhGCncPcZALVPKTWN8S3ovbGbH/KZbWpqj6AyKTtZlO9Ijmzik28V8tHEzPu2ze0c0qHpesxYWaHJ2i0vT5odQ==","mode":420,"size":83},"lib/rules/no-inner-declarations.d.ts":{"checkedAt":1768031008371,"integrity":"sha512-mhGCncPcZALVPKTWN8S3ovbGbH/KZbWpqj6AyKTtZlO9Ijmzik28V8tHEzPu2ze0c0qHpesxYWaHJ2i0vT5odQ==","mode":420,"size":83},"lib/rules/no-inspect.d.ts":{"checkedAt":1768031008371,"integrity":"sha512-mhGCncPcZALVPKTWN8S3ovbGbH/KZbWpqj6AyKTtZlO9Ijmzik28V8tHEzPu2ze0c0qHpesxYWaHJ2i0vT5odQ==","mode":420,"size":83},"lib/rules/no-navigation-without-base.d.ts":{"checkedAt":1768031008371,"integrity":"sha512-mhGCncPcZALVPKTWN8S3ovbGbH/KZbWpqj6AyKTtZlO9Ijmzik28V8tHEzPu2ze0c0qHpesxYWaHJ2i0vT5odQ==","mode":420,"size":83},"lib/rules/no-not-function-handler.d.ts":{"checkedAt":1768031008371,"integrity":"sha512-mhGCncPcZALVPKTWN8S3ovbGbH/KZbWpqj6AyKTtZlO9Ijmzik28V8tHEzPu2ze0c0qHpesxYWaHJ2i0vT5odQ==","mode":420,"size":83},"lib/rules/no-object-in-text-mustaches.d.ts":{"checkedAt":1768031008371,"integrity":"sha512-mhGCncPcZALVPKTWN8S3ovbGbH/KZbWpqj6AyKTtZlO9Ijmzik28V8tHEzPu2ze0c0qHpesxYWaHJ2i0vT5odQ==","mode":420,"size":83},"lib/rules/no-raw-special-elements.d.ts":{"checkedAt":1768031008371,"integrity":"sha512-mhGCncPcZALVPKTWN8S3ovbGbH/KZbWpqj6AyKTtZlO9Ijmzik28V8tHEzPu2ze0c0qHpesxYWaHJ2i0vT5odQ==","mode":420,"size":83},"lib/rules/no-reactive-functions.d.ts":{"checkedAt":1768031008371,"integrity":"sha512-mhGCncPcZALVPKTWN8S3ovbGbH/KZbWpqj6AyKTtZlO9Ijmzik28V8tHEzPu2ze0c0qHpesxYWaHJ2i0vT5odQ==","mode":420,"size":83},"lib/rules/no-reactive-literals.d.ts":{"checkedAt":1768031008371,"integrity":"sha512-mhGCncPcZALVPKTWN8S3ovbGbH/KZbWpqj6AyKTtZlO9Ijmzik28V8tHEzPu2ze0c0qHpesxYWaHJ2i0vT5odQ==","mode":420,"size":83},"lib/rules/no-reactive-reassign.d.ts":{"checkedAt":1768031008371,"integrity":"sha512-mhGCncPcZALVPKTWN8S3ovbGbH/KZbWpqj6AyKTtZlO9Ijmzik28V8tHEzPu2ze0c0qHpesxYWaHJ2i0vT5odQ==","mode":420,"size":83},"lib/rules/no-restricted-html-elements.d.ts":{"checkedAt":1768031008371,"integrity":"sha512-mhGCncPcZALVPKTWN8S3ovbGbH/KZbWpqj6AyKTtZlO9Ijmzik28V8tHEzPu2ze0c0qHpesxYWaHJ2i0vT5odQ==","mode":420,"size":83},"lib/rules/no-shorthand-style-property-overrides.d.ts":{"checkedAt":1768031008371,"integrity":"sha512-mhGCncPcZALVPKTWN8S3ovbGbH/KZbWpqj6AyKTtZlO9Ijmzik28V8tHEzPu2ze0c0qHpesxYWaHJ2i0vT5odQ==","mode":420,"size":83},"lib/rules/no-spaces-around-equal-signs-in-attribute.d.ts":{"checkedAt":1768031008371,"integrity":"sha512-mhGCncPcZALVPKTWN8S3ovbGbH/KZbWpqj6AyKTtZlO9Ijmzik28V8tHEzPu2ze0c0qHpesxYWaHJ2i0vT5odQ==","mode":420,"size":83},"lib/rules/no-store-async.d.ts":{"checkedAt":1768031008371,"integrity":"sha512-mhGCncPcZALVPKTWN8S3ovbGbH/KZbWpqj6AyKTtZlO9Ijmzik28V8tHEzPu2ze0c0qHpesxYWaHJ2i0vT5odQ==","mode":420,"size":83},"lib/rules/no-svelte-internal.d.ts":{"checkedAt":1768031008371,"integrity":"sha512-mhGCncPcZALVPKTWN8S3ovbGbH/KZbWpqj6AyKTtZlO9Ijmzik28V8tHEzPu2ze0c0qHpesxYWaHJ2i0vT5odQ==","mode":420,"size":83},"lib/rules/no-target-blank.d.ts":{"checkedAt":1768031008371,"integrity":"sha512-mhGCncPcZALVPKTWN8S3ovbGbH/KZbWpqj6AyKTtZlO9Ijmzik28V8tHEzPu2ze0c0qHpesxYWaHJ2i0vT5odQ==","mode":420,"size":83},"lib/rules/no-top-level-browser-globals.d.ts":{"checkedAt":1768031008371,"integrity":"sha512-mhGCncPcZALVPKTWN8S3ovbGbH/KZbWpqj6AyKTtZlO9Ijmzik28V8tHEzPu2ze0c0qHpesxYWaHJ2i0vT5odQ==","mode":420,"size":83},"lib/rules/no-trailing-spaces.d.ts":{"checkedAt":1768031008371,"integrity":"sha512-mhGCncPcZALVPKTWN8S3ovbGbH/KZbWpqj6AyKTtZlO9Ijmzik28V8tHEzPu2ze0c0qHpesxYWaHJ2i0vT5odQ==","mode":420,"size":83},"lib/rules/no-unknown-style-directive-property.d.ts":{"checkedAt":1768031008371,"integrity":"sha512-mhGCncPcZALVPKTWN8S3ovbGbH/KZbWpqj6AyKTtZlO9Ijmzik28V8tHEzPu2ze0c0qHpesxYWaHJ2i0vT5odQ==","mode":420,"size":83},"lib/rules/@typescript-eslint/no-unnecessary-condition.d.ts":{"checkedAt":1768031008389,"integrity":"sha512-BXyRW0kryB7nfyAdt+nsNBOH5A1/uPaacx1/z+KUql4KkQolzgBj8cDTmHZJis4O0EfZSAydTO7bekjdqh015A==","mode":420,"size":86},"lib/rules/no-unnecessary-state-wrap.d.ts":{"checkedAt":1768031008371,"integrity":"sha512-mhGCncPcZALVPKTWN8S3ovbGbH/KZbWpqj6AyKTtZlO9Ijmzik28V8tHEzPu2ze0c0qHpesxYWaHJ2i0vT5odQ==","mode":420,"size":83},"lib/rules/no-unused-class-name.d.ts":{"checkedAt":1768031008371,"integrity":"sha512-mhGCncPcZALVPKTWN8S3ovbGbH/KZbWpqj6AyKTtZlO9Ijmzik28V8tHEzPu2ze0c0qHpesxYWaHJ2i0vT5odQ==","mode":420,"size":83},"lib/rules/no-unused-props.d.ts":{"checkedAt":1768031008371,"integrity":"sha512-mhGCncPcZALVPKTWN8S3ovbGbH/KZbWpqj6AyKTtZlO9Ijmzik28V8tHEzPu2ze0c0qHpesxYWaHJ2i0vT5odQ==","mode":420,"size":83},"lib/rules/no-unused-svelte-ignore.d.ts":{"checkedAt":1768031008371,"integrity":"sha512-mhGCncPcZALVPKTWN8S3ovbGbH/KZbWpqj6AyKTtZlO9Ijmzik28V8tHEzPu2ze0c0qHpesxYWaHJ2i0vT5odQ==","mode":420,"size":83},"lib/rules/no-useless-children-snippet.d.ts":{"checkedAt":1768031008371,"integrity":"sha512-mhGCncPcZALVPKTWN8S3ovbGbH/KZbWpqj6AyKTtZlO9Ijmzik28V8tHEzPu2ze0c0qHpesxYWaHJ2i0vT5odQ==","mode":420,"size":83},"lib/rules/no-useless-mustaches.d.ts":{"checkedAt":1768031008371,"integrity":"sha512-mhGCncPcZALVPKTWN8S3ovbGbH/KZbWpqj6AyKTtZlO9Ijmzik28V8tHEzPu2ze0c0qHpesxYWaHJ2i0vT5odQ==","mode":420,"size":83},"lib/rules/indent-helpers/offset-context.d.ts":{"checkedAt":1768031008389,"integrity":"sha512-lmNmvn6dqgnUaEvRsNuQRgZ5du4cVKERni0ndy7gFABCc4GBJR5lJeZiUFgqJny/g2f1ZYdeskSkoaxRZyJEww==","mode":420,"size":2840},"lib/shared/svelte-compile-warns/transform/postcss.d.ts":{"checkedAt":1768031008389,"integrity":"sha512-A9Z89cYDouVC8mEpD+ylnSgLn6bQGMY3QBVSURxURdPfdaTH8bbinLGiC+y3fvULMwTsRwlCp3kvoz82yE7zLw==","mode":420,"size":313},"lib/rules/prefer-class-directive.d.ts":{"checkedAt":1768031008371,"integrity":"sha512-mhGCncPcZALVPKTWN8S3ovbGbH/KZbWpqj6AyKTtZlO9Ijmzik28V8tHEzPu2ze0c0qHpesxYWaHJ2i0vT5odQ==","mode":420,"size":83},"lib/rules/prefer-const.d.ts":{"checkedAt":1768031008371,"integrity":"sha512-mhGCncPcZALVPKTWN8S3ovbGbH/KZbWpqj6AyKTtZlO9Ijmzik28V8tHEzPu2ze0c0qHpesxYWaHJ2i0vT5odQ==","mode":420,"size":83},"lib/rules/prefer-destructured-store-props.d.ts":{"checkedAt":1768031008371,"integrity":"sha512-mhGCncPcZALVPKTWN8S3ovbGbH/KZbWpqj6AyKTtZlO9Ijmzik28V8tHEzPu2ze0c0qHpesxYWaHJ2i0vT5odQ==","mode":420,"size":83},"lib/rules/prefer-style-directive.d.ts":{"checkedAt":1768031008371,"integrity":"sha512-mhGCncPcZALVPKTWN8S3ovbGbH/KZbWpqj6AyKTtZlO9Ijmzik28V8tHEzPu2ze0c0qHpesxYWaHJ2i0vT5odQ==","mode":420,"size":83},"lib/rules/prefer-svelte-reactivity.d.ts":{"checkedAt":1768031008371,"integrity":"sha512-mhGCncPcZALVPKTWN8S3ovbGbH/KZbWpqj6AyKTtZlO9Ijmzik28V8tHEzPu2ze0c0qHpesxYWaHJ2i0vT5odQ==","mode":420,"size":83},"lib/rules/prefer-writable-derived.d.ts":{"checkedAt":1768031008371,"integrity":"sha512-mhGCncPcZALVPKTWN8S3ovbGbH/KZbWpqj6AyKTtZlO9Ijmzik28V8tHEzPu2ze0c0qHpesxYWaHJ2i0vT5odQ==","mode":420,"size":83},"lib/configs/flat/prettier.d.ts":{"checkedAt":1768031008369,"integrity":"sha512-eWRzHfPH4n++c+Z+BbhsYrLa41dKGwMPkLKQpxvxEel3nFbpWS+YO9//LOsyYREFtP7XVniD+Go0NsKU1RpvfQ==","mode":420,"size":100},"lib/configs/flat/recommended.d.ts":{"checkedAt":1768031008369,"integrity":"sha512-eWRzHfPH4n++c+Z+BbhsYrLa41dKGwMPkLKQpxvxEel3nFbpWS+YO9//LOsyYREFtP7XVniD+Go0NsKU1RpvfQ==","mode":420,"size":100},"lib/utils/regexp.d.ts":{"checkedAt":1768031008390,"integrity":"sha512-q+ILmvAAVfbJaTLQRSby9s4wF0BYqKmFy9jd33dzEMVEcxXmv/USV/hziOw9ZETxAKjRZzc5Xoak+o348pwqAA==","mode":420,"size":528},"lib/rules/require-each-key.d.ts":{"checkedAt":1768031008371,"integrity":"sha512-mhGCncPcZALVPKTWN8S3ovbGbH/KZbWpqj6AyKTtZlO9Ijmzik28V8tHEzPu2ze0c0qHpesxYWaHJ2i0vT5odQ==","mode":420,"size":83},"lib/rules/require-event-dispatcher-types.d.ts":{"checkedAt":1768031008371,"integrity":"sha512-mhGCncPcZALVPKTWN8S3ovbGbH/KZbWpqj6AyKTtZlO9Ijmzik28V8tHEzPu2ze0c0qHpesxYWaHJ2i0vT5odQ==","mode":420,"size":83},"lib/rules/require-event-prefix.d.ts":{"checkedAt":1768031008371,"integrity":"sha512-mhGCncPcZALVPKTWN8S3ovbGbH/KZbWpqj6AyKTtZlO9Ijmzik28V8tHEzPu2ze0c0qHpesxYWaHJ2i0vT5odQ==","mode":420,"size":83},"lib/rules/require-optimized-style-attribute.d.ts":{"checkedAt":1768031008371,"integrity":"sha512-mhGCncPcZALVPKTWN8S3ovbGbH/KZbWpqj6AyKTtZlO9Ijmzik28V8tHEzPu2ze0c0qHpesxYWaHJ2i0vT5odQ==","mode":420,"size":83},"lib/rules/require-store-callbacks-use-set-param.d.ts":{"checkedAt":1768031008371,"integrity":"sha512-mhGCncPcZALVPKTWN8S3ovbGbH/KZbWpqj6AyKTtZlO9Ijmzik28V8tHEzPu2ze0c0qHpesxYWaHJ2i0vT5odQ==","mode":420,"size":83},"lib/rules/require-store-reactive-access.d.ts":{"checkedAt":1768031008371,"integrity":"sha512-mhGCncPcZALVPKTWN8S3ovbGbH/KZbWpqj6AyKTtZlO9Ijmzik28V8tHEzPu2ze0c0qHpesxYWaHJ2i0vT5odQ==","mode":420,"size":83},"lib/rules/require-stores-init.d.ts":{"checkedAt":1768031008371,"integrity":"sha512-mhGCncPcZALVPKTWN8S3ovbGbH/KZbWpqj6AyKTtZlO9Ijmzik28V8tHEzPu2ze0c0qHpesxYWaHJ2i0vT5odQ==","mode":420,"size":83},"lib/utils/css-utils/resource.d.ts":{"checkedAt":1768031008391,"integrity":"sha512-l79qTdW+jrmbfB+JqRfYc9nn7zbl85w4Nugjf4JSaxtqhopxsSL2kmEc1LLxOoWyu9xuwXzZ3R6tXgk0U/CJsA==","mode":420,"size":66},"lib/rule-types.d.ts":{"checkedAt":1768031008391,"integrity":"sha512-xOnzwu/ECA2ROE7Yh3OhASiJZ/y8HhcVBfvSUb36+TKxme5NU8Mnz6tqLW3MQpiJlyBpYf66WH9+QF6Frd3dGQ==","mode":420,"size":24588},"lib/utils/rules.d.ts":{"checkedAt":1768031008391,"integrity":"sha512-m0rgnKmoBFrmnsvm/O8HRfZ/bS07sIBjt3diZ8KiueqjpRdqwrGGI5Ouy+dRZ8Vf9ApeEfvhpZqMuHI+dC+Q5Q==","mode":420,"size":89},"lib/shared/svelte-compile-warns/transform/sass.d.ts":{"checkedAt":1768031008392,"integrity":"sha512-tlbCrIyz8HF9JXOyICL9rBU/yqIxLArKSUnB5aGXCS7LBB07TjHjQLOMjjuxRphH2kTw98a5pV225rfUxAkuxA==","mode":420,"size":333},"lib/rules/shorthand-attribute.d.ts":{"checkedAt":1768031008371,"integrity":"sha512-mhGCncPcZALVPKTWN8S3ovbGbH/KZbWpqj6AyKTtZlO9Ijmzik28V8tHEzPu2ze0c0qHpesxYWaHJ2i0vT5odQ==","mode":420,"size":83},"lib/rules/shorthand-directive.d.ts":{"checkedAt":1768031008371,"integrity":"sha512-mhGCncPcZALVPKTWN8S3ovbGbH/KZbWpqj6AyKTtZlO9Ijmzik28V8tHEzPu2ze0c0qHpesxYWaHJ2i0vT5odQ==","mode":420,"size":83},"lib/rules/sort-attributes.d.ts":{"checkedAt":1768031008371,"integrity":"sha512-mhGCncPcZALVPKTWN8S3ovbGbH/KZbWpqj6AyKTtZlO9Ijmzik28V8tHEzPu2ze0c0qHpesxYWaHJ2i0vT5odQ==","mode":420,"size":83},"lib/rules/spaced-html-comment.d.ts":{"checkedAt":1768031008371,"integrity":"sha512-mhGCncPcZALVPKTWN8S3ovbGbH/KZbWpqj6AyKTtZlO9Ijmzik28V8tHEzPu2ze0c0qHpesxYWaHJ2i0vT5odQ==","mode":420,"size":83},"lib/utils/css-utils/style-attribute.d.ts":{"checkedAt":1768031008393,"integrity":"sha512-2fAyuZAlHEYoejVFPKkeWbg4d4ncqYRAHiduFzOlS4NHEhDgYtWOv0r5LMXCjpW91xtUQx3lk+/EzJYiNmiEvA==","mode":420,"size":1944},"lib/shared/svelte-compile-warns/transform/stylus.d.ts":{"checkedAt":1768031008393,"integrity":"sha512-qs+4pdn9ZN8V3peJCmQDyVvTyky31DVRJQUrGCXhsgwdTVsLEGC/HUzYHwG553FB61yyteQu0xLvexM5q2FONw==","mode":420,"size":312},"lib/utils/svelte-context.d.ts":{"checkedAt":1768031008394,"integrity":"sha512-IwEKDO9oSY3zaoxxSErDAcb8fFAoQgukqOZnCApTYiCjOB6q0aN98t1QrZHY2z3wcnuBdQru/0TCriEQeqUmjg==","mode":420,"size":1019},"lib/rules/reference-helpers/svelte-store.d.ts":{"checkedAt":1768031008394,"integrity":"sha512-RA23z9LuI1lZ+Eubnb+BNv5fBckXoyQ86AhjMLae4FLd6C8UiuODfMyxFTufapKhcR43y5cGD7a3Y966yFGz3A==","mode":420,"size":678},"lib/rules/indent-helpers/svelte.d.ts":{"checkedAt":1768031008394,"integrity":"sha512-MITxMsI7HETTFoGNbU+NmJ245qW5L8gcF3Yb+Z06MoifUAXayPM3RAXIuy80i9cgjVW2H/elYegjKLFvayYR+Q==","mode":420,"size":373},"lib/rules/system.d.ts":{"checkedAt":1768031008371,"integrity":"sha512-mhGCncPcZALVPKTWN8S3ovbGbH/KZbWpqj6AyKTtZlO9Ijmzik28V8tHEzPu2ze0c0qHpesxYWaHJ2i0vT5odQ==","mode":420,"size":83},"lib/utils/css-utils/template-safe-parser.d.ts":{"checkedAt":1768031008396,"integrity":"sha512-R3SO9zVAS8eJvulcoY6mEk+UxN/4dZvWxlrDbUsajGdEusMMisT/o49W/kME0mXjExfTQG15KNEVsyqDTY6/SA==","mode":420,"size":195},"lib/utils/css-utils/template-tokenize.d.ts":{"checkedAt":1768031008397,"integrity":"sha512-B0m0e7sLSbE8UwuV0HWiw1jIYFhwOKhNfxHzUY/PVPolSBVmMw5kVD8odunEwVTdJ0UV+9kJjHzmToIc5aL+Ew==","mode":420,"size":259},"lib/rules/indent-helpers/ts.d.ts":{"checkedAt":1768031008398,"integrity":"sha512-xI6WKHpWOo2dPFxwPpqvwFxKLymh0ki7CCiC4fLWQS//qi2mCf5Y3/DR4m13E7nLdKwBigi4Vv/kjMAosS99qw==","mode":420,"size":365},"lib/types-for-node.d.ts":{"checkedAt":1768031008399,"integrity":"sha512-D3R4F4D1OpC3bBCrmwgxWTc0Z1r+/J/Y8hAzvHIPy43F2RCjLJGpXBDWCi/VoYgkJr4/xJB13qMHA8xEYv3KmA==","mode":420,"size":70651},"lib/shared/svelte-compile-warns/transform/types.d.ts":{"checkedAt":1768031008400,"integrity":"sha512-jloEzAkvaJLXpElRCWSshLVeUiuGpnqthmU3tLq26aZLnexRJctcfH+W/9AfJv8RYZw/rdO56oQQFYn224wUKw==","mode":420,"size":153},"lib/types.d.ts":{"checkedAt":1768031008400,"integrity":"sha512-+nXJdAEmjyc3XnGUChR8G1vESLfscttUs/OLczRA6FPjKp54a4ONA/jlEMEjq9r/47pOW25E7iWVJZK6nlcBNg==","mode":420,"size":11220},"lib/shared/svelte-compile-warns/transform/typescript.d.ts":{"checkedAt":1768031008400,"integrity":"sha512-4uaAXv90H4LNmTk2mm8BqI82laiq+yubkClRNEMtjKeyZw6DJNybe6Udm1VXNpfmKEERnhscQ4uPT+iTJK+Vpg==","mode":420,"size":427},"lib/utils/css-utils/utils.d.ts":{"checkedAt":1768031008401,"integrity":"sha512-vyBFdLNL7xOnFbnTldOOpWORXyayMB+xUnDEGoVHWfN8VntFTCd4+L9GC+vHbBj0sBIFrI0yh9MXybIBN6fE3A==","mode":420,"size":349},"lib/rules/valid-compile.d.ts":{"checkedAt":1768031008371,"integrity":"sha512-mhGCncPcZALVPKTWN8S3ovbGbH/KZbWpqj6AyKTtZlO9Ijmzik28V8tHEzPu2ze0c0qHpesxYWaHJ2i0vT5odQ==","mode":420,"size":83},"lib/rules/valid-each-key.d.ts":{"checkedAt":1768031008371,"integrity":"sha512-mhGCncPcZALVPKTWN8S3ovbGbH/KZbWpqj6AyKTtZlO9Ijmzik28V8tHEzPu2ze0c0qHpesxYWaHJ2i0vT5odQ==","mode":420,"size":83},"lib/rules/valid-prop-names-in-kit-pages.d.ts":{"checkedAt":1768031008371,"integrity":"sha512-mhGCncPcZALVPKTWN8S3ovbGbH/KZbWpqj6AyKTtZlO9Ijmzik28V8tHEzPu2ze0c0qHpesxYWaHJ2i0vT5odQ==","mode":420,"size":83},"lib/rules/valid-style-parse.d.ts":{"checkedAt":1768031008371,"integrity":"sha512-mhGCncPcZALVPKTWN8S3ovbGbH/KZbWpqj6AyKTtZlO9Ijmzik28V8tHEzPu2ze0c0qHpesxYWaHJ2i0vT5odQ==","mode":420,"size":83}}}