{"name":"esrecurse","version":"4.3.0","requiresBuild":false,"files":{".babelrc":{"checkedAt":1768031006274,"integrity":"sha512-d8UlecYZSwJ676aj97lw/LWqdKl+fjNtjVLeQSp9v9fK8dMJGDzb6uEUU4AlfJuB4EN4/7keo58xmRnd07zHRA==","mode":420,"size":30},"esrecurse.js":{"checkedAt":1768031006275,"integrity":"sha512-nnG/Cn30O2dqg4Utoub8y/U1ZPmWSp5U9hQkvVR3BodFWwcH+BF0fmbMdj/Za82VOjlyj9b8gB3gq5V8rftFYg==","mode":420,"size":4230},"gulpfile.babel.js":{"checkedAt":1768031006275,"integrity":"sha512-jEV04bitNLA3ZaOMxnEvw+AYExV56hGgrptuKQUgUNV9I+vO4tB2AF0zkgwcQoD4HuqaWEAXb/f4MNwwFayO9g==","mode":420,"size":3000},"package.json":{"checkedAt":1768031006275,"integrity":"sha512-AFnoWbV4NQpPMVyk4qdx3WBRC40L4kGb9bhAVEXHBO2Kpmkzi9oDhow665cgxMROiSVvr9emg5kgLy799ALqzw==","mode":493,"size":1165},"README.md":{"checkedAt":1768031006276,"integrity":"sha512-o8IUunf49hUHLW9D3RLrC9rlCI4nudxdWU4oNNQAvWeyirdZbCcN1Jldu3VNJSbi45S1ZaRhVv4ptDgmCsYmYA==","mode":420,"size":5102}}}