{"name":"@types/unist","version":"3.0.3","requiresBuild":false,"files":{"LICENSE":{"checkedAt":1768031005443,"integrity":"sha512-HQaIQk9pwOcyKutyDk4o2a87WnotwYuLGYFW43emGm4FvIJFKPyg+OYaw5sTegKAKf+C5SKa1ACjzCLivbaHrQ==","mode":420,"size":1141},"README.md":{"checkedAt":1768031009090,"integrity":"sha512-vbZuxQ/ExgLksaPZTTylN8n7BFEQSMNoasJkZKAlStLOxmzg0d48Taj9oCWjVEvJjRCVVR52nD4FQ7m+BR9smw==","mode":420,"size":770},"index.d.ts":{"checkedAt":1768031009090,"integrity":"sha512-4D5z98Rqe/SkRJFLSOBoA2DGhVKH2SvQg1TKOw8eUKCyaXFB0vPPUiDWlJepsnZ78TFPqI64cLVmDgsAiLEuKg==","mode":420,"size":2543},"package.json":{"checkedAt":1768031009091,"integrity":"sha512-XI2C5yyX+E/HIgCElrhQAsUhuJXysjnTnCz//QmM4gi2rhy6AmY2PoQ8pO0XbB6F/AQejHPEnca8nl48cA7ziQ==","mode":420,"size":1808}}}