{"name":"@rollup/plugin-node-resolve","version":"16.0.1","requiresBuild":false,"files":{"LICENSE":{"checkedAt":1768031008105,"integrity":"sha512-+MNMf6Un82mOjt6EL3mKgq094wsLdm3KbCSStF8EU7VRzI9wDsofMWGddLacEU23NCrQfFAH5RjWjg4Ubw9Ppw==","mode":420,"size":1151},"dist/cjs/index.js":{"checkedAt":1768031011683,"integrity":"sha512-QwUaOXXH8Mn3xJFqngTpNdEBJolZms6yrdUISRCOGbEjr6X1Z5o5+opzmfyaJXSLxLnanV4sg8+qARsbN47Vwg==","mode":420,"size":46020},"dist/es/index.js":{"checkedAt":1768031011683,"integrity":"sha512-4/OEqk/ju0hp14OwtFUhJVKVtkePqC2LwiH2nnF1BmgHAE87/FE6A1AgO+setBpy7FrlFAuTOx8jMrkmeKMNqg==","mode":420,"size":45803},"dist/es/package.json":{"checkedAt":1768031007895,"integrity":"sha512-Cj8csVIsbnWVGGqaVO0HP/pZCybH0xsId/Gckl+EcDfp+XIGa/7WJgmxkOsrwh/3sxUU4Iw95keA/vWYLLsh8g==","mode":420,"size":17},"README.md":{"checkedAt":1768031011684,"integrity":"sha512-ML3yboP3d94HtyPQfMm0bqZ2qgmIt0h6WhacyZC0CT18BuNwlR/sxHX2jPNRzfHE2asaPjIBov8BwCvrRHmCIA==","mode":420,"size":10398},"types/index.d.ts":{"checkedAt":1768031011684,"integrity":"sha512-Dg/PgJKNf3mD4D9Oyj0T36OrwJKlzVMkBiOjEvkD3KLYbjJLdb3zDpRs9p95dIgHTo8aWv9zAJJtcufxEDLQPg==","mode":420,"size":4248},"package.json":{"checkedAt":1768031011685,"integrity":"sha512-xMA0ca6caPwlyfcqAOoMNBPlKd8LxcVWwRR+HYjnGK1F1AQ8lRObOYkz7AAyf11ghexvMgr/JoVRN2p3BVTzMQ==","mode":420,"size":2337}}}