{"name":"reusify","version":"1.1.0","requiresBuild":false,"files":{"LICENSE":{"checkedAt":1768031010650,"integrity":"sha512-yLelKyGJ2gaRG8tBNe/yi+86d2wfS2M1B1KxiLOXa32etzBcwZJnh0V7ddjbKPVGd4sQ1GM0dGA1LNpmdbRHNA==","mode":420,"size":1087},"benchmarks/createNoCodeFunction.js":{"checkedAt":1768031010651,"integrity":"sha512-dUVuFE3NHIsPnTc9pP1ZrvkrVGz+TYMVgApj7VG6yM4YVnuEhovxMtKkZG4viVIAWtCpXH9HPRBSnIR16YS5nQ==","mode":420,"size":590},"eslint.config.js":{"checkedAt":1768031010651,"integrity":"sha512-OFJXz3p21hhY9ubDXXYAbC7N67ypaluoPebQ6P1fpeh+jBdXsjn2k9dvmAngnHLJ1TeFj9uE5Wh+/A4IjRRGtQ==","mode":420,"size":196},"benchmarks/fib.js":{"checkedAt":1768031010651,"integrity":"sha512-kvlLgMjytO+hY47ooi9ONDEcziN8jEJGD/ArWXJc+Qs2cvc6aL27J22Xv2aVPfNS4FE1xLVXndpg9bpHyZgkFA==","mode":420,"size":177},"benchmarks/reuseNoCodeFunction.js":{"checkedAt":1768031010652,"integrity":"sha512-zAj7MICj1pMMoD/thoNmmm40SXICTFuUTTmInkguKOlwr78TXgH7Z/V0HzdtKAffhRFW0t/KSJYIqcnWoKMqVg==","mode":420,"size":713},"reusify.js":{"checkedAt":1768031010652,"integrity":"sha512-vyldGtKcAUQZki4reYWLf0R9ei1dhReHBgH/hiNkKRYGGtFOWy9HQNrFFL84Y1GheSb/KGMvYc+V+6DomP723Q==","mode":420,"size":454},"test.js":{"checkedAt":1768031010652,"integrity":"sha512-jfLDiZa1jUvKlDwgPWBOio03iL1g2Ju3lYjLmcFaK/XSs3qIgAuSS7yM8xL3F4evXh71opN1+0oyvkkHRvFo0w==","mode":420,"size":1440},"package.json":{"checkedAt":1768031010662,"integrity":"sha512-mPKenk2D+e4TU0mVorW7cR3dqCxJMWUeRwFtbl4rTr8SRMwtDZES+ecOWMnRxV5jSD91TjrW4cehTRzg6S4RLw==","mode":420,"size":1074},"tsconfig.json":{"checkedAt":1768031010675,"integrity":"sha512-xUYOyEOHI6AwG9Ay6EkHoUWAeEkMc7Rc2NjcPdCdmH3hQa283TwGKsXeAL6g9izHrZ9j5ST2r9HMpcnJC+Dydw==","mode":420,"size":156},"README.md":{"checkedAt":1768031010676,"integrity":"sha512-X/BjV8/tR7O1+sJ6oo5F9UtJPYrAIQGg59O1VQ3QOsSlx8ktQODjVwVfy8mqjJ8/sh2Jc+bD47oixYJW3MFpfg==","mode":420,"size":3242},"SECURITY.md":{"checkedAt":1768031010617,"integrity":"sha512-0nt0GWMXpexFLbBcpryZYosPIf4AmBYor0HrBH47topAb1/CuNNADj8eiMktKqZEM6VVua/EBX29nowMfRfu0A==","mode":420,"size":455},"reusify.d.ts":{"checkedAt":1768031010676,"integrity":"sha512-rcjHCkwuYtEwuUHrraEY7e6cmAv7BrNchkEwWOVJrMrPHK2UaC069VxH4+Ly5kkqTIU00gYOPfDSY4vscaWxVg==","mode":420,"size":212},".github/workflows/ci.yml":{"checkedAt":1768031010676,"integrity":"sha512-VzXRg9yaTKAwnYI5cFS8U5r+B0e4eYzWu3Von6rT3PoJwB2p1EcDZACjJ1DcS05nCYQKhbokxL3rAK1bTkyL0w==","mode":420,"size":1775},".github/dependabot.yml":{"checkedAt":1768031010677,"integrity":"sha512-C2DvqAH73+BvcrTWFA7cIX3Kfwsng7Gu32mCB9H9Pa7f3ye9S/uCLt0VOnm/uigodIUvAxIP68lO1hHFmjreiw==","mode":420,"size":125}}}