{"name":"@sveltejs/adapter-node","version":"5.4.0","requiresBuild":false,"files":{"LICENSE":{"checkedAt":1768031070391,"integrity":"sha512-210J9JZYxIbSu5A9LA9wPZRHe0jrYUb1WkiBcb+YcNZN0iLmnA9pX36av2pZQ8/OHUSDfCYYZN3qjo4U8SrYxg==","mode":420,"size":1110},"files/env.js":{"checkedAt":1768031070392,"integrity":"sha512-A82eAf4DEb00hk+6S7VXJaJKxTf7EtvFIKdrt2ER/FmFvq2APKGT/oiL4yZ//sFrTNFv+PS8uyzZUilnIEOrOQ==","mode":420,"size":979},"files/handler.js":{"checkedAt":1768031070393,"integrity":"sha512-J2fV2tBq5V86ikhlsfDIjkZfCk/JFYJq0sttsXaNNkrpqgfNISSFR86Zt7ums6/r73S+bEKhn1JVLe2ZQcrIZA==","mode":420,"size":38452},"files/index.js":{"checkedAt":1768031070395,"integrity":"sha512-sLqaKCwBC7ZUiy9yDr757IFMQKXKhN+jWgzNJYiEkvIMuUqW98Kc+BPc5CCHh9P91K0+im3YwUOeg2REvvUckQ==","mode":420,"size":9537},"index.js":{"checkedAt":1768031070396,"integrity":"sha512-08oVZdEy2wysjO6MOailyaeTUXTqIHcR4Jqg9IWZOOgGZbuQeO49fwcP3JzGOK96Hbp/st7LxSFVHiwCmOtbEA==","mode":420,"size":3925},"files/shims.js":{"checkedAt":1768031070398,"integrity":"sha512-9JZYzIyrS+gQfBfkLHvSiPw6JPVzJ4KIYLL8eJiLiI10rPDNlczlcJsX84SOr+57lbgtRnl01d/ZbPTxFCU9cQ==","mode":420,"size":726},"package.json":{"checkedAt":1768031070399,"integrity":"sha512-7xbQQroErcTt+xLgHRDVRwGV53/jw/HuvWcXsl8XxLKBXIdf4CuW4LH1cTyfkvgRQ328nqLkd7tXFRIsQe+wUQ==","mode":420,"size":1441},"README.md":{"checkedAt":1768031070399,"integrity":"sha512-2nYMTkpMzB3plRrEQamLBuerbemw8BTFDeLe8CfjuKE1u1Wt6lX5m90lKDQnCzrTHwjCSgunprTkDg+cDF7aDA==","mode":420,"size":371},"ambient.d.ts":{"checkedAt":1768031070400,"integrity":"sha512-0tXs1U5+Q8CjAVgo5NkUDbIpWiNlG1drAtw62Zd8I4+XeLBd6iMgnc2l1EUg/gwUkqMj71XbdfhF7v7Mo4RKdA==","mode":420,"size":248},"index.d.ts":{"checkedAt":1768031070402,"integrity":"sha512-r4SkZw1f1xyxx7ge0Ff0NY+arDhyCh1OCny1Y1a9FnaYBWiVCxlxIesT+8pqu6TFoxtOMMiFeGQzdMOm0HwSBg==","mode":420,"size":269}}}