{"name":"ansi-styles","version":"4.3.0","requiresBuild":false,"files":{"license":{"checkedAt":1768031005949,"integrity":"sha512-nIst73auX/5NY2Fmv5Y116vWnNrEv4GaIUX3lpZG05rpXJY2S8EX+fpUS5hRjClCM0VdT2Za9DDHXXB5jdSrEw==","mode":420,"size":1109},"index.js":{"checkedAt":1768031006150,"integrity":"sha512-NN25IIkUrFPtfA5xYvdNAxOo80jzTbgkQUAoMTwD3mdJlayYu/hW9SGdRNGvFFX6QWeOsU28RjlWe5In7xHKMQ==","mode":420,"size":4139},"package.json":{"checkedAt":1768031006150,"integrity":"sha512-TZllXr06wJQwq2vrQx1PlfcbrEjIf2fRDP4mFPd7IGVaR+7Llz2hNV4VEENE3EaIpsffEoUUAF2b1UYsjtxiww==","mode":420,"size":1054},"readme.md":{"checkedAt":1768031006151,"integrity":"sha512-SnSiNWeK8yC+9cpXRtMfMfucXAGsPaSZAYwvQhaDSlMJbhBDAJEbIrgOFsK7JdZzyt5tc8TogH7xfxLnVp0+Jg==","mode":420,"size":4327},"index.d.ts":{"checkedAt":1768031006151,"integrity":"sha512-aMh/+pjt6z2J6FBf5er5SXdZH2a5eiWFgayCMy6HQgE7qUeUJvpxPsZgRE67W0LdiunJkpBMAo+RpVwK72TMyQ==","mode":420,"size":6349}}}