{"name":"unist-util-stringify-position","version":"4.0.0","requiresBuild":false,"files":{"license":{"checkedAt":1768031009004,"integrity":"sha512-cQvy4TvDNGTww5W7wo7SHRjv/0G8g3u/v8V2BhwwrAM+M5M2Z7W8hy+cQrU+e4exnULY2LrZ0EQqBk6Fj/Sdrw==","mode":420,"size":1099},"index.js":{"checkedAt":1768031009306,"integrity":"sha512-8c6ME80I0XoO4gsIUjT6Lw1P1TIm/R43wsquAXYnZc5njQFJZ1hNiDWeT/uJJFwyrzBfuJpk+EgR7c38//yqeQ==","mode":420,"size":49},"lib/index.js":{"checkedAt":1768031009307,"integrity":"sha512-INKJ4vw9Qfv4uSdubeF3NxX/c0J9cQEtSZaI0R3BVl1cSigkWyCbNb71VGqSu0dxXKEQjNVBq2J3pLGzupsM6g==","mode":420,"size":2123},"package.json":{"checkedAt":1768031009307,"integrity":"sha512-nhlGS6QOvHkgIYTlYUDKqvtdGiO2CuWx060rPAAMfRLzCPT4L1+8MiCwgIMnevZXP8uDsAQnClPN6FTi5Eg8NQ==","mode":420,"size":2022},"readme.md":{"checkedAt":1768031009308,"integrity":"sha512-LL+oiDZYalVIiklQb+oZpLQnsN9+y1nHSERt/sRKg7Gu4h5e9fJdHC2CWxeaULXc4gGLcdQfhv4NZdLlanlVnQ==","mode":420,"size":6025},"index.d.ts":{"checkedAt":1768031009306,"integrity":"sha512-8c6ME80I0XoO4gsIUjT6Lw1P1TIm/R43wsquAXYnZc5njQFJZ1hNiDWeT/uJJFwyrzBfuJpk+EgR7c38//yqeQ==","mode":420,"size":49},"lib/index.d.ts":{"checkedAt":1768031009308,"integrity":"sha512-185jfKxw0CKvXUdmab0zW+EEM+Q7H8I0vx6B7Ti6WFC3e7+euT6Qu+h967VgH5ZiOwIEywf4anCfbac+WfgE3w==","mode":420,"size":1813}}}