{"name":"postcss-safe-parser","version":"7.0.1","requiresBuild":false,"files":{"LICENSE":{"checkedAt":1768031007750,"integrity":"sha512-83RJJ95IfQlH9xuw1X7jpvJKJXpEdtzfI32q4Gf1M1tDLrfK+i1kN+kQXvSKUCvYckqG2gDnAtk/kO9IrzxfqA==","mode":420,"size":1095},"lib/safe-parse.js":{"checkedAt":1768031008466,"integrity":"sha512-Nf+jfuSQmT/S3Sl/OluQWKOdeFcXqKnGgED66yVLGIucPs4WkfCyE8lO6l7Y/TwElcq4iP2KpNP6ymRHpPZpDQ==","mode":420,"size":242},"lib/safe-parser.js":{"checkedAt":1768031008467,"integrity":"sha512-T/cnQOEh5Lp0ZLtvfzELra0zTKVoyuK6iVCDkvT6FdW1Ie0qwpkr/cPlHIJKGSg7/XGqfrC4pvtz4TX6hOdptw==","mode":420,"size":2405},"package.json":{"checkedAt":1768031008468,"integrity":"sha512-ez4ml+O89HOP/ZMRbbonznFwOIPShlPtep2ikEAmVHemgK6uc1ZmoNrzIv17vypWiWU0Km8s5hugx4CWKxV7ig==","mode":420,"size":770},"README.md":{"checkedAt":1768031008469,"integrity":"sha512-teDN8HUOhXwG/+H/0VOR/JcTpLWPeChJsR5YqTQoR3YtUAh0Vg6DrA4IBGC44XTPRzJw8+9B4qVSjku5wBtM7A==","mode":420,"size":919}}}