{"name":"lodash.merge","version":"4.6.2","requiresBuild":false,"files":{"package.json":{"checkedAt":1768031006926,"integrity":"sha512-cydJx5PLqfmZtVUK7aLcvGEOU3Efxo2UFAmJ7abnSSoK0mK0AXsi9Kk8ZqmVlisRRZ2Kc5p2T9FR3Exo2hWvaA==","mode":420,"size":579},"index.js":{"checkedAt":1768031006926,"integrity":"sha512-VNjHS+oc0K689gwFOnIg/L9M4DlHF8nRf7lNiTHGmZ9wwzq0wNlfKdg0O06G6iBxcd9SYDC//ZLNypGJygnwIQ==","mode":420,"size":51155},"LICENSE":{"checkedAt":1768031006927,"integrity":"sha512-OVKmi0ACReW0qn9lB3gIkwOokjOEH4DTURXOynLKs5Wpgl6nWq/flVnw+Ax/jxxqj+40sAcUtOIZHvz5E4Y0NQ==","mode":420,"size":1952},"README.md":{"checkedAt":1768031006928,"integrity":"sha512-SqemvMbcTqci+tuaJtEtosl9f3gQ1K6Wi+1r1x7yP+0kK148uUlej919ZV8fDD6JME24k90Cy2KEIBayMYd79Q==","mode":420,"size":446}}}