{"name":"fdir","version":"6.5.0","requiresBuild":false,"files":{"LICENSE":{"checkedAt":1768031075205,"integrity":"sha512-U5rzE9frjqsI3sW+naRKNl9+VDSdwurgZXBg8ykONZr5QZPmZQCXcKo/8Vb1jdWMCEdQK3AE1nA4C3tImrXt6Q==","mode":420,"size":1053},"dist/index.cjs":{"checkedAt":1768031075205,"integrity":"sha512-sz4j2lqkYJkMIMFtiPQQi9H7BeQJPQzrcHDRL1Z7XMXfPqPWRBwpDnMKzWZR5/MLbcCRE6CnJR0mm19ov6lhHw==","mode":420,"size":18210},"dist/index.d.cts":{"checkedAt":1768031075206,"integrity":"sha512-zyX4+50T9kOPfLdZu+sWPLG46+FU4/USlHeycEOMp5WWjs52BDpXfXEC83EpfvRyE9dJ5tc7OsQUKyDk7hEQSw==","mode":420,"size":5129},"package.json":{"checkedAt":1768031075206,"integrity":"sha512-v9ANUVe8DXApNbNHfetml+5PzYLKWnoJ31AHfAx59FW0v45/kwFR0G1AmSUMX98s/E834k4UeLLfX38aYaTb0g==","mode":420,"size":2694},"README.md":{"checkedAt":1768031075208,"integrity":"sha512-Z1VOAoOSg89ICzWjmpptdw39X4utJ1L+vOHPKZV0lufronjGJzb0zs47ea/WHXGBnjS11o6ABagPIv3pC5HNZQ==","mode":420,"size":3851},"dist/index.mjs":{"checkedAt":1768031075208,"integrity":"sha512-5CXwQxN6C3ctAh8LPaW7C5tLju6IvmaZTdRiOb1C6RMCTN7MsOLwCAsnrKmFxxZoTfNLyzpRNM8t69wBYqGGuA==","mode":420,"size":17225},"dist/index.d.mts":{"checkedAt":1768031075206,"integrity":"sha512-zyX4+50T9kOPfLdZu+sWPLG46+FU4/USlHeycEOMp5WWjs52BDpXfXEC83EpfvRyE9dJ5tc7OsQUKyDk7hEQSw==","mode":420,"size":5129}}}