{"name":"esbuild","version":"0.27.2","requiresBuild":true,"files":{"bin/esbuild":{"checkedAt":1768031075424,"integrity":"sha512-ZZ4AjYaUxxILiOJcP903pimKY+31h9TdF4I3am+N0YoWrRjI9vQKvBDeEKaJTf4bqUySE9jO/5BdIBvKPOf26Q==","mode":493,"size":9350},"install.js":{"checkedAt":1768031075425,"integrity":"sha512-A/MhGi5PLSIIiCZ3UmEEpyMjR76/MtEQoZ/ObaKJxJmAm7IJaIjXnVkcwnlnKc0dQ3KfIJME3hEwu4h6ClXGBw==","mode":420,"size":11160},"lib/main.js":{"checkedAt":1768031075425,"integrity":"sha512-vva8tlKtG8axHlRBeh2gvn8KdlCjxSzGDRVXJ6OiO1li86m/TfYO373dADC7/Y4rZEsKAH+LfPk8wwMSMyt+ZA==","mode":420,"size":88698},"package.json":{"checkedAt":1768031075426,"integrity":"sha512-n04Kye7NDajXhIpNHCjto+7lsdJIu9hzpLCDxM1XmTfl7OOQ0qpw7IblVBS1h40k3GwdfH++bFE2sS9IR1MqoQ==","mode":420,"size":1463},"LICENSE.md":{"checkedAt":1768031075426,"integrity":"sha512-oQ9lr3GFGv53nYkl4A1WgBdsYLdqABglgLT15u2KH3GyGBkTT0Aa1apEyikCaWk8KOERe9SHT8f7hVezAfkAxw==","mode":420,"size":1069},"README.md":{"checkedAt":1768031075427,"integrity":"sha512-d8nFKDXLOjrfvX2ysOMMH70lmd6JzrJCMUDtSrlqRENr7wchIAA9o1hMX6i1xG+1AX6+N2fbGqAKklwnjx8wxA==","mode":420,"size":175},"lib/main.d.ts":{"checkedAt":1768031075427,"integrity":"sha512-FeSWlW7AN+XuVP71W7gp0y2UDV2Pc+ymmI1rno1Ck85r/om8ZTRz6gdrNG8Et2NPNrvObieLCRs1k0YsKrZsng==","mode":420,"size":23392}},"sideEffects":{"linux;x64;node22;deps=+UAjkzmyxbuE6f5O8V545HiDzjYY8RppN0snJIbmrgs=":{"added":{"bin/esbuild":{"checkedAt":1768031077262,"integrity":"sha512-NO0ILqkicL8EfezS/We49ImRfQxt9sBPGYp68p0BmCzCeYXNjylJ3lTihu+H5PoBRD6u/yy8+QvvS6m4+2OX6Q==","mode":493,"size":11100344}}}}}