{"name":"source-map-js","version":"1.2.1","requiresBuild":false,"files":{"LICENSE":{"checkedAt":1768031007831,"integrity":"sha512-a4quda6qIVBUjYbx8AJc7J3bx9+jwfUeh96Hch7GTvMbYNorBIcYOMqVHOobuDrw3FGKsW0I5TNBGdEq703iew==","mode":420,"size":1526},"lib/array-set.js":{"checkedAt":1768031007833,"integrity":"sha512-/Ou0vVc0wZWT/wWuMPXJbSv3GHGF6gsYKDtzs/ej89xwTeuExiZakM8lbyeM9qXo4Vw+j3nyjQOLbVoTqBKr6g==","mode":420,"size":3197},"lib/base64-vlq.js":{"checkedAt":1768031007834,"integrity":"sha512-4iW04DK4voFlS0PnPjjRYsxEn4D16ha5f4d1mAgxfAIsm2DNwMEZ7WvX5p23u4NZt0K/APdoGXtbiMRhnowm4g==","mode":420,"size":4714},"lib/base64.js":{"checkedAt":1768031007834,"integrity":"sha512-+JZQPKYAvOuuLKlL9dQZPekes34WSJ3fPddKQ6ljF2muTTs8W5UvvmkgSOk/hHSAlD7C0wDum6T5OCh+uDoBIQ==","mode":420,"size":1540},"lib/binary-search.js":{"checkedAt":1768031007835,"integrity":"sha512-rJG62wV+zBLl+zcBJBTbBRyNnDU4npBQeZEfibzxIokkn241CAyLp7MjCGXFG9YhB8ggUROfm7xcsN8FkjtuDA==","mode":420,"size":4249},"lib/mapping-list.js":{"checkedAt":1768031007836,"integrity":"sha512-IGMtpwSL9QukmC3s3uaNHg7NHaUql5+bXdCJHPutUrs0tLyS30Zsbbf6WMnAEbnner0g5oA+LuG4TPuP0JnHew==","mode":420,"size":2339},"lib/quick-sort.js":{"checkedAt":1768031007836,"integrity":"sha512-VPX0GnsfQa+dnKFeUs7k/bqt/uWAJdZSQmKMHZPzXdK6ml5hUZQVWxY8R/lj0GHguK9e55X1eQorLpWo/tWFIg==","mode":420,"size":4068},"lib/source-map-consumer.js":{"checkedAt":1768031007837,"integrity":"sha512-sn2GxvzWJyIvJKbe4mj/sFmiWHpFP2ykW0GjQpvGqASrfZ99YFteF4CLpM1aFPNJvWWoGO0hmLtHnrTwtOFPTg==","mode":420,"size":41580},"lib/source-map-generator.js":{"checkedAt":1768031007838,"integrity":"sha512-+qVl3xUM1rfnnbIWXKYtb1mx/B2RKW+zQpt4gbv/fNKY+n3kItXb+8xol5xzZbyWP+AvffQuaBf+yQz7uYS/ZQ==","mode":420,"size":14933},"source-map.js":{"checkedAt":1768031007838,"integrity":"sha512-C+oUuncUn7WIh8JI4Kvc24krlT3unZRwf7QZT7rsPmr6E7qcWEblKXbDRE/dEqJqepjNjH+r3BZv+MmOKUw6TQ==","mode":420,"size":405},"lib/source-node.js":{"checkedAt":1768031007839,"integrity":"sha512-p+PQSP1b8COp/v3bAS9K1KLCSWu0vnfaV+So4LF9LkRyzuaO7hk0x1Mbg1uS+kKVU7WAbrl5A4MNCxyqyoQjng==","mode":420,"size":13808},"lib/util.js":{"checkedAt":1768031007839,"integrity":"sha512-mB1bNboxZcSn2/ps1LPlJKW0OpxZrUnh7IYkAyIo+OartEFKKMu4YohEDJGqxnQpMqOCi7+HaTOGy4C9KwIP2w==","mode":420,"size":15403},"package.json":{"checkedAt":1768031007840,"integrity":"sha512-+V/PKFrWxISNw7qt+OWYyAQSWMIOthzgRX346kL3t3T4oqpNPZpNvabO7lrluA8NKMfB8BeytBzz1ghEYLWu8A==","mode":420,"size":2548},"README.md":{"checkedAt":1768031007841,"integrity":"sha512-e25bHHZBeC49ctZIg1Q1IceQhjtmOy8XGle4/74nIrl5XiaGU7a8vr5srWM7IF/lfBPcLSIjj3JXvaQ2HiKqeQ==","mode":420,"size":26040},"lib/source-map-consumer.d.ts":{"checkedAt":1768031007842,"integrity":"sha512-CcDv6cr+8toFNChStJinlqQWO561KToqmmUBPW1fldINL1peKeCyjFz2C6E3tOgfbkWzukrSeR6bci0eu3FFWQ==","mode":420,"size":40},"lib/source-map-generator.d.ts":{"checkedAt":1768031007842,"integrity":"sha512-hzQMczqJAc805gGccJUXYA7CBJOPmigla0q+ageY49LacAMAMVhA3ZPHQQftDPgN3bxwMWskwCiXq0gambl7Ow==","mode":420,"size":41},"source-map.d.ts":{"checkedAt":1768031007843,"integrity":"sha512-uODu5uZuy1G6aV0EI1Wg2QX9hDjjBpewNhgTkfQ32k0TorvaruwM25MtaXDYcisuscr/4CqiWBotjAbmiThKAg==","mode":420,"size":3408},"lib/source-node.d.ts":{"checkedAt":1768031007843,"integrity":"sha512-klFaw42FbmKsOzx5NIDgNtnUssq860ULrjzSyvhI3yZAWntgpMpNaKqfJoqJWq4tSbdglSe6yfZaeMSSB7jk4w==","mode":420,"size":33}}}