{"name":"is-core-module","version":"2.16.1","requiresBuild":false,"files":{".eslintrc":{"checkedAt":1768031008238,"integrity":"sha512-akJG+Oheuj3Bv8Q95C/wjFH8/bOuMaOGwZSR7gSXEnWqC7PFfFAmchNcNP87Gf3xVutdeh80cK5uQxfAM9pprw==","mode":420,"size":339},".nycrc":{"checkedAt":1768031008240,"integrity":"sha512-2vm1RFz8Ajl/OYrfoCWPJIm3Bpnf7Gyn5bha/lZx/cq+We3uMy9xj15XeP6x4wF3jf/pO7KMHAkU9mllm605xg==","mode":420,"size":139},"LICENSE":{"checkedAt":1768031008241,"integrity":"sha512-1mJKUZ9YlpyqqQZlDeW/4CCD2kauoUkswy1431sW5SiS8Eva23XufQiTVh5Nem2WmzOr5dyKsg2dXWrJcIgQZA==","mode":420,"size":1078},"index.js":{"checkedAt":1768031008242,"integrity":"sha512-qhS//dhxVM+h+7cpK+CAWlB63GvMn8kpqr0lERpdqRp44hX1/yURAdf9SkS+8rgDaNrT92/DXjFv7eTuyDyPSw==","mode":420,"size":1766},"test/index.js":{"checkedAt":1768031008242,"integrity":"sha512-EJgI4vZE/nnSnw2aWeTVOcGAPbdXt7qpblMmcHMnvrpIYov+ZEVJzVSgdZzICukysSG3GBbPOLbhBhwxn9Owdw==","mode":420,"size":4620},"core.json":{"checkedAt":1768031008242,"integrity":"sha512-qes6xQDgNh0qrin8ngQ16kszqvCYHKmNCBhRKql4LLenpp73CgJaJX3Z5Sz80PFBRHToTYbZa/P6G903vV0IDw==","mode":420,"size":5953},"package.json":{"checkedAt":1768031008243,"integrity":"sha512-Y5Q1+uACEWI5tkWcETYLbBYR1yPIUUMkbUS3JP5/iTZkGiYs7elVh671ys0TDRqSnSCgrqCWUo3zXIrw3Y5HpA==","mode":420,"size":1914},"CHANGELOG.md":{"checkedAt":1768031008243,"integrity":"sha512-V98TYyMNkdwDPtCh3YLQdS/pz7Jo8qRt9Dpco01yHPDSa999drozRmK5SutpjA0TQwFlBudAWe3XIYzBwSvolQ==","mode":420,"size":16007},"README.md":{"checkedAt":1768031008243,"integrity":"sha512-mT1iSdlVEusV6N8u9SWqI6tc1rHKQtsIhDXU3SZ/VueTe5wlCJerQhSw6OndGnFgppHf5ZSCFuWKYO5gaYHAyw==","mode":420,"size":1659}}}