{"name":"sirv","version":"3.0.1","requiresBuild":false,"files":{"build.js":{"checkedAt":1768031008072,"integrity":"sha512-X6FnR0w+lhwQfIzWBzB6svzlF5lnLK2vnEfj3GVD/t0BPHkXhMbIpnS7Q7N12xDAHw5/0OUP7ufNQITBoqmWIw==","mode":420,"size":5226},"package.json":{"checkedAt":1768031008072,"integrity":"sha512-r1KbsuBikj7+3Sm2v9Kp2OAWobvFapUNCqoYeS9flpnyyHKGWZSmHVEaoJ5lgBCojDnbbJrXZ/WVdccbS9GBFA==","mode":420,"size":834},"readme.md":{"checkedAt":1768031008073,"integrity":"sha512-NVcGnXNM1hlgW2dMPiASY5FJTDKEUbT3J8HwHjqt/WMs3oBlg8En1ka/xIJfq891sAAjseZ1YWy0GEHw/uC2Gw==","mode":420,"size":8964},"build.mjs":{"checkedAt":1768031008073,"integrity":"sha512-bsXaUYKn4ENdfcaWQmG7Nurp/FDBXhVToC5FmA88wR6aGZO59lZGtrtIbVaIdVxTS08gmFJx2xCuc6ej3NOmLg==","mode":420,"size":5204},"index.d.mts":{"checkedAt":1768031008074,"integrity":"sha512-P2NVZTyrYDIrlMD4N1RJyBLPB5TMFMcKnXgDo345cCx996T5DZ9/haHqKSB9ZpgT+fAiwCvCk/pOCwmGwj/gBw==","mode":420,"size":773},"index.d.ts":{"checkedAt":1768031008074,"integrity":"sha512-/3HmC66eG1KwwHV0CY8mAPaysnw3SFpGZaw1S44YeQrGMs98MFnYQmXbM0Vb7o0doy6+xNhMwjNKlzBhxwsKSg==","mode":420,"size":844}}}