{"name":"comma-separated-tokens","version":"2.0.3","requiresBuild":false,"files":{"license":{"checkedAt":1768031009004,"integrity":"sha512-cQvy4TvDNGTww5W7wo7SHRjv/0G8g3u/v8V2BhwwrAM+M5M2Z7W8hy+cQrU+e4exnULY2LrZ0EQqBk6Fj/Sdrw==","mode":420,"size":1099},"index.js":{"checkedAt":1768031009105,"integrity":"sha512-yYRaawtbtdhfcG9HXgffQOhdt2EKCHGE1HkX5O8asF1LIi+Uuxf/LFa0m/WF0H1F9ODns8wu8rdBvMLjwvkogw==","mode":420,"size":1592},"package.json":{"checkedAt":1768031009106,"integrity":"sha512-ylXoUNvvsLdheG3Qp+9NHnS7BLjMM4+1gJKyeWyAi75isnMvymhP2pHtcIjgEqtzx+c+K7pkV7qOf59ip1splA==","mode":420,"size":1801},"readme.md":{"checkedAt":1768031009106,"integrity":"sha512-U0IewDubV2KlOtZSW36yfymVxpDyTAfyDxDTjhI5R6W8DaAmyanOgYLl3C/Q1VTSzM7+LZ9hXrjvZ5ElnA00dg==","mode":420,"size":4242},"index.d.ts":{"checkedAt":1768031009107,"integrity":"sha512-Ix6bXiueJ/q/qjxwT58A8BJAplp88DUTwEO5kii9TuQexZRT0j0weNHFJlTdpeIxrp32PIFitmCXimtkn+lPLg==","mode":420,"size":1237}}}