{"name":"exsolve","version":"1.0.8","requiresBuild":false,"files":{"LICENSE":{"checkedAt":1768031078281,"integrity":"sha512-1YExkS6AJNP6nQxHDQA1u1IQntO70bPjkZug2Tdw/Y/KVnWQYori1dP/f1Pg1MEsjHTf/s8CvPogkuduGJCqKA==","mode":420,"size":4771},"package.json":{"checkedAt":1768031078282,"integrity":"sha512-LUJ1fQn3ldEEziK6GzHMzIeV4smrh1p9l9zhUKli1JrKPY2w5+l3QGvD5HS3wgkYX6c7U2hGdbod+ApJ9ayXLw==","mode":420,"size":1238},"README.md":{"checkedAt":1768031078283,"integrity":"sha512-v11+yFSk2/7DVAbL4W4XlthEdq4zyfcJSgK5k4SjMuTSSFgAg5TJyhWb23Zf2NIgIiyEcIX1w/euPya89/03Sw==","mode":420,"size":6126},"dist/index.mjs":{"checkedAt":1768031078289,"integrity":"sha512-H+uJ/ZPHfE1lbY55nC17uuq1Wj5QrssIjG9A/ibN/Rr3Qro1HJZzR0t323yMwJ0oL/aRDAuHLK89J+UPwuzM2Q==","mode":420,"size":41441},"dist/index.d.mts":{"checkedAt":1768031078290,"integrity":"sha512-fRZ0uS8uYMvRpQO8fvhpFqncwcZ4s74EI3+7vTQNcHT37dq66vyGURtw4lw620M+HhlO9s0ctMKQjBDhOxlU7A==","mode":420,"size":2864}}}