{"name":"unist-util-is","version":"6.0.1","requiresBuild":false,"files":{"license":{"checkedAt":1768031079391,"integrity":"sha512-QW0614OQ2pE/wLkcUyNH79AgGJeBHY9/pQURh6XnXkrDpzF790GLKxMWW7FbFDyBAQRjDxU0q5PsGcSePwoZgA==","mode":420,"size":1099},"index.js":{"checkedAt":1768031079392,"integrity":"sha512-mxXTUVCrB0rmOJ537UYQ6NdDDW5yKUXfnGzQYIqcMt1vzs8ch21SGqDvfEdSk6oNBQPpruFAzWqE231CAobW3w==","mode":420,"size":217},"lib/index.js":{"checkedAt":1768031079392,"integrity":"sha512-tV0HA58p5I/DuCO6T18sAIZ7id9Bn5+6rlGay3/5eU3EhbNFKlAEJv11pItVJ0RwaaqvEKjAwYhtUHoT2enqDQ==","mode":420,"size":8989},"package.json":{"checkedAt":1768031079393,"integrity":"sha512-HmeE/h2YrKefOnC1yoyQMlWB0m4pzIajnTY2F2fnc/bhUeZmUKQWnRkqz8tA0hTBHFU7nHldWaWaZs2gDE3eeQ==","mode":420,"size":2640},"index.d.ts.map":{"checkedAt":1768031079393,"integrity":"sha512-/peY9gWd184S7Uz7rc6L0zkfzMEXNOkR6WN8KrhWI+u8ZjieJqHi4GGKjozpyWSREwU+sJqo6c6n4PF5A4T3XQ==","mode":420,"size":182},"lib/index.d.ts.map":{"checkedAt":1768031079394,"integrity":"sha512-chtYa16wBOD6aZV49qqz8B0C4JVa81EWp71XN4+diAd4Y1W09vEjCL9sFFypwvE0dRcK+mD5MH7z9YQxKDkh7Q==","mode":420,"size":3489},"readme.md":{"checkedAt":1768031079394,"integrity":"sha512-dgusSgZ2rpQ0SuKqJBlhjinn1pacWoLrO1hh0DMUYXoHNe8n9bmHmZu89rIRleG6+sKUxOdQ7DMvgTixWLOKXw==","mode":420,"size":8881},"index.d.ts":{"checkedAt":1768031079395,"integrity":"sha512-H7UP1gCrQXBhVvW9E5EzJPwNLW8CwUq8XO+WrmJrrILdUsJaQCdUSSYFpjg5vh6almrVmD10Xj14H5es+7Advw==","mode":420,"size":249},"lib/index.d.ts":{"checkedAt":1768031079395,"integrity":"sha512-3jn7kfFCeSfatRAn6a2jUomnP7Vuz0c+Ruqq1mRApRvr7ieF3cZ+dGxI7IO/ChobiNuf0535jBp62HhFtZHsNg==","mode":420,"size":5743}}}