{"name":"sirv","version":"3.0.2","requiresBuild":false,"files":{"build.js":{"checkedAt":1768031073190,"integrity":"sha512-pq7MowjAknQRIL8/r+fPKLkWVIDaW3PjiLaSSApFXNCDT0WgWF0zXjuSvGJKECwmmWDKnslm7KyhzkuocRF3dg==","mode":420,"size":5245},"package.json":{"checkedAt":1768031073191,"integrity":"sha512-78bVpZcPvLhxDO+rK6+lLXjS7xYaDs39ZorSC8E3LQ5OpuSSpKiBfNL8/NTLdgZ1vo4/cxiSbIiHQ7TMg7JZYw==","mode":420,"size":834},"readme.md":{"checkedAt":1768031073192,"integrity":"sha512-NVcGnXNM1hlgW2dMPiASY5FJTDKEUbT3J8HwHjqt/WMs3oBlg8En1ka/xIJfq891sAAjseZ1YWy0GEHw/uC2Gw==","mode":420,"size":8964},"build.mjs":{"checkedAt":1768031073192,"integrity":"sha512-nZPCorR/o+Go21NHdVktLGfDcBJ+2sK4JajQq5/b7X2VgpyN+ytOXfsl3X+Ftl5IW8oqPIe1Iu2g6m3cpQ0kOQ==","mode":420,"size":5223},"index.d.mts":{"checkedAt":1768031073193,"integrity":"sha512-P2NVZTyrYDIrlMD4N1RJyBLPB5TMFMcKnXgDo345cCx996T5DZ9/haHqKSB9ZpgT+fAiwCvCk/pOCwmGwj/gBw==","mode":420,"size":773},"index.d.ts":{"checkedAt":1768031073193,"integrity":"sha512-/3HmC66eG1KwwHV0CY8mAPaysnw3SFpGZaw1S44YeQrGMs98MFnYQmXbM0Vb7o0doy6+xNhMwjNKlzBhxwsKSg==","mode":420,"size":844}}}