{"name":"@jridgewell/sourcemap-codec","version":"1.5.5","requiresBuild":false,"files":{"LICENSE":{"checkedAt":1768031007126,"integrity":"sha512-saakd7FVlV7sB0lJxPAaywkJ8R69jC/1QO2e2TcVLl8ZDaccoi9woo8schL6tVJhKyT8pyy4mSRgiae248P97g==","mode":420,"size":1080},"types/scopes.d.cts":{"checkedAt":1768031007139,"integrity":"sha512-xuVJzVoY1l8qkU0OHSobKq6HQOUDFaHxRqODSb6ajbjSslXjz2EEQMjpubCM/RR+Dd7tdjJoJWrHSr8XO1YKKA==","mode":420,"size":1151},"types/sourcemap-codec.d.cts":{"checkedAt":1768031007139,"integrity":"sha512-YUHXQ6gur0RUnKNYP95g/Slb1vwanN/iACwzDPb1nSTdM+qNk36C6bbVyLpdEagL1m+bgP3qXi16kL07D4rSlA==","mode":420,"size":699},"types/strings.d.cts":{"checkedAt":1768031007140,"integrity":"sha512-N+abuCPDfB4RUnZejiHrptGmfVHSe0ErGDHiITnmZOsa1pG9HIHdwhB2VU1A4pkO/piUPme7c4PrjEBDhRTQlA==","mode":420,"size":361},"types/vlq.d.cts":{"checkedAt":1768031007140,"integrity":"sha512-vfpH9FUR4poKB5wNYzdrEPbs8pP9dQw+M+v7r6Uzj1NqM5gO9BwZyty9rg1Hy8Y7AMRZfC8ezAW122oBmEPLhg==","mode":420,"size":442},"dist/sourcemap-codec.umd.js":{"checkedAt":1768031007140,"integrity":"sha512-fAg0XN3651Lf3EcQ+1I6GqxN+6iRIaBJAdyzj1yHtQELIrWWd5ATFaQfwDJEnoCov9eVHuvJYiBovC8YbHNoFA==","mode":420,"size":14590},"package.json":{"checkedAt":1768031007141,"integrity":"sha512-DySoGJ1Tyb/lE0OvX3JrMb6lisPlbSawhVjH7XjZa5mSiIW+Z80yxXTgPTVnP3LPOyvRGhkgOwO0ay0K5y1ulw==","mode":420,"size":2150},"types/scopes.d.cts.map":{"checkedAt":1768031007141,"integrity":"sha512-D5nqrwTIUdLrQl6s6/7N1GYL9N4RLDhpBz+888FHsfY0PYoXoFwqShBoYo7isOzIyhf92hAwLtyjuvQV0By9Fw==","mode":420,"size":1348},"types/scopes.d.mts.map":{"checkedAt":1768031007141,"integrity":"sha512-D5nqrwTIUdLrQl6s6/7N1GYL9N4RLDhpBz+888FHsfY0PYoXoFwqShBoYo7isOzIyhf92hAwLtyjuvQV0By9Fw==","mode":420,"size":1348},"types/sourcemap-codec.d.cts.map":{"checkedAt":1768031007141,"integrity":"sha512-G1xY50zRNLADILPdg3LWKepypEDL+VndICBaSHUD6a5yQVrYC/nx1EwpIvpnhdgwr/ImGDuRY/o+VuG/TsE+tA==","mode":420,"size":705},"types/sourcemap-codec.d.mts.map":{"checkedAt":1768031007141,"integrity":"sha512-G1xY50zRNLADILPdg3LWKepypEDL+VndICBaSHUD6a5yQVrYC/nx1EwpIvpnhdgwr/ImGDuRY/o+VuG/TsE+tA==","mode":420,"size":705},"dist/sourcemap-codec.mjs.map":{"checkedAt":1768031007142,"integrity":"sha512-ZrnRr+y9Cc39cFpddeYAXQNJscBc5BiWbvHbe/ZQflpPkW9jxjGMO5NaUkD++WyUPV8HBsEsA9wXg4bRb8tSWg==","mode":420,"size":9612},"dist/sourcemap-codec.umd.js.map":{"checkedAt":1768031007142,"integrity":"sha512-AGzJxgpCD8LknzVDfcHuGl1USTxsRVQ2CP/7NnTMPrNAvmGa3gWoANOk/tNIkvCRUTkk16XZB1Llp77iEcN+8g==","mode":420,"size":9700},"types/strings.d.cts.map":{"checkedAt":1768031007142,"integrity":"sha512-Bm5kgvoMEm98G6L5nY0J4Fm0zEM859cGpj08rLiiQ0+B/NldlegpUckwLYmPyHzLN2KhT1+80zsu/WDcAoG/CQ==","mode":420,"size":422},"types/strings.d.mts.map":{"checkedAt":1768031007142,"integrity":"sha512-Bm5kgvoMEm98G6L5nY0J4Fm0zEM859cGpj08rLiiQ0+B/NldlegpUckwLYmPyHzLN2KhT1+80zsu/WDcAoG/CQ==","mode":420,"size":422},"types/vlq.d.cts.map":{"checkedAt":1768031007143,"integrity":"sha512-B784t/h1bpMjhEBpU8MLEi9f/qepQdf9uAE01WYmgjZXK/d99AqZlp7nBeGkXAwgOWZ6BV+xX026cPDwFWdWag==","mode":420,"size":449},"types/vlq.d.mts.map":{"checkedAt":1768031007143,"integrity":"sha512-B784t/h1bpMjhEBpU8MLEi9f/qepQdf9uAE01WYmgjZXK/d99AqZlp7nBeGkXAwgOWZ6BV+xX026cPDwFWdWag==","mode":420,"size":449},"README.md":{"checkedAt":1768031007143,"integrity":"sha512-bPd3gmhUHY0Bb9wTF60XqlrwRSyjTStRzjrtiIYwmV6ho+kP/0KszOj4v4znHt0VFRC1ADZ//ARcDS0rBtOC+A==","mode":420,"size":10051},"dist/sourcemap-codec.mjs":{"checkedAt":1768031007144,"integrity":"sha512-LqyRdllYoSD4bJlwDlEXbJFkjtxLYYh5hzMomD/iaWUbEF9zOxlNzr3YIFMi6i25zRNAOnZ0ZHg35F9aFiL/Zg==","mode":420,"size":12869},"types/scopes.d.mts":{"checkedAt":1768031007139,"integrity":"sha512-xuVJzVoY1l8qkU0OHSobKq6HQOUDFaHxRqODSb6ajbjSslXjz2EEQMjpubCM/RR+Dd7tdjJoJWrHSr8XO1YKKA==","mode":420,"size":1151},"types/sourcemap-codec.d.mts":{"checkedAt":1768031007145,"integrity":"sha512-zP1HCvQ3v18LJPlntEfcfFnNielFLnE5oFmzWtW75B0Qwz88gGD0RxbRXuoejz0jjv/MVSvENz/GtKXKWcVMvg==","mode":420,"size":699},"types/strings.d.mts":{"checkedAt":1768031007140,"integrity":"sha512-N+abuCPDfB4RUnZejiHrptGmfVHSe0ErGDHiITnmZOsa1pG9HIHdwhB2VU1A4pkO/piUPme7c4PrjEBDhRTQlA==","mode":420,"size":361},"types/vlq.d.mts":{"checkedAt":1768031007145,"integrity":"sha512-pNWDpM2z3hMMQNkXkAq7P5gybwoXtQy4pSowzfe6uw6sTF3C0WKR0jC0PPgpooEjKEBDP+x4J1lj8tibiVBD4A==","mode":420,"size":442},"src/scopes.ts":{"checkedAt":1768031007145,"integrity":"sha512-ZAUNTHPoNSLGfKDgjj6s+zJ0APGOKOCl2PVi17d158zrRadtzpktveaTHUmziAVh9sdnesyiX9305L6Q9RhlFw==","mode":420,"size":9713},"src/sourcemap-codec.ts":{"checkedAt":1768031007146,"integrity":"sha512-6rpUbCfo58h6e47cm6RNVjCo851RS8Gimjp69UJ5FXyuBf+f4ZnR/TDqEMyph3fhLYIoQuWIeYdg/Z8fHYsUEg==","mode":420,"size":3203},"src/strings.ts":{"checkedAt":1768031007146,"integrity":"sha512-OXVKRmA29auAE9mh8sdP9SpMYvmCGfhjULf/1znfKJz2tHzd30lCfpkYfvpI3V77YQEFiyYxXjJJagVKmATycg==","mode":420,"size":1503},"src/vlq.ts":{"checkedAt":1768031007146,"integrity":"sha512-Bb1lHSf8JBfVmG3/Oc3hmmVHWjLUPJOppXFaquWi7r3nD1noXsIP21+2KQ+lRXATlkF9mqW0yc0axAyB8xvDfQ==","mode":420,"size":1387}}}