{"name":"esquery","version":"1.6.0","requiresBuild":false,"files":{"dist/esquery.esm.js":{"checkedAt":1768031011356,"integrity":"sha512-sjvM00VLydLvAPWoDY72CnD4qMZ3BaUIN4wgRysV2OKP3saaiRkb+ND/Elt5/qi15objBrTRhuLoxbC99ZEFpg==","mode":420,"size":124983},"dist/esquery.esm.min.js":{"checkedAt":1768031011357,"integrity":"sha512-v9XJ5mStwvB/3ItstVLjG6EjSMIT22EZM5N+V5zGkc78evpwQA+UVhRoxwG+Vqy4cvTzMh3OvuXex/hGRvwzzQ==","mode":420,"size":35160},"dist/esquery.js":{"checkedAt":1768031011357,"integrity":"sha512-JTPMOzfEFUjPVDUaWVZqHZM55G2PGx+HzgJ71RTmdm1XdAwVq9kKD9/cva1UIwDmra7YXdBjFtWFc1lj4khxtA==","mode":420,"size":133490},"dist/esquery.lite.js":{"checkedAt":1768031011362,"integrity":"sha512-L56ytqC9UGg+5VWYLqXFIpqdvawYoAWgIrNgKZKXuyy4Kl7RFnP4FHdfF2dNK3cy1WUn3S/vi6xsk0h/ejBXmg==","mode":420,"size":107945},"dist/esquery.lite.min.js":{"checkedAt":1768031011362,"integrity":"sha512-uIjxC5gquovO1b+beG6fc3v8BhX1Tsj0ZYTkqZ9teZbYmpLNqhpYeNPIJ9lsD5wtPWzJLg7ZC43e6WgIT/Y5CA==","mode":420,"size":24813},"dist/esquery.min.js":{"checkedAt":1768031011363,"integrity":"sha512-xQmPXEGMIGiaKHdzqJxfB6H6PNd1uivoyzuWpY4UIoK/nRkp1oTCOMCA3elI1LbXAxfiusrZaXkVo1eYRqWLiQ==","mode":420,"size":35341},"parser.js":{"checkedAt":1768031011364,"integrity":"sha512-PwcKjtsafRqU5T5SaFyMfMuT0ChZZuX/yf2AnwrAFz6myAjJhvKGMzMbswxRMgJrqaynvMKQNqAhqWELbcVtJw==","mode":420,"size":72830},"package.json":{"checkedAt":1768031011365,"integrity":"sha512-K5OLKFt3rHeLkK0o9JlMfwGyyKiCXHsdKu7eEkkDtD5flM5S/viJN84Il8VSW65Mjwkj/OAGWGrawcKu+W3hbQ==","mode":420,"size":2030},"dist/esquery.esm.min.js.map":{"checkedAt":1768031011367,"integrity":"sha512-gNwhxUM/9r2lSqMlueVX21VIIU9iKt7/x38MWJ2rX6ghwbBochpEHoF5HFkIztjfUxbES+QRH3ZDn2rLRXQIyw==","mode":420,"size":179272},"dist/esquery.lite.min.js.map":{"checkedAt":1768031011376,"integrity":"sha512-i1kzdBEHOjiPO430y9RUztW0gVu1rCqr1plNlTb9WCFi9eBGJ4cx1LHBUKEdY64agnEdmGw+nFEDhr8hpA+V1w==","mode":420,"size":138403},"dist/esquery.min.js.map":{"checkedAt":1768031011377,"integrity":"sha512-3940pZ0RjwtWD0qxzagt5EBUmLglwiWDAxB1lka+eKuwN1UM6phz1UzqRsYjLoBcxlxwgWP2INa9Htfotet2pg==","mode":420,"size":179268},"README.md":{"checkedAt":1768031011377,"integrity":"sha512-6ArYRS2BIlJGyW7NujdlMubUf7eAsO7qjxtQ3AN0AS0W98v1CYqGqF6XX2HJ6t65s+Lnb2TdcdmVZ126HHv8dg==","mode":420,"size":2187},"license.txt":{"checkedAt":1768031011378,"integrity":"sha512-KxZ+zb29Pc9n5t97m8OfTBuhCF+TBD4+SzWGL+PF5wUfFAtMXkHHv8IzgxhqoT9W+DoFHdJsuk4UG/hAFdLquQ==","mode":420,"size":1488}}}