{"name":"mdast-util-to-hast","version":"13.2.1","requiresBuild":false,"files":{"license":{"checkedAt":1768031078494,"integrity":"sha512-cQvy4TvDNGTww5W7wo7SHRjv/0G8g3u/v8V2BhwwrAM+M5M2Z7W8hy+cQrU+e4exnULY2LrZ0EQqBk6Fj/Sdrw==","mode":420,"size":1099},"lib/handlers/blockquote.js":{"checkedAt":1768031078495,"integrity":"sha512-aktWvbBhyZFpIiu3B81txyfPQO5YreNoxW27DWexgGXf+N248gyChLEk+KXoLpWX1INqcAIcWDxHTDawEaiAFQ==","mode":420,"size":581},"lib/handlers/break.js":{"checkedAt":1768031078496,"integrity":"sha512-b13fxs3MJ2f/UbwoKkeQZZiIiI+3w6bFBoKr63KwbChoLPVnLI48jZ+2J6w3EX9Iuaph0qM+ZMSCMRahADtfuA==","mode":420,"size":568},"lib/handlers/code.js":{"checkedAt":1768031078497,"integrity":"sha512-MLopvtJ+3SKE/uAmbwsUJtUuUqmQnuAGT192vBsKi5ykoYSk9je8i9NzoTHg+L8FrWdKlQcshz5s8xqJCbMFfg==","mode":420,"size":1129},"lib/handlers/delete.js":{"checkedAt":1768031078498,"integrity":"sha512-jvC/hW6aKO84OQ5rkiYLlBpVhXGRaf5fr3kFAxI7V9uzf0tCW7RH3p89Kt13GQingEr2TH+unsYS7mxd+p9bNg==","mode":420,"size":547},"lib/handlers/emphasis.js":{"checkedAt":1768031078498,"integrity":"sha512-J1RFzDn3d/wtTim9CNJuiVJW7fzQQT9xlZMar3qJwMBUSw9sFmDLB3KeWdD0E72nhhcQKYvPEhROtyvacfmMjQ==","mode":420,"size":547},"lib/footer.js":{"checkedAt":1768031078499,"integrity":"sha512-HM4NfthGntpGm4n5vvMXhczDYlk1+KLaqlDaDcwOT8kKjP8Dt/iATqM4YX3a27YWuKm8fajCF0uvYDXOy9aERQ==","mode":420,"size":7605},"lib/handlers/footnote-reference.js":{"checkedAt":1768031078501,"integrity":"sha512-9Qczhar3021olX6k1LfGoA8D/4mbIW5RrMHlS14T6tk+7paRWIfP7gv7fpOW5f+nUgw67enTqAh1JsU5w4iLvQ==","mode":420,"size":1671},"lib/handlers/heading.js":{"checkedAt":1768031078502,"integrity":"sha512-sq1/dyo0WUbXW7/JemkI2aVCGWzKCbfDqSbBk5qW/hRsdCVJgMUOmrCPAgaWefSNor8ksBpgOnW08bVoOsVa0w==","mode":420,"size":555},"lib/handlers/html.js":{"checkedAt":1768031078502,"integrity":"sha512-TmObuEiv/1XN4fncESqbAMS6yCjAe+UQ09Qht+EAeyLMuk64jg+RAYf/enB0eDIh7BWJqrr7g/o78CACPTFjlA==","mode":420,"size":648},"lib/handlers/image-reference.js":{"checkedAt":1768031078503,"integrity":"sha512-5iuc5ct/pp9AN+i0995UF89XYlHDwP/bJjE76TNZ4nQhkMYS8weujgKRFP3YtxTHaTqU6D4GVH04ZpVWTDB6IQ==","mode":420,"size":1068},"lib/handlers/image.js":{"checkedAt":1768031078503,"integrity":"sha512-sHvvV7WHCqnQCutvcx6EDDLIDS4V3sEcyf84fW4ybTsPtTu9sIoLSbb3nFy9fbFZq21JOEOHIAB+q/hnFaliyw==","mode":420,"size":833},"index.js":{"checkedAt":1768031078504,"integrity":"sha512-cs7phqlLdyzffvPmKZjfEL6a/QRVQgzl6m1479aRAzrtb1fBUpI8xxlBq5tjhfjD86B2dJ39lIp8ZiWOyvnLAw==","mode":420,"size":239},"lib/handlers/index.js":{"checkedAt":1768031078505,"integrity":"sha512-GEjGPekZDcRIUCqN4dLpHVCHlh2uFeCxia8hqt1d15tsDbRmsSirJvv8oz3V0F380sHMFJQ/QuskD+MVgk4ykA==","mode":420,"size":1574},"lib/index.js":{"checkedAt":1768031078505,"integrity":"sha512-7UUAIC7jfSBNVBUqGHnvwYdRzlhUiEAbrNFls3PLuiWJCn27qZLsthT29suZVrOG0e4i5gxGZjngnOCg8fbRuw==","mode":420,"size":3617},"lib/handlers/inline-code.js":{"checkedAt":1768031078506,"integrity":"sha512-9jTWe3VQdMhgoBxT4dR3IPkhIEckL5V8csrCU9un2LaR5ntWOWclYICOcQLSH4dRNROehWKguB5vauORyOlDwg==","mode":420,"size":678},"lib/handlers/link-reference.js":{"checkedAt":1768031078506,"integrity":"sha512-EizdjguWIFayC3PAL4tE23ZjKM32AIOdd1sexEr4OPtk3QnIlIxqI/y8DAbMRLqeUD/IQZXZCwxqCpJiUP/Qng==","mode":420,"size":1081},"lib/handlers/link.js":{"checkedAt":1768031078506,"integrity":"sha512-egqVv9BBQmh5K2sPAVNfkcFdd2LoAF1IOQw0/hSN2V4Ih/zhm6Qrjiut5O9X+Tvbo566b1ruoSz+wWOtyADSSw==","mode":420,"size":773},"lib/handlers/list-item.js":{"checkedAt":1768031078507,"integrity":"sha512-ODYCEHPT/dkzjNRzejOiJHKwB3WdU9v3QfYKH4pYWE1lLajb7C1kSvdyCItIQ+9u+556pyj6XQuV4Et1JxyYvg==","mode":420,"size":2887},"lib/handlers/list.js":{"checkedAt":1768031078507,"integrity":"sha512-sYu19c7THzgFC4TXlgXXjq1YaxN1w/pVUTjBjuTP6JCVZ6n7rSALkqQZkRxZW2AD24tB0/sjQl4OjjMKyevlLA==","mode":420,"size":1190},"lib/handlers/paragraph.js":{"checkedAt":1768031078508,"integrity":"sha512-Tejwol0hD9bp4k1j3px7v3a6tAXEpi/hPcEA95epuvmEzTdUULpmms0csM1AqcSQOfNNTfF4PZ8ayxj7rHG1GQ==","mode":420,"size":550},"lib/revert.js":{"checkedAt":1768031078508,"integrity":"sha512-oJ8DqHwkO6f8VEfsFeaxBm+28aAlWMxnogZ38LhzA1qbMGjHDB/LwR2g+aJHmzZ2yGH33Lz4WQdjlEo0GtqnIg==","mode":420,"size":1138},"lib/handlers/root.js":{"checkedAt":1768031078509,"integrity":"sha512-2tE7wWLO3usnFxwhCBunL4oGW1XgqgxoJbEvFiWimc+CI8wtPVolANSsVoxFYRjvSBYXDbnSIJd3OfaqM9o3NA==","mode":420,"size":545},"lib/state.js":{"checkedAt":1768031078509,"integrity":"sha512-8IRK7Aq04dPlvx4S+EsX6mKnGt+S9vHN+O5N0JXknmhyo32UgBSJnb6jwqiVZbCGPsLUqnPAC39xeJO4plDuvw==","mode":420,"size":14812},"lib/handlers/strong.js":{"checkedAt":1768031078510,"integrity":"sha512-bmk4a2xJOWaD23//7ILkMYDBeOSt9PO3sM69g8f6TOwnb3KD15JXAEaeuB8Y9GJroUL1j6vu2o6YiI0K+SQTLA==","mode":420,"size":543},"lib/handlers/table-cell.js":{"checkedAt":1768031078511,"integrity":"sha512-7QpuxlV6CR97HnDDkpDKDJ4Vz95iK5bWewHyctsgTiorMil9xwiofarDD+GHnQcpoCDacr72fx094GvgNm83XQ==","mode":420,"size":685},"lib/handlers/table-row.js":{"checkedAt":1768031078511,"integrity":"sha512-d35YP/8MCT8UcxsK1Zuj2LhBfQ/Uh4PHZkM5nrboRH7UwewADGhgK6Fus3UlhL3tsVn6TimEdYlD1bfd7UPMrw==","mode":420,"size":1680},"lib/handlers/table.js":{"checkedAt":1768031078512,"integrity":"sha512-St9Qd4s5aWasEWoJOGuwoI30gn+X4OU03jch0XzoK1dUp+j37iwI8L8OcLhXhiY2bZvWBLz+TpKaFzeLmPwe0w==","mode":420,"size":1373},"lib/handlers/text.js":{"checkedAt":1768031078512,"integrity":"sha512-CcZtuNFhv3Cgkx4P1oXhY1TKcspaxdO09/dn9wyGEnLmvQ/j5kz9lWTn5/DmgD9djIdjEUuGpD4vFTg9711Q5g==","mode":420,"size":593},"lib/handlers/thematic-break.js":{"checkedAt":1768031078513,"integrity":"sha512-MpJ0g2lFHyrCZlotPZnFkeg/c/dj26UVL8L/olB1klMYgXiZpTYRTYsJ6Gwc54NTKuelAFo/TMWWdvvuctbPAw==","mode":420,"size":554},"package.json":{"checkedAt":1768031078514,"integrity":"sha512-6T55EBNcIEXreT4lviCxmwreaKcKCUGagH9vCqROp4W/iZvn2sAElLChw/WNMOFmsUI6v9Us+atni9ML39pS5w==","mode":420,"size":2994},"lib/handlers/blockquote.d.ts.map":{"checkedAt":1768031078515,"integrity":"sha512-40Vd1Okl7j1YTu5gjN3LaqxOU2vVHQDJvK4c/Xbk59pfcDoLgL8nnUyM97uhyFHC5C8wSD1fB0O7gXSCNKDmMw==","mode":420,"size":214},"lib/handlers/break.d.ts.map":{"checkedAt":1768031078516,"integrity":"sha512-XaH8O+oTyq1+OLjeNb+qVy7SuEIoqXO5QcZR9/H3QgN7nUTRUF6okKOAQK7rqHbNELldZzYmCXE7oW3psOaq8w==","mode":420,"size":240},"lib/handlers/code.d.ts.map":{"checkedAt":1768031078516,"integrity":"sha512-acVlOnOnTdREdlba/M5UmH3Zexl9NKfXxaTsz+Ce/LvsECJIhai0ORQ574DH7baWWT0rpS7SHm2MzHfNhiYewA==","mode":420,"size":203},"lib/handlers/delete.d.ts.map":{"checkedAt":1768031078517,"integrity":"sha512-ghH+QONhR2jLII5h8ZrUgcS5Em8hB7GkgsFWhKBU+wzKJWVXOExo9ZzRRz47hRv4O7alcyAPWaq4cWpznS0SVw==","mode":420,"size":206},"lib/handlers/emphasis.d.ts.map":{"checkedAt":1768031078519,"integrity":"sha512-Kkr3C5MfJnZojy2gEOvhcI80X6TC7D+FUg6J4zRKnx3egnYGXc/kbk5DkrZUJ24eWpwUP4EDyW5qsTdl2pSKJw==","mode":420,"size":210},"lib/footer.d.ts.map":{"checkedAt":1768031078520,"integrity":"sha512-F7+c9cY6lZZIqVvD6Sb11xpfz9dis2tqUwepCoh0aNqdTg4cBgb0p/HuVOGxnjNPAeHq/WyxwnVTp9yjhvs9uQ==","mode":420,"size":478},"lib/handlers/footnote-reference.d.ts.map":{"checkedAt":1768031078521,"integrity":"sha512-GF3+hmpJXbkvZVwKpyz7H5TsfXZ6WyK2NErRojrpUVoOucYdOG3mIWHu77CdsWrr2afq1ed25NqBT+Q0CdtaqQ==","mode":420,"size":221},"lib/handlers/heading.d.ts.map":{"checkedAt":1768031078521,"integrity":"sha512-onXQpmAj84GayOz8Y5OgSNeA92SEIpitaiQ9WYuhZPWhAofOPJaYyM/rLakvd2sPsGWVY9f5MelkVj1nMFUaYA==","mode":420,"size":208},"lib/handlers/html.d.ts.map":{"checkedAt":1768031078522,"integrity":"sha512-XGHDX/udg2AzJcGgLoRaNzY4Uc6zhrms7wJpaX/1ks+ug/Cb8F0WUJctK3lnupUbtKJDsFoQtJOY67RBvQVURA==","mode":420,"size":237},"lib/handlers/image-reference.d.ts.map":{"checkedAt":1768031078523,"integrity":"sha512-mMJp60+nlL3IQhr+93nPgohK5i8xy7zRe25yazB+2WVS5E8iOgDw9MFanrZmyFgzSljEkXNPKODTvFsPinufNQ==","mode":420,"size":237},"lib/handlers/image.d.ts.map":{"checkedAt":1768031078523,"integrity":"sha512-etJ2i4eNAm5vU7J7teg3UZTky8hShFFmfUgQa85EO9FerrbU1yqWDUOIVretknKBhJuvKzfvbr5AnurZUjU2bg==","mode":420,"size":192},"lib/handlers/index.d.ts.map":{"checkedAt":1768031078524,"integrity":"sha512-qsn6RNty9NEZX1X1IDZcC+XuI2TS7PWMy+hXL3Ej6U5C6pVDOmwM3j220n+s9rpGUvkHIOfCZTHLD6mKtbrpgw==","mode":420,"size":423},"lib/index.d.ts.map":{"checkedAt":1768031078524,"integrity":"sha512-4OIkiNzk+oc1BA3c1JRdwO0baQxv8D2Lae0bvizAEFLsNTZ+jGx2BM6EyBo2gUwAKc63v4whC3p0yQrv8GU6mw==","mode":420,"size":282},"lib/handlers/inline-code.d.ts.map":{"checkedAt":1768031078525,"integrity":"sha512-kzSNYhYX0ranHWBSRRpM+Lb392VLs89QoAnmSJxRdlVYe6IRloi/UySPiVTUpU1QikunrVzS2ncdurxRiv274g==","mode":420,"size":217},"lib/handlers/link-reference.d.ts.map":{"checkedAt":1768031078525,"integrity":"sha512-FTDtjBLlsVgXiw+b/+QEOl2uYPm0LQ/AiTo/7VFN+uCtK/HWwQ6nVipstgcC7CrB/Ldn9Hbgfvmo44H1NY7jZw==","mode":420,"size":235},"lib/handlers/link.d.ts.map":{"checkedAt":1768031078526,"integrity":"sha512-bql+St+kBi8CMhfqSW2WAaMnMsAh2B8PQ9crrv3zNkkqM+3QlnaJsC58fpSmmH12X2byQAyqKFJKWgVIWJawaQ==","mode":420,"size":190},"lib/handlers/list-item.d.ts.map":{"checkedAt":1768031078526,"integrity":"sha512-FTAcaXkom4EEFRiLzMWjZhebS3SmiQ1GMizPYG7wk0xfpi4agRQx0ieINsZpV0PNdreL5eDxQsME0EMDcLFKsQ==","mode":420,"size":247},"lib/handlers/list.d.ts.map":{"checkedAt":1768031078526,"integrity":"sha512-nCqqWEOH9v85uKPKwTH8RfeXIMtzPIxZmkhyOI1OOfl47SCvnYx4iKyGw5wgSlk7d9yo/9tssHbwZB71/pUkcA==","mode":420,"size":203},"lib/handlers/paragraph.d.ts.map":{"checkedAt":1768031078527,"integrity":"sha512-MF3SMt57koobMGOonhEl9qTCWdwhE3k8ysDkHlkzPVcwaoaQl78jWM5a/snHGw9JFyH9MlGQ75mDW4FrewVbMA==","mode":420,"size":212},"lib/revert.d.ts.map":{"checkedAt":1768031078527,"integrity":"sha512-WWtLbzPOWFeeLv4dzx+fnB55/5ZS9bV1TrDdIIY+oWCMqXcKERFXrIDFOMnR3k6sN8cMXSxxlkNYrXXqZYTm1w==","mode":420,"size":259},"lib/handlers/root.d.ts.map":{"checkedAt":1768031078528,"integrity":"sha512-WKWRBb9ZJOfrS89ZPc1zpyX5KZf9QJXzYb1D0uTogSkjY4vpll1tgiqx+Hi9g9fOkZF7vzskXjE7AwwFIfBUMQ==","mode":420,"size":203},"lib/state.d.ts.map":{"checkedAt":1768031078528,"integrity":"sha512-69wJ8NxzqG9d+/XoeVgb5crEKrhHnh1zAoFbACnLxkb1ZvEoGjpnpaA53U0a1WNdI6T/LdzFmGVGq0MBtpFSMQ==","mode":420,"size":1791},"lib/handlers/strong.d.ts.map":{"checkedAt":1768031078529,"integrity":"sha512-jIA30Lgoo57iZhqfhhZcvCaDQSADq1F1uVTRJNp/WvJUdRb72GpyugRy2m0WFzC87Uhzl08dJiX1enn9qIlL+Q==","mode":420,"size":206},"lib/handlers/table-cell.d.ts.map":{"checkedAt":1768031078529,"integrity":"sha512-IF8E3POtFN78AlvCu8jwW4UXLmXyyIN3w43303nmslaZvnwlN25NEEB8qa9igYXNTafDbdg+GAGqgOlZuMgZfg==","mode":420,"size":214},"lib/handlers/table-row.d.ts.map":{"checkedAt":1768031078530,"integrity":"sha512-LsOZ0M0q0o1VK8KorLJmYPEB47X+UPHOiW0Lca9Buig8Ub8TvSLnI04y0tR3NfH2zz4vMiQgOHYydH9Ea7w+rw==","mode":420,"size":247},"lib/handlers/table.d.ts.map":{"checkedAt":1768031078530,"integrity":"sha512-s608EYdiPIExRE5cX7J1E9NGx9xxviRzDca/SxLRiKP3xez7+nlF0ctVvT0mESm3K6KSndHb/cYYNHEe7C0KuA==","mode":420,"size":192},"lib/handlers/text.d.ts.map":{"checkedAt":1768031078530,"integrity":"sha512-X22ccFXH3XRPHaMCJ/G5GO+/omV8h3g+EcVXfJ+YKv2isJjCnfrXsp4MO2W5b4SMAaCU8fjHAOkefUPT6vM6Yw==","mode":420,"size":211},"lib/handlers/thematic-break.d.ts.map":{"checkedAt":1768031078531,"integrity":"sha512-b3W34nVRRybMMO1ndoqpFsC/pF8OPxgw1pWIgUOglnzA8Lj0ryGWObJ4WdQZV3tBumgLAQ5OgXxXJk++chEmgQ==","mode":420,"size":222},"readme.md":{"checkedAt":1768031078532,"integrity":"sha512-v3ylsGC2AzoJ+3NrBgtAHYRBXtsT7PkkzRtelnAwoi/e7IyIPPgNXjmkf7cnMOkYf+RWQ1ZH6K8I/A+2LPYreQ==","mode":420,"size":38437},"lib/handlers/blockquote.d.ts":{"checkedAt":1768031078532,"integrity":"sha512-jpkYh5geLtKeMWNonfI/zW+eajzgzSYnoCwzqEpbM5wMQDw4POTqZNWHzCfYKUaqi2P9jkf1GGBkscbK3vSxZw==","mode":420,"size":534},"lib/handlers/break.d.ts":{"checkedAt":1768031078558,"integrity":"sha512-Eb7z/VOPBz4nnVmDMyfoicQbG183mkBQZeUq4hrWwE10bFuYWl5A0vG9fM2ov6YHVcBmyRFHe43gO7nisusOeg==","mode":420,"size":582},"lib/handlers/code.d.ts":{"checkedAt":1768031078559,"integrity":"sha512-JVQZkBo/zOzxZ/IRQIqZfQ2P6oOeqcG4fuucIEARbD/clxp9mxmB8FKDnU1LJpFvpYnJHe4Y861B+iFgt19jNQ==","mode":420,"size":504},"lib/handlers/delete.d.ts":{"checkedAt":1768031078560,"integrity":"sha512-8BDFuu/BGUdDQ17ZVhx4jSpZdUdl0ChBpSUoV/+uIx1y/JrLSlPg70XBSIZeHjgIr1cBp4c+v1VthkNZEOaPzg==","mode":420,"size":513},"lib/handlers/emphasis.d.ts":{"checkedAt":1768031078562,"integrity":"sha512-0ubu02j5uLbc/80YU8gC9MDb2Z7iULwN38RKjb6CGCf/BYkSbg84Xn8j1295+ZVTFeN1U4fDqcuev9vxHbQGtQ==","mode":420,"size":520},"lib/footer.d.ts":{"checkedAt":1768031078563,"integrity":"sha512-aJ4tTIy1wn5u7KUZtNVXiJjTxwY++Q2aLx4C10h3qnSlCVi2fL5iHkIpVazMJ82ffPx5GSJ/I88vo+xGq+CZFw==","mode":420,"size":2943},"lib/handlers/footnote-reference.d.ts":{"checkedAt":1768031078567,"integrity":"sha512-fJ0XCKGOm3umQ/y8x+ql6tVGCv48YihHPnTXIKJQrGeolMZrFUCylRxlmX8fxYBv28cK5MidTyudoxDspHnXZw==","mode":420,"size":461},"lib/handlers/heading.d.ts":{"checkedAt":1768031078568,"integrity":"sha512-sZzhDFkTwLFPHJgmWeKozHF+ILxe50fpigsTVQ1FdGd5O500bE9FLl2TdM6udeWT5oQ5+/S4QD0nKrIuQcIb9g==","mode":420,"size":513},"lib/handlers/html.d.ts":{"checkedAt":1768031078571,"integrity":"sha512-+I/K6c3M3JVGDf9go7Ka72C5Y97ClCTqqiDMUHQ7htW0sjVNP4TZG6jQPSbja9hd3AGz45YXwjxbIhrlCDWAPg==","mode":420,"size":663},"lib/handlers/image-reference.d.ts":{"checkedAt":1768031078573,"integrity":"sha512-JeX2c74PqUVfVsjRwioyoAG0WqnapIHLBrp3qhhgkWpk/IZL9u9c5HAsdIriHRDJyFgem/lQynRsbFN15u8U7w==","mode":420,"size":512},"lib/handlers/image.d.ts":{"checkedAt":1768031078573,"integrity":"sha512-lTPWqRLOqaGS2GMwXSW406Vo/BBK164KGaZLtlFT6H6duxqERHHU9u50JbZqOayhiKrSDA9L27ltkZ1KzGGhQQ==","mode":420,"size":388},"index.d.ts":{"checkedAt":1768031078579,"integrity":"sha512-n5V6zl1EELDpAKlZc6m9ILf/+6VMjHNM3tBUl+CWEVEgOx+z63/R9K9vIiytVGL4t6pJs47m8N5delzmv7K5bQ==","mode":420,"size":2309},"lib/handlers/index.d.ts":{"checkedAt":1768031078579,"integrity":"sha512-7MF6fgE36UK+L3qT3xVcwypqxgevfqZu0+J06wSMKgQhKn6Je59MDqCVTTkT51zMSYcNuPvmHFY0L13drtnf0Q==","mode":420,"size":1827},"lib/index.d.ts":{"checkedAt":1768031078581,"integrity":"sha512-YETp0gPwrBXZGppDO6eUuolN/SKvPSn/0FouZKVGxjQmuyt7WzIpl5+S7GOcrHEeip1km3VJ0cMdzjR2b3+tAg==","mode":420,"size":3085},"lib/handlers/inline-code.d.ts":{"checkedAt":1768031078582,"integrity":"sha512-JhHv/lNyrLIWiQF0Cl+HrxQ0gEjkFDYUK2R+vQn6T898U3fAI6PhipOLjpU0UZdjAAXqPhPWb6i0fGmY4SOmow==","mode":420,"size":541},"lib/handlers/link-reference.d.ts":{"checkedAt":1768031078583,"integrity":"sha512-RZa2YGVuI9x9SsLIOMnt4sxzDly9V2X4LgbYONW/XAAkLoK1ROaf5VY3WvYAnYxv34axkRrfA3jjQUimfpsxjw==","mode":420,"size":506},"lib/handlers/link.d.ts":{"checkedAt":1768031078583,"integrity":"sha512-bm67AMjhwiCjBkPArS5IwhAOvWSRCbVYegZPyzqLfHjeQamyeL6YtFIsB8/b3s4G4g5DYnD8GGnKvNOvj/ukQQ==","mode":420,"size":382},"lib/handlers/list-item.d.ts":{"checkedAt":1768031078584,"integrity":"sha512-NZZ7Ds81vpJawc4x9urLeZnTW8H8BpJpIdaoOUXXLHGaO9/fPdXLjcsAiY2gMWXGfoJbqySI0Konu+wzhgP1nw==","mode":420,"size":687},"lib/handlers/list.d.ts":{"checkedAt":1768031078585,"integrity":"sha512-KeOEheG2BHhV18ohnGFk2bmkUVC60KTwpXPvOP6HQuW5oIZNkrrEeNZr4pfZ3uN3PU9eJRTyK7nmLApVFIUr1g==","mode":420,"size":504},"lib/handlers/paragraph.d.ts":{"checkedAt":1768031078586,"integrity":"sha512-HvleFdiQNZj4IH4yjnjkDRyQqP6AsUMMKufSL8eyOL6lqj72kzKiCi4lGkf3C0g9jGeYytu3iZwIgCXWpYK59g==","mode":420,"size":527},"lib/revert.d.ts":{"checkedAt":1768031078586,"integrity":"sha512-Yl03YdlK0l5KCEP7h/IFAX8pn56k7TNYEPqMpo9A1uWCUdEeMCaO/VSgGHeKt334nYSxz5fejBSvva43/8cK7A==","mode":420,"size":683},"lib/handlers/root.d.ts":{"checkedAt":1768031078587,"integrity":"sha512-m1tI/SRkZwCqsW7zy8p9Cd2YE45eJ1an45Yyu2Ub2nOqtYNBRRf+3OoAStEUyeRSDNqNE0g1Uy3O2sfmDZkBNw==","mode":420,"size":584},"lib/state.d.ts":{"checkedAt":1768031078587,"integrity":"sha512-m5g9yjAIX6DUH2YkCNt53/71IeBzWFZcM+q0mQJdCz7qrafCq3w9+3UHRdHzYVEphaK+yuELMTEZ4u/zO6MFeA==","mode":420,"size":8191},"lib/handlers/strong.d.ts":{"checkedAt":1768031078588,"integrity":"sha512-2I1epn1Q8ShKwhfHvfTmSsK1mjDED5NgaK5vg2ZwlBHJNnWwVJt19HXHtBrRsy7HVYfAetit5MdRnUxMF4xJaw==","mode":420,"size":506},"lib/handlers/table-cell.d.ts":{"checkedAt":1768031078589,"integrity":"sha512-JKZAiX2tH9DYpyCBB23kYq1+TAGUi4WynpttlfzPMlH3svEB6MWxJljL2z9ZeMQUzgrGPanlYo1mMdUlQDsvFA==","mode":420,"size":528},"lib/handlers/table-row.d.ts":{"checkedAt":1768031078590,"integrity":"sha512-DwII+ODXx3Yvo0omQAutrdJjagOsN0zP157JbpTGHZnT8rkaZLa8GO9tTFBaS7qmMHuwxFxlaWrEgzXsbfW2JA==","mode":420,"size":687},"lib/handlers/table.d.ts":{"checkedAt":1768031078591,"integrity":"sha512-tTw0tk9tV5njt0qKetGGCDNmKZ5ZnL45bYjk0w0MwgyNlwQnCMXP7hEGjZcX+YjAhGr+l/iytcWqKjNFAo6PGA==","mode":420,"size":388},"lib/handlers/text.d.ts":{"checkedAt":1768031078592,"integrity":"sha512-jJybPM5fp/Rxp9391MSOz2HrKxqyEju4ha/Jwk4AxJFGHDJYkZT6NIBp3HBECmFAbJ1rQkBc58hkDx64fMqIfQ==","mode":420,"size":496},"lib/handlers/thematic-break.d.ts":{"checkedAt":1768031078592,"integrity":"sha512-0Z/4Y680bgwOsDtbuC98k2v8da2r3tl3QYxBUDy0mfnGk0tmqRv0202Bmag6Tp1yyRPxCwT/C68qn14+mhuf+w==","mode":420,"size":556}}}