{"name":"@eslint/compat","version":"1.4.1","requiresBuild":false,"files":{"LICENSE":{"checkedAt":1768031068782,"integrity":"sha512-3Gto0TuM+VlkS5NfEZKwLHGqelz2U71DtEgPqJ7sjU0/FqInjsjDtAqx/bIzsxc6eP2DWQ1vc54Mno/1bCglVw==","mode":420,"size":11357},"dist/cjs/index.cjs":{"checkedAt":1768031068786,"integrity":"sha512-kM+XIRQK2rUfHddQcYNFkr1Zu6FJ1nAzZyHDK6TeOLvrplcdmD9uVF8N6UeVe2Ga6eh7M4tRZZBfw6kn1fbhAA==","mode":420,"size":11818},"dist/cjs/index.d.cts":{"checkedAt":1768031068793,"integrity":"sha512-4ir7U+uM97ML5dR0T3NJRbcpzgr35aXjHKPAosIYLvwrjdCVJjwS+WpBRoG/uTcA4FzvqifC3G1KYqugpIKwtA==","mode":420,"size":2439},"dist/esm/index.js":{"checkedAt":1768031068797,"integrity":"sha512-Kvvgfm9PM2o2CBd2G+IY+bYVVs6KfrNd0B2tWRYcRCCpD2/S5ZyQnT8Q4g3Xmbx4/RhyJ+sr6xDqbntc+h0P9w==","mode":420,"size":11697},"package.json":{"checkedAt":1768031068800,"integrity":"sha512-XvCFWh6LLGju8lJPPX32eygwpVTUyVqPIV32rBK+pJJ1OXlOEYz7GA8z5AlA4WawV5f/gjBuUdVbCLjyviRsqA==","mode":420,"size":1639},"README.md":{"checkedAt":1768031068803,"integrity":"sha512-LkuijzjnCddWfxJxJVsQPMR2b26fPZ9zc9rcMt9cy7Hkc32CBV4j6JYis8Kz+1svHbYdtYsyU3R+gGc6cMHZ1w==","mode":420,"size":9163},"dist/esm/index.d.ts":{"checkedAt":1768031068793,"integrity":"sha512-4ir7U+uM97ML5dR0T3NJRbcpzgr35aXjHKPAosIYLvwrjdCVJjwS+WpBRoG/uTcA4FzvqifC3G1KYqugpIKwtA==","mode":420,"size":2439}}}