{"name":"yocto-queue","version":"0.1.0","requiresBuild":false,"files":{"license":{"checkedAt":1768031005935,"integrity":"sha512-0fM2/ycrxrltyaBKfQ748Ck23VlPUUBgNAR47ldf4B1V/HoXTfWBSk+vcshGKwEpmOynu4mOP5o+hyBfuRNa8g==","mode":420,"size":1117},"index.js":{"checkedAt":1768031006840,"integrity":"sha512-wglk2JaUmJkp+CVT59KRJQwdUsMD603mGi5aTb4GQAZO1ptS5RUoqSBpm8X8cHwJ+7SyVRRFifqBTduGgRrAAg==","mode":420,"size":949},"package.json":{"checkedAt":1768031006840,"integrity":"sha512-UE5uilRYzZlvZ/zLu+VR2Y17BqUWNlegnYoRIR/cuSs6i0yFifmbNIPrGRqn5mToHfmnAeNvmeyZ/pYdKBNCnQ==","mode":420,"size":725},"readme.md":{"checkedAt":1768031006841,"integrity":"sha512-H72sBXSo4Lmf7eEZHMLaEgbFSRXNKjXAVFFUrMtdiXZcA+U+dovWhieEwMSXsaQOX+qNRDiyfo67ZOHOT8B/Lg==","mode":420,"size":2096},"index.d.ts":{"checkedAt":1768031006841,"integrity":"sha512-vCiwh0vRuDHHweQIcDuDnrFu6NIghxkwOCj8ZO2CWEM+Ci1BM7lqBW791tcDcccON804Xctorve2c0KtPAC83w==","mode":420,"size":1140}}}