{"name":"import-fresh","version":"3.3.1","requiresBuild":false,"files":{"license":{"checkedAt":1768031005935,"integrity":"sha512-0fM2/ycrxrltyaBKfQ748Ck23VlPUUBgNAR47ldf4B1V/HoXTfWBSk+vcshGKwEpmOynu4mOP5o+hyBfuRNa8g==","mode":420,"size":1117},"index.js":{"checkedAt":1768031005944,"integrity":"sha512-KJ2Rw6GEpyTF8PkXDXoaNK4cbCkiW+kW7jymR2wSByKXHQhcUaulQZDG9j05v95E7nnqlbdRBYyMuCwtytqY4w==","mode":420,"size":1109},"package.json":{"checkedAt":1768031005945,"integrity":"sha512-IYmE21hXBuD+kDs7rP4J2HV3xOZuLqncz3c7ijujO/IZ6P3XgKF9tGP8RI/LxQNUqaPeBxn4Uap7t5iyeH6n5Q==","mode":420,"size":890},"readme.md":{"checkedAt":1768031005945,"integrity":"sha512-psC4DvhKSmHkgTEKQAjguwoSWUXrSZ+ZQlBJlO31wDOw5uQ27dL+KnjkjSrXwbCL5X3TLvjofcu7fCDXOM5r/A==","mode":420,"size":1145},"index.d.ts":{"checkedAt":1768031005946,"integrity":"sha512-7QJsjGcsRoPknC7ZlAJ3TX0VVXYAHI8SH/9tynHGD39IUvRo2PS5oOUAPg0Sm1nd1+JWDdOs2jK5K4iK9EjqHg==","mode":420,"size":432}}}