{"name":"eslint","version":"9.33.0","requiresBuild":false,"files":{"LICENSE":{"checkedAt":1768031005484,"integrity":"sha512-T2C622nmNAYjHKhwFTSb65JUU30ZjZOqvq70hIj012qeopB+QvPXqCYYfR7RUeDUJ8RKUkGyr4D6keNLw4bJ9g==","mode":420,"size":1094},"lib/rules/accessor-pairs.js":{"checkedAt":1768031005485,"integrity":"sha512-k2ERJ/MAUxldKT1b2weQX11dHCQJ4ExALYZeDcWDsGIKYwiMkkx6zjMPHjC/X6nmrHxa1GCWxkdSwB39rgA+6g==","mode":420,"size":11210},"lib/shared/ajv.js":{"checkedAt":1768031005487,"integrity":"sha512-R6UCYxtqJV+gRVtlDQOMcYr7Sq/2+ftAHAE4Fe4ihz+rSs6i3fRLwjtvK9+rM3/luyCR2niisYgz2WAIYVQyaQ==","mode":420,"size":931},"messages/all-files-ignored.js":{"checkedAt":1768031005487,"integrity":"sha512-+2ITpgKewX7WylQHbFBkhsvsV/RmaX9GOfOywom15B5YS7hz7tC4gArK6Zzig5MpjIaeJovvzknc8mmsXfUMDA==","mode":420,"size":660},"messages/all-matched-files-ignored.js":{"checkedAt":1768031005488,"integrity":"sha512-JhhReXaDW7s2hdsErKasCYHZOJsS9Q5WU2hFqrHFaJNyfDG9QT/+dk355+wdRz/wyQYcnCiYDWzAqO4SfG0L8Q==","mode":420,"size":1025},"lib/api.js":{"checkedAt":1768031005488,"integrity":"sha512-GG8giKpAk1tR5YYL6nZOpz8zB/cbMXA8FLyGeaxnK8gQ+Iqj/uRICv6jcxFlBaFehC0xC/2kUZieKN4HoK7qGA==","mode":420,"size":1609},"lib/linter/apply-disable-directives.js":{"checkedAt":1768031005489,"integrity":"sha512-Vbe/siIbgOlwTlCe2h6b2myi4aSSlR3h+zDX9yedG7zijXPEVLmscAfdFp6fThZm2QydktxxIuoQdmPiZtqoOg==","mode":420,"size":19105},"lib/rules/array-bracket-newline.js":{"checkedAt":1768031005489,"integrity":"sha512-TeOVSajDiqcRAvhDClhUzGD16ETahK5VL2ez3/+h0vWlHzCN4X6Eevx6cc7PBnXmnSMGbpYmpkr9KaHz5UAptg==","mode":420,"size":8123},"lib/rules/array-bracket-spacing.js":{"checkedAt":1768031005489,"integrity":"sha512-POC+Z9m0ENlybPLNpE/i/KXeAuHBCMGSoKQBQPcxqxZSupwXNUT2Sjw8AeEog9oyFZSNgkaVIrRI4ksqvaFZxA==","mode":420,"size":8071},"lib/rules/array-callback-return.js":{"checkedAt":1768031005490,"integrity":"sha512-l9Y4uqQ1DE30i2z7fh7VbiyEjeOCDBq73pVdSVEX+DDdAVcU1AyI/cO8Pg59b58ZRT8jJPqNjT2hQesMKd+8/Q==","mode":420,"size":12906},"lib/rules/array-element-newline.js":{"checkedAt":1768031005490,"integrity":"sha512-asw2rCfZYpaG7AHPS9q/r1uh746cdtPgBw1Ijy0O2Y13bi0DdrdyHFijYbSgmT2SAIiiGcUNJvbaiBfnCPIXYA==","mode":420,"size":9070},"lib/rules/arrow-body-style.js":{"checkedAt":1768031005491,"integrity":"sha512-2CzQfEGGZ16lwo0PSPIykkj/Euwq2Vjy1VvgE6UDjPUj8Fh1+9OzpdapSghu7OdL4lm6M/inGWpA5kXo9NatlQ==","mode":420,"size":10365},"lib/rules/arrow-parens.js":{"checkedAt":1768031005491,"integrity":"sha512-+ZbsDIcg6o6oF867HjwdgOMoictXmpJ9k6Nj2VvaeWPt/hCqCmXGnQAv6BezHec+JGi1YRHmfFvaSTPUm/UcSw==","mode":420,"size":7119},"lib/rules/arrow-spacing.js":{"checkedAt":1768031005492,"integrity":"sha512-ngdCb9UM6r0Ddy6GKVMzqDpe/mN2/kgkWaSS9WnAHGrke6lYB1blzL02AJH6ZQK5VEkrR3xrjh4LT/0v58ojkw==","mode":420,"size":4618},"lib/shared/assert.js":{"checkedAt":1768031005492,"integrity":"sha512-1vXYYhuW6k7HL3DUoIBY/lfqemnbR4C4Z1f1iiH1Igg9IneKmOQLbgkDzsOhmG1hMieUATcJPD47jjVuDoDlvA==","mode":420,"size":524},"lib/rules/utils/ast-utils.js":{"checkedAt":1768031005493,"integrity":"sha512-wtlWHj1oCDPGniSa8EIz6Cz6zYQAxTHVA5k97k72/p8XAiZ1pa+Ot6pblQPMgWZdC6lohQbnfsjCltG21VvacA==","mode":420,"size":79297},"lib/shared/ast-utils.js":{"checkedAt":1768031005493,"integrity":"sha512-mLWFJfkZZM+QZC3JG3WRqvT5GUYx4ci/btLZsjxSOxURjy93ILez6vBgmB9frwjr8dCxq1eD+PiJKcDMkZdeyA==","mode":420,"size":897},"lib/languages/js/source-code/token-store/backward-token-comment-cursor.js":{"checkedAt":1768031005493,"integrity":"sha512-Vdu3XYpMFe3uw1EBuSiEfefcokXnRhYk8Nvb+fWLGfGF0iIkf1eZMGf6VD1KOjEKVDACBFEn+hm/GAhdgARsRQ==","mode":420,"size":1877},"lib/languages/js/source-code/token-store/backward-token-cursor.js":{"checkedAt":1768031005493,"integrity":"sha512-8O7slId1ceEoW05v8V2eGXjr/LP4z8/FCTBTWClfYjlfgYz0ta07pbKPD/fydN6PEkuaukOEUkR84QL8Xc9oHQ==","mode":420,"size":1606},"lib/rules/block-scoped-var.js":{"checkedAt":1768031005494,"integrity":"sha512-NuL3SVkj1gO6wJMygiJpWX4TO5M0OikRuDC+OrIOBLGheHNr9e6P7Tr9C2kufgKq0wyhDXCH3h8JUixRwG0QTQ==","mode":420,"size":3501},"lib/rules/block-spacing.js":{"checkedAt":1768031005494,"integrity":"sha512-NTHqxl7WucFWl78SJO3RwLgRk6pWJLwQ1UnnwZP/uhwSp8QTGwS6PA3qsBpxrM3/27789CJlZYw20ER8TJieKg==","mode":420,"size":5159},"lib/rules/brace-style.js":{"checkedAt":1768031005494,"integrity":"sha512-7GhD2a7MnsuH6prIEQWZ9IdtBuxAl1BEIXPno5V6WvEKVQwQVqovRtnPeEEkAsuKDq0Z1YJCD3ayBwd86NhjnA==","mode":420,"size":7592},"lib/rules/callback-return.js":{"checkedAt":1768031005495,"integrity":"sha512-kaPF5QV4rQ2q9JufgZORw7Y2vLr8hNJ5woJdMromXtTGYGiwXWoYq/rQeUthRp8TalHU2ZEdi08jHUfI0snooA==","mode":420,"size":5875},"lib/rules/camelcase.js":{"checkedAt":1768031005495,"integrity":"sha512-vuMkyKxiGNVgqgyQBJL1hF7rycKw/KMRex+U2Qebrj81jSa6Lwji1fbBoc0NYlZz5lNR1f7ubmb7VLpjKqYkJA==","mode":420,"size":10363},"lib/rules/capitalized-comments.js":{"checkedAt":1768031005496,"integrity":"sha512-KoyeahLMs/Zll7YslVc6n2PDXOVv++Y0MV/8b/pzitOBB8dUqHpjzVj1jbB2TVCEO/6KRqO/l0UlkT9jPjQPmQ==","mode":420,"size":9285},"lib/rules/utils/char-source.js":{"checkedAt":1768031005496,"integrity":"sha512-fwiyAgnoggR6FIzcz807v+s49MQU5CZvU6b+nhH/eZm0gCTQyjvFA82cYrJ7GLN35zb7XZfLMc9gzRpXJfUfng==","mode":420,"size":5907},"lib/rules/class-methods-use-this.js":{"checkedAt":1768031005497,"integrity":"sha512-FJVuKlzLQ2QyS420dWUuhTYDooC3wUfxYIa6vmHd0BG0oKxTcjOsrho01oGq119CT87/yQyctdf2vAXVqIZfbQ==","mode":420,"size":6393},"lib/cli-engine/cli-engine.js":{"checkedAt":1768031005497,"integrity":"sha512-wOfhgSa1Wxd8+blTJCOLDrtFYTzpNNkADNcFBrqrHNH4VXJ5MNkO0uFmlEr2kAZ2iLeIhw4MXQKBOSV+JmnSDg==","mode":420,"size":33638},"lib/cli.js":{"checkedAt":1768031005497,"integrity":"sha512-C7ZTPrBpxiVje+FPeL358llmyGEB9HfAZB7utJCK03V4L4j0taW381kLDw1rvgzNEcuot+nG18ThIZyhTYpATA==","mode":420,"size":20117},"lib/linter/code-path-analysis/code-path-analyzer.js":{"checkedAt":1768031005498,"integrity":"sha512-a2UgeKyerWdg3LRn8s7UGTD07G5o49EBL1iFEfDp3FUR0j8t4yTWsa1623YwAtCq/N+Mew7CIxZWzmhLdA8vrA==","mode":420,"size":21086},"lib/linter/code-path-analysis/code-path-segment.js":{"checkedAt":1768031005498,"integrity":"sha512-k+etS39XDC4YVuaeEO94s7f4Whwq2MCrvhvDumiJ3V54x53aTS36znQFDKtBQlJ0CETjFaWU42AXx+n1jqwYGQ==","mode":420,"size":7742},"lib/linter/code-path-analysis/code-path-state.js":{"checkedAt":1768031005499,"integrity":"sha512-KNpdm10A0LRy25tlbtXlMt/ZEX/F6X6g/GNPSxdQ6C+xOU9EoeeZQaQ1yVWuajVGeikaGmRhhvLgegxzzU5luw==","mode":420,"size":71055},"lib/linter/code-path-analysis/code-path.js":{"checkedAt":1768031005499,"integrity":"sha512-iIh/aqSBk+RVSpQ8PnPqQy5XCGPFHxrFbe8Wvt8u9uddVeabTshXA4zVNjQZF9e3VNJjTWIrp6C/QNWYTbXfQw==","mode":420,"size":9609},"lib/rules/comma-dangle.js":{"checkedAt":1768031005500,"integrity":"sha512-x9Z/kLKGyeYRsidxWl05SHstUUiPgUVLCZ/pMG9ndtAtfu3CWOi8OnqNlUbWFcUqxvbqQ9RPOC2q+4Xa/Gi4Tw==","mode":420,"size":11652},"lib/rules/comma-spacing.js":{"checkedAt":1768031005500,"integrity":"sha512-3k80yAxeIz+v2XhiOJ5t/usZpLfVGdLU+OT2PELeWWoLuJUdkLHcdMq6zaRcaQ9ICEzWX6j0/Mj9woP8owxV+g==","mode":420,"size":5892},"lib/rules/comma-style.js":{"checkedAt":1768031005501,"integrity":"sha512-TQT4B6XUD211+PC5Dt/XVkIZaTbgkF8l4F5rpGiDwJe9Z8PrANkH+c22kNlJ1TQKV1uAb7o/YvV5gl//BXTtTQ==","mode":420,"size":10241},"lib/rules/complexity.js":{"checkedAt":1768031005501,"integrity":"sha512-o9hgMGfuErNLn3iHPElZrmZ6dINtNEKdeQEopo4HHkOl1roRFZ2ydstteJy+PPkJgbk/EEe1B8nJD/G9L8BJOQ==","mode":420,"size":5010},"lib/rules/computed-property-spacing.js":{"checkedAt":1768031005501,"integrity":"sha512-d9mh3AL+geTSKztQMnKgCA2uSjwHQ9oP7J/ZAGgtBNrQv47l9CXQTYSB4VsT0dzRjuxbUIApx2zkYrRZuC89iw==","mode":420,"size":6703},"lib/config-api.js":{"checkedAt":1768031005502,"integrity":"sha512-vESAUVv4MHDnbDLpRLDU0uxX9SBwsP8r3gHMPPmrbISFJWy+XBusN/HTaGKswWgYIppSaWQMASjV8wyzHju2nA==","mode":420,"size":225},"messages/config-file-missing.js":{"checkedAt":1768031005502,"integrity":"sha512-Z4ET1DCrjfJII0/P6m3xpvBqN0/78cXpM8VaCYppyD601Zm3tlfSQUbECOTS/Z0/ul+amN2bvhioZ6Sx+fmoOw==","mode":420,"size":526},"lib/config/config-loader.js":{"checkedAt":1768031005503,"integrity":"sha512-kfa6xKZALudzGMqJiNgOcvJHhfjUw+f6pWt6s0ofOBXvJqtzhgdzGLhX0Jdq3CjLGdFmQo+60hYe1tDC1mUT4A==","mode":420,"size":27997},"messages/config-plugin-missing.js":{"checkedAt":1768031005503,"integrity":"sha512-mHUxtDhmBuBOLTz1d3fijgoFV+33Klby8Ka9UFzroI8/xqFA6dvs1RfMXXxlAnwRpN+XG1fZi2kN82isC/IyDw==","mode":420,"size":445},"messages/config-serialize-function.js":{"checkedAt":1768031005503,"integrity":"sha512-Hctd9UdAEtjpgDk4rkC3p6bbPjLiagUPUQxu+lPGrZjS572VmNjx5veoljmgCRkr9RD6kWRPwqJa55Zn0IER9Q==","mode":420,"size":942},"lib/config/config.js":{"checkedAt":1768031005504,"integrity":"sha512-AbqKwUI8YGXJ+rDB9TMadluFnQ/+eEI5ZacwK3uJaY5axSN+ZpQnlSkJqI7UFIS5uQ/Yt5QIY7ioF00ixGoa5g==","mode":420,"size":19019},"lib/rules/consistent-return.js":{"checkedAt":1768031005504,"integrity":"sha512-Q5zndNR2N6Mmde0ChN184aVYC15hRDqMkmtrxq8esqDiWy+856zXvy79zXH2IS+Z6ku/ZK4e8DT/00K2jLRgVg==","mode":420,"size":5739},"lib/rules/consistent-this.js":{"checkedAt":1768031005504,"integrity":"sha512-CjYtWB07soya31//YSTahFQuswtH/likgjPQk2xW/w6RmF++/u7fjtbtIPr6kFbUz+FBUkxTGEuW4u0Ctgasfg==","mode":420,"size":4429},"lib/rules/constructor-super.js":{"checkedAt":1768031005505,"integrity":"sha512-afXD3b+1ndhOJIrrk5opZEQ5CCI+9+D4ENFx4EY+FEwo2ngH4EQrgWRm1jfw9DHlXT0adgeCEc90SP7dU6qWfw==","mode":420,"size":12051},"lib/rules/curly.js":{"checkedAt":1768031005505,"integrity":"sha512-nkqnZl1Y+uyKVlJ4Z/xwTj6yiP9AjgbWsWSVzJqukMlqawalSV+A12l8RHW5rNqDj+aIMAwAY6VogZY7sF9M+g==","mode":420,"size":11758},"lib/languages/js/source-code/token-store/cursor.js":{"checkedAt":1768031005505,"integrity":"sha512-dLt8eH9mEki4c+kDbaMjBzyQvzbROCoZuqX194VJIaCsQvncQW+w5RCiIEIoXxddSLPsmTluHA0OXL8Rv6GNDg==","mode":420,"size":2198},"lib/languages/js/source-code/token-store/cursors.js":{"checkedAt":1768031005506,"integrity":"sha512-ATVflxrSeNY0eUVskei19xrP4eZn4WZcqajDNeu9J8GKAiRfrrMIRyCTGZ7jDwImCs2me3OrRDVitdnehDzm8g==","mode":420,"size":3714},"lib/linter/code-path-analysis/debug-helpers.js":{"checkedAt":1768031005506,"integrity":"sha512-eUNUCLMVEfNdBb61N4/n1VCTVWJvAzJBI90nhsM2jhYfHFPZjTvfXk0qg0JqlMNj3ySaTXcXJlX2GpQibGrLgg==","mode":420,"size":5833},"lib/languages/js/source-code/token-store/decorative-cursor.js":{"checkedAt":1768031005507,"integrity":"sha512-Tbdmy720Zbj7VIELbIv7NBxX+jctRGyuf0M1Dbm3JhCC6Phnsj2a1NitxoDSlF86OuA93s53ehRQMWrgI1L+QQ==","mode":420,"size":953},"lib/shared/deep-merge-arrays.js":{"checkedAt":1768031005507,"integrity":"sha512-I+SIdW132IxhsQXaNzlUClQ+YeAd4ALaUmOQWWjwXUTBlhNptI5u/Y4F8lQAQKr+uZhaBiv1stWgIc0q5r4Cgg==","mode":420,"size":1574},"lib/rules/default-case-last.js":{"checkedAt":1768031005508,"integrity":"sha512-yg5uNLVlLtBOPURtkIj1hypURK5FvpXKHJCLYcWYtdlN0tIRgTtLxtkYgG3OMq3THZGdGINzNtWvtgKt1740Aw==","mode":420,"size":1103},"lib/rules/default-case.js":{"checkedAt":1768031005508,"integrity":"sha512-/aUDE0C2qvAlwA45BRbbQ59fEi/wdupDMpFU+734wsmM8n7lz1B8SuYx+fDoYozx9chHmY6lNDTvf46NELD6MA==","mode":420,"size":2311},"conf/default-cli-options.js":{"checkedAt":1768031005509,"integrity":"sha512-IjTJT+TEZLnjYVYBINudr/8L/vL2J3Q/ysLAI0yXQL+4OlA2lDositcNj31bYfQUd7uVZfjALLF8iOBYaoE2sA==","mode":420,"size":615},"lib/config/default-config.js":{"checkedAt":1768031005509,"integrity":"sha512-zTOn0I0LMhjgVzXtaTMOXETNDsqJ6sSHuuwZmYWXJWXJidg86fapme1C3wiObLwcL4TpgziVq/f/msF00YIB1w==","mode":420,"size":1697},"lib/rules/default-param-last.js":{"checkedAt":1768031005509,"integrity":"sha512-/zqfLC4zqCGjeUI8a4v+RrGUaUiaCwCIyO1EBRiizd8hBxgxFVZJzZJunmwJMWTmKEl5Ailx75jgEVilc0/2PQ==","mode":420,"size":1690},"lib/shared/directives.js":{"checkedAt":1768031005510,"integrity":"sha512-V814ajZF2tzlfoMc4DFcQoiTDUvMIxt4vabbSaWreXgMJhTdggEXskJMTnu9EJnm+FFCI1tIZYLfBlm5KREnMg==","mode":420,"size":413},"lib/rules/dot-location.js":{"checkedAt":1768031005510,"integrity":"sha512-OzmXqn3Y7NcSZIlvprsZXb/9yKoG7BaAEFCrjJPBhVroQ47V4ChzyFfrum+/1/LlL9FJctkDSGKgM6P0VHGJcQ==","mode":420,"size":3404},"lib/rules/dot-notation.js":{"checkedAt":1768031005510,"integrity":"sha512-GBCs74M2FmwCDBBUbOoIwSbFOpQNMVXVts21m/2Ck2Yw4U1S87vMxFAQbSyUBvYQZDtLvZtzRyOAboOImu0IVw==","mode":420,"size":5200},"conf/ecma-version.js":{"checkedAt":1768031005511,"integrity":"sha512-OsWAAMwMGyBkdmE1US/HY777PJJLu873lZLy0PfhB33fZmpVLboIxQdoAoJncRFG4jbxOtR7EJG9akm97i6wOQ==","mode":420,"size":304},"lib/rules/eol-last.js":{"checkedAt":1768031005511,"integrity":"sha512-1NcINHbmJrudsmeVhw2GIyMOnOTVqAdgIS/qCkft2F0k1ObdCiITwxJlTnH5UdLXxCorMETfLO5CeBU0ICoGZg==","mode":420,"size":3566},"lib/rules/eqeqeq.js":{"checkedAt":1768031005511,"integrity":"sha512-n8Gu7b2Qg9G+EgjLlbeBy2J2hSjGik0Q5qAOrMpaW9GqVlT51FdeNao7N5fkQHWjaaHS9L6ZOJ/+eev2Sx9h+w==","mode":420,"size":4874},"lib/eslint/eslint-helpers.js":{"checkedAt":1768031005512,"integrity":"sha512-ZF5fzQ2VLeCNwPtTGeCqkoYCJOPv7TnRW9q4O4lhQ0YhuC4U1CJxyTHm3KAME1CtNofoIKb9iDsxuC8IA7M7HQ==","mode":420,"size":33107},"bin/eslint.js":{"checkedAt":1768031005512,"integrity":"sha512-qF+dPrWaa/JxjYX6StIYYEd8O0ZdJNN4CaASTUIQr+lcdOyuWCSELASC6NfnVtnozTpASdatePRw6wTDirQoEg==","mode":493,"size":5610},"lib/eslint/eslint.js":{"checkedAt":1768031005513,"integrity":"sha512-0zEqetQjYv+BoNqrnt6od7snHba4yPgUX80K6uMpsEtEQ7FlegXIRYdXiDSPjca9XL72K68Q7zCBxo2jNJBllQ==","mode":420,"size":34095},"messages/eslintrc-incompat.js":{"checkedAt":1768031005513,"integrity":"sha512-WVDW9z1l4N+RMxce/UJLvdMVUUOCl8XvS/I0AKdqYB+7y4JfMvp6XT7SttYnbmlnNDhu36AfI/mB0LsidLSRsA==","mode":420,"size":5231},"messages/eslintrc-plugins.js":{"checkedAt":1768031005513,"integrity":"sha512-EE0gZ3A/3iEDWryNFS1tA5sdlPp9wEmMEHwQNWyxRmIpHYKWL6zoe2hRxoKL0o6khhNon7VPOe+ErmC/ygq64w==","mode":420,"size":932},"lib/linter/esquery.js":{"checkedAt":1768031005514,"integrity":"sha512-V3as2w+4P3tibPQPlLOOrLHgMv8H5EpgWy96CJoedYU4ZUqAoFrCuJaLk1hH7GdhWldZkonMCHBBFoq5WMXWIA==","mode":420,"size":9318},"messages/extend-config-missing.js":{"checkedAt":1768031005514,"integrity":"sha512-P6pVIWU/1eNMWqXIb4qdktvo4UBjiYy5kUijRbte/L3prGIcB6YkC0SrfsT5LcMSThzss+TQXmnbRE75OgzNDg==","mode":420,"size":418},"messages/failed-to-read-json.js":{"checkedAt":1768031005514,"integrity":"sha512-o22a4OfyQjsWCFYxJa//htvBljOk/J1P+Wor9VsvSRmcUESNQlsK8f56YxbGpxC7jWAjnHAW5lVcoAxihbsc+w==","mode":420,"size":157},"lib/linter/file-context.js":{"checkedAt":1768031005515,"integrity":"sha512-D3uNgECOcpamI2hbKtpkWCVDaHDAL1iBa1RwAkh1RBg8czSOQMnRE0b8L3v0ml7WLffRqUIMN2XAYxaKDN9qXg==","mode":420,"size":3612},"lib/cli-engine/file-enumerator.js":{"checkedAt":1768031005515,"integrity":"sha512-VAQ/k+Xja0MBorChHAlhSVQRnUh+ieJsPusDyJFc1rqEFOjuYRJRj2smVf+PK6XnfMjhK+jUltmhPoAcI7hIUQ==","mode":420,"size":16659},"messages/file-not-found.js":{"checkedAt":1768031005516,"integrity":"sha512-QC6ffo3knXsOLQRUkrYW2gZrbp6XhUA3ZPmxVi0BQQUldYPnvxi/oBuQDAVQwP14yR5H9MdwLcjq8DaUs07iVg==","mode":420,"size":268},"lib/linter/file-report.js":{"checkedAt":1768031005516,"integrity":"sha512-LMHRnA+k9ddL9pvmdM6I3NfGT6v167uAACWqxeWg2Ab75H0/9o/V0MYVMQrcr84ZX2uqzzHAWWBkv7/dshxGiw==","mode":420,"size":18685},"lib/languages/js/source-code/token-store/filter-cursor.js":{"checkedAt":1768031005517,"integrity":"sha512-4GkXIyY2XbkwD5YNdAbTBD0EEXdfArKsb83CIJpgXgYu+5mP8xxAjXprMzOxzbQwGXndemNh6OMU8yRxNm6Eaw==","mode":420,"size":1110},"lib/rules/utils/fix-tracker.js":{"checkedAt":1768031005517,"integrity":"sha512-2UpOJ+oCOv9biTHIewd5RRltQHdRdxn7ORmGdxVwlBbATN3LEQ2U7BJD76vzjp+VK/aSGaNtDWf0+Mf2lxc4sA==","mode":420,"size":4030},"lib/shared/flags.js":{"checkedAt":1768031005517,"integrity":"sha512-askbPybvMORrrzibPmh5OfSECkagKhshvSmDyObkS7d+eVTdSwNsNsi9HAGLZuCALrbjZbn0qkkAWZ+cKQZvHw==","mode":420,"size":2725},"lib/config/flat-config-array.js":{"checkedAt":1768031005518,"integrity":"sha512-x5RXsU/R9m4aKxd//bEPZVw0QS8zh7x3F05x/IKuHDfCv2vkD2IR3eynZFI28DYPClNzs3E5nQ4MDlhs/GBUjQ==","mode":420,"size":6745},"lib/config/flat-config-schema.js":{"checkedAt":1768031005518,"integrity":"sha512-1tzAuDVQSRXPbCnsh/fSH3EXiP5Q9wR9iAFOVDr9B3w1Eu0Z105+iYimabaZ0OKADBh9LHtol/76jmYjrr/d9Q==","mode":420,"size":15802},"lib/rules/for-direction.js":{"checkedAt":1768031005518,"integrity":"sha512-bgvP3g3bWTDo9YVUE+lhztdRmDtrBvXkuHP/KADuX7X1JraLLquB+quGoOGNmxo1atySIkkis4iz/sZeRyesIw==","mode":420,"size":4213},"lib/linter/code-path-analysis/fork-context.js":{"checkedAt":1768031005519,"integrity":"sha512-SZMG5DgIVIwwMpSj5cGxl9QEqy2Falr3UBA95BChHNVrjRZ8Y1Jz98NTAI0d0pOzftZviqDHPvwMNFeVcU3Qug==","mode":420,"size":12317},"lib/languages/js/source-code/token-store/forward-token-comment-cursor.js":{"checkedAt":1768031005519,"integrity":"sha512-jI8Dh9CJjKAXJ+76ev1bkZqNmahNhlMP0c2PZ3kmzSKjW6nBjkq1V3e1+b+6vvS+fuyPB7Deiqah73s6cRAlQg==","mode":420,"size":1911},"lib/languages/js/source-code/token-store/forward-token-cursor.js":{"checkedAt":1768031005520,"integrity":"sha512-3Ye9q6Q83sq5je5xromoXVAc1VP9mECN3QQp9FsjnPVDXXk7tEeS1H1fn4eTmqggP3LssuVwEY38CFpHBdufng==","mode":420,"size":1684},"lib/rules/func-call-spacing.js":{"checkedAt":1768031005520,"integrity":"sha512-MxWvAHEnwEbDDowzjGDSAo2UHJPljarYWr2RzS0uWJdVkRj289ZBeVhdcvlFVOeWRGiptbSxyYPZnsEwIgwutQ==","mode":420,"size":8290},"lib/rules/func-name-matching.js":{"checkedAt":1768031005520,"integrity":"sha512-VJ9Yvc8XCvr7uQ45os7ZTeWAxHRrK/tVXFJcGN8ZS00iCmo67+QHUSocf3wG9vV0ThjrhevaHIC/yxNwRJpqKA==","mode":420,"size":8835},"lib/rules/func-names.js":{"checkedAt":1768031005521,"integrity":"sha512-ACUng0tRDyGZq4JUzRJGRIhmXFnX6H+/FMgYk8o6H6UjLk/TcnAf15LhlfuwGCXuhieUxKLjcUY5uvx3cVeG2w==","mode":420,"size":5135},"lib/rules/func-style.js":{"checkedAt":1768031005521,"integrity":"sha512-XcAI3Qf+jG8ZmtAihEGaRYV+dPDMn1f05irHd1OFn5g/FRhPfDIC0n+z1oekZIT7iCw9k5cHISbVYsr0lt2JYg==","mode":420,"size":5337},"lib/rules/function-call-argument-newline.js":{"checkedAt":1768031005522,"integrity":"sha512-P9tAdXEdaI6FF1Hx4+U+kKQPkg2rROos3g/v9DUZN4UBnQZRekYMIf6bOrsfreSgcX2WuYFJ2Pu5N0KFK69Bkw==","mode":420,"size":4222},"lib/rules/function-paren-newline.js":{"checkedAt":1768031005522,"integrity":"sha512-hrD6lXBxisXeFPpkcBjB422es9x+um4OUESC29Kg/bxHrpJMcCtprTkKWuOpgmfakER0JPBdflGXXTYzYn0GLw==","mode":420,"size":10198},"lib/rules/generator-star-spacing.js":{"checkedAt":1768031005522,"integrity":"sha512-llHaNJI/uQvsQJrbgbiZiapgG8XVQa13or7xN0MS4dBpOmfqsKt5L1Pl3YR6rMtKw2Y4Mt2mlvRiIuTwXUs7mA==","mode":420,"size":6319},"lib/rules/getter-return.js":{"checkedAt":1768031005523,"integrity":"sha512-K5vwO+pCiEPesY5/JaqkClu9xv2d29t1cAZjjR2OhOlFbtKHikd/L4GpIdHqohn3uJX/2mmJyFTvojp03axB7w==","mode":420,"size":5756},"lib/rules/global-require.js":{"checkedAt":1768031005523,"integrity":"sha512-7tgM7U6E3E2TFVkhSM6UYTi5GpSKX1Aq5K4q1qTyH5kOqyL2D7NyYDgHSIZ1WVwuWj7W94tD0SS/fzC1o20c0w==","mode":420,"size":2849},"conf/globals.js":{"checkedAt":1768031005523,"integrity":"sha512-2AKQpJoLyTVz46dPsPVRV/39wg+w7gMUWMeL8yDjaWCWHfKugowOfuHSyzjBHigabg0IxLr5VtTD+w+lon306g==","mode":420,"size":2612},"lib/rules/grouped-accessor-pairs.js":{"checkedAt":1768031005524,"integrity":"sha512-qEv0UbRhM03bG1tmSBPjLv3T5iX5IuDwslNnJUGSosrjVluFfTzUZ34EXHsozikjf13ScIbSrij4/nDnp5M3rw==","mode":420,"size":7255},"lib/rules/guard-for-in.js":{"checkedAt":1768031005524,"integrity":"sha512-GrlQzTmJqOY1eFfg0JcnNQfkRbQSgLTm3H0R/9uS1wUXo3J8kL15fVPK6lP1MC01rssm4dhkNgr5bmDbolSrHw==","mode":420,"size":1924},"lib/rules/handle-callback-err.js":{"checkedAt":1768031005524,"integrity":"sha512-kIBbNqkosrbLwaClYmJ615GUBKjeyvXw9X6sjcpdkWb7z1iGtrKgDJ0YhzXhvUfaSaY1ONs85A+QIS+CQwRcYg==","mode":420,"size":3243},"lib/cli-engine/hash.js":{"checkedAt":1768031005525,"integrity":"sha512-uZVgATEWPnVd9F0CVuk+IMDB1VHJSN8ynXtH6+WKLGJvpu6LPOYACDyYbKhXvMXvIiS+/eBbTiKvn5FhTvmqQQ==","mode":420,"size":1057},"lib/cli-engine/formatters/html.js":{"checkedAt":1768031005525,"integrity":"sha512-taOM7IluQWX/I2OVdj7zgPsTawMrUJOD2kV+U5RnYlAANx6REhTntK4teehb3DI+x4b9dRm0TcGc85MHGD8gqA==","mode":420,"size":12525},"lib/rules/id-blacklist.js":{"checkedAt":1768031005525,"integrity":"sha512-XUwuj5r937WF/4h7BpthtzIMo1dZjW1Hp32gMb1Saaqenr74vhAAZ4GrLPml+qXGiBSb4ZuZ78v2Jg6vnmzwmw==","mode":420,"size":6696},"lib/rules/id-denylist.js":{"checkedAt":1768031005526,"integrity":"sha512-NCfH7pMaMzvuuFy8rJ2pxC4vPselMb1q5o9HeJwxhtpKvEeroh3cXtx74r3oMiMVuf7F5fVFk9dwU0pkv9eYsQ==","mode":420,"size":6357},"lib/linter/code-path-analysis/id-generator.js":{"checkedAt":1768031005526,"integrity":"sha512-dwI0bpLchN8nbv0dz5zgQT/X5MHpome/1pUEbkEdxGHilZAVBFYc6BBImkspsaqnUZpFm05i9ezCi/nZpDokTw==","mode":420,"size":885},"lib/rules/id-length.js":{"checkedAt":1768031005527,"integrity":"sha512-e74FbMPyhR0RnAbZFCTB0dP7tCSIR4N8n04NyDNO3XgsOdoR9EVkv4c7yx2N4sYf8Fm/w+rhM2Yjts0qXujSww==","mode":420,"size":5613},"lib/rules/id-match.js":{"checkedAt":1768031005527,"integrity":"sha512-vprvtHDij6veZytQ89ELWt2jiUE3qV1enYq8kJYIbM/sOGpD//qnT9aTG3w08tRwIsFad2kLD/cCOx/TErgTJA==","mode":420,"size":9208},"lib/rules/implicit-arrow-linebreak.js":{"checkedAt":1768031005527,"integrity":"sha512-xoTgzth80j8vQrgd3cf0q+QrooMPyDkAkHVX0+n4jl6EMqjmgnCDWtWspHp2/hq7mUs8W23S4Te+P0hcHgVOqA==","mode":420,"size":3147},"lib/rules/indent-legacy.js":{"checkedAt":1768031005528,"integrity":"sha512-CTpZ5Eks9GGURtueApvYaW0Se3hvMhZ51rYIVN2iQhV82toRJSFsr0/AVk4BBikIukEjhaZzsy4aXsjYp/DhGQ==","mode":420,"size":35719},"lib/rules/indent.js":{"checkedAt":1768031005528,"integrity":"sha512-yFEWIh/25/Dj5auNfN94iYLPkUYXDL+GGZyLQWSBt2uhRIMEYlH30QEpQeNuv29dABTYmh5M8Zil/77fH1SyaQ==","mode":420,"size":66474},"lib/cli-engine/index.js":{"checkedAt":1768031005529,"integrity":"sha512-JK7qkO9nXT7W0TSOYLYyNWijfKA1+PJFc2963YbtlyqPNVR9CzAGwpC91yCTjiTFazOUgFFpU0/zb+57GNw+PA==","mode":420,"size":97},"lib/eslint/index.js":{"checkedAt":1768031005529,"integrity":"sha512-xEWdaVT4G5m1/wjncwW/vuS5ZTx1vRMrG2ylMfH9+5gd6RmQSRLGjMU8u3b/dOJK+p64DrDI/5w6L7jRpdQ/oA==","mode":420,"size":155},"lib/languages/js/index.js":{"checkedAt":1768031005529,"integrity":"sha512-vFfMMb6oDRx1wUAPAnMXhCcRqPweu65DWEAQ0oM5P9nwgip812JQmst9RLBk7oMFXLEHJx81SbskYhUcaxZuFA==","mode":420,"size":10597},"lib/languages/js/source-code/index.js":{"checkedAt":1768031005530,"integrity":"sha512-Uk5eg/whbA9kqbN72pZCsYuewbSN4SedUSjprw3K599tPqATqJeFsOOsYDIIU6qh/pmkYKE07PAWrzEEp3aFFA==","mode":420,"size":96},"lib/languages/js/source-code/token-store/index.js":{"checkedAt":1768031005530,"integrity":"sha512-++VNliKVFMNMIVMSUED3Ok1oviXvRIqvdInuh+xsOzJqzwlXReRQ609jcmLYrRULn4eNTvR7QxBJNoiHJ5preA==","mode":420,"size":22659},"lib/linter/index.js":{"checkedAt":1768031005531,"integrity":"sha512-TtmX9gBnym1GOEnGcY47Cs0IJKQroFqxuaq8eL8eD5gYPREE+pqZTyYFGdZvpB14gl1k2wRe7vbq9lig/oJw+A==","mode":420,"size":179},"lib/rule-tester/index.js":{"checkedAt":1768031005531,"integrity":"sha512-E45Gf4ddIIQSa4+hJCVkD4fKSYBPyHmCsbz1b6Xsua9qK1Jjcw+vFKebx1sNJ8EBYXs5B/q3kUdMxaT0NDoi7g==","mode":420,"size":96},"lib/rules/index.js":{"checkedAt":1768031005532,"integrity":"sha512-XrWvVpIY1AlHGh5OP2H5L93pLzeE9gX4g65zomcauMjlqbZy/RseXnb7pigm7FyfLgcwxgZRV+zipiq4A6SCUg==","mode":420,"size":17844},"lib/rules/utils/unicode/index.js":{"checkedAt":1768031005532,"integrity":"sha512-/CCgxCV34xJ21z8S8fKYSDzRTye+LNwBoUXXRdydLnUoGzCBMC2BPIYKBp2Q5vuT6K72IxVBtQ0IpoYLK3MV6g==","mode":420,"size":446},"lib/rules/init-declarations.js":{"checkedAt":1768031005532,"integrity":"sha512-FO+hCBcyHo/qxnVdtYpCvKvEz6trWQFq9Asfi1L8cxnTTw7GiPGQGy+P4+9EnZ2JfBKl5I4Yb4msMYKFJ6woiA==","mode":420,"size":3974},"lib/linter/interpolate.js":{"checkedAt":1768031005533,"integrity":"sha512-fpPrLCNO2MfHIjGSC5jmupP/dzKzHhRlkkVsNlBYECD9XcyGZ56b14NQ6SXk5eeUHn/yzdXFYoP8md+p2/jgGg==","mode":420,"size":1345},"messages/invalid-rule-options.js":{"checkedAt":1768031005533,"integrity":"sha512-jCtHL6w3e2leyjS2ysbr1NXVvP8Aq1irem6+PS6fRWkxGGikdTDB+jO5qltAeCPADdEY2rlwYFqHhK+jfqw9tg==","mode":420,"size":648},"messages/invalid-rule-severity.js":{"checkedAt":1768031005533,"integrity":"sha512-gZsrBTbcuUJnpW6wJ82cPxxCyndFL8+3KLAl9FztgoEHvsWqP1lsllBmcHzHNKp5SWKq18KB4djFHFxDqDHL/Q==","mode":420,"size":408},"lib/rules/utils/unicode/is-combining-character.js":{"checkedAt":1768031005534,"integrity":"sha512-ONaD4/2WrjICk7UOvuxYROqsyR7GuMoJJwpmXus7PWl0uRSRzfoNG3IXEsysT3DT2vbYZt8NN0hxJvWLiJ649w==","mode":420,"size":446},"lib/rules/utils/unicode/is-emoji-modifier.js":{"checkedAt":1768031005534,"integrity":"sha512-8e7UlJdreJ/qTVNlpHQG1ggNTvtTY/t2aqe5hBg04fUTUdK66uRc1nTfTH7SrHmJvHZj/msShPFwJWY0Y1RUvw==","mode":420,"size":364},"lib/rules/utils/unicode/is-regional-indicator-symbol.js":{"checkedAt":1768031005535,"integrity":"sha512-lYE0Z0eslV/9K9cfbdoxzY86Ddxj7YJqIxg8XyT3/Z4Zjj8H32qHMh7zW7zCz+AroiWoXXID7ozwhHDH+LYiMQ==","mode":420,"size":394},"lib/rules/utils/unicode/is-surrogate-pair.js":{"checkedAt":1768031005535,"integrity":"sha512-PtUTWjroazElur8sht8V1xrcI4q9CFs7xLzIVmvPPut2owRe3D1ZkvrO2pRFAV66rKRcVZ1BRH2xynE6ml/ODg==","mode":420,"size":468},"lib/cli-engine/formatters/json-with-metadata.js":{"checkedAt":1768031005535,"integrity":"sha512-TO62c5i1JQ3lgDu2IgGJsU1umvhOL0MO1tCeygusFFBPdA6qQLTLuBxhGYZA0KZA2sW6o/cLbWbUiwxeMcDjfA==","mode":420,"size":392},"lib/cli-engine/formatters/json.js":{"checkedAt":1768031005536,"integrity":"sha512-RT6OTHBAHXJt8Yx72/7TFHinElLMoF4h9eFAzPdum/uRFrswVtljPv5lS8+AZWoxKJwNGRr3afeTZUp44nsnMw==","mode":420,"size":347},"lib/rules/jsx-quotes.js":{"checkedAt":1768031005536,"integrity":"sha512-+b02zkDsMG17AvWleGmem3AxcuSN5xvoqAucSCeARMdfd8HpQeVtzPrapYAQ26jLVpeztY/VT10OZeHHvBJ9HQ==","mode":420,"size":3147},"lib/rules/key-spacing.js":{"checkedAt":1768031005537,"integrity":"sha512-MiVgMe5deG153t4T7sMpFJQ3RMtFwd8gRrM+PMVxe53xB+ftKFepqWBEjvvFGA9LDFDJu4TSuyiq4OWhHYcqOw==","mode":420,"size":21268},"lib/rules/keyword-spacing.js":{"checkedAt":1768031005537,"integrity":"sha512-C4czoeqkmhptr628CUX7szhjLSsWZKHCKwr+qMRL1JWwStsGWxX/SWa0XnAc7Z/m8JZOo++b4tN5P6YhUt6cQQ==","mode":420,"size":20417},"lib/rules/utils/keywords.js":{"checkedAt":1768031005537,"integrity":"sha512-Ccb+ZQyU8ifPyfWKcqMACoBTB8TGLgAEXQIaiH20zr8NmnWGE6J5F5Ij1FmousodF5XfH6kKNhI/BjKuCoE0eQ==","mode":420,"size":741},"lib/rules/utils/lazy-loading-rule-map.js":{"checkedAt":1768031005538,"integrity":"sha512-H0XQazJRSi1+SBH9lqcNeAeJkgz2JA07em711TE7UmOvYstb+n1jHahMTDd+RQw6VtQ6UIwHK4nOE5RP6zWEuQ==","mode":420,"size":2622},"lib/eslint/legacy-eslint.js":{"checkedAt":1768031005538,"integrity":"sha512-44NLbdPlKZmx6rES37UXr3tErWt6vcrTzx9fCs+UoLiBGxOptbbBgr5nJOsSVpM+jpWR3D342MuNpclTNtFFWg==","mode":420,"size":25681},"lib/languages/js/source-code/token-store/limit-cursor.js":{"checkedAt":1768031005539,"integrity":"sha512-kulZ7FX1ZxcKRXqitXpjnCotWjjxF0zcX35E/bKUcZAJhFX2pQci/tCepC2AeUKJFIWc5Hke4DRWtrjeJUN+Kw==","mode":420,"size":1027},"lib/rules/line-comment-position.js":{"checkedAt":1768031005539,"integrity":"sha512-2bVBWJtpRvRuW8Re1lXsuLHGEdFJEbeCjW2/lnJcEts6PjUvB8Umya6kvV+xvC4oFeE3qKUzCfsRAodDKQMW8A==","mode":420,"size":3736},"lib/rules/linebreak-style.js":{"checkedAt":1768031005539,"integrity":"sha512-cU1s2kzRkWUvFfeoyse91k63bx40iZreA9toLe+IkHc6y+oE04dqiEqW8wzytNZBC2VcBQwj5MZWtAnaPGXTyA==","mode":420,"size":3569},"lib/rules/lines-around-comment.js":{"checkedAt":1768031005540,"integrity":"sha512-BG34fIMUsy5mjaTzwE/wf+e0mkuPAHzMbFSuhIhvmBsdb9POVawSi0/NMy0U63PYcw0rhDGyD3mS/Ad3UvLVTg==","mode":420,"size":15497},"lib/rules/lines-around-directive.js":{"checkedAt":1768031005540,"integrity":"sha512-N9ZQEfcb6pMZwcyzxUgM7P7uEbSqlCInUwyknFUFlqoQ6O3P8r0f90Uld5GG4SLrU8uvYiyBf8FgyHXkApbrgQ==","mode":420,"size":7019},"lib/rules/lines-between-class-members.js":{"checkedAt":1768031005540,"integrity":"sha512-whaPiqpzeiwmWxjUG2b0bD1kmpeJdirq5C70mxSBGDLozhbarD4Ricaynq1bwnKlnXpNie1UPr6bTi3Ti7O97g==","mode":420,"size":10129},"lib/cli-engine/lint-result-cache.js":{"checkedAt":1768031005541,"integrity":"sha512-oOs6tLFuk9l0CW3IsaN6TclKCxTedFrHd/7HyEnTgdXAXB5HIaOhCDYj0A/UmGBikAMUEcvY89WjL2HwGZ9kyg==","mode":420,"size":6608},"lib/linter/linter.js":{"checkedAt":1768031005558,"integrity":"sha512-sUGy/Qg/wYuSAyLVnyOHjAGAip5mMO0ixcFCIhNC3D41GoA3g0C6UJNu4xvhpknclOsfLvkopAv/1MgtgPEW6g==","mode":420,"size":77421},"lib/cli-engine/load-rules.js":{"checkedAt":1768031005558,"integrity":"sha512-q/ngIM2ntVralOCQnf6n7jG3wlp+OcG0+IkKlwRQk8PrKg7VpMkum7k2/AhyvEz0FGdgjaKpAbrWZ58FLPf+pA==","mode":420,"size":1297},"lib/shared/logging.js":{"checkedAt":1768031005559,"integrity":"sha512-8oj0oezkBwcinuoq0mYC+GDceA2J558G2H84qfUj7/J3Cims0yxLxWOtFfLrJto/7bSgovyO5Ah1avG5c+czHw==","mode":420,"size":635},"lib/rules/logical-assignment-operators.js":{"checkedAt":1768031005560,"integrity":"sha512-YA1W0O6r55GWgV9YeouMjw3XvAT7Zd/1uNBHyETl2dQnmj2EuOJYHB4NZCDXtAytTBpAaLCcY4e4cjPJUR3NBA==","mode":420,"size":19047},"lib/rules/max-classes-per-file.js":{"checkedAt":1768031005560,"integrity":"sha512-+cgLdJdpTuQlcXpJqx72IxSaey2x3PiBNW7Yo1yO9UfVU+nTGnG8v/wPNxmpqiDCnesI3UZ4otzhASiw874AWA==","mode":420,"size":1858},"lib/rules/max-depth.js":{"checkedAt":1768031005561,"integrity":"sha512-xBnbKWfW4DCct6qGGFAlcHaJ5c1VcUQuBEggwKxiLO1aK/odR9gZfDvrVqKA2qGZ4Rg4aMRgNo216LrQUpHppg==","mode":420,"size":3633},"lib/rules/max-len.js":{"checkedAt":1768031005561,"integrity":"sha512-d6RJJ5912jIRnvezCNQrKr6clLKm3FW8Vwe72rT7JOLV1E4iffW9zwwQSWN40VJaV3DOA4o90ulhz56yULSyWQ==","mode":420,"size":13652},"lib/rules/max-lines-per-function.js":{"checkedAt":1768031005562,"integrity":"sha512-mr/UsjMSy7jVG19RwJtSbCCXqGA5Z2I6uRYTGOLVntVnhm/wi1xVgaFxpGn06kQY+GW5ZM2lmpTTmwIJYn0MWA==","mode":420,"size":6050},"lib/rules/max-lines.js":{"checkedAt":1768031005563,"integrity":"sha512-yE9yqF8/Ak3ZX+zGAI0A65rdBXPn4E4yDs0+QoEAz/btZCsyfk6RhfWigr+GBiISBJQ9m4KmOPNJpq3imCSHzw==","mode":420,"size":4403},"lib/rules/max-nested-callbacks.js":{"checkedAt":1768031005563,"integrity":"sha512-7a3xWNCvN09luAUM3fO8dtV9OB9FykB6//a9GzOkwAcYcd1Cegtk00GijmYiS/C56LcPL6mtYJeGYIJyb+xMMg==","mode":420,"size":2691},"lib/rules/max-params.js":{"checkedAt":1768031005564,"integrity":"sha512-8O678s147+3iH1/7DAFKZvCZ/rzU5PExMcZAzBr+xqirAcWaX2Ji+plrmoWYb72PRZGg5bd6FzDFcueFxrSX3w==","mode":420,"size":3075},"lib/rules/max-statements-per-line.js":{"checkedAt":1768031005564,"integrity":"sha512-WB97CQOYdR7j7IfLcA7vsjzR6boL2pK2uMHkHVsEU3mdBaxouRrXpRm10rK49uuuAQASklSg3lwn9xHa656gaw==","mode":420,"size":6738},"lib/rules/max-statements.js":{"checkedAt":1768031005565,"integrity":"sha512-k+2hJmtTypSjY6QD1HOZFCZqnGaQrU661fv18I6XFC2lmDP4owXqboOpc8MmA0hXcJomheGnKKk5y7KtJ1O45A==","mode":420,"size":4575},"lib/rules/multiline-comment-style.js":{"checkedAt":1768031005566,"integrity":"sha512-HYF95MqdNHjFE6azNn+u6ea514Qp10qzjOpRHgv4c8fZRUdHiVh2XoZwE/bVx4VET4pZ/b8+p+NTVdxzKaQVqg==","mode":420,"size":18395},"lib/rules/multiline-ternary.js":{"checkedAt":1768031005566,"integrity":"sha512-K0eIl5Y/MHmHdemCh5vn2USlgon3TbLDLXbmzBXODG2cC+XOghpPrXSn61iYuEyUvQeddhjmM3QTpols4TM3kw==","mode":420,"size":6541},"lib/shared/naming.js":{"checkedAt":1768031005567,"integrity":"sha512-WmfYqX3I8icvniTire51a3IwmCCWesdSu7Z+nuCBXlJ9juKbQZRAE826xtfkVOdebxpw33aUvaObChr8zWtUMA==","mode":420,"size":2953},"lib/rules/new-cap.js":{"checkedAt":1768031005568,"integrity":"sha512-ej/hcyYmlnmUlrG9e1SwPzQJEcKIGd4XKWS5z9ZUfEi7SrKRDT8gGTZNlkZ+gZGVGFGiZltL2w4jB9Q6Zkk1+w==","mode":420,"size":7204},"lib/rules/new-parens.js":{"checkedAt":1768031005568,"integrity":"sha512-I/dlGCFDdFInvygy7ebowCes/JlN8sSU3/RsgfMGQJrnRQHzxpIIDUBeaJ+XsQz9As5ZNFQR3pnWr8tv/uBRxw==","mode":420,"size":3167},"lib/rules/newline-after-var.js":{"checkedAt":1768031005569,"integrity":"sha512-j1pPvDZDq6o8CSlzuTPIZNNtfEdQpAXMpXvrOUcbwz2zJnq0XGCw48jAy79Q8MYdGjh8bw3Mh2D828tgizg6cQ==","mode":420,"size":8848},"lib/rules/newline-before-return.js":{"checkedAt":1768031005569,"integrity":"sha512-7RtUuvs27mMm4V83dAhUf9V7TqYgw+EE10DBguvLlVToviabPn/hRIenw0h1heDJmv//vwa0cVGnzckd27md1A==","mode":420,"size":7122},"lib/rules/newline-per-chained-call.js":{"checkedAt":1768031005570,"integrity":"sha512-jwoW10T/aXRfEa7gFBesn8hpm/1Gexc2y83oNOzJ0fKy71ZTvMOU04Vupjtbi+gjGp1+6q7kR51dNm6xnGGLpg==","mode":420,"size":3883},"lib/rules/no-alert.js":{"checkedAt":1768031005571,"integrity":"sha512-FAUfyMouBm/oD+QwuXi6lkX8ky/Pg3tzVWEQbtq9ZL6/zCXKGCvg4Nu/NSjo//Af2crrmNsJWr3zHTcOUPQXWw==","mode":420,"size":3841},"lib/rules/no-array-constructor.js":{"checkedAt":1768031005571,"integrity":"sha512-If44/bxjZaEWFEZOhvYaHnvlKlUPiu24oe9XFP+NQVsQFldNjRiDyO+jkxU6g77c1gDb0+RZ6OlHYwZY846vOQ==","mode":420,"size":4995},"lib/rules/no-async-promise-executor.js":{"checkedAt":1768031005572,"integrity":"sha512-jfT2QZAWLFcc58LfBwKYF0Xe1KeBRYI5wYvx6qp1qoaH11DT0Z+mrEwXNJpI2TJgTg5tClky/rxCpQmcvg3CqA==","mode":420,"size":1007},"lib/rules/no-await-in-loop.js":{"checkedAt":1768031005572,"integrity":"sha512-gbsJP/mrk1t4jiDt0aYzmRusBOf0yqqYnb1oEgHuij2sJTVGfQJltFw79c1+AgzbqDGTF7H+8QZ1sMQt9+91Dw==","mode":420,"size":2494},"lib/rules/no-bitwise.js":{"checkedAt":1768031005573,"integrity":"sha512-xczkbLtHnI2t9YMwXgSZBtnxrj0UU8gdb85LF40TJKF7Uzo4JdzHJgvxM/RUPf5Ral09/CleYMG+ZxldXGdqeA==","mode":420,"size":2948},"lib/rules/no-buffer-constructor.js":{"checkedAt":1768031005573,"integrity":"sha512-25m4jYXcSjpxsV/ne++w+PNMWnmxzdzNnPDb3a3IfBVFhJdfjOgD6S5oahAZ2q3Yct36tyyzZ+VRchsR61+8jA==","mode":420,"size":1864},"lib/rules/no-caller.js":{"checkedAt":1768031005574,"integrity":"sha512-Y0bUeuPXY2LATqTe3VTgpJQ4Tn325w0e9F8ubqcgNN1kCNOtmyzwc+huhJ+oOLbFK1Lhr/Q5PUMQail4uPAEDQ==","mode":420,"size":1086},"lib/rules/no-case-declarations.js":{"checkedAt":1768031005575,"integrity":"sha512-lAAGUAuExzeQ4dnhEAop/NMgcC2NiOUwNm2kMqpYxz23aMCIv+y9yjqNlFXqYyyg4TLeeXSbPDTnTcn702LaNw==","mode":420,"size":1867},"lib/rules/no-catch-shadow.js":{"checkedAt":1768031005575,"integrity":"sha512-v/HV1sNMoAx85UbEThGys84JCy7fIlwSsyKQ/uGMBK1meurOxHKcpuL5Nvjs555Cb+y+Jldy1+m8g3e2lVDbgw==","mode":420,"size":2511},"lib/rules/no-class-assign.js":{"checkedAt":1768031005576,"integrity":"sha512-f7H8VUYZSgM/7T8LhntW7Y9Q7zRTACOCgFiH7k/ckpFnce2z4c2IXvFzBmXU45pl5rjzEwxybkOZ4rsDdYd3cw==","mode":420,"size":1566},"lib/rules/no-compare-neg-zero.js":{"checkedAt":1768031005576,"integrity":"sha512-l6mTS6Jod7q6/HD3JLIlhtve1YFjBgR/0iKhUshGTcz6Y7haeR5QXxZLc+q+aZ3/8+rAHBaukbhXkvyOghz0+w==","mode":420,"size":1662},"lib/rules/no-cond-assign.js":{"checkedAt":1768031005577,"integrity":"sha512-x36VPBmqAchrlLrNwKz1WkAzIVz4pPOaeZrLxj2Dv3idyytYTuLvMeEGeLKS9XyPJh3IidW4LeSvbBedKyRD5w==","mode":420,"size":4837},"messages/no-config-found.js":{"checkedAt":1768031005578,"integrity":"sha512-1xd/02ZTKGUZcUnastLVYhlj0ei+lW1Fr9wk2j+ZTa/IzHH/qpH4o6eFeNP/p1WzvtuWOljFG+KVIqyhjyx6jw==","mode":420,"size":527},"lib/rules/no-confusing-arrow.js":{"checkedAt":1768031005579,"integrity":"sha512-wVv4f59iTrRp8vc7kxrIZrcPDS8xtHhM+QsFQXnSMVYv3q3GNRZN4BVWODUDoPPg3yLArfCrMZTPErwjq6k7kQ==","mode":420,"size":3232},"lib/rules/no-console.js":{"checkedAt":1768031005580,"integrity":"sha512-0H/3DnaLwBhVUCfZ0Yuzop0rMOzPJVrRWGBbfXI1pfY4ukHvpklveY5fxmfO6/sa8Q0LNT6gV+Qfnq43e4TWGg==","mode":420,"size":6233},"lib/rules/no-const-assign.js":{"checkedAt":1768031005580,"integrity":"sha512-XZn2bLjFuKnlhlh9B7lfyH6fHm7k5i9bdcgu2c/zJ1XAhN0ejqZvSgx3DYfGyIhibdWWQLu30XRWbU43gtIqTw==","mode":420,"size":1848},"lib/rules/no-constant-binary-expression.js":{"checkedAt":1768031005581,"integrity":"sha512-Wn+Ads6snaOn0W/2miu9ILpcv3hSrfvZmhp3mSs2ttkx6Pa3Qy8ZLkNn+VsEn5fVFHsPI6Ef1YNUOPaHukgFCg==","mode":420,"size":18150},"lib/rules/no-constant-condition.js":{"checkedAt":1768031005581,"integrity":"sha512-YAsn0MF5lC4TgQOqWnuGLsBsJuU2p3PzJS9ZHlZwUtcka7E1QvzSzxz/bFJ8xh/HEPsMZ98Pwm8EfPP0dpob/g==","mode":420,"size":4469},"lib/rules/no-constructor-return.js":{"checkedAt":1768031005582,"integrity":"sha512-V+y2r3Q8ApgyOZ27evesboN0cF1HmLyLKfpooAzu5joj+0TP6mtuveduM0L276JyrBIf0DrdJ6YlmmF+LMTbCQ==","mode":420,"size":1191},"lib/rules/no-continue.js":{"checkedAt":1768031005582,"integrity":"sha512-ZPJHBB+2UbTLk6F6nNcOHG2Rl4REzULGk7B4nd6vvn1jvSEoaaVcDUM3D+PsBgg39dGObpihn3e0xZrBcajxIg==","mode":420,"size":784},"lib/rules/no-control-regex.js":{"checkedAt":1768031005583,"integrity":"sha512-VCLq6kfY1AKmNLuOLl1EMWN4ZERAJaxTU1BIpwGnqqTbfQYO2CSZkerv8aDAIBrC1pRYgZUDvYgBkazqNjZ5rg==","mode":420,"size":3830},"lib/rules/no-debugger.js":{"checkedAt":1768031005583,"integrity":"sha512-lexaf0/zkfGNGwr4d4Psf0vdTFmWbUNufd1ktJbjgujTdsKLgmtDKw4W0G9i3YPoQWWs/2WxxAUm6g94Obbkxw==","mode":420,"size":793},"lib/rules/no-delete-var.js":{"checkedAt":1768031005584,"integrity":"sha512-clLahT7lGrQoU6nF4O0xsP6Zo1sGGJtsgijAKdAw10iwDZgUZHlMcYg5UmWcUiUvKkjEyDgacSkB/iHhTBbB4A==","mode":420,"size":852},"lib/rules/no-div-regex.js":{"checkedAt":1768031005584,"integrity":"sha512-IVJGK1nhQkPMF3LdGMeC/4Y5MXbnsdxcjIbAsg66riP+aKbkC6VT3AX8at4oQnm3xPiXxg8de7nJRVRMsl+dyw==","mode":420,"size":1245},"lib/rules/no-dupe-args.js":{"checkedAt":1768031005584,"integrity":"sha512-m7ifki0C7/n9Sdd1v0Ydp8ldDwLIhYEhCB7MYk/HDb9zaC+mv7Kd9o12kPzLd+O4QbAgIFdgXweFbxmR8v5lJA==","mode":420,"size":1999},"lib/rules/no-dupe-class-members.js":{"checkedAt":1768031005585,"integrity":"sha512-SNTjPFQFH6pXLsVn+SXBE0/pBgjCPIe9FppLICmImOz6EaN3nWbgD1mJweu9EkC4WMjG9M9nnPMLf5xjLJLOmQ==","mode":420,"size":2892},"lib/rules/no-dupe-else-if.js":{"checkedAt":1768031005586,"integrity":"sha512-b8rxazReddCqeOa2NOVUNDAuDKx9eTTyG0yCt+c8/pFLA3g26eJdJxz2REYoYWG7PWsqHepAbGhYeShgrJyKrg==","mode":420,"size":4197},"lib/rules/no-dupe-keys.js":{"checkedAt":1768031005587,"integrity":"sha512-bCpN46RtCRfycWbOh0MJnBUhz6V+Cu1yAg1ZlIzg7bsZOaKw8OUgb0EZdJLPJBl94y7imXYTytkt1TPo1LX52Q==","mode":420,"size":3963},"lib/rules/no-duplicate-case.js":{"checkedAt":1768031005587,"integrity":"sha512-KP8awcRM/buAXd/d1UKiHMpv/jeul2vBT0vqbM8BTZ7fTc7wxfHUg1XVa0O8U5475W4c3rnpXbivHbivz2eliA==","mode":420,"size":1765},"lib/rules/no-duplicate-imports.js":{"checkedAt":1768031005588,"integrity":"sha512-45Xv1xpynWVXywLVrwHSoIjT41O6F6CypWyROKCxew4Hh0MHuDKnKdnGVCHUSjggtNCgAFdAOkA5WqnFqJPX8g==","mode":420,"size":10024},"lib/rules/no-else-return.js":{"checkedAt":1768031005588,"integrity":"sha512-OVFISt2c1noy3PstRHBo8NGc723JXSg91YICapuWecdMFCXijUr5wC2kpcy5ws09dWjYgrUnoFsDhssbba73tA==","mode":420,"size":13405},"lib/rules/no-empty-character-class.js":{"checkedAt":1768031005588,"integrity":"sha512-lqWpWxAI2W3gkMPvPjr0Rmr50sbikY4julab9OD9a59qXWE1dvq2cx4wcqeKO0Wc5nQPriySdLwjydtJo62dLg==","mode":420,"size":1938},"lib/rules/no-empty-function.js":{"checkedAt":1768031005589,"integrity":"sha512-4S8Y2cgxA6YVqqXcCzwHOZ5sFGkLLfuxNfif2y4iJQpSS2m+1MmsaBvILrKwpR4qmo5TX6QLuk7FzubFdjob3A==","mode":420,"size":5347},"lib/rules/no-empty-pattern.js":{"checkedAt":1768031005589,"integrity":"sha512-rASD1ch6FDolBfeCpOk9WwPXKDmhj7EhU4oedADw2nWnZHrJkL/uEWLwK/3mEG5mHmGAs9CN7kQ787gcAAQnVA==","mode":420,"size":1841},"lib/rules/no-empty-static-block.js":{"checkedAt":1768031005590,"integrity":"sha512-X+NUoFOYYE9YShIMMoav/Qhcalgow0SIWabBdWgiiEl/M5b0FGhbCWjDiplFuqiK40GeFBOuIUDz0s5nIe72iQ==","mode":420,"size":1007},"lib/rules/no-empty.js":{"checkedAt":1768031005590,"integrity":"sha512-dT+tDqXgGgo70vkT7THVme1zRrdqhYqL4LCBYMGknycc+awaOONblX3QPKrCv9MfQ85rg+A6HwF8apbnik+gRA==","mode":420,"size":2450},"lib/rules/no-eq-null.js":{"checkedAt":1768031005591,"integrity":"sha512-FmBYeGEaOVgP2DBvcAJCSmMliKq2shUzPvQADjbHHfrbwNQPrI/9lpn1q1D/qHaq6xZ2IpV2YZnq+ZnfuTaXBQ==","mode":420,"size":1117},"lib/rules/no-eval.js":{"checkedAt":1768031005591,"integrity":"sha512-FNJyuihJ+Oy01P8tz03T6GHXmvMYEPfxFW6WWlCc3ynN2BUDzCnw17qrSdCS7+Qj7EfOpn+E73muxzTmRZrMIw==","mode":420,"size":7514},"lib/rules/no-ex-assign.js":{"checkedAt":1768031005592,"integrity":"sha512-KvoRcqNwmY/eKTAG9Wv1bejvUUL4c9w7R+9iRMf4YcOtbL2QMjjEIkNmciSBqIscL7EZw3e7a60hyQRW8snlfA==","mode":420,"size":1301},"lib/rules/no-extend-native.js":{"checkedAt":1768031005592,"integrity":"sha512-zYDNzzsW/KpJFZJMixPerpjLHfpH/PaBpsLr0sNt7zzr3bJkrENUnndiS5ScgrmTtztMNFSAPylCotmuWH9klw==","mode":420,"size":5421},"lib/rules/no-extra-bind.js":{"checkedAt":1768031005593,"integrity":"sha512-iGq6FScIldLBWazSVSsXkOdQgTDtRuMHaiY3+6qLk0DbsA9eIF246ghf1cj8YBRYtrDXKFJE+9M6MRufKzuJYg==","mode":420,"size":6007},"lib/rules/no-extra-boolean-cast.js":{"checkedAt":1768031005593,"integrity":"sha512-VyCEvWJuVy4a848lgoBRvMEJHp+LNf29+VBzwF4LKYEqQgYJGZcNJ4R0iQ6PqWp/TKQzqLqKv966HEZhk6ZrFA==","mode":420,"size":10590},"lib/rules/no-extra-label.js":{"checkedAt":1768031005594,"integrity":"sha512-TYvjMkkIuzTNK9KjhdT9xKcThcmenh2ZT9OIarT+cPDR+t7ieNQT1lwl2AOEyJ45nardv6US/GYbRQgDd6ku1Q==","mode":420,"size":4265},"lib/rules/no-extra-parens.js":{"checkedAt":1768031005594,"integrity":"sha512-7PfDX5Qq6BA33IA+ygzZn/uY61fooTckkWenzM4vus+BtwtCl+JCrWELbqs+M9Pq5+JuSTKRFU5PCgd8nAYjTg==","mode":420,"size":43596},"lib/rules/no-extra-semi.js":{"checkedAt":1768031005595,"integrity":"sha512-GPas4Mp6NDuymi0atleNPBQtXnwrcOGXgpMOrzdZ5lVk59b2P6kmQ6aSOWI32ZfMoaszHuyupfOh6hPzaXrbww==","mode":420,"size":4628},"lib/rules/no-fallthrough.js":{"checkedAt":1768031005595,"integrity":"sha512-0Bet9iBZ7WWZcGwa08ktJ5QRl9ggOz2v4Zc6rh6auEKcAFGsSrCJ38OkHqKk8xLs0xxU5sNtjO0YZ+xvKRBTCg==","mode":420,"size":6966},"lib/rules/no-floating-decimal.js":{"checkedAt":1768031005596,"integrity":"sha512-jioIDrJZCt6btPFZyNlQraXjhoicpOhMtTcie9sqKcPVZDKl1xo7G4g1HqVETBBGHjtBlpFQMar2Kd9FrRkOww==","mode":420,"size":2568},"lib/rules/no-func-assign.js":{"checkedAt":1768031005597,"integrity":"sha512-+APqDCA6lWQJVX+M3R2/NJRIIfqXNxZ5ZkEvod9KtEYZHXBOWqt8Qc64+nsHuM2wymwNJAt9QuMDJIz9hCC1eA==","mode":420,"size":1861},"lib/rules/no-global-assign.js":{"checkedAt":1768031005597,"integrity":"sha512-wUDpO3hdjkpzkqVtT0vLmZWa5IwncjwjgaTSCWyL+c1+vewbdr1o3Ugs8YFOxL5UeE+UqkDTFI5oawnhQ6nOsQ==","mode":420,"size":2426},"lib/rules/no-implicit-coercion.js":{"checkedAt":1768031005598,"integrity":"sha512-bKY7H1sa+6OHgQg9FzokcUWyQFQmLhLA351a30M4qHqMW9FGK050pUscsO9z/FuCZcMtOTEH0U0SlC0doSaO/A==","mode":420,"size":12600},"lib/rules/no-implicit-globals.js":{"checkedAt":1768031005598,"integrity":"sha512-p6Z+wULDue19jtulcqAmM3Fx01WAx+daRzWjpKhh0wcz7+Ny0/6iCJL9860lEs7xb6BbT/QaPrybOfnxxACYSQ==","mode":420,"size":4626},"lib/rules/no-implied-eval.js":{"checkedAt":1768031005599,"integrity":"sha512-x4RhjBlwxA2h+DHWmaoL30FG/IbVtmljAyALVWB082qF0hNuJ62BIy7+3lepTfrAIOvf7lXwFw1M8ki/NPOHLA==","mode":420,"size":4339},"lib/rules/no-import-assign.js":{"checkedAt":1768031005599,"integrity":"sha512-JJvY45mQ4J93p7N7BBF2Cj37OKmH/97yWFXRXzaeHW1FAuBXPEPgzOZpK1IdzvLOh0zfaK2Rl7fYdhmzpfkmJA==","mode":420,"size":6179},"lib/rules/no-inline-comments.js":{"checkedAt":1768031005600,"integrity":"sha512-miZya8O15kdWp+n51froTjvAtCTAVq3rXVwIFBNY7gafiJVFH1oEv/LjZ3c2R64WCjDorsHFAUbiWn2EyPUGHQ==","mode":420,"size":2691},"lib/rules/no-inner-declarations.js":{"checkedAt":1768031005600,"integrity":"sha512-QFvPqW0Po7v6zoniHHjLlP1MvaV40zV45edIfA7XvapCJsJXrFL5TXrExfR9Vggr761tNSRaHb1u3NCFt0DqjA==","mode":420,"size":3221},"lib/rules/no-invalid-regexp.js":{"checkedAt":1768031005601,"integrity":"sha512-W5CO7vg7VU/t+4/MoXl/37hQs08S0rASr/Nn+ayEsuYSM1Oyjq4Dpl20HzwYjFxFKT+XFRggZ6/36SjVt6KQGw==","mode":420,"size":5962},"lib/rules/no-invalid-this.js":{"checkedAt":1768031005602,"integrity":"sha512-Q8leVf+0k7zIIYQmTn3jmn+zCt8SjH6icuQF95K8ssh3eTZ0HGgK1C7IAPYhSC3mteJIkXl8Zn2HPE9YlVutpA==","mode":420,"size":4488},"lib/rules/no-irregular-whitespace.js":{"checkedAt":1768031005602,"integrity":"sha512-rg8dgZaTic7x+kDwRMUT6CkCbdxK++UepE+5ditLT24vcIFtAR+OYACv69oWC+KVdkhmJwWrVZHSxPM92C20gA==","mode":420,"size":7855},"lib/rules/no-iterator.js":{"checkedAt":1768031005603,"integrity":"sha512-thyqQTLce7xPVIceIxR/w3c3DpJWsfEAMfQ6xMOhslPtJK+2eAQEZ5hJHoA0FED/lLDBS1/hDcsVBIrL2Wqn6A==","mode":420,"size":1110},"lib/rules/no-label-var.js":{"checkedAt":1768031005603,"integrity":"sha512-O03ANnuwbLxUB2zL4gX3tEI8IRXzes9pcOQGMk3XstaaejeJAit34/lAm5rSNKv6t3nfralRiS5sfluIspMf0g==","mode":420,"size":2063},"lib/rules/no-labels.js":{"checkedAt":1768031005603,"integrity":"sha512-AlHu5oqklmZXpmB7ryktjx5WF4kggB4Y58ZEFWZFzXqb803R+L+v/fXKOOI/UwW+2iAe0DpfOXliYQk3ZoKVsw==","mode":420,"size":3365},"lib/rules/no-lone-blocks.js":{"checkedAt":1768031005604,"integrity":"sha512-uDGCPbo8mqEH1xi7sWkWV+/FrDqwewYUlzEe83iSjBsCnnYXh9HzbkWGThnG9RwDr6VqKseZUTXV9NGq7+IKlA==","mode":420,"size":3320},"lib/rules/no-lonely-if.js":{"checkedAt":1768031005604,"integrity":"sha512-bfQdMcHbkqBLnMy9wOyq5Nmmh1xGgVQ7O07oF1zoidQifW+VyLk9XqkseL2kMP0A7lujmSBj9KY4NJH16FLbsA==","mode":420,"size":3303},"lib/rules/no-loop-func.js":{"checkedAt":1768031005605,"integrity":"sha512-0lnVSuOzVgtPPPm+aLQJDanNeXifdBXUw2W85rqx+E7wLFaHlpMSMuUEluP7VKipV79wHAkk2d0SpGF++QXodg==","mode":420,"size":7035},"lib/rules/no-loss-of-precision.js":{"checkedAt":1768031005605,"integrity":"sha512-ZqJwPEjWCvJtRXJUVyavOque18BkcDDGUKbwCkk1jDAYM7Hl9i8E03YL3jjwm1XFLcPpsyhBqbX1b742doiwTw==","mode":420,"size":7075},"lib/rules/no-magic-numbers.js":{"checkedAt":1768031005606,"integrity":"sha512-Uci+ZJXiOV+484ygVsB1RNrLYhkD1kIJjWLcn1GXRvS1DYISskI4bZscKkKPvPaIrIPWi9A4eNIwjSkjBBAEFQ==","mode":420,"size":10580},"lib/rules/no-misleading-character-class.js":{"checkedAt":1768031005606,"integrity":"sha512-QEo+0tpm/hyRfEJlF8EKaHuaMQrcMBDDuf3hqsK+TevJeTpCxmqdhQqxIwOz7HZcjVLwcImokQfNq/kg35OnZA==","mode":420,"size":16340},"lib/rules/no-mixed-operators.js":{"checkedAt":1768031005607,"integrity":"sha512-siH8J19luIQ+x1cnrJg+embdWKrmAkOH316GhSyLnVMaCWftTyW20lKVSk64eHX9WaIXmmgTY8dyJc2+SjfDKA==","mode":420,"size":7147},"lib/rules/no-mixed-requires.js":{"checkedAt":1768031005607,"integrity":"sha512-FCa3Jdks3mdv1WWBq1/uhmtbbTF52PzvgfWtXLx6QofH7Gqo8MwIgiWN4yT85QBrOxJ0RJhbEfep8EeM+fE+Zg==","mode":420,"size":6379},"lib/rules/no-mixed-spaces-and-tabs.js":{"checkedAt":1768031005607,"integrity":"sha512-vUAgUL2iCs3MBLwW9pdD9YF3fopJ8bg0mR5buPr0NLn5+8CH/vSPCmAIWK1eY3Mlf5qPXR3cnTBp/CgeYJJtrw==","mode":420,"size":3376},"lib/rules/no-multi-assign.js":{"checkedAt":1768031005608,"integrity":"sha512-1KqX6z7FsqM8or86IjLiUnYQFsth43PVdzcP/fiVJuvlEWL77Gq9ocF+QKs+GwPX9WmGr/Ua8W9J/y2NCYKaIw==","mode":420,"size":1327},"lib/rules/no-multi-spaces.js":{"checkedAt":1768031005608,"integrity":"sha512-utMBGyy8MhP23DMlK+dLj5YVcXdJl/ufpud4lmfF1mHtrTfSTMBmhFpZouG0lI6nkLTZuC/f1GvSGbBGIWtI9A==","mode":420,"size":4588},"lib/rules/no-multi-str.js":{"checkedAt":1768031005609,"integrity":"sha512-kw2g8HUY5c18KSTYfiGxpgiXE0irNROpgkB9M0KW3ATbxVPnVg66rpKh9qJEyyprlhPH11b3FqVB29TfqjYbvg==","mode":420,"size":1610},"lib/rules/no-multiple-empty-lines.js":{"checkedAt":1768031005609,"integrity":"sha512-U6HfCqveKUOhhN/lkqCiIs2+VqB+WcHXpkzeXVEXRXgrof8ydTGqigLO3eO8RERCYlONeqZQ1g7v5Gjh3+Uksw==","mode":420,"size":5581},"lib/rules/no-native-reassign.js":{"checkedAt":1768031005610,"integrity":"sha512-5mIzMdooqRkfmJTa7+8Y28IWpVCSPP9JTjIn4MBGX3R/Rz2aCKnb7edwrZDsPAh0zfJMKqmGvfTh2NgdyBZG6A==","mode":420,"size":2761},"lib/rules/no-negated-condition.js":{"checkedAt":1768031005610,"integrity":"sha512-79H7WOPbagamlKqrEKdeqeCBThqPLrJ8HsHkJ45AuEN5DYB0oBwpFv9A1rhMdprcrR7maahulSsThpTV/bzt0g==","mode":420,"size":2431},"lib/rules/no-negated-in-lhs.js":{"checkedAt":1768031005611,"integrity":"sha512-6p3iMqA/fHFv5R6Kg2GV2rQp8NbE3RF80rR3DLFxP6Ejo9JanM0YlX09PLEmwmsR+i8wS9vEf+B1BIM5gFsn1g==","mode":420,"size":1334},"lib/rules/no-nested-ternary.js":{"checkedAt":1768031005612,"integrity":"sha512-M/faiSH5rYPVM3Al8caZA8RMIU3DZa+cektrA14gl642vE6s23Eu+/Aw/10oftUSgNWlt/huPTc+uj9nA3th3Q==","mode":420,"size":960},"lib/rules/no-new-func.js":{"checkedAt":1768031005612,"integrity":"sha512-kIJ1N3VbXXvqxVe+V55JkA9iMDCMSlJ81eLSGZVGaUMcooBfUzvZFOzoRX4TUjuNxPAiRGIlk8Rh/yQVQJ9k5w==","mode":420,"size":2393},"lib/rules/no-new-native-nonconstructor.js":{"checkedAt":1768031005613,"integrity":"sha512-LgBmKMEFw2xmQMDnNQUPIQjHzbooVovgz3b8HQ8uMDYsRswl2YLk207Ihil3fxwjOkkTu+CDJl866CbwsHGYIQ==","mode":420,"size":1754},"lib/rules/no-new-object.js":{"checkedAt":1768031005613,"integrity":"sha512-fTYLPosSjp8Ue94YsVBQf9V2Ielbib3IL5N65P/bS+DhL8bgiqffjiQxkStFxRA1S9awtU/a8LdNTVEH8SKWrw==","mode":420,"size":1862},"lib/rules/no-new-require.js":{"checkedAt":1768031005614,"integrity":"sha512-pQVx5mIm8kGnkex2gL4ARjVkR/gNRfzznvEDPaLQKWaIozJLG75r0H8weYxIXWYlVBqRSCa9CbppnDd6C0r5VA==","mode":420,"size":1584},"lib/rules/no-new-symbol.js":{"checkedAt":1768031005614,"integrity":"sha512-S/Tv60/MP5IQyne6Ql84numVcEeumQZwj+JWfUBn7Ju5tgeWJMGWn+wC41fsIKewpb31q5vQiMJvbrBY/+Wtow==","mode":420,"size":1735},"lib/rules/no-new-wrappers.js":{"checkedAt":1768031005615,"integrity":"sha512-aglUIZkhNrk8mAk3NMsKWx/FM2ffsZB6h4pgPBjPUZEG0Mlo0rGly0isTYwD/xuuTkOd0kdZZxAoQ108T27jDA==","mode":420,"size":1460},"lib/rules/no-new.js":{"checkedAt":1768031005615,"integrity":"sha512-JZZ4HqDYVoJ4cuK1+u9Z0fDnPAlCHg8aiV7zi32DuhIkAf5CWAXY4armm3HwrK7qv5GzcWB0SnySs1CSoyfujg==","mode":420,"size":905},"lib/rules/no-nonoctal-decimal-escape.js":{"checkedAt":1768031005616,"integrity":"sha512-7B9kHl0giPUkHDhQZw2R1S6ahgORXskq034aay/rQ/RT+U0hEcU2mD/oKuojbr4FBMhu1LNcP2dlr9jEeOEqSA==","mode":420,"size":4566},"lib/rules/no-obj-calls.js":{"checkedAt":1768031005616,"integrity":"sha512-dbAZbu4BlrzyeTLCPJUSsoy+kv3pARs3RmEc4asltZND1v9FueFyUr8tL0RPxOPYOdg2yKiL8hHTT6+99s6mhg==","mode":420,"size":2466},"lib/rules/no-object-constructor.js":{"checkedAt":1768031005617,"integrity":"sha512-rPdNzOE48ifYVDD4Aa1UQUE1XNj8tsEUpC5EU2FJS9+Vasma72lFjS5pAP659W1tkVjh0JqUHbMikTnTYQ52MQ==","mode":420,"size":2923},"lib/rules/no-octal-escape.js":{"checkedAt":1768031005617,"integrity":"sha512-UY7TeEdY9vQCqcac+D5QSLAQZ59/boUSqmhBSxVE79zz9jD+QynhF5WmQho1Pb4GUfSN3UpZ5sQuNFcbz7Jg7w==","mode":420,"size":1175},"lib/rules/no-octal.js":{"checkedAt":1768031005618,"integrity":"sha512-62r1MW2ogKihuzvB/2CK/eaQ/63T95VarC/UFF7+4gzR8C3Y7rnn/iQWCb4Gr0tV3Ci1QpmuB+tn7mLbP+SzGA==","mode":420,"size":851},"lib/rules/no-param-reassign.js":{"checkedAt":1768031005619,"integrity":"sha512-m/DrzaSlj52WjSywBfamKnMPqSAeSIMuENRzYTVJMjy/0/mIgEztlNfRXNhqdWDPHkEJYSeU1Nnlv2uqhZU/kA==","mode":420,"size":6363},"lib/rules/no-path-concat.js":{"checkedAt":1768031005619,"integrity":"sha512-SDF9cWwBdg+DDWYaQi09GCpZcSEXMiAd9U1yIhg2kv74PjWOyerQ8zHRgGUvMOqqsCKpy+eJyDYgacQvSWHK1w==","mode":420,"size":2008},"lib/rules/no-plusplus.js":{"checkedAt":1768031005619,"integrity":"sha512-CayPMkyQy0vc0SS+tay2dfd/jIIxf+XvxzMQychj/PsN4oRkzI9BW51d2Zjxd3P0GYH2w2KJRzk0MtKkcugYoA==","mode":420,"size":2672},"lib/rules/no-process-env.js":{"checkedAt":1768031005620,"integrity":"sha512-cafmVvpPwIocpYVLAfgJQ2YKVXSXSdRHKsze/1cAfqxAJztZ7OnQxB/Iltk0wSGTDRR/+iBVqUkh3s7g8bkKAA==","mode":420,"size":1642},"lib/rules/no-process-exit.js":{"checkedAt":1768031005620,"integrity":"sha512-UtpgGDeDsJas8/VFxKd9thCVWQj2afolvyl+tpmvFYRhHmGz5ZFRLLLJfGOY/zgxF0vZde4n75iHViotuwSR8w==","mode":420,"size":1731},"lib/rules/no-promise-executor-return.js":{"checkedAt":1768031005621,"integrity":"sha512-pQNglexS4Nhwf6BqD7I4qLQ2xfRjYEDCRWXNMLcvPiZ5hheqOeDSbeH82wimPWkq/2125MniPL4f+HUpD/BESA==","mode":420,"size":6675},"lib/rules/no-proto.js":{"checkedAt":1768031005621,"integrity":"sha512-3DXcqcpLx3+yBtgax1iZ4+Jkk0hY1t1y5Vzn10sXqLMwJ0F63JYn20eNN4lsaJqYKGDHAFyRptmwUThobYV6MQ==","mode":420,"size":1093},"lib/rules/no-prototype-builtins.js":{"checkedAt":1768031005622,"integrity":"sha512-HD1CMdI0bsD6++iqF17Lvpi7yWU59sWMA7m5WfKEbx0LIwnfrDQTRNM4pOKbs6ERLgFZVuXTHsD9dzt8T0pTKA==","mode":420,"size":4721},"lib/rules/no-redeclare.js":{"checkedAt":1768031005622,"integrity":"sha512-EHDCU3suPNw9dvgpgIdg3HwPehrcJ5QzqwZ5iZjBmpN3pe4sqok9LcHbX/euXvYQV5GG/Fx+RCVfIJ+T+HpPuA==","mode":420,"size":4425},"lib/rules/no-regex-spaces.js":{"checkedAt":1768031005623,"integrity":"sha512-s8DGAQeTr8PFPpbGWCe5pOY6IBtUjCjg7ScBzdYOrwmVJeMUO6g17exziAsj0X3cQr38wOBJ4WHYltxU8HqwrQ==","mode":420,"size":5276},"lib/rules/no-restricted-exports.js":{"checkedAt":1768031005623,"integrity":"sha512-KJLow1QrDxsqMmFMoqloCNeZxa4fV96vajHgPALCVcrOcaeNit1Du5ShKuLOr1iQzvGTtuBbpdA68uTTHn+Zzg==","mode":420,"size":5636},"lib/rules/no-restricted-globals.js":{"checkedAt":1768031005623,"integrity":"sha512-zzI0nKkVaEjmAXRRXLBuR2pDUB3i81PgsVqYmL8L9CqTfrmksFEvt24iuCjDRTH0KqtWRTh3NNzkj8ynlrBFQQ==","mode":420,"size":6229},"lib/rules/no-restricted-imports.js":{"checkedAt":1768031005624,"integrity":"sha512-V38eIHet6g9kqMBVdZUSDAAANoYp8pXMyyXwZ38z6I6h26g8h13bkGNeTl3EZNmLe0NkXxhHq9OGHCO/FKQlWw==","mode":420,"size":19472},"lib/rules/no-restricted-modules.js":{"checkedAt":1768031005625,"integrity":"sha512-1W5dY4UJ8EaeC72AjfNMyx5uaVoLz4KsrX1dAceuU2w44UYRmnzZWETDSCLFzT4TSWGnTALwpO6W6A5/SyXAHQ==","mode":420,"size":6124},"lib/rules/no-restricted-properties.js":{"checkedAt":1768031005625,"integrity":"sha512-y+9dZaoUFx04m/6XTWFQBtsDxk+rhCHL49do+65n04cEbKdvw+qX+hvvRE4PUdAai7Q/IKTZBfN/+QqjVxmHGA==","mode":420,"size":5948},"lib/rules/no-restricted-syntax.js":{"checkedAt":1768031005626,"integrity":"sha512-bM+NKRnkAoCS0lNo7OXbKq/L3tLrX4rtNYu2TeMP2GfqFCRSigXWCSztL5ClwXOrCb/0u/4scK5AmlYKAhnDLQ==","mode":420,"size":1698},"lib/rules/no-return-assign.js":{"checkedAt":1768031005626,"integrity":"sha512-ZCFAiUJ8gcFOT5Kwp3qFSEV+BFRJpxvKbcc4U/gSo/PVrHiKSETzCvUYLeEg8xcLL8/0fFP+T1hfDsN7bUEwhQ==","mode":420,"size":2259},"lib/rules/no-return-await.js":{"checkedAt":1768031005627,"integrity":"sha512-5R3iEmS503VYgw3lu4fHrAuet2AWMqjr9tUFvGCxgtX4+zzYTkQXBJLxMgl0u4XSlvFsG0e43vLojZhGJFdWwA==","mode":420,"size":4457},"lib/rules/no-script-url.js":{"checkedAt":1768031005627,"integrity":"sha512-B69qc+WMFJIrkeEQRiCLVVI6suURFLCTfFLicj94ax0UcQhLnm8OUbwIQBx8PZgNfMZupRdljohct0aExkiC8g==","mode":420,"size":1512},"lib/rules/no-self-assign.js":{"checkedAt":1768031005628,"integrity":"sha512-a6oKLH3kZsvN31dbov6fhZnrvg+WLgjDjGRccQh+icUj+880BJTif9i59wHXHzSGjaenfaLbx+y2ZMmmWLJsiw==","mode":420,"size":4666},"lib/rules/no-self-compare.js":{"checkedAt":1768031005629,"integrity":"sha512-YDNirjC5Suhvt4No6WxZ8jovWGCchubQBR3/d2adP81FDRjmF5zQ8156n47sFyXsSG6xh9ApZbN0ElC5ZkKvbw==","mode":420,"size":1705},"lib/rules/no-sequences.js":{"checkedAt":1768031005629,"integrity":"sha512-RIGRVuTNeHg+rhd09aqloQDV+a1wGKZ3S78z01z08c/eZShRYFlZmB+xcH0fqCFRm5qhpn0jfYRrNEskMM9tqA==","mode":420,"size":4011},"lib/rules/no-setter-return.js":{"checkedAt":1768031005630,"integrity":"sha512-1DP2ZN2zIxzPzgdCyRfqwISZks7I/9BsnwFZ3LWc7h44gnpUEQnbDvSAjXHMwblMse1G2EupQRAN/FJar1FNmg==","mode":420,"size":5725},"lib/rules/no-shadow-restricted-names.js":{"checkedAt":1768031005630,"integrity":"sha512-tlAGrrZ735oTrKyitiFMN43L6xhp+FSYG3ydwGGeEaXPyx/ijUCwQCAwjRtFCFDE9u1D6mmzVD5VipctogS4bQ==","mode":420,"size":2672},"lib/rules/no-shadow.js":{"checkedAt":1768031005631,"integrity":"sha512-/Iud73tv8sF8X6GJ91uOi6VGUSmQm0EBJUv4ghWNFy4VgckoXHvrgoixSs9pUTDq/DSyBO3ntIFQujN2U36EJw==","mode":420,"size":17353},"lib/rules/no-spaced-func.js":{"checkedAt":1768031005632,"integrity":"sha512-ADZ/dQmw4wUaG461Nffa4pIFSkGyDEs3L4zQ4ZQNjy+fJvoXtQlyJl00W+jD5kkhIthezC7bD0HH4+p+ktg6OA==","mode":420,"size":2603},"lib/rules/no-sparse-arrays.js":{"checkedAt":1768031005632,"integrity":"sha512-qI4/KiSbpIwcfmAOESGeOTk0J9+a8ytKEAVrkA4Px+qQldkkoX8R+uehLBTzzdnO8pfW5Pzz3nhH78rWCx17HQ==","mode":420,"size":1483},"lib/rules/no-sync.js":{"checkedAt":1768031005632,"integrity":"sha512-ecmVKGr6W+wumFhgH0WGg1/hL3kxkbwMfF9eRVSNX9WtCQZqAs0l87OzDgNXjO2dzw35mY3MMEa7Usiwx6NX6Q==","mode":420,"size":1883},"lib/rules/no-tabs.js":{"checkedAt":1768031005633,"integrity":"sha512-T+vA/zdhFwJ26E3dXnJpJzL4qhLKdO+VqHW5g9kU2K+/9YuthKcYxWFYePi8EwzaKHuNofJBdL+9XCFRkPMqjQ==","mode":420,"size":2449},"lib/rules/no-template-curly-in-string.js":{"checkedAt":1768031005633,"integrity":"sha512-QVQ8a00D31ZW2CvdVYceUOD+mpSHt39xOpF1Uyx0N3aJGwvzf+etzl1S7JtX8XkUBZrlIMb16DiHkmCDGpPU2Q==","mode":420,"size":989},"lib/rules/no-ternary.js":{"checkedAt":1768031005634,"integrity":"sha512-ftGs1d3dx5eZDNKsAolelpry8MzTX64/r+FSi7ObM8rac5kk3w0VllQC1ZQ5hk7/HVbOmFcoSSNqGhUCFjGxlQ==","mode":420,"size":785},"lib/rules/no-this-before-super.js":{"checkedAt":1768031005635,"integrity":"sha512-XIc056Lmely0T3z8fXRtOpTHypCRe/X2lMWs3FdlWTyttGzt69cfaYUNAGqf6NOSVdNcRa5EUZSNzgArw3GdLA==","mode":420,"size":9043},"lib/rules/no-throw-literal.js":{"checkedAt":1768031005635,"integrity":"sha512-kLqKFa9gNsCN7i0ZRMsEwOUc9Ss/ivjp1QoblckIjythWPDDnaoWdX/nKq3mENXTKH3kgOEiYV4DkkdRliQiEw==","mode":420,"size":1088},"lib/rules/no-trailing-spaces.js":{"checkedAt":1768031005636,"integrity":"sha512-3AFqunyf1brkOCvd41fAd5QseTsr5bNzfZvky3PDzK35veNz7GDxASx/toKZI/ZYMi+MIA0bo0yaWJ524Cx6Nw==","mode":420,"size":6047},"lib/rules/no-unassigned-vars.js":{"checkedAt":1768031005636,"integrity":"sha512-/39Qb3TxvgnJBEr/vuyEjbH+f52LT8pbWKAk/01mkKK6lBJzt/nn+imxU41j/5g6+jtXcYTJ7Le/H2iCU6DsPw==","mode":420,"size":1964},"lib/rules/no-undef-init.js":{"checkedAt":1768031005637,"integrity":"sha512-NcUojGGvrsZgqLYPkD28NPV7kMLXco/7JuxUHmGLf608KmpMP/v3uWsFeOLMuJ1K5oYvedy1lCORaP9mPdYQRw==","mode":420,"size":2409},"lib/rules/no-undef.js":{"checkedAt":1768031005637,"integrity":"sha512-i7TJFdhQhTIH6chn5VBMfjO2lG7f4JbaDz+YHNxHaQIpEL/CpPUuqdvA88nsie2f85WRi70610c0dAkCyp774Q==","mode":420,"size":1899},"lib/rules/no-undefined.js":{"checkedAt":1768031005638,"integrity":"sha512-kRzIGYzILMdl7y5L6yeK9WKD1CYIJNp84pmDt3r+QaauF9TVYb1LsQWl7TiyEpuoZdykwKvl821cHz65fyLGpw==","mode":420,"size":1861},"lib/rules/no-underscore-dangle.js":{"checkedAt":1768031005638,"integrity":"sha512-1I78YURjY0fgqmoVWbkvTEBZ5Mg55VErUjBsegzbn9emBpYZQJAX6fHLrIbOasCtPU+wiviuJ+NJB7U5CCzTLA==","mode":420,"size":9535},"lib/rules/no-unexpected-multiline.js":{"checkedAt":1768031005639,"integrity":"sha512-fNx7rS5Fv9ANQnjAZVxseIA3ZgPUmNPr7oJL+LOnsxR/89s4c4vZ+zWcjK6CXijW5G1t+EyHlU+arzqhltkSeA==","mode":420,"size":3477},"lib/rules/no-unmodified-loop-condition.js":{"checkedAt":1768031005639,"integrity":"sha512-7h9rWNVT/KDsJEeTt06NoLqH6XRHrZwBJIUBvVBGl+nKjj3m6G0FXbkHtUsgncJ/mXd1fYDUyGQTe2ooUlJ6Sw==","mode":420,"size":10035},"lib/rules/no-unneeded-ternary.js":{"checkedAt":1768031005640,"integrity":"sha512-j48w/i/ZM3J4R8CqOePegUGKBzBMad2Qd/kyv9ZfgAJWljh7p6Y9wZRqsBqXnEGS0A2+18D9itV8d76zjjnjLg==","mode":420,"size":5935},"lib/rules/no-unreachable-loop.js":{"checkedAt":1768031005640,"integrity":"sha512-1hC0oj4YOFp1Brbyx+sMDVbp+C5bFhExgMl3HBdgFdMiWcJcDLVYH1M66PNvmy04062FJcjIknIRZaOUIHAWNA==","mode":420,"size":5076},"lib/rules/no-unreachable.js":{"checkedAt":1768031005641,"integrity":"sha512-RcyfdLjA2L8i9X64NywwXBWqla6MZ11J2UdATIUcESYBfWFkk5J5qAVJ+rIQlp+nYWh1ifiI+YjywQwqTB2UZw==","mode":420,"size":7498},"lib/rules/no-unsafe-finally.js":{"checkedAt":1768031005641,"integrity":"sha512-cHeKkftdGR+IU4fBwdtDY1vUeXcR9rxKsPY1QWYUK63MYqtIe8OuvxDpg+5pyq4pDONRsExWdZ+CLWmNkksufg==","mode":420,"size":3339},"lib/rules/no-unsafe-negation.js":{"checkedAt":1768031005641,"integrity":"sha512-v8F135VDadZAO2dn/ZKymcH5Cy4SMYTX4L6RpcF9F82HCw84FxF7oEoHFVGcbSPx8dhNeR+5tw4guJnWDrFz9A==","mode":420,"size":3972},"lib/rules/no-unsafe-optional-chaining.js":{"checkedAt":1768031005642,"integrity":"sha512-BYACCwkbg/1uiWoCV5VnWAfXALtkclDZmTvuAVURaQXVZcUBux1vwpCjWN8PjanTkiU41kIFLhbCQ/itUipc8g==","mode":420,"size":5389},"lib/rules/no-unused-expressions.js":{"checkedAt":1768031005642,"integrity":"sha512-EF6FHSbRvyhroUiItnI+Rt3hng7nZ2umAW3rWzizfCLsJJrqd0id59eTBY2gRWTA+iMi4Ty2G1RQKLbx3HosWg==","mode":420,"size":5520},"lib/rules/no-unused-labels.js":{"checkedAt":1768031005643,"integrity":"sha512-MkehwSPJWpefNd5ozA1Uq5lMoUrWJHCVw8AthVCUoozd7oWhn230eAQS6C4X4dKN3yIE1C36pXJiChp426LGwQ==","mode":420,"size":3878},"lib/rules/no-unused-private-class-members.js":{"checkedAt":1768031005643,"integrity":"sha512-MPnoD4wzFNffAKBIrovP1SgeqN0iiRyzkt7WO8DDlGm+vQZxZHueHDKdPAdtPA/JtpC0VGxHHiO3zZoejW3Vrg==","mode":420,"size":6277},"lib/rules/no-unused-vars.js":{"checkedAt":1768031005644,"integrity":"sha512-/dXK5ntEr9HnWoOWL/CUh8JkH/HaDPjwQu75ob9+unT0Zjk+W3JMEFsC0EZMrdxob3gD6/fhD1zLZp0dkpZryg==","mode":420,"size":48552},"lib/rules/no-use-before-define.js":{"checkedAt":1768031005644,"integrity":"sha512-F5zItcWoMn5tftFotH2JXXiVv+DTDYSUVTnBXkQRs65/FxYp350WFb0iB0EzHdpDCk4FfD6HgfxGpnTYGF6yDA==","mode":420,"size":11866},"lib/rules/no-useless-assignment.js":{"checkedAt":1768031005645,"integrity":"sha512-dtU7N6ss8y7x2Lq9Gh9cdx2KiwyYkx9fP0NOhUhIWkvruunk2MqKm6q+TYiAFIvPZcQnqKynUT1XOKecP2u9mA==","mode":420,"size":19334},"lib/rules/no-useless-backreference.js":{"checkedAt":1768031005646,"integrity":"sha512-f5l/At+iCIHZwT3ok4fc/9NNU6EMYkJcWMcMkIJQGOyl9xWTCRfF5Z8LF0GiSWWdNPMOwQniZ2JNWaMXlip4Fw==","mode":420,"size":7662},"lib/rules/no-useless-call.js":{"checkedAt":1768031005646,"integrity":"sha512-VnKnMl0B+N4HxkYITXP/AnpDKrKD48bSGG+ovvqlv9bd7Ln9mBUHJaNEsnrre+Q6NwsvQTvpJ36lqd34FKUJCw==","mode":420,"size":2779},"lib/rules/no-useless-catch.js":{"checkedAt":1768031005647,"integrity":"sha512-fOSRFi02qORFm0yHyxPoVvpslEu3SGBKmmgiP5hAHTLov4rDErODXbQe4lQyeqdqi3uNN3nWujZFmlwMsdstiw==","mode":420,"size":1310},"lib/rules/no-useless-computed-key.js":{"checkedAt":1768031005648,"integrity":"sha512-QBvpkMEskFDqa5XgbXCLEHXs5mUjHvWHdt/yzk+DYdd8dWEFSoBRAB4oNOLgHHpX89jO4vOEq/AztRAY/o007g==","mode":420,"size":5936},"lib/rules/no-useless-concat.js":{"checkedAt":1768031005648,"integrity":"sha512-hr2cvBIFFSTY85H2J8Pr6wUfIgA54Oe9Si7Z1tciN10lkMEV2UWFFPY/vuws9ivPHYiVts+PvSv71B0dxf9Lnw==","mode":420,"size":2966},"lib/rules/no-useless-constructor.js":{"checkedAt":1768031005649,"integrity":"sha512-IVvQqs7hLCZ/KnMgCv3+dP6peKtyLDuTyVZJyHIzdvcUFtTkeZpaCfo+LvGn6px5TNYFiEWsC3n5H7RXwm/eSQ==","mode":420,"size":6986},"lib/rules/no-useless-escape.js":{"checkedAt":1768031005650,"integrity":"sha512-nUaNukt6/McbQbyYW+pIOG0cVDAyJbxB9rMuKz8ybsXtYGtq5nVQEDJ1GuXuj8/SCoOy86rg3TH3c17jri064Q==","mode":420,"size":11068},"lib/rules/no-useless-rename.js":{"checkedAt":1768031005651,"integrity":"sha512-xoILFqDaqGQBySENNLE36KFwHA4Me7d9057TmNktNbn/7Y1kvOfdUfmr1+zklLob8V0jfoE3dDPRzX/5WtF2GQ==","mode":420,"size":4929},"lib/rules/no-useless-return.js":{"checkedAt":1768031005652,"integrity":"sha512-9N1Agl7nL1AvUPbTyCIr+sNHg1c77zE4zU40elBXPe+GRp6eocAasXxLSkkFPCBQS+SlQYhXTGVYv7O3UEBaNQ==","mode":420,"size":11954},"lib/rules/no-var.js":{"checkedAt":1768031005652,"integrity":"sha512-u7PxICQ7lrh4Z/b1VpJ4PzWf5lw/l6SO+c8lTTyvAmnZH9Gq8ZLf2lFD5Mb7eGBil8zf6qRRqtmJhbssTFxb9Q==","mode":420,"size":11461},"lib/rules/no-void.js":{"checkedAt":1768031005653,"integrity":"sha512-Gfp5Thw2mM2FCkI7uzuFfgT1WN0yAjXpg2yyemudJrRu+N2qCmaRG2xQTD5vVIRpYhVX/OXrX+CLicZ+cVbMDw==","mode":420,"size":1366},"lib/rules/no-warning-comments.js":{"checkedAt":1768031005653,"integrity":"sha512-F/yR7P1g3za+Y9v+WuOB4kHWYWzpr+HYdbahc7ajnorYcMtq7q/UZuX4UrdmhT1+WQ38L3r+GN1P+aof2P1cdw==","mode":420,"size":5670},"lib/rules/no-whitespace-before-property.js":{"checkedAt":1768031005654,"integrity":"sha512-uYjXJVW6r3wDjg2gh++BTn0rNJ+2UpoSs3V5p+tBCyJJ29B8h1zZGaJzZp0PjNav4xmavf0tKcXMwlsbNlprjg==","mode":420,"size":3883},"lib/rules/no-with.js":{"checkedAt":1768031005654,"integrity":"sha512-MTfYpYmwPhdtUQUcw1maUNkEUD37Y/9Hm43UCiR9MFYyUndhHP5LkMF9AEN9R9pvWHpMjeiYgrK5u0zLivsryg==","mode":420,"size":757},"lib/rules/nonblock-statement-body-position.js":{"checkedAt":1768031005655,"integrity":"sha512-XPz6+eWdnLyJm55LgpIYbIVCI+jxiScgD4M0rTscIyTwDHEVmIR0ldwvVjzkaDgnSNBCyF/KykvqdnGq8Tt8tg==","mode":420,"size":4418},"lib/rules/object-curly-newline.js":{"checkedAt":1768031005655,"integrity":"sha512-cRqJAjQqYpVvmk+qkQEEw7++NP6vvw8C5G0r4ubvrStHgxNho86u3jdWHtHOmV5Ws1BfEor+LBMneja9s+It+g==","mode":420,"size":10115},"lib/rules/object-curly-spacing.js":{"checkedAt":1768031005656,"integrity":"sha512-ggilkbDBIkX5xIOFwQv1uzR5loeJV0Hksu0Nz4gaiLnXNPzU/DV30cP5LkwvOx2qPKCNYaapSrG4UNt0ZfqONw==","mode":420,"size":10399},"lib/rules/object-property-newline.js":{"checkedAt":1768031005656,"integrity":"sha512-w7PzXnUwyQnmFp/L+sv8KG6JwM3RVsQuVbEZIqLi+8lhF4I9zKKAY2YCwNZC1FvTYvIxiWGRYG0KReXdz1Md3w==","mode":420,"size":3758},"lib/rules/object-shorthand.js":{"checkedAt":1768031005657,"integrity":"sha512-ivAH/NB9CCwkKoap8yLz7fw6mw0755Q35bXW5gKFS5Zrw3KfKr5ZxYtd7+e6VnB+hmYPelQJslihXVYdz+8Vnw==","mode":420,"size":18011},"lib/rules/one-var-declaration-per-line.js":{"checkedAt":1768031005658,"integrity":"sha512-K5s1q/iIfSKWM7J+e50FC/dujUX5exeJReTIGL92xEP5F461Qmg2QQj1xhwqwLkOZTkwNk24D9X3Mk+o3h5HCg==","mode":420,"size":2995},"lib/rules/one-var.js":{"checkedAt":1768031005658,"integrity":"sha512-gKBgXDdGNUp1huOgFbEJhX06ice9619vp5HZx3f/BqeVhVAy8bO6B82wjKOj4glw5YgX0yIVIUXWvK1eAKBPnQ==","mode":420,"size":19182},"lib/rules/operator-assignment.js":{"checkedAt":1768031005659,"integrity":"sha512-YikZc/NImJMBvOltlf5h6I/SZJjRRUB4vF+e34hW0x0sTkowIT4W0gx3m8YAMVjy3Zbuu6osDdBQlASz81NZXQ==","mode":420,"size":7536},"lib/rules/operator-linebreak.js":{"checkedAt":1768031005660,"integrity":"sha512-qsOFDXG25TORBXzk2aXh390k1l9AQ1RwIghOC83NSF8Yn8nRQBYjs9q9HOtRkCVTFJVfW46D8+e+foRAYpdUnA==","mode":420,"size":8901},"lib/shared/option-utils.js":{"checkedAt":1768031005660,"integrity":"sha512-CGFIXy5YShYQEEuA6CY0BHSiUyBGMsgcIjOK97ZRJz7rjfxRSwS/HpMiYpSNlWzC3xlfYTnHOE5DzLagVOF4Wg==","mode":420,"size":1271},"lib/options.js":{"checkedAt":1768031005661,"integrity":"sha512-5msXcdAIn/SJ2dxI9LKkNzyXegAq0potDj1VFJbCnJyyd0W/R4xndAYG/LdYtc3tBk0cGcrQzOgQ1b467Pph9w==","mode":420,"size":14112},"lib/rules/padded-blocks.js":{"checkedAt":1768031005662,"integrity":"sha512-P4jOEC7XYVECvpNJ3A3xJuvRIO465hKv81uw4u2giKHiYIIrBitj5ML6jWyZC0Gt/EEO3Ecbq0OCfAB3jm53/Q==","mode":420,"size":8910},"lib/languages/js/source-code/token-store/padded-token-cursor.js":{"checkedAt":1768031005662,"integrity":"sha512-5hYf0LiK2Hsy2h2ug5NbhKRJSw6b9qtMjHaeydOKCepgAQ+7ToeYCyTt8ZfTLz2rlt/JLD+A31V+FxO0lU68HQ==","mode":420,"size":1577},"lib/rules/padding-line-between-statements.js":{"checkedAt":1768031005663,"integrity":"sha512-ywkhzMqeyhwBsm3ijQiH6kqu89+DpeiLMvdcIxm0eVtsRJW6BL70IwmHujOHdBUMFPgO2297APbKz3GLEmNQxA==","mode":420,"size":16989},"lib/services/parser-service.js":{"checkedAt":1768031005663,"integrity":"sha512-yzD4hLIDKtcK5bOneRUYUFxf+sPUqPgZffOipoDYkrR17vIDxsPQYuMTjHs81nq7ZQxeMyF7s1wniOkZaGKh7w==","mode":420,"size":1810},"messages/plugin-conflict.js":{"checkedAt":1768031005663,"integrity":"sha512-Ua/OduMoGbelZDY0QxsdvZMLrRNbFYVZi9YKH7QcWi+L4qFyXPdfRS6xS+adoTPLIMFFpMZturk460ShkN4xRQ==","mode":420,"size":518},"messages/plugin-invalid.js":{"checkedAt":1768031005664,"integrity":"sha512-k1W+wL4v3TTCjWCVuXRQqyHP0GclkJTc/gV9km4bKgKn0g1o+44dLsz5EQz1ZnKiaZTON6A2wMoCnAr8pm6+kg==","mode":420,"size":653},"messages/plugin-missing.js":{"checkedAt":1768031005664,"integrity":"sha512-IpUbeIKut2ZP6kwOrIGUGaDsB4JVAfhoIR8bMmJWjJCBnjDjp87dEh162/Jj9OVqYBUOvuTgJoTMBAABVNFYPA==","mode":420,"size":659},"lib/rules/prefer-arrow-callback.js":{"checkedAt":1768031005664,"integrity":"sha512-ZOGtUHTrzkhuBtv4TbDJp0zAyFGZW7zUjF7+s9AGz6Vqa6UZSSl6X8anSrNoO7NtyrCAvPGHPyUldNxPi3YAcg==","mode":420,"size":11667},"lib/rules/prefer-const.js":{"checkedAt":1768031005665,"integrity":"sha512-xbuw9DkcjoAfFB3Qas4r3Pq1vx3heXpzFzQriLRYk4cuIVsYvlRlJMLJ0w1tpH1CQ+gybw4bP5amDiesB8BD/Q==","mode":420,"size":15780},"lib/rules/prefer-destructuring.js":{"checkedAt":1768031005665,"integrity":"sha512-snwIvj4WHJ8aXeYnGd3yLUDMzQSYkAJnJvHYyuE/UST1nrhSXPVBHOQmPiS0kupD5xaSo0YdRFuWAFozTOrNHw==","mode":420,"size":8931},"lib/rules/prefer-exponentiation-operator.js":{"checkedAt":1768031005666,"integrity":"sha512-SyfhrN7RgO33s9a9R7goAIuaj5/FrMomVLIHhXZxtvRaGz306RHG8/5/dEvwraV+If1Dqex3xWYd68zhiV4PMQ==","mode":420,"size":6727},"lib/rules/prefer-named-capture-group.js":{"checkedAt":1768031005666,"integrity":"sha512-x3hPUpD2olN+tc2U6vdwBzomd2sc9dv2neB6/IE1HbfwmrIOYW5eW7Zij9OJoY6ntWkizVvg4bmD3f8ysB0kLQ==","mode":420,"size":5048},"lib/rules/prefer-numeric-literals.js":{"checkedAt":1768031005667,"integrity":"sha512-WOMNtApd1EVIMiUwirQmyJ7YNMMsEHb2pXdvetj3tASqbKQo9VVvRWTSGl/VRzfjgm9NRgH7M/woweHWAth0Ug==","mode":420,"size":4504},"lib/rules/prefer-object-has-own.js":{"checkedAt":1768031005667,"integrity":"sha512-RjQ7yHegY8rxk6llI6RdGQD8Gjz28URI7sH/eBtVxFsh6Wwzyq47Fva5kt+78+Vk/ZvRrnKCfCR1cR70rvolFQ==","mode":420,"size":3804},"lib/rules/prefer-object-spread.js":{"checkedAt":1768031005667,"integrity":"sha512-y5mRhg+vvDkw3pP1IxJv89FyHDkPsiAAP+em2Dg1wk5+G9/zVxu04qOqEu2G2YADP2oSrLZ+5jNW6bnEQ+UDcA==","mode":420,"size":9489},"lib/rules/prefer-promise-reject-errors.js":{"checkedAt":1768031005668,"integrity":"sha512-sIKXsUb0549zg15qSf6VzV8aG7EApJmuvr8pqWfMaMvX7IhURooDFH6C+6tdVhjC96joZBHELA8D7rOE70yCww==","mode":420,"size":4614},"lib/rules/prefer-reflect.js":{"checkedAt":1768031005668,"integrity":"sha512-ydEARizZNa9yVe/4sNOhmV7bMq1rdz8QCHBBUVAX5l7VaygsIwZIq9LfHvvzL7/A7GyrIhME/0tXax5ke5hJCA==","mode":420,"size":3828},"lib/rules/prefer-regex-literals.js":{"checkedAt":1768031005668,"integrity":"sha512-E00Rh7BLKJdsrb15G5eX3S1eY2HKBDUzOKgGDq997xZAzHcv7SJXfsNKYWxhUs/hTFdL0XqPVN83j7p/75oNVg==","mode":420,"size":14388},"lib/rules/prefer-rest-params.js":{"checkedAt":1768031005669,"integrity":"sha512-Huu1q1d6eQ9zgKARUsGQKheCHnnOAWHnHwgAuesxwcu8OvKYt+1tuAIoZHqd/PpntPmir/2ubi18zyx550Qjdg==","mode":420,"size":3032},"lib/rules/prefer-spread.js":{"checkedAt":1768031005670,"integrity":"sha512-wxmQ2y9Xk9SQ8JeGbq7PL6sLG4xRbn+o/aAZoL5ZzLjVrQ6hBD6Ldx72zPad+rLvoCN9cbgAAGpkNR1Pt/2TrA==","mode":420,"size":2555},"lib/rules/prefer-template.js":{"checkedAt":1768031005670,"integrity":"sha512-H4ZHKNJSKAfJqzfQE+1YEXHkQt6kkDrgHJAFzc9C/ElcXQS5R6bagQmN7p99C8YNqojvx+LewWQippre+FU2yA==","mode":420,"size":10537},"messages/print-config-with-directory-path.js":{"checkedAt":1768031005671,"integrity":"sha512-8AB6QJgcMAcR+AFQTfhddKsqg9w2aepD4VBL7ZcL42Fx+Uei3pxpiEqudc0AyOYA6ibRI+3CNnJK1PJC2AGr8w==","mode":420,"size":252},"lib/services/processor-service.js":{"checkedAt":1768031005671,"integrity":"sha512-+uCsCPIhDVRIpix1RswxU0Ah5++SyC358oFK3B67mlnaSH9f6CQn0e2UAnxokRwBfBxl9d3TPTCf90kTJiAomA==","mode":420,"size":2956},"lib/rules/quote-props.js":{"checkedAt":1768031005672,"integrity":"sha512-rtyLz8iMm+LsP9eourq23mN11ujoyq4SBuG189PDehGkMb6mGeUaZlkTqN9qiFrpfzwFOuHrrG9jfGcjcbFiIg==","mode":420,"size":10129},"lib/rules/quotes.js":{"checkedAt":1768031005672,"integrity":"sha512-y9k/Rf8BrjzBD6580P+jsgurOUI5uzlToAbo3fSkO1PW4O5WE49TRAOXNUBH9PV+DbEco0dBXlz18FL8TcED7w==","mode":420,"size":10934},"lib/rules/radix.js":{"checkedAt":1768031005673,"integrity":"sha512-jtW8NAMAqlmwhMwvuFmkpjFDmbH2gzyfnN5mOB2Pug8LWsyUIJ+BxcyozuFvSeZo2oCrL2rU97iIhe6FVZfbTg==","mode":420,"size":5549},"lib/rules/utils/regular-expressions.js":{"checkedAt":1768031005673,"integrity":"sha512-rtZLmucCHuVKicqgwX55sEsJIHaK90d/XI6aiM2TGODV4cEmabx537P/Ff2cRnirlmFxvuQ9D+zXydELKM8Plg==","mode":420,"size":1380},"lib/shared/relative-module-resolver.js":{"checkedAt":1768031005673,"integrity":"sha512-5sHrXktyrcjE9EaDrEWS+RBAkH+VSFhwXzbw26LrY7qoB5wlBZk6UifBh4jS0Og/pEw+WguW/L3lJhpr3JooyA==","mode":420,"size":1028},"lib/rules/require-atomic-updates.js":{"checkedAt":1768031005674,"integrity":"sha512-pGAjLBzJSjDZv64//41OyTvHxzqZvKmGqic1FaMuDUgfSbHZbqLTuyVQ3S3pn+6fZz9eyIJFtycCBASbahhcwg==","mode":420,"size":9293},"lib/rules/require-await.js":{"checkedAt":1768031005674,"integrity":"sha512-P0tUIeuzqrS4Y7TYIX+Eg/R5DbnOrmnh8PdjUSNDkpkK6Na+Xi96y0RnBlbhQS7ECZLvsIkbpgi2erqfeoo8Lg==","mode":420,"size":4564},"lib/rules/require-unicode-regexp.js":{"checkedAt":1768031005675,"integrity":"sha512-SL3JXW1oHuJJCjcse4Vgsx09ypsziPLCL3C4o7clNMPTBsyNH7Pneml4+nW1YI/xVPRyf+/Rp8GJ2f3GbyjfXA==","mode":420,"size":7747},"lib/rules/require-yield.js":{"checkedAt":1768031005675,"integrity":"sha512-JVH7lvtZFPhZbNSRJOUi3qQkDPmzANrtooHARktL8mfcpMdjRlLTU4L2CBuf7gbkaOvxY+ntJLW02vcAoQuCAw==","mode":420,"size":1718},"lib/rules/rest-spread-spacing.js":{"checkedAt":1768031005676,"integrity":"sha512-JdgheHlJ73rjdKoVBzYuwo0kGDRoNM4KLLpCV3qDoeggTSEQd9zz8HyLVyqsgP3A9tFvorbqYlzu3qoTaycs/g==","mode":420,"size":3739},"lib/linter/rule-fixer.js":{"checkedAt":1768031005676,"integrity":"sha512-IIwudht0ozM9xv7ERkJp+qnL5Omt7btfbuxTtFjdAlVypGV6U4es10DaNFO84ttZXtMa/1qa9hgujxycJ4ydBw==","mode":420,"size":5158},"lib/rule-tester/rule-tester.js":{"checkedAt":1768031005676,"integrity":"sha512-j6kPge3vYf9SHRvvya5+9Pkj+Nak2qeTszoQKufsvUDrcmDcyPKOPN/IICpJysRFsejnaE0wAr41utzqYukz+Q==","mode":420,"size":47184},"lib/linter/rules.js":{"checkedAt":1768031005677,"integrity":"sha512-+jP9xfmvSnYQiN6rg/seYvSj5f8oHaI+a0YKJLNEBLysIVszCodRTgiLHuBQZIZbFt5gXUsG29gRRPm2DCsh8g==","mode":420,"size":1673},"lib/shared/runtime-info.js":{"checkedAt":1768031005678,"integrity":"sha512-bUcmHPDgORUp3rlZPuwNXcWn6DY3DYEdRZtgYzcRXmRjx/UMFIGNIWZe3blc2yvaebj4K6OgoEVFMp586mEfzg==","mode":420,"size":5142},"lib/rules/semi-spacing.js":{"checkedAt":1768031005678,"integrity":"sha512-hCdSvu7DNRdnOmugbCC/wLaa8QJ4X1B3N6fo3KPCwFr4dhhvm5fP7qgAuUtiR7WgpT1QrO8t1wAvlMZ43+GNUw==","mode":420,"size":7384},"lib/rules/semi-style.js":{"checkedAt":1768031005678,"integrity":"sha512-tIH1ZL6nnq7ae2zk0aaxFs/wroEsDwT7QOU7r91qPCCYpKm7YTCqy6vvuBBns7wG+hXg1IJtM82311aIf9FZ7w==","mode":420,"size":5246},"lib/rules/semi.js":{"checkedAt":1768031005679,"integrity":"sha512-HScDIgiOc7imV9D7wtGi1o8yamv+ooeUy4X+5l02Fw5vAZAYGuIsLRHwero7khb0uphdX5uyYQjUrKr+OgmqHg==","mode":420,"size":13324},"lib/shared/serialization.js":{"checkedAt":1768031005679,"integrity":"sha512-O3coSUR5AlfLdSjxxM7RZgi8xJZS+VMt9nDDvaOBlsGHjMEChEeOQMhyhB4AREftPr3jVJ0MLUVhS4SibDJ3uQ==","mode":420,"size":2111},"lib/shared/severity.js":{"checkedAt":1768031005679,"integrity":"sha512-EkTcbiqymmUiOw1xRmRrA0HSo0WvE21ETXT32uOkjLfwB8mXykn8EMBeZpE+/ntmO4vGU8yBiTcA9qPwIhKgoA==","mode":420,"size":1177},"messages/shared.js":{"checkedAt":1768031005680,"integrity":"sha512-TSJw5DtOrjB1UaG3e3JNSlQluQ5V140YhT6LIo3UwfXhscyoz7zsVtt542nsqw/aaVBpdlSjTmnEiwtvT+Bh4g==","mode":420,"size":546},"lib/languages/js/source-code/token-store/skip-cursor.js":{"checkedAt":1768031005680,"integrity":"sha512-Z6JJ0xRw7EWev4oCC6m8wgLoN95OJkxIZvI5FfvYmjlfjjOfMHxsyU+Q7sAgqEBhyRVru6wNnwf5xp1uxdn1xw==","mode":420,"size":1062},"lib/rules/sort-imports.js":{"checkedAt":1768031005681,"integrity":"sha512-Y8trUNXG7aUa5S6OB7Sgu6xgXKtHdbdHB6JmebAk2eQeqhWlhX+kcXESRaMhw3Ng0VEJDdp00CBzP08okXtlNQ==","mode":420,"size":8603},"lib/rules/sort-keys.js":{"checkedAt":1768031005681,"integrity":"sha512-6/+fP7/fQDXe+Gc8molt7Mt+T1v1awGqx107vY1GfKSaZbALRAQyrYnkUh6b4PHnlfm12qSI3fgM6VsnAm4Jsw==","mode":420,"size":5880},"lib/rules/sort-vars.js":{"checkedAt":1768031005681,"integrity":"sha512-hGqyN9samHzYI4EFVY6Gk7BGL4oqt+ny/uFR1a1WF2TcQzrQiLlngLShFJsZC/qqUS1/0av1cMHSffSQ+3eEPQ==","mode":420,"size":3320},"lib/linter/source-code-fixer.js":{"checkedAt":1768031005682,"integrity":"sha512-9XRXPOGFqgs3ZBb6yZm+a+fb+7NUYkmoR+iXgEg7ipR1OmdiT6wFt+68YKN4Q7Ujfmmn3I5Gk+nMmRWz7r6fnw==","mode":420,"size":4209},"lib/linter/source-code-traverser.js":{"checkedAt":1768031005682,"integrity":"sha512-LjzZyYndvlB77+8de+AAi6+7Y8v9JSfTiM3ckKkeqbV+V0adobkmtFlBfJTRhrBWVREZSpcSGHtgLXaQE6/Dyg==","mode":420,"size":9700},"lib/linter/source-code-visitor.js":{"checkedAt":1768031005682,"integrity":"sha512-xkoNwKXJTBrO6ETgBDyRxl7oXrPUASV1LF21k0QIxUmc/XI4Jzn+itL+Z0+Cu9jb2Wf6DgnQ+4TREjGATX76Ng==","mode":420,"size":2147},"lib/languages/js/source-code/source-code.js":{"checkedAt":1768031005683,"integrity":"sha512-ImNfCQmAkfe2EjUSeUDlD6RNsbto59leDbo0FRTDaz8mF6ZWtWrNXhceJPPBF8iGsqXj4UgFjDHjdzG1QLZpaQ==","mode":420,"size":39671},"lib/rules/space-before-blocks.js":{"checkedAt":1768031005683,"integrity":"sha512-SCCtCZJe/c6S4szkqjQ44bDOFDNnVJP1Ni08t3Nf7WVITLGuJb0fMoX88D+rRsA5bhxItiOlbfCgd5eDq6Yrjg==","mode":420,"size":6328},"lib/rules/space-before-function-paren.js":{"checkedAt":1768031005684,"integrity":"sha512-SkUQvh1pa2BWmTVG+aXk6Zw6tli6xllcS8T2ZscHzIyeeuGWgfOPqo31sxeYCWuPLHscd5QbRk1IYvfaL9WpXw==","mode":420,"size":5253},"lib/rules/space-in-parens.js":{"checkedAt":1768031005684,"integrity":"sha512-a4HhJ3CUhsdfHpv+wC8KSZJUnUNUlV+QlHU3iPPzbXPRBs4qTcJprvhggDjGxI7FL0cKCyJN3cLxn2RGyKH1oA==","mode":420,"size":9314},"lib/rules/space-infix-ops.js":{"checkedAt":1768031005684,"integrity":"sha512-M2S0O6Ccn5u84u/2NMg+Kg2IJa23+nJ6wtgrB7IzfJBt3JUFqvvYW3uvbVhuDGk82t6VpOXM6CHLIOR5govA3g==","mode":420,"size":5890},"lib/rules/space-unary-ops.js":{"checkedAt":1768031005684,"integrity":"sha512-JmdvQSpPZ4s06ki5766k2B2z1bBLUjqNLFz09i/Ph2ATBxR6zx3IRXeWCo7jP4zxNhLpkiPiyJ2YcxBT1kS4Cw==","mode":420,"size":10644},"lib/rules/spaced-comment.js":{"checkedAt":1768031005685,"integrity":"sha512-Lm3vyAbsSDsU0lHbUtq9A9s48Oojjep/sazoWcqYN1lD+BolRZsGoej6+ebWuyeRyKslJxeYMuYqgVQi0zaPxg==","mode":420,"size":11246},"lib/shared/stats.js":{"checkedAt":1768031005685,"integrity":"sha512-L4nANQcOEGInjr4kiW/bdyAC9k4+KAoepXWmRYzQ+5mYaJcWZgubsNvKnEo7EZN+r02ePDhqUugkuBesk1lj6g==","mode":420,"size":638},"lib/rules/strict.js":{"checkedAt":1768031005686,"integrity":"sha512-uq67sH/Q/kjhYNOoesrKXFs9/49Q02uvnwfVtHOwK+ILP6yyFGt4SHhUOSAOacDS3yqIRUUPPnbVdn/vMd8maA==","mode":420,"size":9121},"lib/shared/string-utils.js":{"checkedAt":1768031005686,"integrity":"sha512-8+2dbbNiWGVIMhLIGmYIO1pAce+i4C7sJXwgtq0H2d8DHha25qd9juFefa45QkD0x5z9fb1ktPHckJe68+Dceg==","mode":420,"size":1549},"lib/cli-engine/formatters/stylish.js":{"checkedAt":1768031005686,"integrity":"sha512-IKZMhBs9gQitwZNVyhNoNz2iNn5XaAkLzgQpo4x9AplPwnLXs3vXwx98FO1vAxglQ9I/BRmFpwO7dufamhw1tQ==","mode":420,"size":2961},"lib/services/suppressions-service.js":{"checkedAt":1768031005687,"integrity":"sha512-Hrmwy4ntNzzieiMNxeUJ3BAjRJGzMSiIj0/SMG4pnkxpVeyV4NVOoHSoIKWtCxUA7lOqThM3R4214dFdOofj7Q==","mode":420,"size":8633},"lib/rules/switch-colon-spacing.js":{"checkedAt":1768031005687,"integrity":"sha512-rAxNtra1NWQNST+aJ/6qUSzb6wUM2athoVYW0E0TzzZ0nNkiIIgWZWI1oettqTUWJ/elOsQOeUlfCcMeAaz2/w==","mode":420,"size":4701},"lib/rules/symbol-description.js":{"checkedAt":1768031005687,"integrity":"sha512-i/pjL4X2tCfBf0inhn7JrPplEW70fDtKZg/AwQt4D6nYNHHn/ECx3Z1okx4QAKwAoZyc4ej5ZnOniIXgHU88Tg==","mode":420,"size":1701},"lib/rules/template-curly-spacing.js":{"checkedAt":1768031005688,"integrity":"sha512-CIivYTE+hQSMOkW0rUD/4vo80iYdoHT+rLPDf33AIkqubfh8oKJ6OJaxXeKaLhsm0noJDfsdxkZq3hN1jH018Q==","mode":420,"size":4337},"lib/rules/template-tag-spacing.js":{"checkedAt":1768031005688,"integrity":"sha512-5J31ekjf7Sz19WnFTECNKaG1QSffIyuOhLc74ufSttGIIVOIHxr90CdjHfP65RhEejtsgCXyR/b6xSasOA1ChA==","mode":420,"size":3059},"lib/shared/text-table.js":{"checkedAt":1768031005688,"integrity":"sha512-MAhnGrzUYiBjIvGfRQkDA9EdvyPpzf4VaIDNQEzkH5rtARR3qCek89Q1H1zoAH1g1kXpTAq20YiimTHIwFwr9w==","mode":420,"size":2213},"lib/linter/timing.js":{"checkedAt":1768031005689,"integrity":"sha512-5yKGGPD0fTXO+bCk9MoyqO6CIsmN+cZ8RYNBCtFOw1mQfsXaQ0YhjGSA7RORgOqGJO/5LcRoU0qWUKFdVnsBrw==","mode":420,"size":3815},"lib/shared/traverser.js":{"checkedAt":1768031005689,"integrity":"sha512-X0V8QhYFQwfIBXuicUC7QyyrJ74QV0psACe2ewjj3LpvcUJDpI+jfJLo2mHzm8csDw9qnOUWKCu4KPqb8B6e0g==","mode":420,"size":4858},"lib/rules/unicode-bom.js":{"checkedAt":1768031005690,"integrity":"sha512-MCIX+EVhEBixPfSf2b6knLVvLOf0RUjxTjKyGScGj32VDuveOrH+bk3iO4kNItv1gwreJ4rJaVR2GPothRYBHA==","mode":420,"size":1716},"lib/universal.js":{"checkedAt":1768031005690,"integrity":"sha512-En8e1i6675Vw56VdL5VF8uWYy2aNMGsIvYEa6tzmJQEfQxsgrn0OzkVLo/jRuteAEtZ+q8mbr2LLfiAEm6R67A==","mode":420,"size":181},"lib/unsupported-api.js":{"checkedAt":1768031005690,"integrity":"sha512-5nH+nZ7FXScp/wrIKzDxxdqc/Xa47TK4cIlb2x2zI++zvPb0Zg5MMBoWBMcy43NupmGILl7mIKBMKqiwmAHqtQ==","mode":420,"size":910},"lib/rules/use-isnan.js":{"checkedAt":1768031005693,"integrity":"sha512-0yCTe6Jsxek5WuCPyQZb6tp0dm67IBiMoV0bRmRM05TVWRKw6yfpUeO2Zo3kYM0pPTZ4qzSJBxw7XOhsWEr7Ew==","mode":420,"size":7130},"lib/languages/js/source-code/token-store/utils.js":{"checkedAt":1768031005693,"integrity":"sha512-woFlPyVFdNnWmfsUoTnHzBfdquxtBU4/rVPOm4zcyeCPKM5KKmxpeg9cB1Ecc9fmzs8Dai/KuOI4bDvlnaBvDA==","mode":420,"size":3399},"lib/rules/valid-typeof.js":{"checkedAt":1768031005694,"integrity":"sha512-Y/KZRU1fQ9Y20zRBXFnUB6mVnnsy7a1il7+WYA25eV9RjtQmjpRjfXuFW7DWlKVwZRQffIIR5/lGiMTAA0oQBw==","mode":420,"size":4262},"lib/languages/js/validate-language-options.js":{"checkedAt":1768031005694,"integrity":"sha512-FU3bEvDh1Z39Vp/h4U2EO4zEIftZU80NCk5ADaOoGl6IeHLeUP3EOcuND2lEZJjitXF5F1ES7FuSzRUhkFCBvQ==","mode":420,"size":4687},"lib/rules/vars-on-top.js":{"checkedAt":1768031005696,"integrity":"sha512-+2VQc+xJSznKCKfHBVL1DUucMqEYumPQzDFYGRB/czwGby0mtbCg11PjwKZ0TDKCY5lzXyKZTdH+PpIAlu/qtg==","mode":420,"size":4304},"lib/linter/vfile.js":{"checkedAt":1768031005696,"integrity":"sha512-hgsisgJVe1swV/tyVFA0zw44yS+BytsCdlH6ESdZ1szGhB2ts4j3AByU0jU4r28g0rybcQLZqFbdZHOrk8bPAQ==","mode":420,"size":2816},"lib/services/warning-service.js":{"checkedAt":1768031005696,"integrity":"sha512-GJr2sLFuDVM7iFUTL8C27O1v4bRzw4iuq6RetViiI3NTKP/6U4trJJQR9vQsiFBbDGpN4INIAoij63q349eFxA==","mode":420,"size":3106},"messages/whitespace-found.js":{"checkedAt":1768031005697,"integrity":"sha512-M5KIfaMzE1Lcvhmu8T35U5OLVeytwUBBAHK9xIxmvpNUNFNeoC+miGimckPG1KnrqHOGN8VOh4ss8Gc7KplwmQ==","mode":420,"size":386},"lib/rules/wrap-iife.js":{"checkedAt":1768031005697,"integrity":"sha512-8qhg4GViXYDr/I8YBzGgmCXlYtMgEDqJemnKE5jErlkRQv5u6kMw8N5vIyX2kjXEqq4eVPKEXqPaTW/kQRetPA==","mode":420,"size":6914},"lib/rules/wrap-regex.js":{"checkedAt":1768031005697,"integrity":"sha512-42B7OMHT7Nb/G9Bzz8FkJV0WdpNdvwbBeRSapl7yh0egausJ0cux1bHZsg92WpkQm2+K0r1sJCyyi2ernUhVHg==","mode":420,"size":2167},"lib/rules/yield-star-spacing.js":{"checkedAt":1768031005698,"integrity":"sha512-P5UJ6kQlWja+KXy1boXUfVm/1wCQbnihwg0L3Ns2OBCCv1dJG9dci/ZVNwNy75MPo/JqddTL+HicyDQlEkXSuw==","mode":420,"size":3992},"lib/rules/yoda.js":{"checkedAt":1768031005698,"integrity":"sha512-UD0wbnymfezA5QRocOw5QzBdwnQNr+/1Mc1yeO9QPELsELfDeUxURjfK/+KXaHA5REpQNcwdmM9M/UC77DM5OQ==","mode":420,"size":9709},"lib/cli-engine/formatters/formatters-meta.json":{"checkedAt":1768031005698,"integrity":"sha512-pHpQXCeBw/pz7HdKpVBVpsmZ9WryheIlUkMjn45F6z1BHkMq4or8mQ1HKmAEQpYHyddO90A3E2cffX8pRjeXJw==","mode":420,"size":1039},"package.json":{"checkedAt":1768031005699,"integrity":"sha512-en1unbP5s2cegJXWaBlc599j/vfbg6CneaLHTjF57BwTqY1iU9Gi9HcQ7lOsjjbjHPkkbbwsIaZKb37EkJJyIQ==","mode":420,"size":7138},"conf/replacements.json":{"checkedAt":1768031005699,"integrity":"sha512-XmsUoeo2/ibFiE7anKEEX3mGkzaJojpUONkUYWslljxT55Tn3ZznJMn/y9jCFlN8LkB9SbJTOC0aulcaZUX/8A==","mode":420,"size":987},"conf/rule-type-list.json":{"checkedAt":1768031005701,"integrity":"sha512-jCH7V7kWXaGaUkAz8IftcSnFLfsYM94YqIq0RcO9Fffzc0yrnvrZdLSFX5U/kDGUDVIaZxuaIOSXqXwzqHmpDQ==","mode":420,"size":2537},"README.md":{"checkedAt":1768031005701,"integrity":"sha512-wADT38Fl/VWewb1N9JDCoQF4LygjuIMSavy70+Z53ZSzONHbE60utyBOPHfpcDTD2fQgOmcyKwlmWlFgdReB+w==","mode":420,"size":19713},"lib/types/config-api.d.ts":{"checkedAt":1768031005702,"integrity":"sha512-jnI/7RKsJcyzmWBvqkLSFNumizQjmk7ckfIr1A4x8MUPZhpviUPeRjz4KEwOMsVm33jwZNBuj8qATzGVtrX4Bw==","mode":420,"size":201},"lib/types/index.d.ts":{"checkedAt":1768031005702,"integrity":"sha512-Atr8iPhyJgViExBHQ2guYkNwubRvcQAoLW7C+bF0v5QSfuwX/3SDLyRIW7g2rSEANvBxM31tJhTUvpztOzKFGw==","mode":420,"size":64559},"lib/types/rules.d.ts":{"checkedAt":1768031005703,"integrity":"sha512-i6TcEf9o5DCNzYHzGujlcJi+lyww1p3hbO8T9V5B/i0fQnVAE7drJ58Syf7dKt2I0iR13JcOKa78nwqNaBjN8Q==","mode":420,"size":128129},"lib/types/universal.d.ts":{"checkedAt":1768031005703,"integrity":"sha512-pMJKIeETNl6WMmMu0S381RYbPdvVmSersq8Tp4A6C2uUIXLIfguJqpQCXzpPAQtnYXpsfl/mChgugcnE6NyRWg==","mode":420,"size":140},"lib/types/use-at-your-own-risk.d.ts":{"checkedAt":1768031005704,"integrity":"sha512-G1uwJDUnTKXMLUz1bU1dbnFxJ1tRgfm3QIise9WhYyhvqfOuo/ygrV0EDiWDzpRTxk5SI63SIMgUDN9jTN9fvQ==","mode":420,"size":2807}}}