{"name":"p-limit","version":"3.1.0","requiresBuild":false,"files":{"license":{"checkedAt":1768031005935,"integrity":"sha512-0fM2/ycrxrltyaBKfQ748Ck23VlPUUBgNAR47ldf4B1V/HoXTfWBSk+vcshGKwEpmOynu4mOP5o+hyBfuRNa8g==","mode":420,"size":1117},"index.js":{"checkedAt":1768031006843,"integrity":"sha512-grQNU/RjlCWXAwVCvjcCpgpypPkLHuM/3qaGeJ5asdjp7mw7MexluEdrhGNEMyx1AtHuboFb5Mo46IG36yz10A==","mode":420,"size":1521},"package.json":{"checkedAt":1768031006843,"integrity":"sha512-TkeOSu4VQ1JqAxYDixCg46Re3kWWxWwO1lE2evHopQWeZaDjcQauxtMqhycxfBOE5j41YDOHVoe3LokFJPQuZg==","mode":420,"size":928},"readme.md":{"checkedAt":1768031006844,"integrity":"sha512-ySNHxpk4UvAYy3wTd9o7uAiO5F94356guIaOI9eqjtS7FJVdFbWSCXfrSD4M/xwUaKTvEXjM+kCygDydAyccig==","mode":420,"size":2770},"index.d.ts":{"checkedAt":1768031006844,"integrity":"sha512-GiMp1tXEKyfYlRgbqJ+ozQ9JkUu4kNSNNF/+6uRXDNV2lXs/VxysaLc8HUZc1KAIc7PhpRxmfsm9pWgpLoToWw==","mode":420,"size":1418}}}