{"name":"devalue","version":"5.6.1","requiresBuild":false,"files":{"LICENSE":{"checkedAt":1768031073181,"integrity":"sha512-PJ9nQC9CPLaxA0yNKuTL5G/F6AOwicg/KM40FRjnKKwYQBB4NwLwcqKEwR0NVKRD618vC3u2taM3zagdnw0RsA==","mode":420,"size":1121},"src/base64.js":{"checkedAt":1768031073182,"integrity":"sha512-41fxRPEDGMKJW4N1ACzTZbzQRDBiLIsqZyNbrKfzKygfUCYkqxU7kklKGtnNthiZiaaCyzvW8GaVbj5QUI42Hw==","mode":420,"size":2945},"src/constants.js":{"checkedAt":1768031073182,"integrity":"sha512-/s5k6Wsr5w6JydpDgAj/yzao2WeMnWRvvu5kMSzNHYXTAVAQiA+jY0KNG9mfOpJR678wJJBVGaLS2oPavXP6rw==","mode":420,"size":183},"index.js":{"checkedAt":1768031073183,"integrity":"sha512-SI9y+o7Bv1UCv9FkC0yqOMo3NEiXuokO6TFEi7/+zTt+CEEAv0xNQO/+tzlFJKAVtyIMggwylDVfqqo8bFotUg==","mode":420,"size":188},"src/parse.js":{"checkedAt":1768031073184,"integrity":"sha512-ABT1Rr65B+jyJgeFTO5uyt/FnLrALcGaMH+8dTrkkdeew5pJqrt4dn2Fgr6mGcmIB7sZS/dUN5RgQW1+hmXArw==","mode":420,"size":4972},"src/stringify.js":{"checkedAt":1768031073184,"integrity":"sha512-qyKWEsqLFii3Xd6w3SRl85Sgza0I0h+BaEEtFK/m/x1oA+kxciX6el6nXgwYwbr0r9s0a9e2UivPO5D2ZXDApg==","mode":420,"size":6014},"src/uneval.js":{"checkedAt":1768031073185,"integrity":"sha512-bLDmSw++nclAl5Xx9hHZhVChOh6WJy+mDi3X4rHLWEfgoreQgbLYUrfAGvOfApB+eb8YZ692AKmCts6bE16WKQ==","mode":420,"size":9259},"src/utils.js":{"checkedAt":1768031073186,"integrity":"sha512-zLIE95BRbKDtwbHIFG0uWoGYc8YEsUcSwY3NQosn3I7uACf+tdJsjBYK1k7CzizOB0/ov3ZLpSKn6SV/uuCVnw==","mode":420,"size":2595},"package.json":{"checkedAt":1768031073186,"integrity":"sha512-GLTRWFv8Po4XcWvP46TegfljWL3+lO7pMRtguVp5alhK4HwGqS/Dsr3zzPj2yhmRXu7j/zdtyLXgd8Qdn4pHxg==","mode":420,"size":831},"types/index.d.ts.map":{"checkedAt":1768031073187,"integrity":"sha512-jL5fFPXhxbERm7VDXOSZOgs9JDFIrK3J5ogewJBUmPPONqv+xhF5eW1zS+FZHhC6ri443Q3rF4lnqdUfMvy+Ng==","mode":420,"size":415},"README.md":{"checkedAt":1768031073187,"integrity":"sha512-bhiCJUhYRvUZsnY2wnGxkNhK0ZDXDfTSVQdBDVh9pG86yU1ERMHfRfkokDfO6yZ9vuj1BRzJx/6b2kjQ7fefgg==","mode":420,"size":6206},"types/index.d.ts":{"checkedAt":1768031073188,"integrity":"sha512-TR6V0BkRj8CRKnFWpxN21gjS4GRAzi9CPGi7FxVa2RG+gpj9ev5RDv7cRtsGH+F30R3rI6O1zScASFsqIKVgeA==","mode":420,"size":1094},"src/types.d.ts":{"checkedAt":1768031073188,"integrity":"sha512-Wgxb/D5DLMLvQ0IqER3XECgZpkLTGZY3ftcEK3lazWsAQjPq07Q0A+DRMOnzI4j3gPAZctPdBvcjtiu5xA8pZw==","mode":420,"size":185}}}