{"name":"tinyglobby","version":"0.2.14","requiresBuild":false,"files":{"LICENSE":{"checkedAt":1768031007848,"integrity":"sha512-bWdqVoBO4HOOrUQinnR9DBTX5jfABSug93fBB7PdlSjxn39FVFtfWr2qdLw6+0NrvnDo4ItlavGYOvOEod5aiA==","mode":420,"size":1076},"dist/index.js":{"checkedAt":1768031007849,"integrity":"sha512-tw0OX7/0t/43seYGfCS/9sFlTV5fdFT4FaCc+M1uW55w41OwoU+ZXQuT2OVGx0W+k9GW2TEtKh5pQIbUnKPPgw==","mode":420,"size":11395},"package.json":{"checkedAt":1768031007849,"integrity":"sha512-H2hTBs+c/OfZc/CAqaW1/L10g1sI5hJCZIpGFysiDCjLbo5VzZysIxda6bYB+xM/5Lt89B9WtDM8sF5zBG2zFw==","mode":420,"size":1646},"README.md":{"checkedAt":1768031007850,"integrity":"sha512-ivlj3M9OvMAU1421swRDCuAgJz3x7rouVdzyPiVS111e+s/XWYxNGfhOiGjt0c/fPGwIqhoM2mZwC/4X91zaVQ==","mode":420,"size":3773},"dist/index.mjs":{"checkedAt":1768031007850,"integrity":"sha512-AXuCksWghaCBnNZ39lbcKKvgYTBgRGpxHvQjXRc8iJGizWiusjbE+l9o/Vpi/fkbnMQvaTo8UzZgOWoQwaV29w==","mode":420,"size":10182},"dist/index.d.mts":{"checkedAt":1768031007851,"integrity":"sha512-E2qeLwNFj0rnsdp2YXjFr8AV8qHug9sOP0vKG7g513xS/U9SKDSaBtZJHiuJKk573qbxvw/nLQuOU7oCxDHcqw==","mode":420,"size":1524},"dist/index.d.ts":{"checkedAt":1768031007851,"integrity":"sha512-E2qeLwNFj0rnsdp2YXjFr8AV8qHug9sOP0vKG7g513xS/U9SKDSaBtZJHiuJKk573qbxvw/nLQuOU7oCxDHcqw==","mode":420,"size":1524}}}