{"name":"concat-map","version":"0.0.1","requiresBuild":false,"files":{"package.json":{"checkedAt":1768031005312,"integrity":"sha512-FfXkh5jbKRra//noBP8JUaVnAmK/EuKyQ1BendZK3iRtbYwBZp/ptwngGLFETr8q71GQ2ySODVheqCWVTLEx0A==","mode":420,"size":989},"LICENSE":{"checkedAt":1768031005312,"integrity":"sha512-UYETA37gNUDKrmMFiphSX5pKZ0Jb2MNZb2l77Vrh0gU/5292uFpO77gMxRn3sD02jPS0RSiMTKfKy151I/M5Yg==","mode":420,"size":1073},"index.js":{"checkedAt":1768031005312,"integrity":"sha512-zsdwYPlc0mqiiVHbhHRdQFzoqPRXYdKvEdxgLrdVeP3bPg1/ReEtF1CkWtrshFK2SAIXc0iNyPSSNfx1uBmlsg==","mode":420,"size":345},".travis.yml":{"checkedAt":1768031005313,"integrity":"sha512-JPDxYlXgtBZT64mvPpxhYlNhGMN+T6AD5iPo05ElvOjSWB8++XiJkVM/RilMIf+7+q9V1EFQs+YqaGKB2D258w==","mode":420,"size":43},"README.markdown":{"checkedAt":1768031005313,"integrity":"sha512-xwe0LALQ+iqrmjKDUJX8FaJWHC0vzoWhFiC5l3lxzQRb+0fCIvYtIbDSBnb/7mnDgPAHpIS1LT3hucGyL3PBZw==","mode":420,"size":1165},"example/map.js":{"checkedAt":1768031005314,"integrity":"sha512-y+SbjCyA2FpPw8TWF2VU9cRN9CvdABwQHYhuPHzNAJXL2Ml70B/3jzzMRZv2aPL7y1bSuc/fUB05+NmaFi/2mQ==","mode":420,"size":171},"test/map.js":{"checkedAt":1768031005314,"integrity":"sha512-DQagHkGnV4aJYpeZKQzOOrkQpzLXADZ1skbDiJmVGI1A6blGymW9n9pzjyqK1dkzJ/cgjyVb1vQRCOuQPrQg1w==","mode":420,"size":1075}}}