{"name":"cssesc","version":"3.0.0","requiresBuild":false,"files":{"package.json":{"checkedAt":1768031008599,"integrity":"sha512-jr5IgcyztjFCoheyM4rRc0fiZfpU7/pLa/tIRRSM0mNIvjIyaTIlthzdOa9CNcXAFuoX1i1zHMztO7r9lUg1Tw==","mode":420,"size":1252},"cssesc.js":{"checkedAt":1768031008599,"integrity":"sha512-eZt7x7YSl+s/w/3XteCAOBzhyv+HMITPSvluZ2eJJuUS5BGPPy737GDyKCjf+28m6+II6z+wvZ1RIJIvhqVcew==","mode":420,"size":3514},"LICENSE-MIT.txt":{"checkedAt":1768031005879,"integrity":"sha512-fWtEu2WGJSgbSBlOWj06B0Ur6h8lZQbdFveiGUHvPw0lnhvNDMYgJkK/H9EpvBh+ajkh04LVaNMSvYPzAjl5oA==","mode":420,"size":1077},"README.md":{"checkedAt":1768031008600,"integrity":"sha512-cWna2e+BRKXlMQrSdwIXCFi0id9RN9cP3X45b4XAN8cMdaJNuWhMDvQev1nWhyz9kcx8/B+Hzx3m/lu9yw+C3w==","mode":420,"size":6585},"bin/cssesc":{"checkedAt":1768031008601,"integrity":"sha512-jnfXCZOY5Jfrqu9tcnwk3sVvuH9mjljytcA4ATbqkvSMZCPHKm3avoCBiMFb24FrAp3wvl0KjDs7fRA5jIm+SA==","mode":493,"size":3103},"man/cssesc.1":{"checkedAt":1768031008602,"integrity":"sha512-1T5G6rN6eAqtQmtZjoMzC0f+62UPRTvE8SvED9PnqdzctbcogQLd0V/YIjEepGCXELVuN5fYBFvCQYloQ3WC5A==","mode":420,"size":1957}}}