{"name":"globals","version":"15.15.0","requiresBuild":false,"files":{"license":{"checkedAt":1768031005935,"integrity":"sha512-0fM2/ycrxrltyaBKfQ748Ck23VlPUUBgNAR47ldf4B1V/HoXTfWBSk+vcshGKwEpmOynu4mOP5o+hyBfuRNa8g==","mode":420,"size":1117},"index.js":{"checkedAt":1768031005936,"integrity":"sha512-VhySceycwo/hJ/Ks8R38KJ5djKl0pXcuuD1p2k4/5mPZQlRB7dH8s5iBGqOLJw/hKJNqlz4jNu4Rxg1783OSLw==","mode":420,"size":58},"globals.json":{"checkedAt":1768031011022,"integrity":"sha512-L9ssrfp8YkwQisFRIgKQUPiv8/p/2eEMwx0EkLpdJi57Vs7hG1imn0gtcOF2tqOdYWV903hnJ3xULWhn5p9sZg==","mode":420,"size":73279},"package.json":{"checkedAt":1768031011022,"integrity":"sha512-ayIrotTrpeAW9WXXJOMfb2xWeTMR97BUx63StMk80Ff9g3WUUDG8lPSzGHgt3RPoyfF3pzVR1eZEajpqrUmvBg==","mode":420,"size":2298},"readme.md":{"checkedAt":1768031008422,"integrity":"sha512-fIfGHPdm/IsX7A8sWtpnfLICQf8XC5lTa01NHeIQbpdMIuDrPq6rwusiFDCHiZmHIT5lu4DnQtEMENwpcRuTPw==","mode":420,"size":1623},"index.d.ts":{"checkedAt":1768031011023,"integrity":"sha512-zYWaWMjIpsuI8T7YrHbVX3c8fWtryXlDwzfZPmLaFkGClNbpubJzgKWkVYANl9PggaTjHIT8RK3rQHC6ZaF76A==","mode":420,"size":98835}}}