{"name":"fast-glob","version":"3.3.3","requiresBuild":false,"files":{"LICENSE":{"checkedAt":1768031010456,"integrity":"sha512-klyzttd362E9inpFU2X0jkZ+kaWZ+PhDEXJfMgfuWDKwC4dCmwlGbdsDCsQjWPUstsuss2EizcqjeZNZs2Qp9A==","mode":420,"size":1079},"out/utils/array.js":{"checkedAt":1768031010458,"integrity":"sha512-hvACHMUJ7MEMZ9O2DnPvhvbpfPCwG/lnxnOZkOPy/TbpIJvRJ3NDlsbKA/rgE6BCkxAD7B3UtCnqhtCoPrSs4g==","mode":420,"size":608},"out/providers/async.js":{"checkedAt":1768031010461,"integrity":"sha512-p8AZ1L61vxhvq5SPl7E/lLvCPoPaXZPW7hFUoWU7uD3yEHeIOAV+wMG5uGgIyqYvJscGPCv6y+z6QqdATGk7uQ==","mode":420,"size":814},"out/readers/async.js":{"checkedAt":1768031010461,"integrity":"sha512-s1ptjDqLE/HrNPlMuYD5/S7L53C2lY5LRC03zejln+Jmf1dON803kQjFixAUv+UZ+KOAoAyEJ7gH3L6x3liUSg==","mode":420,"size":1213},"out/providers/filters/deep.js":{"checkedAt":1768031010461,"integrity":"sha512-meHZDH6htsW9RjsoXz0Hh2qfl/9YqdVncUx0ubAg/J9xla2vgrTBQ+sDaKiGBgSIUwqMqAUf7CWzg3fnwfiSqw==","mode":420,"size":2466},"out/providers/filters/entry.js":{"checkedAt":1768031010462,"integrity":"sha512-z93uJDdthj3G8+aUD4P4T6rirbiOIxC2ipr2/mVPrFE+5vr07bmWB+ACxHTu+7u7hDFddiTI2y5+HB5rbqAwJQ==","mode":420,"size":3556},"out/providers/transformers/entry.js":{"checkedAt":1768031010462,"integrity":"sha512-6HaJm5rNk/kVTsxLVkFInNYcu7eErlwKYsB6NykokfmdAyLByEj5VGo8HXwaQJBzE5eCiVYA6WLO6QV12Hz4dg==","mode":420,"size":845},"out/utils/errno.js":{"checkedAt":1768031010462,"integrity":"sha512-EWOGT/OmlzG5UVXia1KhGAG5lIXyAmY/VVYNpf1iXNsZCvCsg5D95CH1bM4UZQ4NauSBB1pOxWh4Vclxm/5YPw==","mode":420,"size":234},"out/providers/filters/error.js":{"checkedAt":1768031010463,"integrity":"sha512-13fqXYWuSjzBM5GxzIsid/5dXQCu+/nhzN2fLP+bfjfFmYQUxjGuKI9cJb1dF9hWoEv1qnbQtVHoJHaQ693h1w==","mode":420,"size":441},"out/utils/fs.js":{"checkedAt":1768031010463,"integrity":"sha512-3LkfRe5//+zfyugzjeuBoUSscu4sr16O2nmiOH4ohiqxwkljkZniKmAmY4OGwceZD4V6YBrFgIWERcrgSqWidA==","mode":420,"size":756},"out/index.js":{"checkedAt":1768031010463,"integrity":"sha512-UZ++C589m++1t9GHP2IlrDtH3qwjXKXxcNZx29MZP4McvhQISipmXjqNC4ihRVw6dc80zHK8rlagRIjAaVQ74Q==","mode":420,"size":4091},"out/types/index.js":{"checkedAt":1768031007730,"integrity":"sha512-f2XGQDoj2T+xSOglmwEtZVKrO/8Xj0p9ap2c7A9gQp/BiZ45tLyozAivx12afHv9sT/DcspjyF6yKwNV601gAA==","mode":420,"size":77},"out/utils/index.js":{"checkedAt":1768031010464,"integrity":"sha512-732wVEvl9yOVN3VU4zNYXS32C9QoANdib7mVC/k/BqFM1tschiGe5KLnj0eSg8zn6PInSzihEDJiNqr3XSna5g==","mode":420,"size":596},"out/providers/matchers/matcher.js":{"checkedAt":1768031010464,"integrity":"sha512-WHM9OtCLJuYqRf2rpzr7veta6Ovz4mWemUU/vtfaqbBcVaaWanbkaruKVE1xAjLRCkTWHizCeIouwDkLOk7bgw==","mode":420,"size":1568},"out/providers/matchers/partial.js":{"checkedAt":1768031010464,"integrity":"sha512-aT3ehTNv+CGIENzJn5Oln45c9DmRBUxOvi7KU6vOrK1TGmqIrwSry2nPuwyfF+R3GelaXmdXvTSUsgtJuug1ew==","mode":420,"size":1421},"out/utils/path.js":{"checkedAt":1768031010464,"integrity":"sha512-iOkFsaxo7zYV52tEhJVXAhVEcmsdF1cq4ddSeQrewl3hsVwZWLczWCh28qcjKx6YBXMPwWjE38E44yGV3WeoPg==","mode":420,"size":3010},"out/utils/pattern.js":{"checkedAt":1768031010465,"integrity":"sha512-vY1496ex9PD74OOxLIP6w4xM0HUDHPV08socmamaCUUeNNTDNHGn/DJv5UnqjlfVsH4q7c1N59Iaz35huHnYPA==","mode":420,"size":8520},"out/providers/provider.js":{"checkedAt":1768031010465,"integrity":"sha512-cNCTQrLxcdu/WMpWSoEsOFnu5ehTghHBHqXDt45cIgQ2ww57CYb4SlhkOx6OVDOWj8SmAdByC1pBZD+BaBiGOw==","mode":420,"size":2000},"out/readers/reader.js":{"checkedAt":1768031010466,"integrity":"sha512-HEBC3XxUhPIdLkYw6DY/y6CM5KIsz1dfuKmO0oflsYZInhE7rL2jvymY0q3CW1XeYA/YH+f+MIf3fGWWInR6IQ==","mode":420,"size":1063},"out/settings.js":{"checkedAt":1768031010466,"integrity":"sha512-zvede/1E9hDVryx1h4DRGy+qyVn9N0Rg16iOClWinKg8FFFL8/w60py6gVAwxpX98zQM1oHra3idaHOOZS+0gA==","mode":420,"size":2849},"out/providers/stream.js":{"checkedAt":1768031010466,"integrity":"sha512-ZpdyNK0s7c9JyTaqRovJD4XACJDRhIiHRAE+/4fOcfogrLUqraErT2gxumHI+nDS28QSxJN2jT9/Ns2STVxdiQ==","mode":420,"size":1198},"out/readers/stream.js":{"checkedAt":1768031010466,"integrity":"sha512-cwHcSR6eLusK/HELeoCm+UJpUkKo0cNq7cVaRamVi7SLuZ4XJ67DDExRkluNVUL6/H8rZKWJt/HsfrQLsFQitw==","mode":420,"size":1870},"out/utils/stream.js":{"checkedAt":1768031010467,"integrity":"sha512-RqSTqCRhWCDHa19dHwO4XgqBul730Bx+Zq/P3Iuvhtz2McDtX9KrR2KEbF6gJ4k/VJmF258KEq2bREFeo73yPQ==","mode":420,"size":629},"out/utils/string.js":{"checkedAt":1768031010467,"integrity":"sha512-3iv6kYZj9+0yqgzvMIZYZnHz9KhDjEFFpWHvJchR43NxFu28FjmrmCNVrazhO/b8p/hx+xccWzuFqDlpsQ+9kw==","mode":420,"size":298},"out/providers/sync.js":{"checkedAt":1768031010467,"integrity":"sha512-M9T72UatlArn2Gun4QRmxhFjwR8Ex1M+Dk80zP8P92iG2mbeBicu6FFT/AM1wvNJMrf4gldWT/fzU7IGj+8tSQ==","mode":420,"size":779},"out/readers/sync.js":{"checkedAt":1768031010467,"integrity":"sha512-adYT2gkHriygseO2X+7lYMEzm5jeGEnzJ//vGw+mqKyk0mcqVEoMzb81jIMlx2OU/hzQS1hv0meYRta0oC7oOw==","mode":420,"size":1330},"out/managers/tasks.js":{"checkedAt":1768031010468,"integrity":"sha512-FZ3fHnhDRgWa3FmDTdVVCjrSs/i5LEiSAiKbge8GNmsTACyjjiLnjYP5kor/zZQHW1amqGzU7O3FTcIN7v8Nbw==","mode":420,"size":5531},"package.json":{"checkedAt":1768031010468,"integrity":"sha512-wC7n8drSOd3lzsrqqrVkFmmUxNb9nrQvJID3fdPy0HeiAIV/ozhuwBD2grxWQbc+Hn0Mkx6uuRsvPM8ZLIIpFA==","mode":420,"size":2800},"README.md":{"checkedAt":1768031010470,"integrity":"sha512-DfARgxfSYfPseBmXDXlJkQ7lC5hBGjwj7ePe43qy+C+yBU52j5o1whlc89+kSkmdluzdwK1MuwfQT3e14qXAwA==","mode":420,"size":26211},"out/utils/array.d.ts":{"checkedAt":1768031010470,"integrity":"sha512-sUw0g92XqMobXstLkXSpFYG2yrZgt8Q4+Q/1s5Y1YqsYzenCwDNGVdnW6w9vVcpGkFUfmWDQc6vB8mDr1ZslPQ==","mode":420,"size":145},"out/providers/async.d.ts":{"checkedAt":1768031010470,"integrity":"sha512-MOSmb3ntOFG5XPL/GxGIpN6qzngnt6gRYZKxrzdJT5GGGBsgOhRZZzXNibfVMtRMXZcPVmNLvouIPsAxV05+Cw==","mode":420,"size":416},"out/readers/async.d.ts":{"checkedAt":1768031010470,"integrity":"sha512-oUZu6R48RyrFh25UiqQH3RiEVOkpd1P6qxFgmtiRPSorNgltudRYhJaOepOVeTZnOGK3iM717E7AJ/ltqUAdfA==","mode":420,"size":473},"out/providers/filters/deep.d.ts":{"checkedAt":1768031010471,"integrity":"sha512-IO3EawZBUu26trONp/mLUh34M2zSw89/LNWofg7deP119+ZXnvSbRfieinPp76AGyK2nNLClVNgThNiZA9jpkQ==","mode":420,"size":660},"out/providers/filters/entry.d.ts":{"checkedAt":1768031010471,"integrity":"sha512-x8waTVwg1siPrw4CidHGo6gbCKtFwUyUahy8hsR1pt+lOHjMaS9QsIVrkkeiAMCzC/YQ3+IpZEm8Y4Cvo4p26Q==","mode":420,"size":681},"out/providers/transformers/entry.d.ts":{"checkedAt":1768031010471,"integrity":"sha512-WS7Tbn72cS1le/JWj9+9HyCutHH89oKB3cGlzMEuzrdeZ3i1jkkpu6bh69XyGLU020I4BG+JnfMEwVrYFfJLog==","mode":420,"size":279},"out/utils/errno.d.ts":{"checkedAt":1768031010472,"integrity":"sha512-SeUG+iAHpglMRxpePgqJ/ty4XrK6zSy7+jkHO5JrXhaJcONQsVkUELtFGfeyaTSvqvQFh+AkiPJb3lx+L4DJNg==","mode":420,"size":118},"out/providers/filters/error.d.ts":{"checkedAt":1768031010472,"integrity":"sha512-rT3TrgjlQ41SNnp0Zwf/xqXJR21Mf0mfnENvfbKswMr+B57Up29WNCil9Up+cMKd0JHclFt6bb7QJATMySWF3w==","mode":420,"size":265},"out/utils/fs.d.ts":{"checkedAt":1768031010472,"integrity":"sha512-b2KcEZ/r0rYO47wvHkEBMu8nDZuApDTJsDI345cB/CvG3vFkBDbQt7RAQYg/esskoYGNVL9WjrqYFtVPXKoC1Q==","mode":420,"size":186},"out/index.d.ts":{"checkedAt":1768031010473,"integrity":"sha512-6a/ifpa8ZEmpE9DUrYDuKoGlwAEZCsAN8o5D/JU84pFYdy3lzBmSYD29kqJjFrsfeCUaxX/PMmWzP2WQPj3e1w==","mode":420,"size":2176},"out/types/index.d.ts":{"checkedAt":1768031010473,"integrity":"sha512-iIqdQP4sJLyqWDUQbHZ+M+2kOt23iyVwcQr1pKNlmOy0bseWuyo2WhnyQPJHyd9TU/Itou4QrzCsVt7y6OYkqw==","mode":420,"size":1100},"out/utils/index.d.ts":{"checkedAt":1768031010473,"integrity":"sha512-RMmuQxQtKImqhLhuq0vHa8FTN9G7vCB+2gP519rYLzMRfpMvtsBhRrpOx7z7ru62aRXdXBr+aWTCxz748tWupA==","mode":420,"size":298},"out/providers/matchers/matcher.d.ts":{"checkedAt":1768031010473,"integrity":"sha512-Xzpavb5Lc4HdzCohha9CYjO8vk2xCctjtZGpOTEhmNIKje9uWCzwzJ0Z0i3jj+OVNEc9c4cqBmWdE5GqDhl0Rg==","mode":420,"size":1045},"out/providers/matchers/partial.d.ts":{"checkedAt":1768031010474,"integrity":"sha512-YTpWe0FzCzBmNUJQ+Bobh4dcHMVnMz4tfv2kslPgUzDvRXfoZDGm/k07Vm824efrmuk0RcSbatJlf7fuX3rnhA==","mode":420,"size":127},"out/utils/path.d.ts":{"checkedAt":1768031010474,"integrity":"sha512-rxhPKWadgMG+rTIp+oVn6dCW2covReV24qcqQheehmRE1sT3GIV1n8rlQ9xs21R/Uxjb34wlouOvmiQdFlFPVg==","mode":420,"size":739},"out/utils/pattern.d.ts":{"checkedAt":1768031010474,"integrity":"sha512-8wbx2YE8R20jxi5BR1jLM79STdH+COMXIY+QOv1cu4B+A+QJeBTwfrYXebB97NfuN555N+2oPHD/vLFSfRhZhg==","mode":420,"size":2766},"out/providers/provider.d.ts":{"checkedAt":1768031010474,"integrity":"sha512-JSBpAI4a3d+VNiBb99Bd4LTE+zfqnMa2dGwzPzoHjiYX656fjUX3NuAUOkgnR8D4FB6kfUIfkDVRdrtV8ruhOg==","mode":420,"size":817},"out/readers/reader.d.ts":{"checkedAt":1768031010475,"integrity":"sha512-ZsDq6ylWwDtpl+xJs+iuJBC0pwXC75rm3D7Vc442mRzAaqUMSDP9sz4Fydf+6iPOZBNUZ9zriDFJifECZhJ0pQ==","mode":420,"size":714},"out/settings.d.ts":{"checkedAt":1768031010475,"integrity":"sha512-zo1Ql7/0Dl3GkaVVuJteQyDNlad9MWJYrVnmXbn0kPTF70aFp1HntQlDV0DBBYiaRzE+yp3aV2c+8fdq9e/m/A==","mode":420,"size":4127},"out/providers/stream.d.ts":{"checkedAt":1768031010475,"integrity":"sha512-Xiws86PcY7L7Pc4mLOXE5GPessJ69mLxZ4R6PZhGxiRSQu76m2LPkCTcrcmtupSf4/DSny2/CjorRQrIzOstrA==","mode":420,"size":436},"out/readers/stream.d.ts":{"checkedAt":1768031010476,"integrity":"sha512-3LCWWFuuofzwppCusKqTlQ3A49MjCg6+c6u0eVCcEbBa36U6DoZQDrKbpu7fPfy2TbGRDjnuf3fw2RFF3kCaNw==","mode":420,"size":566},"out/utils/stream.d.ts":{"checkedAt":1768031010476,"integrity":"sha512-pXne9TtgdcRzw+FGLg7YMQBFZ0hYojthAUcNk8f3LnkReTNg67K2tBlUCfZlEvZEd29rkxv67j6mHldE1dNMOg==","mode":420,"size":172},"out/utils/string.d.ts":{"checkedAt":1768031010476,"integrity":"sha512-IgDN3FHUhChT2mez4ocFRfgLTGRuEYqxu4WWiOqtnFV4jgcdW9L6ZTjJj2WhCEOYhJL2Rj/OcysyDcKW9HIuvQ==","mode":420,"size":124},"out/providers/sync.d.ts":{"checkedAt":1768031010476,"integrity":"sha512-lCND4Wu6JSMbUnSFyUkWGv+Bih/QqCNqzbant2zbo4vXZ8uioRn9yNKtSCt+SpjEHmjdE+jhHS1C05EdV9vTHA==","mode":420,"size":385},"out/readers/sync.d.ts":{"checkedAt":1768031010477,"integrity":"sha512-phI2KFNu9WW7O1o7KLGU9hetXcPf3uevYkmMT3rmMqbMptjE56UXgSEtgVDaZOw94USE+tKDG6pPV+Cy9+wrYg==","mode":420,"size":506},"out/managers/tasks.d.ts":{"checkedAt":1768031010477,"integrity":"sha512-BlxgofxIZUrtwO2ZGVGHhrcihErqsUuXj6ifv+NcZjtGn3ABfVIdtLkOCHnNilXQvHawA6t0XPpnkMIAW+ercw==","mode":420,"size":1222}}}