{"name":"pathe","version":"2.0.3","requiresBuild":false,"files":{"LICENSE":{"checkedAt":1768031011133,"integrity":"sha512-w3WwYi2zRZlZIma5tiUr/HeLiw+bx+ZWijL7kfts0W2AvJ7ra0n7soe5mkogo3jV4KZMTEhqvMTWdMrLBvp0ug==","mode":420,"size":3355},"dist/index.cjs":{"checkedAt":1768031011133,"integrity":"sha512-O2+MlHlAJ91sNFAfMjAuyHUA9ISM1F2u1lW3335chErDYGlsEVH02T/MywI27a9ru2a+ACnnB3UYTkYibFKdVQ==","mode":420,"size":1249},"dist/shared/pathe.BSlhyZSM.cjs":{"checkedAt":1768031011133,"integrity":"sha512-Z/XEA2joAyZlBoMJZqFCEPxDpM1+ewVvZwKSdfklXFuLwiPQrmqB2LyCnOqskVnto4DfNQIiBVbPTckjdk5zdg==","mode":420,"size":13027},"dist/utils.cjs":{"checkedAt":1768031011134,"integrity":"sha512-dC3I+oGVsKMrPDD+LU0JDMWHsNGRODzRIj/OTiCwBl8NE2lOm/v9tv8dzbhHMN3zZorqFcsSkz7tbNNRFuHK6Q==","mode":420,"size":2521},"dist/index.d.cts":{"checkedAt":1768031011135,"integrity":"sha512-UW1n+AJc5Oo6hGWIOG7bkzbQwjsZAQOxkmixAa3ehwhSYeHMEAf3GnARpJm9i3UxwCWRpdV+XDvKz+T2908ggw==","mode":420,"size":1901},"dist/utils.d.cts":{"checkedAt":1768031011135,"integrity":"sha512-0wf8IxJwFrbKJSkURMsIz0fAQQ+llt53cBYEFEON4a0OveIUofhNfDZraNXLH7FXwyfOJnQw7ZAW67/G92gdYg==","mode":420,"size":1599},"package.json":{"checkedAt":1768031011135,"integrity":"sha512-fWrSQYb6jWsX25WUcL4jnflsPGPHsdjArxLmcxTakAMWRrHBYhjDBGgsYh/elW6SRb7wN9iiJQzHx/r2M7GJUQ==","mode":420,"size":1534},"README.md":{"checkedAt":1768031011135,"integrity":"sha512-94gLf+K6pDuTpWaqTPe4Ziurt6jkSjFTf01rnSX9jIgIx9H4JfzAZhD7RsPwYTV1a5WMmJ1an442XgMsx0nWbA==","mode":420,"size":3048},"dist/index.mjs":{"checkedAt":1768031011136,"integrity":"sha512-ucFdkkQ0kO0oFxnWFa4+K17pA3EFHKI3wUcCg6C7w56mUjG3j47Ag/N6+P55IoNgOi30kh8dsxbNofeRsNP6bA==","mode":420,"size":876},"dist/shared/pathe.M-eThtNZ.mjs":{"checkedAt":1768031011136,"integrity":"sha512-/vFbJ5W/l9vQ3wY/km99QPAdnsATNdSuwso2+mYSpjeiUp0BSRJKghCKj8gDmG3aLPREs+Ev/ErotaXexoeVMQ==","mode":420,"size":12786},"dist/utils.mjs":{"checkedAt":1768031011136,"integrity":"sha512-J+ci/s+MdcPeuYhGyzocbPJq1rlE2XNFlizP7IowFV3FM9LP+M6lnlktwwy9yhaR32uSVTD8TNnCR2FSG6YS7A==","mode":420,"size":2406},"dist/index.d.mts":{"checkedAt":1768031011135,"integrity":"sha512-UW1n+AJc5Oo6hGWIOG7bkzbQwjsZAQOxkmixAa3ehwhSYeHMEAf3GnARpJm9i3UxwCWRpdV+XDvKz+T2908ggw==","mode":420,"size":1901},"dist/utils.d.mts":{"checkedAt":1768031011135,"integrity":"sha512-0wf8IxJwFrbKJSkURMsIz0fAQQ+llt53cBYEFEON4a0OveIUofhNfDZraNXLH7FXwyfOJnQw7ZAW67/G92gdYg==","mode":420,"size":1599},"dist/index.d.ts":{"checkedAt":1768031011135,"integrity":"sha512-UW1n+AJc5Oo6hGWIOG7bkzbQwjsZAQOxkmixAa3ehwhSYeHMEAf3GnARpJm9i3UxwCWRpdV+XDvKz+T2908ggw==","mode":420,"size":1901},"dist/utils.d.ts":{"checkedAt":1768031011135,"integrity":"sha512-0wf8IxJwFrbKJSkURMsIz0fAQQ+llt53cBYEFEON4a0OveIUofhNfDZraNXLH7FXwyfOJnQw7ZAW67/G92gdYg==","mode":420,"size":1599},"utils.d.ts":{"checkedAt":1768031011137,"integrity":"sha512-toN6jPdQMqmUvVSJSwb3SbLcG1ePnJ/YiBssOZhb1qXcJSk77xUyo6QDEwOu85Y41+iiXDDfQLyn2k8+auIN0A==","mode":420,"size":30}}}