{"name":"prism-svelte","version":"0.4.7","requiresBuild":false,"files":{".editorconfig":{"checkedAt":1768031008661,"integrity":"sha512-GdPHEu3GA/ncsmqPeKTV2WyTjWIwxcfqEr+aKz0nD1gk3rg1MXirMcQkdSGN8vs2kgFWATnI4swXTMcIF5ccig==","mode":420,"size":281},"index.js":{"checkedAt":1768031008661,"integrity":"sha512-iMj0KdchkEQTWsQ+4a24BqlYID2SQU9OAjvlhObWoTUDx35FO0bWWhA4Syx2qaMoHoDU4yr6wBHU6WfFhSvZwQ==","mode":420,"size":3455},".eslintrc.json":{"checkedAt":1768031008662,"integrity":"sha512-FPaAbO34cB3IV9y0mhwOF5fsYOe0orvwOj6ct3wQWXcM9A4XPl+syXppKKL9fCjcXaz5qCBXAJkx+MnkTtjo2w==","mode":420,"size":1013},"package.json":{"checkedAt":1768031008662,"integrity":"sha512-H5T42cqz2+xKfVacTvMauVD3vqM2N8MXx/7yHJob+uVxlkai6QATj7nW84TrQ1zERcSiTuWfpls0K3k+V4Y2Wg==","mode":420,"size":605},"README.md":{"checkedAt":1768031008662,"integrity":"sha512-eW8Ayg1+riKMlSG5vQNX8qBAkoL2AwCp4UF8mTaDu+ME7KOLTfDOKEBOlTrlbJmINx9gWHbka1oMFY31/PJGvQ==","mode":420,"size":668},".prettierrc.yaml":{"checkedAt":1768031008662,"integrity":"sha512-XOo/+NcmdpZeKb7+aly7kb/rif2BLW+eTFCWt4oFJZ+hn21C6PCbZRStfk1Z/93OepgJpFjZnz7r0SnqWwDcpg==","mode":420,"size":53}}}