{"name":"@eslint/core","version":"0.17.0","requiresBuild":false,"files":{"LICENSE":{"checkedAt":1768031072669,"integrity":"sha512-3Gto0TuM+VlkS5NfEZKwLHGqelz2U71DtEgPqJ7sjU0/FqInjsjDtAqx/bIzsxc6eP2DWQ1vc54Mno/1bCglVw==","mode":420,"size":11357},"dist/cjs/types.d.cts":{"checkedAt":1768031072670,"integrity":"sha512-svx2+7SjhqiJ1gvxe8qGK9ARbMS/jwd/2pyOk6p3u9li5N2Mpl2Q5U8Ng3NAWafMp3ZOVCUYue1etaXWHqSTkg==","mode":420,"size":38238},"package.json":{"checkedAt":1768031072670,"integrity":"sha512-4Ge81KQV5wbK0baSCH91iKiYf+NPP8RzVZjMmjWZTj2F6rW9sqHDRpzU9kLjYk+GI8IO2nJjatWNLJ83WbCbEw==","mode":420,"size":1190},"README.md":{"checkedAt":1768031072671,"integrity":"sha512-/qn/2gFJMoWz559OwjjB3Uvx6fD1UQOkd0mH6GGD2fzdH7FqYJ/+QLemMdYN0fCpPX4yJ6gR8uT6LAxBa2cUJg==","mode":420,"size":3831},"dist/esm/types.d.ts":{"checkedAt":1768031072670,"integrity":"sha512-svx2+7SjhqiJ1gvxe8qGK9ARbMS/jwd/2pyOk6p3u9li5N2Mpl2Q5U8Ng3NAWafMp3ZOVCUYue1etaXWHqSTkg==","mode":420,"size":38238}}}