{"name":"@typescript-eslint/utils","version":"8.52.0","requiresBuild":false,"files":{"LICENSE":{"checkedAt":1768031075511,"integrity":"sha512-t0z/UCQ+RY4AylIo7v6ZCtzCdS9pMnC0+yB0VQa2A+1S+oV4noJtM9o2SOJfDVq7GqTVK4GsuGR2QO4Nb/K7kw==","mode":420,"size":1097},"dist/eslint-utils/applyDefault.js":{"checkedAt":1768031075512,"integrity":"sha512-QVf2NCHwcbVJUJDm9AhvI/jAeku3n6M4cOSluS24T5/sm3qKQt8IvDeLAVeT8vPOgswtMuFbjbKjdLzzs4D1CA==","mode":420,"size":1224},"dist/ts-eslint/AST.js":{"checkedAt":1768031075513,"integrity":"sha512-Ycpfg9qO9P6ZwVttA2zyjS8+VLpIcQZtmGhxe6Xn1eYTegy+hTUPDFwPCR38w2osQP/tiq8Zs4Pz4uORS75ffg==","mode":420,"size":152},"dist/ast-utils/eslint-utils/astUtilities.js":{"checkedAt":1768031075514,"integrity":"sha512-JkjaC5N9trsorz7sHQ7bq4VLv5jyMZm4mGDrXn4+QcwjzR7ZkSwMhT+uNsCU8S29OQkJrP0jyo+LuoZdhlnv5Q==","mode":420,"size":4906},"dist/ts-eslint/Config.js":{"checkedAt":1768031075516,"integrity":"sha512-CuvvTUtovZ2F407o98exUGVqIUDT9l/BRMD93QkERNqq/89+ZWgHmWGsAYaKBzTSbcVngZz7UdF/3VTINt86qQ==","mode":420,"size":184},"dist/eslint-utils/deepMerge.js":{"checkedAt":1768031075517,"integrity":"sha512-ovUoi+n9/6MHVj9J4pOzQLQICliBEqWO0nJ5HDlyQgGbwseg7iOC6HGf+3kFC7wRgC32t1ODo3bRYCUMJGcryw==","mode":420,"size":1561},"dist/ts-eslint/ESLint.js":{"checkedAt":1768031075518,"integrity":"sha512-ZN6aV/RRHCwo5k4b+MiFnld0uFRvlt6/NmT1VkPJZ6cmIHUyyUnqI8PNBuW8P10Fyomfo65ccb/Vd1KCXVru8g==","mode":420,"size":767},"dist/ts-eslint/eslint/ESLintShared.js":{"checkedAt":1768031075518,"integrity":"sha512-f2XGQDoj2T+xSOglmwEtZVKrO/8Xj0p9ap2c7A9gQp/BiZ45tLyozAivx12afHv9sT/DcspjyF6yKwNV601gAA==","mode":420,"size":77},"dist/ts-eslint/eslint/FlatESLint.js":{"checkedAt":1768031075519,"integrity":"sha512-FapPfss+ZJJdKi8FmluSvToO49FfPhI2QFYdIFWtJjMxxOXruHbhoiBcHuofNEqVWxj5yTL7cgdaWQeXjgGZNA==","mode":420,"size":583},"dist/eslint-utils/getParserServices.js":{"checkedAt":1768031075519,"integrity":"sha512-ZqZWkxFeMHTnw0Op3b0B8qp5W1GZvVPJfk2fKPn0JT2BX1beRucsyyeMZS9oNkaMC+zGVo+uYxG/gGy4GfYXJA==","mode":420,"size":2320},"dist/ast-utils/helpers.js":{"checkedAt":1768031075520,"integrity":"sha512-xfwN6r9Xe3JnC/y7ZwfbK55+mkJpJZyUDdS7kOWvD2yrYHS2XVC7R4vpd23N8EFKjYDtZ0R0/T+Wl4sWbvWfyg==","mode":420,"size":1291},"dist/ast-utils/eslint-utils/index.js":{"checkedAt":1768031075521,"integrity":"sha512-dCDlY5Af/r3733OpwPZFu774DDs7hYYE14z0M9D75fP4A/1ZoDY4O/mOeaflv4TdutY+Aqaz+HkIz9gHU8JxeQ==","mode":420,"size":1012},"dist/ast-utils/index.js":{"checkedAt":1768031075522,"integrity":"sha512-2i5DdShmD+NHziBZZs3GjCOUyeRXMe1vqQo5rETDKUkFUim49YHu46Qk6B0WOIaIYJxBNdwX1nYSMvsdQYFJZQ==","mode":420,"size":942},"dist/eslint-utils/index.js":{"checkedAt":1768031075522,"integrity":"sha512-RJaiBlvC/HcnMBGjTb8OIJUj892qMIJn3c3Kb+OLkwxMwh5DrztykIUQjuct42lyi74fq23kgrniMUyJDf+UsA==","mode":420,"size":1062},"dist/index.js":{"checkedAt":1768031075524,"integrity":"sha512-ExHKkdb3AuDqm7Sd2FzUCg4G886yG6NalbWlgmbDHsEtyMDl1TGPVskjjGGe7xEtEDAW5FyQev1Rii7mOcWCXg==","mode":420,"size":2086},"dist/ts-eslint/index.js":{"checkedAt":1768031075525,"integrity":"sha512-tFyT9SoDP9/aQI/e7NBvbStaQB27cv93QRP4hU/XZCE624heheqICiJAAuoeJYogeEF/+AkFpv+ewquEC9cp9Q==","mode":420,"size":1253},"dist/ts-utils/index.js":{"checkedAt":1768031075525,"integrity":"sha512-i5BqWMI6OCZH7SttlUJsgyjwp2UjxZBt75drG/HDn5HaGSba1bJ5RncnHiQNay+f5qGiqPcyA8H79qLbnPEp7w==","mode":420,"size":847},"dist/eslint-utils/InferTypesFromRule.js":{"checkedAt":1768031075526,"integrity":"sha512-f2XGQDoj2T+xSOglmwEtZVKrO/8Xj0p9ap2c7A9gQp/BiZ45tLyozAivx12afHv9sT/DcspjyF6yKwNV601gAA==","mode":420,"size":77},"dist/ts-utils/isArray.js":{"checkedAt":1768031075526,"integrity":"sha512-WHgzvPAJsu1NB+pslxH81eHD5UbClVLMpBvsDzbKXIfqyE4afDGx0cQoyzqkx79uxNeoPq+M1JnfHA3RI4Da6w==","mode":420,"size":217},"dist/json-schema.js":{"checkedAt":1768031075526,"integrity":"sha512-oiqDc7jBBn2hslbNTU7TzSRelUV33PLogchiwhvpyLRki1Oag3T0P5Ysedwg1LmvYnFIwZ8X8B5ZdjKSS3w9XA==","mode":420,"size":356},"dist/ts-eslint/eslint/LegacyESLint.js":{"checkedAt":1768031075527,"integrity":"sha512-M6TehEEjqcxDGHLffFcTw5RDqv68a1ktEB56mhOXeUzzpK+i1G+8ifV3gAeh8N/7otloM6+SOOFx+OBYl/+MDw==","mode":420,"size":593},"dist/ts-eslint/Linter.js":{"checkedAt":1768031075527,"integrity":"sha512-5AZZxwkL/Dz9gjKVEip5vzXesYBSqMhjcaRsikm3ArdWgiD+3fX59gBSnUlj66JjfiWF7CcMF1RDQx5uatCv8A==","mode":420,"size":530},"dist/ast-utils/misc.js":{"checkedAt":1768031075527,"integrity":"sha512-p6Ci2VwMKQPUn/V7m+rH8EKspNqw7p+yQLg4XM0enyoPmmI5kpX9XQVhjEBURAKoKxlBcch73BG63Qyphm7UpA==","mode":420,"size":385},"dist/ts-utils/NoInfer.js":{"checkedAt":1768031075528,"integrity":"sha512-f2XGQDoj2T+xSOglmwEtZVKrO/8Xj0p9ap2c7A9gQp/BiZ45tLyozAivx12afHv9sT/DcspjyF6yKwNV601gAA==","mode":420,"size":77},"dist/eslint-utils/nullThrows.js":{"checkedAt":1768031075528,"integrity":"sha512-nUW51RByrfyqQeRIdB/TObeGilvBw8It8wUTdE/tK5ZDyzfeyzajVb+opyIRrodwVvLk87OyOmpkCRK2KXfXbg==","mode":420,"size":668},"dist/ts-eslint/Parser.js":{"checkedAt":1768031075529,"integrity":"sha512-t4TSPUUC0FC/4ygePjUl/opVFKhVCyhFt8lIQI/ADRgDqRdlRN2fMC2p+YNonSeThgeY3jSrDxLdACVZPOWQDg==","mode":420,"size":130},"dist/ts-eslint/ParserOptions.js":{"checkedAt":1768031075529,"integrity":"sha512-f2XGQDoj2T+xSOglmwEtZVKrO/8Xj0p9ap2c7A9gQp/BiZ45tLyozAivx12afHv9sT/DcspjyF6yKwNV601gAA==","mode":420,"size":77},"dist/eslint-utils/parserSeemsToBeTSESLint.js":{"checkedAt":1768031075529,"integrity":"sha512-ZtALAOWtkHyqbbx6mgdzoaNBdrRvJXhTodsB9glRyJ6wj5Aab3z+CMB77hZi8kkiU+bvHgYRtx7YxcyZH2qIMg==","mode":420,"size":261},"dist/ast-utils/eslint-utils/PatternMatcher.js":{"checkedAt":1768031075530,"integrity":"sha512-CDSBtLRWakyaIyA5xgQDd0fYhDH6mQYsngIkQUN8Zt92E2Xf6X2/QUNAgUR6EKT20tBHWmQcz4NG8sE4wA7Wmg==","mode":420,"size":1844},"dist/ast-utils/eslint-utils/predicates.js":{"checkedAt":1768031075531,"integrity":"sha512-AijSKPd2wzpq3W7W5fPmzmOZW2AAxnt4+R20QkqXzRkMHE9f+nN7SpleTzcD6lsrpns3e9LPMGKnXBoaynolPw==","mode":420,"size":3516},"dist/ast-utils/predicates.js":{"checkedAt":1768031075531,"integrity":"sha512-Mt7uKXcVDfdjgoc4DqHRs8f4CIjMc4FbY+PZUYz31jU8jhE9BSk4KLgcMxTuptL//TzxzGtxYEQuZ06iRuxL9w==","mode":420,"size":5642},"dist/ts-eslint/Processor.js":{"checkedAt":1768031075532,"integrity":"sha512-t4TSPUUC0FC/4ygePjUl/opVFKhVCyhFt8lIQI/ADRgDqRdlRN2fMC2p+YNonSeThgeY3jSrDxLdACVZPOWQDg==","mode":420,"size":130},"dist/ast-utils/eslint-utils/ReferenceTracker.js":{"checkedAt":1768031075533,"integrity":"sha512-4YNRoOv01MlY0om9tk8GgSxahfEgy3sSuN+eRafv2lSQgjKSqkBZJYEyCs6S9C5yEhq9pfMv/yIjTxTHDB+ykw==","mode":420,"size":2161},"dist/ts-eslint/Rule.js":{"checkedAt":1768031075533,"integrity":"sha512-f2XGQDoj2T+xSOglmwEtZVKrO/8Xj0p9ap2c7A9gQp/BiZ45tLyozAivx12afHv9sT/DcspjyF6yKwNV601gAA==","mode":420,"size":77},"dist/eslint-utils/RuleCreator.js":{"checkedAt":1768031075534,"integrity":"sha512-YzcXozPEsAVKXzEqxdQAFhJwgbY0mzUq3VD7UU9RRYfQwE9LOwQLFog3qKvE3p7aZlxyC6OjoFky1I3rR0M02g==","mode":420,"size":1656},"dist/ts-eslint/RuleTester.js":{"checkedAt":1768031075535,"integrity":"sha512-UddmFN9YushgP9PyI7HvyoXBQB8mWyjd8jxODA9hu/DN7DBpsBl8E1juWugOFO06LFyQglQLzahu7lawLIsW3w==","mode":420,"size":347},"dist/ts-eslint/Scope.js":{"checkedAt":1768031075535,"integrity":"sha512-1LNpTDNunEAuBUny57XrvQrYWEmtNv32QYa+tTFU08kw6zQD2PQlyUMoc3HSaWPIZEbN0EEhFlAq04OFDzegrQ==","mode":420,"size":1769},"dist/ast-utils/eslint-utils/scopeAnalysis.js":{"checkedAt":1768031075536,"integrity":"sha512-3cPC2x0uzdYrZrXBcl04NDIjUdzewy96XnYVmHE8rcxlP+ND+A73bntCdsvRZ4PsmLMsI9lGLoEFNdF4+ClSUA==","mode":420,"size":2139},"dist/ts-eslint/SourceCode.js":{"checkedAt":1768031075536,"integrity":"sha512-93BEY0BWyDYdlZyR4rGs8dBu2Sv0rq/loNAESpA99Q6Ta9wAJtAIEFiDeOKnRr/XP+K/NpCTlJfH8fDSIiENoA==","mode":420,"size":299},"dist/ts-estree.js":{"checkedAt":1768031075536,"integrity":"sha512-xf6Ot319gMVKVfL0M/xcKFHG5rN9F7xAaK7MF4I6kNuVFwBVFwX1/RgpJqm2Kdo6E/B4tn3bYGM2Y1HKUrf6FA==","mode":420,"size":711},"package.json":{"checkedAt":1768031075537,"integrity":"sha512-o81BA1kDKjldvZm4pmzktl+8MKGFSocPDa+Ls2SA8HxvK8hY5lgZH79NDXTXu0ZUoYUFqbxVBvTa4JXxjLux3w==","mode":420,"size":2585},"README.md":{"checkedAt":1768031075537,"integrity":"sha512-6ZDjpJC7w6fTVloeqMy7mB654w4nlWDikBOb9jrlq+FDQ64w0u4VHInm2nMnTShgQZobA22839xxiOhrIkWd0A==","mode":420,"size":700},"dist/eslint-utils/applyDefault.d.ts":{"checkedAt":1768031075537,"integrity":"sha512-ulmT+mGkV5YGGp5tWiY5RFnMf2jOoKOYy8CYwIGXs2UmScja3K37N2hoZ6ZQs7RezY8rb4rSA/6QoyQEwOiszw==","mode":420,"size":425},"dist/ts-eslint/AST.d.ts":{"checkedAt":1768031075538,"integrity":"sha512-5Qj1/Zmw9YQ7fOwGcWDlDqsLLSTAxbV6NeuadtWo+6Sy+7AcIB2ANPZm6O57SJi7niGsrj28mUMWRQsDZs8nyQ==","mode":420,"size":265},"dist/ast-utils/eslint-utils/astUtilities.d.ts":{"checkedAt":1768031075538,"integrity":"sha512-PwZtd7AjwhvGPGrVvhjROIgInWozkQTzgD2jU4R5lHm2EZ0IhijuJnNe2ARnzZNs/a61J3N0fWVsvXgfykqiOw==","mode":420,"size":4649},"dist/ts-eslint/Config.d.ts":{"checkedAt":1768031075538,"integrity":"sha512-wDLeKhGsWPzXJ6sWhCllcQUTs3RXYprRrKL0OSvHa/glNArOmox4fJYnhrSFSi7K85tLXFiaBhL/LHf/4aK1cQ==","mode":420,"size":11495},"dist/eslint-utils/deepMerge.d.ts":{"checkedAt":1768031075559,"integrity":"sha512-NkvJfPFxwcS4KGFf6asP25+y1izwIrQ0vMkHEtF4SbTaaeHxTvePFDUHp68VphHiTdAh1xbXWal+qwTb861x/g==","mode":420,"size":608},"dist/ts-eslint/ESLint.d.ts":{"checkedAt":1768031075560,"integrity":"sha512-gdq/qll84j9wO3FQMakj8A6j+7Z/iC1O3WJG35VzAJSIgDWjBJkQQelDx98vnSqZ8js6gR/ZbQMOPl4xf/VLmA==","mode":420,"size":210},"dist/ts-eslint/eslint/ESLintShared.d.ts":{"checkedAt":1768031075561,"integrity":"sha512-oGTXGjyt04xMSd6bzr5/Sj922aM3cG79O6yB0l8sALQkoaxZn1YjK6exQ76kWnU6ygEkydqN/gWpo9gpcV5nMw==","mode":420,"size":14691},"dist/ts-eslint/eslint/FlatESLint.d.ts":{"checkedAt":1768031075562,"integrity":"sha512-87lCXod9Ey4JuHwab2D2n/I6615ECunXAmi3R4mItzWGS80EfNhxrmGGjouIaISFP2vI8bhRW6kAib9LYkuUaA==","mode":420,"size":3787},"dist/eslint-utils/getParserServices.d.ts":{"checkedAt":1768031075563,"integrity":"sha512-6B7eKzo1N3veVteGVEI6L4ZBkdl5Ws6TltgI/ZvB+lwy8tg6a7hglblexASauG2jbhAWZ2S9IPtoT6YnvV/FOg==","mode":420,"size":1561},"dist/ast-utils/helpers.d.ts":{"checkedAt":1768031075564,"integrity":"sha512-c5hHaY4opAXXLGvec4YBgZ8Hu1sQXeobMIyWFZfwIR4P8k/JGAsa6sdNDbEBsRTfBj5cfwzqVlVsMrXDty4CuQ==","mode":420,"size":1548},"dist/ast-utils/eslint-utils/index.d.ts":{"checkedAt":1768031075564,"integrity":"sha512-6tHCOf57uA+cgIeltYlh5wjThpbxEhmGN5ZitNo40iUeQjuGylQH9sYa66IF7N/rZS8HEDuonoVK60l3ZT0ZeQ==","mode":420,"size":165},"dist/ast-utils/index.d.ts":{"checkedAt":1768031075564,"integrity":"sha512-f3sg4cNdAGRoVjEr2EdOvxxYSDx1aCgT5940ztg9SOEfrlSVVNAR8HNrXJAUtOy27UxX6v6W4c4619uUivtCQQ==","mode":420,"size":113},"dist/eslint-utils/index.d.ts":{"checkedAt":1768031075565,"integrity":"sha512-OgR+TdtcNMBjHZJgpjeb5B1z4Mqpypt7f8v7GEBz6RrJ0q7Uu/Su7OK02dzAAHHhN3x4jbY1tVVL43mp1+mGJg==","mode":420,"size":197},"dist/index.d.ts":{"checkedAt":1768031075565,"integrity":"sha512-+sVothUk0JnpqBJKn36SP69NKU6sJB/y3VPsrAaUa9mxo6EIlf99YAfbincIwueQmeNBnsFdrZ4VXC1On3CsVw==","mode":420,"size":242},"dist/ts-eslint/index.d.ts":{"checkedAt":1768031075566,"integrity":"sha512-USJ07kektU4P0A/26xIk7HuZ9wMuEe3hE059pyd36oWG0VzVtY7eomB7H+6LbJ+e5W4foB2T97llREvvLWkKBw==","mode":420,"size":298},"dist/ts-utils/index.d.ts":{"checkedAt":1768031075567,"integrity":"sha512-mv3CrfjPMLsX2pvIpBRavssGvzB8KjvcV0SsgQltb23O1vIMj3mOKykaB2BPdl7nV/z8Ya0noddJBPmlMSga/g==","mode":420,"size":54},"dist/eslint-utils/InferTypesFromRule.d.ts":{"checkedAt":1768031075568,"integrity":"sha512-6TTss61JBT5E4i/CLqVgQJOtjQYRZ2GAC08lcBV0vQzVqbWmvAU0tD14Wvy1x1SBhYyHtEulGzgJ67VByjLaDA==","mode":420,"size":634},"dist/ts-utils/isArray.d.ts":{"checkedAt":1768031075569,"integrity":"sha512-b9Clhv+YRPoa/YudCbUX0j9yYYsKHTYZGibfpPbMKJT14cYMXR+sNycFnsmoKaKbZsC36DDPJ15t8ScCchYu8A==","mode":420,"size":74},"dist/json-schema.d.ts":{"checkedAt":1768031075571,"integrity":"sha512-xD4T7owwxhR9k2UIIoexeoZ7xX3T67mIbosvUCNGAzEnX6mGHBf1vqsEpyK5Kd03d5druNImFj6i9gbcQLRYPA==","mode":420,"size":16185},"dist/ts-eslint/eslint/LegacyESLint.d.ts":{"checkedAt":1768031075573,"integrity":"sha512-YQbmT+MBxcjoSJGw6hJ0jgCxQUkSrqZvau4aFgyGdTLq+I8Cms9YZ+Ct577X56OBJ/jNIpJ/Ug3zc9rxbXI4yw==","mode":420,"size":3529},"dist/ts-eslint/Linter.d.ts":{"checkedAt":1768031075575,"integrity":"sha512-QPd/nSwU4Wx63uIgeSPPnOUkjKD224wiWoSE0ZtHHaYbyh01Wl89fgpAj2tBW0n1xQvE6cB7UCPrM+sVKTZxsQ==","mode":420,"size":9747},"dist/ast-utils/misc.d.ts":{"checkedAt":1768031075577,"integrity":"sha512-j6JZehw2wiqb8uMoDPr5K6842OZllqSrJBjZknPSgcf5rTI3fuOWjGkoXSCqUlihh7meFT6AzcZ3V0QlD8LVLw==","mode":420,"size":294},"dist/ts-utils/NoInfer.d.ts":{"checkedAt":1768031075578,"integrity":"sha512-SEYZnNUCyhpDJClEnQXk3v0QqE/emQkD/3AjgbHzcqtGBz8FxCt/UF9LZ2xgnMvsFIMvoDdZz67cIB4WQotXeA==","mode":420,"size":381},"dist/eslint-utils/nullThrows.d.ts":{"checkedAt":1768031075579,"integrity":"sha512-WyZT44niCXly/r73hKheydspF11JArpad+Jcr9wp44Aj7aUEcSsOr16Yb20p8AgEeXuKb/QqItXsyLSLxaWNaw==","mode":420,"size":454},"dist/ts-eslint/Parser.d.ts":{"checkedAt":1768031075580,"integrity":"sha512-jAmxKlSR2rZ6z7uWnIq7mIE7LChS3ciwaC0KYaop6ARHA2V8mhp3tPf4k+nei93yuXtKPazf77pVyd0W+ATJHQ==","mode":420,"size":3198},"dist/ts-eslint/ParserOptions.d.ts":{"checkedAt":1768031075580,"integrity":"sha512-35+IICBbQhRFtU8H3EmzQ0NLHTUx3go5f1bDga84VQRL5aNLEcJt9jLfdSYPLd/oBpVyvI+o/LkV/dMfMxoFKA==","mode":420,"size":101},"dist/eslint-utils/parserSeemsToBeTSESLint.d.ts":{"checkedAt":1768031075581,"integrity":"sha512-AHjflRflwJzh6HJ2VUyXeOmG4Byn4lWrfyaHGytYLyWGazOzRO0Frg8l+tfdGpSmgqdel6uFQskhi1B3KUoC9g==","mode":420,"size":86},"dist/ast-utils/eslint-utils/PatternMatcher.d.ts":{"checkedAt":1768031075581,"integrity":"sha512-BaDqllBGaSlmXriiotxE+kk+bmTq/NcOrTxnKatOv03KF7+yQu51crcvqaWF51CLFKAq8kpbX3Md8b8qNz1jhA==","mode":420,"size":2133},"dist/ast-utils/eslint-utils/predicates.d.ts":{"checkedAt":1768031075582,"integrity":"sha512-iKtDMFKVsggpgmsKzRku1yD7WWCaQpEuwBohZu6US9imVBtOWYl+oziYPH30yflMn03+W2IbLV8QBKzH+v23cQ==","mode":420,"size":2530},"dist/ast-utils/predicates.d.ts":{"checkedAt":1768031075583,"integrity":"sha512-uF8Q5tPbnQueAZO8usLsR+xu9UrrImvhTzMRCudnNZb5oEoB8pt5lQAUgmHWPO/87NmJz4eLtriB+PYCNnDQYw==","mode":420,"size":6226},"dist/ts-eslint/Processor.d.ts":{"checkedAt":1768031075583,"integrity":"sha512-AEpjeCcN85z6UNBz55L6TtGoLlxGCJgikvFCfd2pKgBlyIWf3zinrVJJpm2Xzfdg20DefR/tKJjVTncCMXv60g==","mode":420,"size":2044},"dist/ast-utils/eslint-utils/ReferenceTracker.d.ts":{"checkedAt":1768031075584,"integrity":"sha512-hmYjXBqTZ+Q7sk9TQq7ZXfYgbD3jtApqfgbWWPJ0OyvgWfA+QDJc56nRSKmYOwOqXvn9FOpACIRBObQyREWUSw==","mode":420,"size":3488},"dist/ts-eslint/Rule.d.ts":{"checkedAt":1768031075584,"integrity":"sha512-nk3knOzU+AhjIVVH9m3rqpa581xkalOxAUfC3OHmzhf14yGmjsHavqfXFow+6b8i1iKt+no3VmtwOuZStzqLAQ==","mode":420,"size":27687},"dist/eslint-utils/RuleCreator.d.ts":{"checkedAt":1768031075585,"integrity":"sha512-JGIl2DmGm9fr5dHHHkM+2PvwHbfXSOIk7TY4/+V0YGexunbA4Yvj+RreycmAoLKeN+c2jmKJL6bwO/0NVVJIGg==","mode":420,"size":2234},"dist/ts-eslint/RuleTester.d.ts":{"checkedAt":1768031075585,"integrity":"sha512-AAIFrKG2CZxZOW64xJbqhbcCUmvM2LZnIQdheLqvHAuXV0IP61J0aj3wAix4WCRIcPajsjkc9UhYcoYfGbofmA==","mode":420,"size":6291},"dist/ts-eslint/Scope.d.ts":{"checkedAt":1768031075586,"integrity":"sha512-J6VzlK4cP7BLISzlquv+lbOYUhKwXWcGvVjd4H3OqFOF+fUf0lCt82JM043wVbgYVxRHQi4OFy9qmoB6OX4n9w==","mode":420,"size":2268},"dist/ast-utils/eslint-utils/scopeAnalysis.d.ts":{"checkedAt":1768031075586,"integrity":"sha512-5hIZbgrex/wMAQXBYGWAoNLgDjfwj5drzNZ14XKODE0EC/N8H3QyM1fMAw1VqT4bdFIIAoUBwCFCrERojNEVFA==","mode":420,"size":830},"dist/ts-eslint/SourceCode.d.ts":{"checkedAt":1768031075587,"integrity":"sha512-pla87LzW39HB9sx9p9YUlqPV+1MVgUCguuuW9qMPBLm7wVHbZFmtkPnpBbEsiyuoYUNEpWQ9BjPtkc35k2FBGw==","mode":420,"size":16723},"dist/ts-estree.d.ts":{"checkedAt":1768031075587,"integrity":"sha512-aBYzuidANBGJGvxdggJTGWl/AmQ9BcNYCgTvgFrmd0h4mPgL8wpETL4P7R1hMSQyAD2sGftK8q++QTNSFsgQWw==","mode":420,"size":301}}}