{"name":"micromatch","version":"4.0.8","requiresBuild":false,"files":{"LICENSE":{"checkedAt":1768031010689,"integrity":"sha512-cjkrzNiWTIjsiqPYFXRqK2pEZtnHyo9CjX0PPiuxFnTvSUyjNciyVe7lglwIene7RaXWACXzGLeKZOGb7M0jxw==","mode":493,"size":1091},"index.js":{"checkedAt":1768031010690,"integrity":"sha512-G58GdI6gDBISPG8PUDmOYXPD7uJVW5CR4YLZzmb7My8iih9LJNKlDa5Yfw8p29wpgop/ahnERT32bA33lyf1TQ==","mode":420,"size":13898},"package.json":{"checkedAt":1768031010690,"integrity":"sha512-HuvmphTVBhD9J2zIqqyBepqAwjCS2DdYN1474hwfzjvRF3pFGra2Zywbn9QtvQeLl6rTDDSpqAo8/ckFAU5IVA==","mode":420,"size":2648},"README.md":{"checkedAt":1768031010691,"integrity":"sha512-ouPIsSu8Vh+WT2pDeH043isALVjWfvjEZuHY1NAK9oglv9Npy9W+BjAsKkSL4w04cDAu3HUPnVSUKVEZ67cJmg==","mode":420,"size":38962}}}