{"name":"keyv","version":"4.5.4","requiresBuild":false,"files":{"README.md":{"checkedAt":1768031006716,"integrity":"sha512-jNxLTMM65O+5xHz004/wpKBNoECI0KFXfk6rId6HYIbFf+/n7BCzduICFG6Uic6cKo+3Cbt9h3XPOevLDLOxaw==","mode":420,"size":15631},"package.json":{"checkedAt":1768031006716,"integrity":"sha512-fwZdcrG4RRURmccY2k4o0fb/6zQ5OIFrrJ3hcRY0Hk0R8TVUvH/gs8C2iHRRQFBpcJDOM3z4LENjeWgr6c0Zsg==","mode":420,"size":1297},"src/index.d.ts":{"checkedAt":1768031006717,"integrity":"sha512-FXsJqBpz/oxiA2t7+PoivQCgpOmdupJxFPJohkkL7zufIwQN4v/MzT1wpYL7XQZKHcaRivDcOc0YRRMe0uYPYg==","mode":420,"size":4220},"src/index.js":{"checkedAt":1768031006718,"integrity":"sha512-KjpXDY0JGl3VKIMAugVQb/WcwYW/js/5n8TkSG34Wk3csesgQLFh0y8webrYDauUBGikZ0/NO8qL7lj/4AlnYA==","mode":420,"size":6603}}}