{"name":"kleur","version":"4.1.5","requiresBuild":false,"files":{"license":{"checkedAt":1768031007975,"integrity":"sha512-LbHCVS6fVjLVsjN/qfzzpl8E/Kyt6J7TssYbnq/1iV+QoD7PWt5zm3ZLSVE5kOnDFIX7fVVI4/VgkcyqYOGA1g==","mode":420,"size":1114},"colors.js":{"checkedAt":1768031007976,"integrity":"sha512-vZ7DgDp8nX71FYhTnmIsqkHD/c92kRTZjhZgzdqgfeAGf59iJa6c/6VWliw1730Ut4NrcBtVxNnQwp2K52l5SA==","mode":420,"size":1520},"index.js":{"checkedAt":1768031007977,"integrity":"sha512-oB0X95M/kIYXs7vvFZ1OStU+HMM3pDBhyfWWwqJszaH7JBbUzVx7sSCNm9ooEJMChERIs4widBSBZWXY+wIumg==","mode":420,"size":2745},"package.json":{"checkedAt":1768031007977,"integrity":"sha512-IgwNLUIeTu56/nb3uoOVAr5oNdjJL/LPQMgeu7Tc8WHMm/vcFQBRUe+CCo+RsQF/20VDu6FSMCd5sQPtQxRGdg==","mode":420,"size":990},"readme.md":{"checkedAt":1768031007978,"integrity":"sha512-GKXNRqt3aGzidEtxL8jk3quorxTmOtA0WquS72vyWlYnu1NIQ2YMrVjukwat4zzNMnsH0f/FAtWfnfzcVhT3wA==","mode":420,"size":7380},"colors.mjs":{"checkedAt":1768031007979,"integrity":"sha512-NrA9HuCw4zF9Y15FLPv/yU37XwpQcCH/pUhuZB3biHw3DtNoLFRT4rzbC8Jarc+IF1fFaJDQsNZXK96Qh3Ub+A==","mode":420,"size":1645},"index.mjs":{"checkedAt":1768031007979,"integrity":"sha512-Fk8uJoe0MuhP6RYHjDFAHp/V6Q8zrp1zKdOdYcsWHtHc6Z6MCpQzrgvm/AvwIuYlfkYyqLwj1ghBrMniQO2hBA==","mode":420,"size":2743},"colors.d.ts":{"checkedAt":1768031007980,"integrity":"sha512-d9Mbge6vwVEeAfLU4f3Iv+9lYreOS5C27woMduTDmPCIdlQ4461uOAodxt8goFRw1gvhoktEVL1vSCK7MyhN3g==","mode":420,"size":1300},"index.d.ts":{"checkedAt":1768031007981,"integrity":"sha512-vn/QXY5JN91pSGJf8S1fSC3TeCc2PsfZr/vER4sS/PszwB6vMKsC+jA+apX5NA7s3k5AITfFlxHu8QCKH4wBZQ==","mode":420,"size":813}}}