{"name":"type-check","version":"0.4.0","requiresBuild":false,"files":{"LICENSE":{"checkedAt":1768031006062,"integrity":"sha512-FkymZYtx329CmIaO3HdzaHZ6WrL5BZj/NGLWVaM6TuNvsbYcBnTjOd6Yzvi6lJfLVAW0oJGhl8mK9EKILopYDg==","mode":420,"size":1054},"lib/check.js":{"checkedAt":1768031006100,"integrity":"sha512-iyxeFLQldMix1BjaV7WoD94H0BhvItYyIPzhk4pMR4c8aoY2J8x2lXcN4umeivVIUfa6p3tlnYjebrMyArplFw==","mode":420,"size":3542},"lib/index.js":{"checkedAt":1768031006101,"integrity":"sha512-Us1BjXzyDBf2vpAFtpDW1tyHnePNAnqZsaEzWcE5wfE7Hbh6DM8Bn29gPXl6cFzsRx43HnLZAobfuNuwuAwr8A==","mode":420,"size":464},"lib/parse-type.js":{"checkedAt":1768031006101,"integrity":"sha512-FgoRTAJ+JPq8eAukyB5IwiwY2CJyWRZ0OlhSzjsOUDAwSZLBTOnIfm1zxOLDkDBruHXG9oAphHjg01GGIlQuFw==","mode":420,"size":5040},"package.json":{"checkedAt":1768031006101,"integrity":"sha512-GVN4eXiM+zO30FaHdQciniGY4KqEhQ6rydO6VTSDawEwTzFeNBNGSukatnuFhJcfiIDaPEvsyqeL/Zi+HNoXvw==","mode":420,"size":847},"README.md":{"checkedAt":1768031006102,"integrity":"sha512-bHNb0QgvyQQvkdzfzQ6ABZTwgOKfmS+77xmjZ1IHjAGM8YCRAZQwYvPtvX6guzzQkY1uPvib7vesmvYtSL6xNg==","mode":420,"size":10220}}}