{"name":"@iconify/utils","version":"3.1.0","requiresBuild":false,"files":{"lib/emoji/regex/base.js":{"checkedAt":1768031075221,"integrity":"sha512-wCsUmtauQLQpocLeqk4AD+eHbMdgSU+7LHmMgUBXgtVkIx/ULwDoh5lqDxxiETqn1wEbsfXBfnbprOxc6/ZniQ==","mode":420,"size":5430},"lib/customisations/bool.js":{"checkedAt":1768031075222,"integrity":"sha512-x2FyLTC+4afILNrQHowqQBIZ+g/0Wc5nSUWra+hcP2Y/vDkCoDEUPM49yebsAoOK020SqkhMim6WTumZPXdJzA==","mode":420,"size":421},"lib/svg/build.js":{"checkedAt":1768031075223,"integrity":"sha512-LU2CrHVFs6MRp/MTEnkvIlXrjR4mwQ3oXVvq4SPnJLNwaqF5KVUjmSFnxbuHeBegGtFYhibJm1t/uZhB0nHIzA==","mode":420,"size":3841},"lib/emoji/cleanup.js":{"checkedAt":1768031075224,"integrity":"sha512-bIM76xKUWbVORDlb0tedBSElcRx5KnwUf4m4c9fuNHIKKU4niANfZx5JI0VI8Gz9EE5aDi64mwiTA02yzGDa4Q==","mode":420,"size":2555},"lib/css/common.js":{"checkedAt":1768031075225,"integrity":"sha512-Dfjt5Jc6QYf2MDxxYfnfSA+ruF0pea8QD+JpVW0ezt2Rf3NZUJqdJyRmYpdHnkFDDvV0k0t7Q0FVR9yQ8u4y3Q==","mode":420,"size":2626},"lib/emoji/test/components.js":{"checkedAt":1768031075227,"integrity":"sha512-otDlAqI7VzGvcX4jTrnsMFhbgGryoVITBS6Hlg1w++voOC9IR7MUTyYSAFetkFXfEQ2b4qe5OvD9/mkutWww2A==","mode":420,"size":2260},"lib/icon-set/convert-info.js":{"checkedAt":1768031075227,"integrity":"sha512-ZzOYDw+SrO5mOltNdpgqK6X5c6elVy9cLBHTzFRjPYqETRXgacSXMPmO5walpiuHZSBTnxa3bPlGBns3njqXEA==","mode":420,"size":4142},"lib/emoji/convert.js":{"checkedAt":1768031075258,"integrity":"sha512-UXec8vHE5dMqj4/zMd/D/OwYHpwPJ4RLcodfzwAMQR3fX7zNkyyymFUOViwkzizdGbWzHPr7SoCDUlM0KcBHlA==","mode":420,"size":2656},"lib/emoji/regex/create.js":{"checkedAt":1768031075260,"integrity":"sha512-cwOqv4YomwJ8JThGnkU2yHZ82lVbuHcJ6FiP6GIpJNTr6TfuDn1pQM5uBlDBWb72v7x7L5ygm3nlVZ3pu4yJpQ==","mode":420,"size":1472},"lib/loader/custom.js":{"checkedAt":1768031075260,"integrity":"sha512-t1mOmtgux65rqXjQ5tLrwDoiaHnGODxINuAWr9fOGrK8uHPzTHNJ0qNPG6sClBwsjTKE43qlNE4Ozb4rn+Yptw==","mode":420,"size":1107},"lib/emoji/data.js":{"checkedAt":1768031075261,"integrity":"sha512-mE4pXk0F8fzDgmzmJlWK7G2Ds0yhVq/z7neuiYfIocCX4gbPDe4ryiXdTeOZxHBot5aWMUs+JulTzVE7bJ95EA==","mode":420,"size":842},"lib/customisations/defaults.js":{"checkedAt":1768031075262,"integrity":"sha512-j+3ESgn5vTXQRhdgCLtNSLUgzAD6UFbvXhiDgKsC7CmGxYgUETjo+u90i/d8lEHB0vma8cDcyqAKkUNCdialJw==","mode":420,"size":386},"lib/icon/defaults.js":{"checkedAt":1768031075263,"integrity":"sha512-4kBrKUFyTPnFZNTCl6JaJdU0nWkAfOYoBy8pLd7+4m8yKvg9tVr4n9TTqMRl/h5C+aSJtSCG6UFGuJI7n6370g==","mode":420,"size":709},"lib/svg/defs.js":{"checkedAt":1768031075263,"integrity":"sha512-JCAMv7o2cf98Vd2WeMiw13IpEzh9mowdxRUi/9bq1oeJ4Kafvx6NNGI5CbK3eqqKgZFpWk9lQVarRzTZ1E+UKA==","mode":420,"size":899},"lib/svg/encode-svg-for-css.js":{"checkedAt":1768031075264,"integrity":"sha512-cQ9vZOcZQFQfzpTvfbgX/vL95p/RldK+gezBKABqL/+Z0k11KVowK1RGBfeFbSvfJ6Z1jtM8AvakfjrLkTIqvw==","mode":420,"size":635},"lib/icon-set/expand.js":{"checkedAt":1768031075264,"integrity":"sha512-5xQbMdUb5ahPlaCxgy7B6m76Q02jSPX9ZPiQGuNUrrJI1yi4lGFY10yTca5aMMZP3eDgAavaN0DeBTDnxGat+Q==","mode":420,"size":538},"lib/loader/external-pkg.js":{"checkedAt":1768031075265,"integrity":"sha512-e5zaBuKjHsUAJ+9Kr3eaAHI+7FQkX/bKjMfP1JaeG8VUzsx7KGSKYKqpJLVtTUqaUnLqOWZ0HMBaN+TzjkqBJw==","mode":420,"size":1509},"lib/emoji/replace/find.js":{"checkedAt":1768031075265,"integrity":"sha512-kHHO9NfG/62NGf2vmpFD8rtyZbFH9sbJM8IDtCwW63VOwgZ370pFK0v9vNIVfW7mR/lOl+PMms6EDE0rX6gcIQ==","mode":420,"size":2525},"lib/customisations/flip.js":{"checkedAt":1768031075266,"integrity":"sha512-u6/GjpV8b8Powe1DmcNPUjHiLyrVwgxnHY0pfFchkZgMIKgeeSVAYT1PTf88r6wSdy6DHGExwGMHlQKP/MQuSg==","mode":420,"size":338},"lib/css/format.js":{"checkedAt":1768031075266,"integrity":"sha512-sLu5fthQZfZiHbezO7+e2MFMb7tHo8GrAid4se0mUZ2OFON9qg/6HdIY/4JFqJWXOIxryiE7aF+UhQ7VSsYROA==","mode":420,"size":929},"lib/emoji/format.js":{"checkedAt":1768031075267,"integrity":"sha512-/CofLx06LOa8Sjqjy0UPpHPaykCTSPRVIKsGDbR5wDiE06+uN/TK1Pgcc+LztTKInk0bE5vo5mOIPGQyyUTYjQ==","mode":420,"size":1583},"lib/loader/fs.js":{"checkedAt":1768031075268,"integrity":"sha512-k9zd8tHC86e0vQ/yxCaas5aF3HfnT91WXnPIeMoO3AO+HoXv18561nsDHnHkFocZ6kFpYywSnuDvLczJFXR38A==","mode":420,"size":2383},"lib/icon-set/get-icon.js":{"checkedAt":1768031075269,"integrity":"sha512-WMA3fSYqrxf1GHkdgO14dMHgkf0cbUQtwTpf/Duxt3SfXBhqRc78cLSMuA6Pyh6TQv8wz4qj9MO0qBMkOO6RTw==","mode":420,"size":774},"lib/icon-set/get-icons.js":{"checkedAt":1768031075269,"integrity":"sha512-wFWHEwVIWwhHsepjNbRyiWtDsoSfh+S8GxjXcPjr3AUfDxefgdEFcV4DetxS/SW68quq2if+5vDl2d8DGIeDbw==","mode":420,"size":1181},"lib/svg/html.js":{"checkedAt":1768031075269,"integrity":"sha512-5L24xnlH+ZTGg/qYqrsA+UeIkCWUOoXFpK/nyyNnv2OdE7Xsw8VKvv2c5jy8S+tZXFi+WVpI8uu1Q0fPqLNIWw==","mode":420,"size":396},"lib/css/icon.js":{"checkedAt":1768031075270,"integrity":"sha512-xKGLBZ//drxo3bGEP70iG4N95oef05YIQhHS8/1bLRuiPIog7a3nsZLCVPBVS/ke25kW+qR+g+Pa0Oy/9CJNhA==","mode":420,"size":1391},"lib/css/icons.js":{"checkedAt":1768031075270,"integrity":"sha512-Yj3+TuD+CPIZQ+ZpTSznAmTD/KvSA6fcalBA4ih8RYATBhiASYki3bPbjSKsb70jbBUmwIj+81s85r/guwwMJA==","mode":420,"size":4417},"lib/svg/id.js":{"checkedAt":1768031075272,"integrity":"sha512-bFRXSDlw2hn2NlxFIvP6O0XofonRL4uBv8tFLJ1tcJwDo+vuFVRvwSk/iXG13ID/D1OQeKMFqxrxT2NCEKNffA==","mode":420,"size":1019},"lib/colors/index.js":{"checkedAt":1768031075272,"integrity":"sha512-2RhR2icFULk8MEbg2xqSAKzzBY+WwTtL6IoF6Gpc6lA8tZLD288woLhq12JrWQsSmdVkOZ5Mk2BbBrzEQ0sYkA==","mode":420,"size":7207},"lib/index.js":{"checkedAt":1768031075273,"integrity":"sha512-nBDkzVHlvxwtUB4ZP0MSgMcOKykL8AU4FYMF/TYdRD62Wk+mH/KEPYzMyrlxvXuza+Q7YEBrQYkdGMhawU7PgA==","mode":420,"size":5007},"lib/svg/inner-html.js":{"checkedAt":1768031075273,"integrity":"sha512-27eKgN2/pBeGjyYluRcYxo708h4tOGCWrryIXmLtVi1jpFSKWhhtFQINUl5FWX42C7vsH7tyQ0bdahQM9zqUGg==","mode":420,"size":535},"lib/loader/install-pkg.js":{"checkedAt":1768031075274,"integrity":"sha512-9GTXaFx1LNroKw4TCRLXxYYdyxbVpwMd+HIbjCHbUQEturzuZgXbW5ImmmOnCFnNie+jpCfNRiQVUxOS4g5Tug==","mode":420,"size":840},"lib/colors/keywords.js":{"checkedAt":1768031075275,"integrity":"sha512-f6RWeKcYrNfUWIi7PEwqUFZdTsaTFMeuV+8IdBti8Yf3xyl+dkqHvx75Tt49O5+TVYoY/mLcwUCAUsFijSVHZg==","mode":420,"size":6434},"lib/misc/licenses.js":{"checkedAt":1768031075275,"integrity":"sha512-kT0oA/HeWZNweytQCOpmcv7fvmRgUZqlSqYjznmOuVcU5ja4qlFzc2MK3AKDNRAXePNi3/U8jMlx6ufJ8qp+mQ==","mode":420,"size":1582},"lib/loader/loader.js":{"checkedAt":1768031075276,"integrity":"sha512-cOdk8BFzER64z2nRftlIMx0s/VtKAw51Tg6cm24D7k0hdglFMPDsk/jp4+CMyu4U6kOq/zPZ2OlSNl7jckxAVw==","mode":420,"size":882},"lib/customisations/merge.js":{"checkedAt":1768031075276,"integrity":"sha512-eRWUubMX2DqFU8N5YPPsb5zciFq0ZOhODRW/Qcj+F37lTAUhUEzHg3O1vMV3f8C+gTU9DPA5YSN9Vkqtv67I5A==","mode":420,"size":628},"lib/icon/merge.js":{"checkedAt":1768031075277,"integrity":"sha512-TWxIEAioX0RdvlBN2RIDejJR3DXOLGfi2tITTb6W4b7Gudy3TcM3XsJvNiXgZvPWd6zgw3DHz7qJeZmb5EMdJw==","mode":420,"size":655},"lib/icon-set/minify.js":{"checkedAt":1768031075280,"integrity":"sha512-Yzub+Vp8+rOMMNqHzVfg0qDjCwmv6/AtMOw3FTm/6j1xy2bhg+5nbmPSiwQ3Jp32F5/Ar1hI/eVqFBphwd5ihQ==","mode":420,"size":2501},"lib/emoji/test/missing.js":{"checkedAt":1768031075280,"integrity":"sha512-5p8w+XCKitEYr6t3RAeHoHzNVXqt5JENQc3ONe3+fD0rYQ4XT8e6e/6Q+SXJa0Lq5TCT4FKEsnFUA0dw+Rd9Ug==","mode":420,"size":2323},"lib/loader/modern.js":{"checkedAt":1768031075281,"integrity":"sha512-/ERfJ+gEg8pvJ1OVfYoYtFqssIw3V6FlcMYwIaK0Cwj2makm+GBlTcGwrVF0xVG21e3p+TqzcYYOyzKe0qhQtw==","mode":420,"size":1554},"lib/emoji/test/name.js":{"checkedAt":1768031075282,"integrity":"sha512-mkeQSZJ9LjFO6tjS39Ox0UjAI5CpuP/Pa/qRZ50POVEtn42jOeyz8DMR306FjlDeIRgk/D69eTtRg20yLTbLsQ==","mode":420,"size":1269},"lib/icon/name.js":{"checkedAt":1768031075283,"integrity":"sha512-3AyMfpykK5BJKnzQZ4OyexQ+zOI7V4bi5rhoR62pKZ+BOZ+RdMsz1Ze1XoTnqMsV+I2OLXPUb2FclLNrV6T6tw==","mode":420,"size":1786},"lib/loader/node-loader.js":{"checkedAt":1768031075283,"integrity":"sha512-QQCE4hW4VPabgx5kXJ6uZylBbjhlJXWFJjwLsPG7HrtiJxFTpLYume462044UTJDPmTBN+Z6cURB8Rpe3Jxy5w==","mode":420,"size":854},"lib/loader/node-loaders.js":{"checkedAt":1768031075284,"integrity":"sha512-BTHiqPfPITSrOOFkBjE+GSzwJOJ+zlmga/EJIrhqjOI3lGMFLHYVqEJI11QLOi7iTeDibCKjkVOwUi6ZfxW+7Q==","mode":420,"size":833},"lib/emoji/regex/numbers.js":{"checkedAt":1768031075286,"integrity":"sha512-SVBFSN939xtEJ40ZTsZX/Rg3I3lZ47rknPFhKil3rl/r3Y2fQZ3kcYRnilxVbPRR/kwhhXDjCqdDtv1OYOnmxQ==","mode":420,"size":4334},"lib/misc/objects.js":{"checkedAt":1768031075287,"integrity":"sha512-rn3qgZtWBthYSkhqnws2wGhxzyFzPhN66kJ/3IGm9lSoMVuTgx1OFy44vxAVmv1JVvde5wGm/0r6XBqyVKEdpg==","mode":420,"size":782},"lib/emoji/parse.js":{"checkedAt":1768031075288,"integrity":"sha512-wFypl39AeIMqpkQb1Bwcmkr5sp87vq1ud4950lxq2Sg4IhWiAknyM330zFNN0YdN9erEtCv3F9Pn6JeRE/c5Uw==","mode":420,"size":1905},"lib/emoji/test/parse.js":{"checkedAt":1768031075290,"integrity":"sha512-Hzx96U/3s6rDHxSivFxDg6pLipr1SraVeeBaM5Hc1/6HpheBzeM+zANUXg3RIL8AT1KZWf0vdYfUgtahMuM1pA==","mode":420,"size":3397},"lib/icon-set/parse.js":{"checkedAt":1768031075290,"integrity":"sha512-CFX4ZpsuT4aQL+bgvovh4RqcdyGp/CnkisJxqZvv8y5jJUdrvJFt4pWvxBpBvCTeYF+GuR/R5SAy3TjotyEXFg==","mode":420,"size":1277},"lib/svg/parse.js":{"checkedAt":1768031075290,"integrity":"sha512-LziSMRJfBe4l83Gm/eBV7y8qjMZeBtXsbKQg4QmAOmKGmf5ZHX+z8zSBdZg4Ds1hWpAvmDdxi8j+jDxT7OaC4g==","mode":420,"size":1777},"lib/svg/pretty.js":{"checkedAt":1768031075291,"integrity":"sha512-qS6T2xOvKw23Xwp3j/dXGo9fze8hWtC3GxNwkM6aCczAyZ/VGZfm5ntSjXZlcEUBuqYJZGhP4HoAiAzEtqflEQ==","mode":420,"size":2087},"lib/emoji/replace/replace.js":{"checkedAt":1768031075292,"integrity":"sha512-wFNc3455QXy1cvo6+ZHbEF6SOeiRbMgnpNv6vwkzurdt/8enOZuZ2RuC/94Eqa411D/gP6SaL+dR3HB0qcDuQw==","mode":420,"size":838},"lib/loader/resolve.js":{"checkedAt":1768031075292,"integrity":"sha512-ju/gE55kZGtNkq3ixkOYOp6Qj1cCCvgFpj3elR8xHupGy1LfgHS/iUIY6R/1O60OLbq87DLKnSqqcW/WZriZxQ==","mode":420,"size":227},"lib/customisations/rotate.js":{"checkedAt":1768031075292,"integrity":"sha512-jGdUP1M6aRnkoO33kkV11vpp8lhYeQxQsRi8i8H9ubt2bnExryK0UW9dLpJ+A2m3byJPlm+0sBQPqhG1MTJTFw==","mode":420,"size":689},"lib/emoji/regex/similar.js":{"checkedAt":1768031075293,"integrity":"sha512-MBxS+DuVmZKIi4AkTBu1WZeskoIF8ru7gAATGRzt96iIt1QgAnaQZFjoQbVdTowtXbhHymmSbhFYVyOYN+Q/dw==","mode":420,"size":5716},"lib/emoji/test/similar.js":{"checkedAt":1768031075293,"integrity":"sha512-QmJ82m8DdHuiBJG2vNAzOCITZ7G5bE1T8y/f1w14L+DJ60nIG2djyqUDk5LMkHXh4sz0i5oTUoDwtAjH5Px/hg==","mode":420,"size":1263},"lib/svg/size.js":{"checkedAt":1768031075294,"integrity":"sha512-eFtFAG14Y7ikCzGnvakz1VkYbFJJNgp7WcsRlDrhl/on+59zn3fAJGDYpozbUFeBrQUTV3yGKBswtPDU9VhTIA==","mode":420,"size":921},"lib/icon/square.js":{"checkedAt":1768031075294,"integrity":"sha512-ZQkQI90kCePQzLV7BrxX3BjhMuvVxxGhk2OqvZktpuqHSZjec00/0jeBlv+WrWbgK25JlDIE8icDJvjcO/62hQ==","mode":420,"size":646},"lib/misc/strings.js":{"checkedAt":1768031075294,"integrity":"sha512-vna6F8OnKJ0wqmSm6OxLj/f+s3Ven+HxvzuF+84HsNzxDM+qZgoL30fXX0rPSdoWa/wc3rOunNdnqBnCTvbbww==","mode":420,"size":645},"lib/misc/title.js":{"checkedAt":1768031075295,"integrity":"sha512-fT4eprfH4wIUWpsTw1mMW5rU1/cBmWTi5rHu/YU3Q+jMWhbXhHvajDZjOtt7QB1EXRAoI1XQX5b9JUiV9EqYig==","mode":420,"size":253},"lib/icon/transformations.js":{"checkedAt":1768031075295,"integrity":"sha512-AjiCKwtGjJW5gfztOAG8QSE/biw/G25hJkx0ZccPUdgIDhrCRudxMjS8ogmBFc36UWAPXMibDCpmAS06YzfuHA==","mode":420,"size":364},"lib/emoji/regex/tree.js":{"checkedAt":1768031075295,"integrity":"sha512-KXazOmZrphEbH0xMeb45czsh6938S8sGOgf7TRJhPuAO2kFW3OSwR6GWXq6jL9QUu1Fkyc48x00zeoxjqOIU4A==","mode":420,"size":2819},"lib/emoji/test/tree.js":{"checkedAt":1768031075296,"integrity":"sha512-K3BtrR6HIGOXB4e6GgIiF6WIbtOSQhbaEGCgZTnPdidD0mytQxXIqKr3fFwt5mvIZsb01qA4d89HXA/BFddHMA==","mode":420,"size":2627},"lib/icon-set/tree.js":{"checkedAt":1768031075297,"integrity":"sha512-knWGCmzAcaBXqM/dH/fj0UoEGalcpHMK9G00ko7zWa8TYfW8KMHz89t72MhmalbY1F8e3AFw7hAOG3MOOJ8/lQ==","mode":420,"size":666},"lib/svg/trim.js":{"checkedAt":1768031075298,"integrity":"sha512-QwRYWPIe8Njc0VlmZmXHkjYcZmpZHJvA23dlE/YLaj/pRA5X5yQ1GPL5UipYc//jrU/oAY9Ow4Jkx37pEGAFtQ==","mode":420,"size":279},"lib/colors/types.js":{"checkedAt":1768031075298,"integrity":"sha512-LIrD5Gtxlxiky8LWlKhySROCI8o/z0/mkON4SXX8F1fsWnmEXFpfxyQ3joq+iGxAQVMU6INTGyQdmH64SLDfpw==","mode":420,"size":12},"lib/css/types.js":{"checkedAt":1768031075298,"integrity":"sha512-LIrD5Gtxlxiky8LWlKhySROCI8o/z0/mkON4SXX8F1fsWnmEXFpfxyQ3joq+iGxAQVMU6INTGyQdmH64SLDfpw==","mode":420,"size":12},"lib/loader/types.js":{"checkedAt":1768031075299,"integrity":"sha512-LIrD5Gtxlxiky8LWlKhySROCI8o/z0/mkON4SXX8F1fsWnmEXFpfxyQ3joq+iGxAQVMU6INTGyQdmH64SLDfpw==","mode":420,"size":12},"lib/svg/url.js":{"checkedAt":1768031075299,"integrity":"sha512-R5Lnwe7kH0mufl7yUGAuOkM+RHZ21PgXaHo5Cxg4gZEC+Cot03+RPb+qImzU2s2avEp0BnbEzilc1bFN58GU4w==","mode":420,"size":589},"lib/loader/utils.js":{"checkedAt":1768031075300,"integrity":"sha512-v3Senk/tdRlr1Tm0gUEm6jFoK7gXwszR2DxlMobPjd5cKhv6KulVRQsjnHu5M/P/Yg7uq8+kPHFjKMMoztZkAg==","mode":420,"size":2774},"lib/icon-set/validate-basic.js":{"checkedAt":1768031075300,"integrity":"sha512-hdiiCBBO2Vs4yT+AzqtqILBV5quvyUPzvRix6ml8z228zEVm26Ck+ID5Sw0A6Qs2wwYeN79DIE1cpV3ja2gOvQ==","mode":420,"size":1475},"lib/icon-set/validate.js":{"checkedAt":1768031075301,"integrity":"sha512-IiVirUWz7wRdWroTe03vOkOcJZhGrwnA173HF5RNIu1W4L3D3GOTdcT9hXL6knd+38cw9zNV2/TZJJr+K6eOAw==","mode":420,"size":4051},"lib/emoji/test/variations.js":{"checkedAt":1768031075301,"integrity":"sha512-DILZGyCWZLDWqlq3PpVjiLUk1Q4F0qB7X4ZblPxcFKMaf3Nx1mAGJU2ThwonMMh3hn2PUTKd86SeLhKYVm1oGw==","mode":420,"size":2358},"lib/svg/viewbox.js":{"checkedAt":1768031075302,"integrity":"sha512-ZI/ULonBVqsZpMJHhX0IKe8pmAMxtTzAaVFlmI+AlqZGaL+Cy5pUIOL09ONBBY0EagcRTPKqAN403saT02PXeA==","mode":420,"size":256},"lib/loader/warn.js":{"checkedAt":1768031075302,"integrity":"sha512-umuEokLHnvhvaYsbcDAITXeBZxWFf7VABDYLOZfumZXZ3nMMVIqhGg0MSTMSX6KM4gTCWUgUucLwll9LlPhABg==","mode":420,"size":242},"package.json":{"checkedAt":1768031075304,"integrity":"sha512-U2hrdaz6E/HldPG6eSVRdNoAGoGTuTFu4ROQ5inN/ObGTOYUATesXt8LtUU++VSL6g90/1wkAC7gIsRJ+K10qQ==","mode":420,"size":5247},"readme.md":{"checkedAt":1768031075305,"integrity":"sha512-HwioHneeHF4Pevj/tUrp2TeEpnfgRCC/fug64a71CMPID26u48MPxcp6fcNQBgjiVOON+EE9gQ3Y7dBVgtrp4A==","mode":420,"size":494},"lib/emoji/regex/base.d.ts":{"checkedAt":1768031075306,"integrity":"sha512-jSe9ir0pfIjKIhOZGK/sLgX5bJcagLob8ll2/5WODFUOdm8n9udtZb9qfWIuctdu8Nt+DVz5txizor4Vfp8gdg==","mode":420,"size":2794},"lib/customisations/bool.d.ts":{"checkedAt":1768031075306,"integrity":"sha512-QEihgyHiQtS05ffARRsqQD1gtMbmUPjJztZ3zhLBFfkn63W5c+XBGaAJIdJiyMFrYqOJfQWX/U9Rlq7fyqjong==","mode":420,"size":169},"lib/svg/build.d.ts":{"checkedAt":1768031075307,"integrity":"sha512-R0IvOjUCO+ja5E7Bi5Qw4+Woxk+zJim/bjKPMDnNtNTYqQtNxWjJ0b8cWGoRccXQHnT9DG8ZWi1gC7Q94NOvNg==","mode":420,"size":1189},"lib/emoji/cleanup.d.ts":{"checkedAt":1768031075307,"integrity":"sha512-JJhZt48NtSXUHgVJq2UWuFuMhYWrxUo68zSTeETUrN3pVsgNh7dbJnFnXJRgtZHYOIe++kzzJBKVbZPOkFd2pw==","mode":420,"size":1740},"lib/css/common.d.ts":{"checkedAt":1768031075308,"integrity":"sha512-ojMHmyPIUbTP6A5KhGAtAJC6EdEkRTxpTV4sEtoGdMPvSfxx5mS/CK6YBJwfTJkzJiSn1mZkZG756zH9vqPuFQ==","mode":420,"size":822},"lib/emoji/test/components.d.ts":{"checkedAt":1768031075309,"integrity":"sha512-FNq59iwB+7pt31dBqecQQdjZVVlgWnhT5Yo8NzhSI8Uw0K/hCZ7OYDSysa7Jd7v5fuTMipHMUxH7weZeXEHx/w==","mode":420,"size":1552},"lib/icon-set/convert-info.d.ts":{"checkedAt":1768031075309,"integrity":"sha512-uikazifNwwjA1xwJZv1iUVBJ+dCrefjCHcksCbK7T2F5sXN7I58+t22ilQPozpdb6vu70M/wLszIvPLg4tBErA==","mode":420,"size":712},"lib/emoji/convert.d.ts":{"checkedAt":1768031075309,"integrity":"sha512-1TqZQDtwJ8kTJd259ueLJXeJ6vr32h6+228OSAswPK7k+b+lukWQyGucCGIHhExPgbDfn4Tp3eoaPUzK6QQ0nA==","mode":420,"size":1128},"lib/emoji/regex/create.d.ts":{"checkedAt":1768031075310,"integrity":"sha512-IJkD4p7b8ftDelDAywnfYA/yVPE/Xs42GabeP5ZZUb3d36nuiSCIWYl71k4ACtm68LKIszRii2L+X8PzxnyJ4A==","mode":420,"size":850},"lib/loader/custom.d.ts":{"checkedAt":1768031075310,"integrity":"sha512-Mf/3QRp2u7bHQOKAZtGiSAyuFr7v36G6PzYwuYy/PBUfd6s7bwY4Ugmevy02g4ir0GY8SqjhlRrWxNWfwxngug==","mode":420,"size":350},"lib/emoji/data.d.ts":{"checkedAt":1768031075311,"integrity":"sha512-cj6p+Z0n4o2KWfJ5BSz0yLWlZMlWndpIxugpprUXXI7FbHchIAU+i6i/K4WLO7esyd2VLJkaCZDAOfoEJax3nQ==","mode":420,"size":1088},"lib/customisations/defaults.d.ts":{"checkedAt":1768031075311,"integrity":"sha512-bggohFQvDiGLlI+308rhby1XADeG6jLpsFVwRj1RldaPJ63oJzmBSILoz3zSXWHToXVVdH3m//Q3w+TvkIIcuw==","mode":420,"size":809},"lib/icon/defaults.d.ts":{"checkedAt":1768031075311,"integrity":"sha512-8vYii1WWljps0DUJoBUYRs9gfpEVMXwG3RnwA6vEGuhsbzw06ECwCG8mtDPIQFcKwSzi98Q2fXLKJjBgCO/Jbg==","mode":420,"size":1096},"lib/svg/defs.d.ts":{"checkedAt":1768031075312,"integrity":"sha512-zTnUcGk+eHH3F4YVzUDNsirm8u3AiYDvT/KmS8nXtL2PNZgSL6/8YcMTi4j/Z6DYtUESjAoqfvQMCAWU/r6nJQ==","mode":420,"size":669},"lib/svg/encode-svg-for-css.d.ts":{"checkedAt":1768031075312,"integrity":"sha512-CmqiIw7ODdwF51p9ZSvtiKiHKOkmxq9ZEcQ9HOkHn2uv8CaTjkJ6BRbudwDGuzonzvhIdWCFOLsNkDrAEMmckA==","mode":420,"size":231},"lib/icon-set/expand.d.ts":{"checkedAt":1768031075312,"integrity":"sha512-EUxUp8LJCSIwvS+SWj06IBO1/ZYgr7e0XVtJHdvIdCj9vGqvyNhkj8UGfuLwlOr6IiRlG4AhjA4gnCoGdyAgpA==","mode":420,"size":215},"lib/loader/external-pkg.d.ts":{"checkedAt":1768031075313,"integrity":"sha512-TJQ43GWb7kOBEFA8l+51vio0a3d1ci2h71ONI25g6VlSerlAQ2pfkfT0tQrgjv3sZecAA4Mh7jMqEGGulTd9NQ==","mode":420,"size":495},"lib/emoji/replace/find.d.ts":{"checkedAt":1768031075313,"integrity":"sha512-oSwjfX7IZ4842hlhQRqIp6sYJjdD4Lq5G/cy/Z2XK8fF2J8ZFYP4D4xEGkL4jNgrQ85j3KwshVGg8IIKIHnmdw==","mode":420,"size":818},"lib/customisations/flip.d.ts":{"checkedAt":1768031075313,"integrity":"sha512-CcWi1e2sF0bKGHIYkr5GPpRb8ARRGCJv+Dr9bW6VpV7bX9G2//wXFpjp1PLdf6S4M5EcbKlXhJbj+QipiIgSIw==","mode":420,"size":362},"lib/css/format.d.ts":{"checkedAt":1768031075313,"integrity":"sha512-8MLc1hl91Vcr54h+tO98SFUFravW4X47chPorTEwnPRjeoEzt9HL7a/Xi7WEQJwVXwb7ruz356U53KdyRrYw0w==","mode":420,"size":240},"lib/emoji/format.d.ts":{"checkedAt":1768031075314,"integrity":"sha512-Zvb8Oq6ri1MFyXOGzdd2+DhV38fFr0QfXvvfbV86b+DUR0pfji2C/J56bG51Bsd0giGj0HpxOySK7K3ylWWs1w==","mode":420,"size":916},"lib/loader/fs.d.ts":{"checkedAt":1768031075314,"integrity":"sha512-kr/5U/ke4XYlmDgGenGohkwPui/3sHhQU54FnU1/Khvt1ydkcW9QGz43vi7zB1JiyCr4QcgEoC2iHkSbt3UywQ==","mode":420,"size":757},"lib/icon-set/get-icon.d.ts":{"checkedAt":1768031075314,"integrity":"sha512-XJ9vuZLYN9nAHDDo7rk5N7VnoO+Vmi8QGiIwNWAl/hTkjq+42Lggs9HVCrbMERFZux1WmDiIAd70L4kBgauIkg==","mode":420,"size":393},"lib/icon-set/get-icons.d.ts":{"checkedAt":1768031075315,"integrity":"sha512-TSxjiPMk1warACifCM/Mw3YANhhhh8Aku2VXm5CTYVAcxz+RYSmZkJs2HFf3zgUG+v0C/yBdWgNiVW9hjDi0pw==","mode":420,"size":345},"lib/svg/html.d.ts":{"checkedAt":1768031075315,"integrity":"sha512-SVGcgk5gInYyQ5q0Fy7x/A0QwQsRsp1YifQzOBh7R/4CmeCbH2oWYzEhGSpehrCd0iaG9HF3AipcTS2vBhr5lg==","mode":420,"size":135},"lib/css/icon.d.ts":{"checkedAt":1768031075315,"integrity":"sha512-gKaQa+27LmCO53/7hEv2q2+SByF4fpXmsAI79xLZgAD14EBIhqxI234HGaFRZaLHQBhlg9G9NeWqE/YBOxBNaA==","mode":420,"size":451},"lib/css/icons.d.ts":{"checkedAt":1768031075316,"integrity":"sha512-72w8v4ECa8yq2UQs75K7BwM72KJdznt2IxTi0i8E+YiVi2A26YLLi0BNnUKzKqnj05Ue9oJwf/BT+0hNpU7dQQ==","mode":420,"size":778},"lib/svg/id.d.ts":{"checkedAt":1768031075316,"integrity":"sha512-WFAlgb5evrH54fEFDsyk4luxEkMNYLS8jpXaLyZV/6jJPS9CkL0Kn5+hqPGHgVzJrp1zNMP8qNFU9nVRu+fobA==","mode":420,"size":205},"lib/colors/index.d.ts":{"checkedAt":1768031075316,"integrity":"sha512-Z2kzrkrsbEzCsYpz6B3/evOAclNU3J5EQHJ2qn0e1sp+XQPUs+hXLyQZAgvIgCIhUPSAoa6xbIuE77++Ypp9JA==","mode":420,"size":521},"lib/index.d.ts":{"checkedAt":1768031075317,"integrity":"sha512-3WL2lQYXYqxxVg3zffSB9K7xidC8mol2wFS93ajvwVNeWyEI2Tqs+fnmcNvvm7YABWCze0DL9MZog4Q2pcJ66A==","mode":420,"size":6071},"lib/svg/inner-html.d.ts":{"checkedAt":1768031075317,"integrity":"sha512-Nbywc1BMZYMYiZM+zm0pxc8C//zUvr/kEjGBmf2ea/ITsKjSb+bYF0BSSLuIVOZBi+oXHjdkg1MZdZ5MMX4zQw==","mode":420,"size":271},"lib/loader/install-pkg.d.ts":{"checkedAt":1768031075318,"integrity":"sha512-yEtmVrQOsVp81YfCvdQNQEs6BFeYxYG6swEeARSKdN9ndaGUiR4QSvZUdd6d6arVkR0JL0cT/fSdKD4dqCUo0w==","mode":420,"size":166},"lib/colors/keywords.d.ts":{"checkedAt":1768031075318,"integrity":"sha512-SVeoRZd5b1a9xgfWhVBpLlV8rh13SVe65k8Ygm50+y2jpDQGuAZEah8DhZyWB5C+HThUYBI89MUUcL++UZoTRA==","mode":420,"size":139},"lib/misc/licenses.d.ts":{"checkedAt":1768031075358,"integrity":"sha512-hIy6kLdWi+8BefOAHp8RnuzjE1672lkaQiMp7bhep5Gu6bWvDwbZ9aDidf9M1nS5XbLV5IAMMM12YADG7RGo7g==","mode":420,"size":424},"lib/loader/loader.d.ts":{"checkedAt":1768031075359,"integrity":"sha512-8s3xbx/JSDNg3lTzyu4y+8rTEV3OZHWBECysf2Ntx68FioQBECjh7R9AhjH5r9VOasEvlwLo3wKdF/fa4w8M8w==","mode":420,"size":115},"lib/customisations/merge.d.ts":{"checkedAt":1768031075360,"integrity":"sha512-pAolW7O39vz+CE+nqP5o23tUgobZ0vPfT8kox7y4Vi7UBhJfWe+sIyhLCi9N19OcSDlGVucHX8OGqIHic7k2kQ==","mode":420,"size":328},"lib/icon/merge.d.ts":{"checkedAt":1768031075360,"integrity":"sha512-UQGEN9yKfCcWlsKXMwP769zKPrwLDY2Yw9HdzMAvsHgQXUFLAjVyPgG5ZXcnv61a1xu2K3T2R16ca/w5yeKYXg==","mode":420,"size":292},"lib/icon-set/minify.d.ts":{"checkedAt":1768031075360,"integrity":"sha512-w0/5oA2fX0ZcbcSXohPni9HpmPS41JTU8O99eeMF1HYskxwZ8SDkv8VHtQyC/Omlr/s7L6usmdAMauhQQrHryQ==","mode":420,"size":908},"lib/emoji/test/missing.d.ts":{"checkedAt":1768031075361,"integrity":"sha512-1RanPZ0GzrolCbkdQt4y0tcewHpmRa25bYC5hNfSdC7d9nGUFpkBKksmzDhuV1LXb7FbiBWjsetqDFjBoJiDfw==","mode":420,"size":569},"lib/loader/modern.d.ts":{"checkedAt":1768031075361,"integrity":"sha512-P7cPaFzDwkj6AYOFpNP7MP6h4yZKZ5L43YTX0//AHn2cipmdJof067UCbMgFJ3cShBppogrnpBRkCMVgQpU7Xw==","mode":420,"size":272},"lib/emoji/test/name.d.ts":{"checkedAt":1768031075361,"integrity":"sha512-6SNs+ExaAB3mXrza9ItsbG39zwzlLHI+xpoFNYYd+5L4qDQS1EurH2oyvUzokSN2kFieUFvHHZWOUjbXHLkNJg==","mode":420,"size":673},"lib/icon/name.d.ts":{"checkedAt":1768031075361,"integrity":"sha512-wxAVxg5DrzEe3NKegxd80fgKnpGOKaKcvwl4Jhxlf8lmn90I4WshEftZ9fCe1yzbVl5lc9/x83ohx06c+2gD/g==","mode":420,"size":998},"lib/loader/node-loader.d.ts":{"checkedAt":1768031075361,"integrity":"sha512-kbS3XwCsZOIkASvMHCN/ndd3eMlCT7eJIZk5BxuI9mCcQVDGSqIm/LFZS66mEbMy5vvlmBHxJlq3pws4eclAQg==","mode":420,"size":123},"lib/loader/node-loaders.d.ts":{"checkedAt":1768031075362,"integrity":"sha512-a5fr/WHWFb0HXiQKejq+KXXHl/QF8pQ35lZtF1al7tA77YCTVVVoQoFgnvCZPJXBLKYO/yKHu4NcCk/lzyP5sA==","mode":420,"size":290},"lib/emoji/regex/numbers.d.ts":{"checkedAt":1768031075362,"integrity":"sha512-XtOyVxjKUXVUipkVQgNqL2GtjjJ9ZoXngtxPuL42GunKr/g2/XxK0mQug775heCm5rtlDKBKjZNPxAX9r0MgrQ==","mode":420,"size":738},"lib/misc/objects.d.ts":{"checkedAt":1768031075362,"integrity":"sha512-xWjjGjGnZDRQkSzY0BXfZEAuAuJSCF3lyoJqrINM4EgDCDViyxktY7ZOb/JSVeR5EqdWaUOPEiylq4SXvNbf+w==","mode":420,"size":578},"lib/emoji/parse.d.ts":{"checkedAt":1768031075363,"integrity":"sha512-bN96UbZuEvR6VQi9POivQxKEpqXzW4sDlLM1ZdzgTpHq9O1jm3Ba+E+VkvcKNX06c703iw6Z5KCX7WxFcvE1gg==","mode":420,"size":1069},"lib/emoji/test/parse.d.ts":{"checkedAt":1768031075363,"integrity":"sha512-EUHkNjoIzZqOKQTHmuav5ypgJIV43b3oTVOA/ljkkn+fqYn+k1NodUxVi8HvL73YQaYr5787+R/gIqhW2s6SuQ==","mode":420,"size":1488},"lib/icon-set/parse.d.ts":{"checkedAt":1768031075363,"integrity":"sha512-mqI/k7pRC6p7Fzd+7pQbgHNYm9sE+m0YGtUitp1e6G7Bh5wnpS3d1UjZZE6BOQxXXv9wdSz2yT/5FK1sQSb5JQ==","mode":420,"size":779},"lib/svg/parse.d.ts":{"checkedAt":1768031075363,"integrity":"sha512-wB3Ho22w29vfAKwItYc0GYxgo/YL5GxwOqgyxGXGA1od74kLCp3v3gZmR/86dHDzgiTG9TMnTqJE7Vm7Ut4CMg==","mode":420,"size":700},"lib/svg/pretty.d.ts":{"checkedAt":1768031075364,"integrity":"sha512-+sJ7QQ9CducPFXt45MZUoENFqTegmufHkWEzFV75hPRvOj8yfe+azfP1fU7IZULAHDoc0AOKhYrQ2Kf3v9Qu3Q==","mode":420,"size":139},"lib/emoji/replace/replace.d.ts":{"checkedAt":1768031075364,"integrity":"sha512-qxlLNjifntynq4YZmOoZx2/VP2elxhTLav+2UnfL068Ik/USiuIddohSCDqpO8FYF3RbcH2TB0eOVUWPptkjmA==","mode":420,"size":599},"lib/loader/resolve.d.ts":{"checkedAt":1768031075364,"integrity":"sha512-mPwB94V5sQKcjWXhMGD4NTlK1JmWlZYyZfNkJ8RHJvZcripJtstHz7p53OiHqcLD+rsG6yWRImXBgiJe0zneQA==","mode":420,"size":161},"lib/customisations/rotate.d.ts":{"checkedAt":1768031075365,"integrity":"sha512-DKCY7/+2MN9rhTA7lUasV7Ro3Hs9BIun0CeR9SJo+avtDmyOa8gl2B6joakmQytUQjWLTa9Xo1WI3+mOAloMxw==","mode":420,"size":139},"lib/emoji/regex/similar.d.ts":{"checkedAt":1768031075366,"integrity":"sha512-Mz8I7TkTUL88AM0qGveHn5ASPVQCCeODvQ0UX4eS5YFag9cNDxZCBdKdkESTL03TQfha9BeABYiDRkKBDR0nXg==","mode":420,"size":1480},"lib/emoji/test/similar.d.ts":{"checkedAt":1768031075366,"integrity":"sha512-2CGm9xONegmwjX0rOD9aiB0+iZjjo7R3vZUdilRrUyVOSEy6gbDWaKjBpXaG7GdFhm+ErOZAmmUfzZzZCvAVYg==","mode":420,"size":1021},"lib/svg/size.d.ts":{"checkedAt":1768031075367,"integrity":"sha512-acfzLWd7a4hTc5mBPyi+C/7nDcJnq4J4QTdATsmysrpnIRTqJcGNM1wHxzdb9ZvhBXC6ItVB9zwIW06p5V/0Iw==","mode":420,"size":377},"lib/icon/square.d.ts":{"checkedAt":1768031075367,"integrity":"sha512-ZaaUJ7jUiC4QCh8jjdihQAHLI7uVguDFmdTF0hM8DpCYYcuge0TeZDfpW0IUTRnZrdXC2ByLZyig06iJsp3YQQ==","mode":420,"size":357},"lib/misc/strings.d.ts":{"checkedAt":1768031075367,"integrity":"sha512-vy0qz/LzTVHYAlBoXRbqRgVuSDOv5KYDnVYJArJNH0oA1IN43691uMWq8Xw1/YcUhheRomykn+PC9nvnLFcnKQ==","mode":420,"size":434},"lib/misc/title.d.ts":{"checkedAt":1768031075367,"integrity":"sha512-GaEQHcWZazN2jPdZNTh+b8VLN/4dZLq4+2ssHV6Edv78iKOLqym96U6nEfgS1cxWz+GL6g02Vkr3UDbNZY82zw==","mode":420,"size":237},"lib/icon/transformations.d.ts":{"checkedAt":1768031075368,"integrity":"sha512-J59uYTMcCxxD8eBrGKdyk9NnnU+ax3dGT/RrlGFwLUJlbyEi5RspaWXG8yVYNKUsZautnjG3Qc64pBV3YEuQcQ==","mode":420,"size":245},"lib/emoji/regex/tree.d.ts":{"checkedAt":1768031075368,"integrity":"sha512-sgZ892A+F6gbY7pALKaZthUqgBW4l957INe/gynv2iiPGp8tq7Zx1zyT+d6x4j2hE5zwthtgIOgDPTr7upZniQ==","mode":420,"size":379},"lib/emoji/test/tree.d.ts":{"checkedAt":1768031075368,"integrity":"sha512-Q9R8PfL24C2lq9zNNFHnrSdQyYFBeBYJeRaVuCs0BsFzPimZ2cD8fR59UAO3+A0OczJb9je+1R+Pb1xI6phkwA==","mode":420,"size":855},"lib/icon-set/tree.d.ts":{"checkedAt":1768031075369,"integrity":"sha512-6JupQl4w7yiJm3NRPN3ns1TioS99+FOolyPKyCpsG0m1AuKWP981ADMgko/P0CCP3bIcvg4coBSgeig1Uwbbww==","mode":420,"size":517},"lib/svg/trim.d.ts":{"checkedAt":1768031075370,"integrity":"sha512-lX1VBNicuU/RsFsHcafPNERJ6D0ZCRVUEITXDb6Cjm6nFLTcj5JVqBojv7xHfGLuPp7brPK0zNy7XLYnKDCd9Q==","mode":420,"size":95},"lib/colors/types.d.ts":{"checkedAt":1768031075371,"integrity":"sha512-LEWSaU+bVX8oE5zNMrBCpXWE6kZoEIiF+utQSQBcoGGZe1MVSswJpptAmBJBpBFrGhRt9izQOByGEy+CKbOXbg==","mode":420,"size":824},"lib/css/types.d.ts":{"checkedAt":1768031075372,"integrity":"sha512-wvy7+vcid69bZEcGtUYygK3D0MBKteuE9gl5DBUVKflJHwNO6Zrc0VNPqPsmD2Xv9N2JubURO4ZHbEWxCL7VQg==","mode":420,"size":3079},"lib/loader/types.d.ts":{"checkedAt":1768031075372,"integrity":"sha512-D/l0MbnrLxWpQQF00d0heIApypIVypWloroF2dMNiudLtBKfkQgsBKwfu0pHgWh4T3oRlE8/2xPrvM5tEIRjRw==","mode":420,"size":5493},"lib/svg/url.d.ts":{"checkedAt":1768031075374,"integrity":"sha512-bHUduOGdsGNxp2fzqUbU3GpGaiWjpLNM/kPivx7Jb8KGl4L3/wiqoffEUBRU59CgsU6l0+Oycb8TljkV210usg==","mode":420,"size":426},"lib/loader/utils.d.ts":{"checkedAt":1768031075374,"integrity":"sha512-DyUP18WM90N0jR8lfngK0Z5gp8gD2vfbU4JHyfqrM17+D2UbfjQNHS2eGCZydn1G7QhOBDJAf/WylzVHv2xvxw==","mode":420,"size":422},"lib/icon-set/validate-basic.d.ts":{"checkedAt":1768031075374,"integrity":"sha512-VBofDSp5xtNh8PQ6XNn9rtVNNrcgAnFJEh6lKhpGB53krIV06Ov6HgYnTQfnTLAEXMp78NIs2vmCqh9qWQe+tA==","mode":420,"size":383},"lib/icon-set/validate.d.ts":{"checkedAt":1768031075375,"integrity":"sha512-KhWYvyoQWXHQMFQgz7fZZlXKnF45966v892B3b279LxhKuTdAQHr2/gI25yWFtmQi8UhK2FSHXG7n04j8kablA==","mode":420,"size":644},"lib/emoji/test/variations.d.ts":{"checkedAt":1768031075376,"integrity":"sha512-2Lw5zXeoetk37shTycYjnxjyI4M9a6rOPP8vUn/1ZYPQWEpFPs3MfQoQqbOXuTQCKH6pINUGBtKaTqoEk+a0aQ==","mode":420,"size":1107},"lib/svg/viewbox.d.ts":{"checkedAt":1768031075377,"integrity":"sha512-C/a8RrWVk/h7AAJUIkrCI3btEUZe5s3M446qkOL+N42US/O2+rzPRorv0Goj7gjuvEvX4YEfK6RoZHK2nHY7sg==","mode":420,"size":260},"lib/loader/warn.d.ts":{"checkedAt":1768031075377,"integrity":"sha512-Uixybfux8lFN6RPArnDHAgS35yJSc8TQAvIY+KAq9qAYptkS9FjzjJaqni9F0KJePPmP/TqH4981iENqln6qoQ==","mode":420,"size":66},"license.txt":{"checkedAt":1768031075377,"integrity":"sha512-f5oJOf4sFA3paQ+zSfJDymXdgH2PDVXFk+GDDNIDKdo5CqyxI+/M8KKI0UsXl4c1FwzNwavAIpoa85lzzDKDZg==","mode":420,"size":1083}}}