{"name":"package-manager-detector","version":"1.3.0","requiresBuild":false,"files":{"LICENSE":{"checkedAt":1768031011002,"integrity":"sha512-h9eYqW1qjHd9+UPJdCXcR521xuELWuXqGv4TzYOf/Yjcm0MtL3Q6WAm7JNPhtE2VIFV41r1Vhrb0oZS3hijIFA==","mode":420,"size":1102},"package.json":{"checkedAt":1768031011002,"integrity":"sha512-nGDMmIhkRv9O4fnKIZw++ankYB2KhsTvtlj7uushTRreR/Qj6buj076bLmaxYIsLXmpvqArDVY426fJXIHcUTQ==","mode":420,"size":1544},"README.md":{"checkedAt":1768031011003,"integrity":"sha512-RSQokpwjvawVgPo755oRoceRZQZpoCNZkXAObV9AvNPWPzjc20+VeAeyJg9SJK4NkN0+H6/7V6zHBJzytw1gXw==","mode":420,"size":4395},"dist/commands.mjs":{"checkedAt":1768031011003,"integrity":"sha512-JtebxRxgMQvKDV1In+1FfgJ1+N+5Sai7dK6aanlPROvUgiblWoUQz6Rd1gJ3ThDN6wt/4p9nCg/8v4SsF6qICA==","mode":420,"size":3811},"dist/constants.mjs":{"checkedAt":1768031011004,"integrity":"sha512-Vni8qcDtEaC4ILlXma3/f6sGUTlHqXR5m5Lb/es3TJmqxK1wK396tmKRbFJqicLcKT3cYyolFGzcFBVA+hohsg==","mode":420,"size":1129},"dist/detect.mjs":{"checkedAt":1768031011004,"integrity":"sha512-kfmMlrITf/jt58exl1DjoTgJOUMcgicBQiOPjAZRVWrrnxMrefjEdsYYa7ORgfnm2bbBoafrIA0LpPb8FiWk6A==","mode":420,"size":4195},"dist/index.mjs":{"checkedAt":1768031011004,"integrity":"sha512-EBeh5r3fw/P0bj+0w34KYp+Buagw6zFWoREVVmeF7TUJOr+kyyGQ3HhGS85iz37sKhv33HxJw4FoXl3cXk6F5Q==","mode":420,"size":281},"dist/commands.d.mts":{"checkedAt":1768031011005,"integrity":"sha512-8anw/hp9t7uAag3IYtZdcg9ZyO4UuQKetIWAcg2Y7DJEdvbl1gh9P+ovjjnNw0CVb+VkMVrif2GKeLTpoX3Hcw==","mode":420,"size":1597},"dist/constants.d.mts":{"checkedAt":1768031011005,"integrity":"sha512-tTcZx4oFHDCPC7KWUVX330EdtlLcNnHyN0AmJ0TBjrqSGIK/VFX9/jY7GRqkBvPKIDKhCjcfyHU+nwmAoJlehQ==","mode":420,"size":342},"dist/detect.d.mts":{"checkedAt":1768031011005,"integrity":"sha512-fYpXu5v+rbRcOIfed+7OS3JvlA2DT2JtUWFHxShX8z45I9hca6asTjmDnfzVpUu21vLudMBSWfXq6sWvO1BH7A==","mode":420,"size":669},"dist/index.d.mts":{"checkedAt":1768031011006,"integrity":"sha512-sKapRXPbvm5UgHz8uxXPJc5ls6M1nkJbqo5qjij302wLmOWSCVPyN5BPZUXe45S/eLsmq8rtiSeZrum1Q1Lc7A==","mode":420,"size":444},"dist/shared/package-manager-detector.pUYRhiOu.d.mts":{"checkedAt":1768031011006,"integrity":"sha512-VLb0Cyd7xPIPVjoaG/w5qoog6OlsWDgrenLVciJRtdAmFf87QwbsLBww0CwNpOctpt/JOySpj1Zf6D9dg91sJA==","mode":420,"size":2899}}}