{"name":"flat-cache","version":"4.0.1","requiresBuild":false,"files":{"LICENSE":{"checkedAt":1768031006708,"integrity":"sha512-5jFT1+WScwP9Tmh8fhNVBjValf/Y3UusDQiJC5bBw6iQ7EO3elLvCtTn7s/3DndB3YpXDEE8y7dPUP5a/qrjXA==","mode":420,"size":1088},"README.md":{"checkedAt":1768031006709,"integrity":"sha512-sGzz+gpgoLQGzD5FKM+kWLFZDCW6lBkRnHdmohDt7QZv6AvHLXTqDfAY5+IIznYRw5LoCSuW/t1WU5I5UqALXg==","mode":420,"size":3066},"changelog.md":{"checkedAt":1768031006710,"integrity":"sha512-m/K0FOHZ5b6CKK7BGhRGZGum7TjlIhFRB2GUvkhlsnIahptemOhquqldg/NbFfm0QBk014gAINqIsGqxs5cH6Q==","mode":420,"size":16026},"package.json":{"checkedAt":1768031006711,"integrity":"sha512-h1pEC7lkJNRATZfLOJCH3ievKRFqprbWU6P9fz8YgofPdG6chzj+K3jJhFiRxSqUXuXnw+8SgFmA6xJLb8NmBg==","mode":420,"size":1593},"src/cache.js":{"checkedAt":1768031006712,"integrity":"sha512-rCOY/NIraItYkXPV+LD7nGflat6IlhMID5eSBcQ38fvjhhupEfs4zlK8fn70TVlZzbZGB4k/25zK5gEfQuRn0w==","mode":420,"size":5895},"src/del.js":{"checkedAt":1768031006712,"integrity":"sha512-tkYJBW3V3KUq7rN41kWUJlRDFcFJFK6c1PHkrzpJ/qc57OcQUjO55/N+vQQT20KtiIYtS8Z14BfKX5Kl54XzeA==","mode":420,"size":777},"src/utils.js":{"checkedAt":1768031006713,"integrity":"sha512-lBf54tYT4w03WmAvNx4mAitqlhsb4EDVdj6bboyVtc6iF8jXjQPmNrBteZCl/UXYYqMBJy00azQB6K87v404Rg==","mode":420,"size":876}}}