{"name":"regex","version":"6.1.0","requiresBuild":false,"files":{"LICENSE":{"checkedAt":1768031077795,"integrity":"sha512-0gb3vifzK7dQRFChF9tu/MTAzxQSWfEZNYv9R24M/ZbpItoa6eA34lhF7ZMdImRoPS3XQtee50kCr/rcesW+mQ==","mode":420,"size":1072},"src/atomic.js":{"checkedAt":1768031077797,"integrity":"sha512-E4ia0cPhmEAhepio8VDjqzO1j8SCQPqBt16f58ajeGbwv9xgW55KQQ/N77l7NfDQ0U+cJNr5A9wFuBms+iM0Vg==","mode":420,"size":7634},"src/backcompat.js":{"checkedAt":1768031077798,"integrity":"sha512-SHSG7al7JS9iwVhAZsShNpI4MMRh6gPsrSrOqcASALGWFcKHDWIj3O2WdzcUnGT0MQVLYcnI8ry1+w/3akselg==","mode":420,"size":1971},"src/flag-n.js":{"checkedAt":1768031077800,"integrity":"sha512-h27M09T8Lo5BccjDunCEoCEN0etdE+M0Ya46knK1RoNsLRVJlSmx+gOgJ9BvkgBP1K5Kiejm+63KKMJGLQhp7w==","mode":420,"size":1291},"src/flag-x.js":{"checkedAt":1768031077801,"integrity":"sha512-5dRW1hQ6PR1Pin5ZTJpFaHiYdFWh6hsVphHQMJF3C3FKDvMuKA1JjQOQh5yhB6cgvoCV9sRbGH5pL99PxAcvIQ==","mode":420,"size":7568},"src/internals.js":{"checkedAt":1768031077802,"integrity":"sha512-MxA2Iyzx0WOx/EzQWmUouhPmmCYOwitPoGQPP8IChA316TbfgDJWgXL7SGkOhlnTzGSXoYiuEne81TGjOjZK3Q==","mode":420,"size":94},"src/pattern.js":{"checkedAt":1768031077803,"integrity":"sha512-XrlMsSUce0IJWsfzMYDfyPPGR0QFp01kk2oA4c04VWxiQDVLH45jrI5fc0LV+FRglJoTE28QF04QQ1sevPE8+A==","mode":420,"size":1141},"dist/cjs/regex.js":{"checkedAt":1768031077804,"integrity":"sha512-yy0UOHbu0D9IfrKfAZhhNznoe0sgqjQoFqk93TazE/kYgAbQunqJUrKix+Z/PORsSKqdsNCGgg04Mle2m2deqA==","mode":420,"size":45309},"dist/esm/regex.js":{"checkedAt":1768031077805,"integrity":"sha512-mxiekzra9p8kuzThg4YTXmadzFZMzNorNWyMKbEJ+iE9vHj4Sqkdv5AEPlk7X/0qvatBKSzlY9XJ+w9N0h8twg==","mode":420,"size":44375},"src/regex.js":{"checkedAt":1768031077806,"integrity":"sha512-d8ZWQv/qTqypjWiszCJ6Q0OyFqO2d1I+gdytWcTUyBB55PZYT4dbtbeh8nILHZ+owdyQHFdc9e1KvowiDvMfNA==","mode":420,"size":13725},"dist/regex.min.js":{"checkedAt":1768031077807,"integrity":"sha512-jnJULRe2dV5oN2LwUy2iZBBOi+HrZEWCNlpNekNdHki5gC+GYwMzwtZkFxKK5MEte+BHfZusQDblZWqkgvNldw==","mode":420,"size":18811},"src/subclass.js":{"checkedAt":1768031077808,"integrity":"sha512-OdyC5gCnsZNG4Jif76RaaiLWjVGXQx/0mzhTL4RFphDHi0EotFMzye7dlUXE5OVM5jYY/emg9Q79dUmD+pR95Q==","mode":420,"size":2594},"src/subroutines.js":{"checkedAt":1768031077809,"integrity":"sha512-/61kGD6DGEOcWXHBRedvDCGgEnosFdtaevjBHXkvq09iH8h76R3S6eFjsM3ZaPLiw4AxTyhea0i8+FGKyJdXHg==","mode":420,"size":14529},"src/utils-internals.js":{"checkedAt":1768031077810,"integrity":"sha512-UGStDjwigvawSOMr3s10dvIaLcgPKh0j1ktbn2tQwQ6T1EI+d39ceZGlmkQSHaqi7hae1KXfecR2mCw+0cXngQ==","mode":420,"size":772},"src/utils.js":{"checkedAt":1768031077810,"integrity":"sha512-kl/7MRNiM2H/WqmdeD8FXE0Ecn3vBP0q4eRqyIinr94XKwIoGAezfOoWLHYvw+vBx0GKJ95Atv0HtCi4XtJz2g==","mode":420,"size":13079},"dist/cjs/package.json":{"checkedAt":1768031077811,"integrity":"sha512-ZcZkWKviEBAyzdG1DKbmQ+DDaNCd+mzHAGsz7YFeEGuyD5r/EYGBgH59+fXU2Nl5Zwmx7Jp+BFRCMWNv34/fQg==","mode":420,"size":19},"dist/esm/package.json":{"checkedAt":1768031077811,"integrity":"sha512-Cj8csVIsbnWVGGqaVO0HP/pZCybH0xsId/Gckl+EcDfp+XIGa/7WJgmxkOsrwh/3sxUU4Iw95keA/vWYLLsh8g==","mode":420,"size":17},"package.json":{"checkedAt":1768031077812,"integrity":"sha512-/IqwLbSlvVOW93joAA9x5HKtr6aah8HqrSd+PiTvH4Nyf6JQfQJHTi/+HYDsh//wPqy+lTIca82QPSbOCy/5nQ==","mode":420,"size":1923},"dist/cjs/regex.js.map":{"checkedAt":1768031077814,"integrity":"sha512-TugN5EjMFRh59izBzeG19Tq7DRNpneHKp3Vs2S93OjBlnkWye+JSv8TTwHt/OnSJWBmraSBgXF4ESdlAGIIxhg==","mode":420,"size":100359},"dist/esm/regex.js.map":{"checkedAt":1768031077815,"integrity":"sha512-FXLJsUY7CkF21YP294RD5qTIpCnC35vtd9+ksxqwERwtBZrfGZFPJQ94qBgNmH14p68yjtSkrIgNUnmJatg9bQ==","mode":420,"size":100304},"dist/regex.min.js.map":{"checkedAt":1768031077817,"integrity":"sha512-XAL8U8jSJrfGgJfmRogSloetcRMQJmKHEmv3Rp36LGyeGUqlC6JSvA/KYTRsHy6/zB19C64SSy0u62Ujp4nGAw==","mode":420,"size":103542},"README.md":{"checkedAt":1768031077818,"integrity":"sha512-cHlW9snzbK7ToghxQS6RnZ5ddfxmsRI02mA0G3D/wuRrzMIA9HBtO/BVvx3qh2bzvF4TTA66esC6QezTvvCJ5A==","mode":420,"size":54736},"dist/cjs/atomic.d.ts":{"checkedAt":1768031077819,"integrity":"sha512-yyKyASMj56E8EQ5FWWmsb15E/iWZ1Dl6yyzqG6vVo83pzQisWsA/cLPNBODI4u5SZPZ3IgvXD/CTlBoECYl1Mw==","mode":420,"size":697},"dist/esm/atomic.d.ts":{"checkedAt":1768031077819,"integrity":"sha512-yyKyASMj56E8EQ5FWWmsb15E/iWZ1Dl6yyzqG6vVo83pzQisWsA/cLPNBODI4u5SZPZ3IgvXD/CTlBoECYl1Mw==","mode":420,"size":697},"dist/cjs/backcompat.d.ts":{"checkedAt":1768031077819,"integrity":"sha512-Xu4YUOkQ+uMrpR8Hn2tIQMjznF4Sjo6GByZXnMRAhN2fVeV6ZFRMEB80uInjS8KL91NntN4Fa3Q5ljyfgs7Rnw==","mode":420,"size":317},"dist/esm/backcompat.d.ts":{"checkedAt":1768031077819,"integrity":"sha512-Xu4YUOkQ+uMrpR8Hn2tIQMjznF4Sjo6GByZXnMRAhN2fVeV6ZFRMEB80uInjS8KL91NntN4Fa3Q5ljyfgs7Rnw==","mode":420,"size":317},"dist/cjs/flag-n.d.ts":{"checkedAt":1768031077820,"integrity":"sha512-b7O75F7cSSrWVF0v6I5aFDjslx2PVw1XlesknNbt9m2tT2fZXILQ15/Q7UEYN6zd551HwCtAXBYe7udf/8rtLw==","mode":420,"size":279},"dist/esm/flag-n.d.ts":{"checkedAt":1768031077820,"integrity":"sha512-b7O75F7cSSrWVF0v6I5aFDjslx2PVw1XlesknNbt9m2tT2fZXILQ15/Q7UEYN6zd551HwCtAXBYe7udf/8rtLw==","mode":420,"size":279},"dist/cjs/flag-x.d.ts":{"checkedAt":1768031077821,"integrity":"sha512-K+GTt2PE3YVpQGZQfJ6xsBz9BSIpmM8accUg2hDKMtGQyiG/O9e38P71v4gwJiXXzkbUc1q3ABXkj4NcfMp7dg==","mode":420,"size":538},"dist/esm/flag-x.d.ts":{"checkedAt":1768031077821,"integrity":"sha512-K+GTt2PE3YVpQGZQfJ6xsBz9BSIpmM8accUg2hDKMtGQyiG/O9e38P71v4gwJiXXzkbUc1q3ABXkj4NcfMp7dg==","mode":420,"size":538},"dist/cjs/internals.d.ts":{"checkedAt":1768031077822,"integrity":"sha512-PONMZkGFeMwpWXriNxH72cUWBNAHk+9DYgQ4Xt80bNvwEipyJNPQY5RPV2we0g2dtfbThInWbBiGycbJJBkIRQ==","mode":420,"size":98},"dist/esm/internals.d.ts":{"checkedAt":1768031077822,"integrity":"sha512-PONMZkGFeMwpWXriNxH72cUWBNAHk+9DYgQ4Xt80bNvwEipyJNPQY5RPV2we0g2dtfbThInWbBiGycbJJBkIRQ==","mode":420,"size":98},"dist/cjs/pattern.d.ts":{"checkedAt":1768031077823,"integrity":"sha512-jTa7g6q+e+DLQXjcYk+rbOpeLxilc4Q9r7o16QcQMggv6Udo4n0c8cA1Qz0r7AB24gjdYn/OPv5Ra4okXK+eAA==","mode":420,"size":1213},"dist/esm/pattern.d.ts":{"checkedAt":1768031077824,"integrity":"sha512-jTa7g6q+e+DLQXjcYk+rbOpeLxilc4Q9r7o16QcQMggv6Udo4n0c8cA1Qz0r7AB24gjdYn/OPv5Ra4okXK+eAA==","mode":420,"size":1213},"dist/cjs/regex.d.ts":{"checkedAt":1768031077825,"integrity":"sha512-mEZkC9pRBILQtgT4m8EJqb7Gxs/Kysvo0js6pmdrLuT+n7EqDvb5azJOu3NaYQgOZgtK1Odd3+UeW0KDN6dB0w==","mode":420,"size":3229},"dist/esm/regex.d.ts":{"checkedAt":1768031077825,"integrity":"sha512-mEZkC9pRBILQtgT4m8EJqb7Gxs/Kysvo0js6pmdrLuT+n7EqDvb5azJOu3NaYQgOZgtK1Odd3+UeW0KDN6dB0w==","mode":420,"size":3229},"dist/cjs/subclass.d.ts":{"checkedAt":1768031077826,"integrity":"sha512-WMEEfR/cYS0yNcQUh/MjkgmzpYmzSpBQ7XDTyYgIjwKeWZAOLAIBpQuGwuND+UX1GDHvrrb88j3Af1wcnLY0kg==","mode":420,"size":812},"dist/esm/subclass.d.ts":{"checkedAt":1768031077826,"integrity":"sha512-WMEEfR/cYS0yNcQUh/MjkgmzpYmzSpBQ7XDTyYgIjwKeWZAOLAIBpQuGwuND+UX1GDHvrrb88j3Af1wcnLY0kg==","mode":420,"size":812},"dist/cjs/subroutines.d.ts":{"checkedAt":1768031077826,"integrity":"sha512-xG+hh+0jtFib3+eW1S5W8wToLlKSJ33ANX6l7foR8PyjSqChZx1b1Tmnfw6q73m/zlXLiRPjlhuecnt8dwXZdA==","mode":420,"size":473},"dist/esm/subroutines.d.ts":{"checkedAt":1768031077826,"integrity":"sha512-xG+hh+0jtFib3+eW1S5W8wToLlKSJ33ANX6l7foR8PyjSqChZx1b1Tmnfw6q73m/zlXLiRPjlhuecnt8dwXZdA==","mode":420,"size":473},"dist/cjs/utils-internals.d.ts":{"checkedAt":1768031077828,"integrity":"sha512-V6pxE+khoT926U5A+BLCydKaqmgJ+JkddfIx6JPsUHckOqR7pYF8ZO/QUFURMztgVGqjhK0B/aLi8zOEDD626A==","mode":420,"size":484},"dist/esm/utils-internals.d.ts":{"checkedAt":1768031077828,"integrity":"sha512-V6pxE+khoT926U5A+BLCydKaqmgJ+JkddfIx6JPsUHckOqR7pYF8ZO/QUFURMztgVGqjhK0B/aLi8zOEDD626A==","mode":420,"size":484},"dist/cjs/utils.d.ts":{"checkedAt":1768031077828,"integrity":"sha512-KBgp3cUuh+0D/ggWzKr9vO0SQMZjQLqYQ12LAGQj9UUPFXeyodyBaLgTG2M0E6ypFH0RH1zKDiH9xWGebR+RaA==","mode":420,"size":4342},"dist/esm/utils.d.ts":{"checkedAt":1768031077828,"integrity":"sha512-KBgp3cUuh+0D/ggWzKr9vO0SQMZjQLqYQ12LAGQj9UUPFXeyodyBaLgTG2M0E6ypFH0RH1zKDiH9xWGebR+RaA==","mode":420,"size":4342}}}