{"name":"strip-json-comments","version":"3.1.1","requiresBuild":false,"files":{"license":{"checkedAt":1768031005935,"integrity":"sha512-0fM2/ycrxrltyaBKfQ748Ck23VlPUUBgNAR47ldf4B1V/HoXTfWBSk+vcshGKwEpmOynu4mOP5o+hyBfuRNa8g==","mode":420,"size":1117},"index.js":{"checkedAt":1768031006050,"integrity":"sha512-vMPwASFQ4n6VlVL4YxD8j3y5CzK2sf+mEnr/CHQj7agb1Dnn7meIFLPMglHM2fBJtBA6WeYZMOEGDp4d6Jr9lg==","mode":420,"size":2219},"package.json":{"checkedAt":1768031006050,"integrity":"sha512-Dp1nqizmc52z/5rCfovaOzkulO/V4RCU8WbgMT+y3iR5B5yfyufXixssHvzPo+EV+q9BeMm2lId1B2so8RknOQ==","mode":420,"size":855},"readme.md":{"checkedAt":1768031006051,"integrity":"sha512-Htk8wdrqM5tYiFcDdKzFvukm9aYdwkR9KxLeDgISBZi3x5ZQQyVppcDnThoJbEuLa+SYwdZS+tj+VsHOYL4/Dg==","mode":420,"size":1961},"index.d.ts":{"checkedAt":1768031006051,"integrity":"sha512-tE/OhcYj+VuSmH1RypRHbcoabCPfVHD6NJf/A6b5tKfh8DOVTV+eFCDvC1gej9Aw0iYipXEUkQrE6xx3o4/ZTQ==","mode":420,"size":807}}}