{"name":"@sveltejs/acorn-typescript","version":"1.0.8","requiresBuild":false,"files":{"index.js":{"checkedAt":1768031072613,"integrity":"sha512-kXI0ZvWjBvFhuMg3PN7lLp8fS4hTaEPpTXVH3+YFebBS4Aar9NvyR9mzpl39rMsFdpA8ixGklMhbsbn+FObyHw==","mode":420,"size":192703},"package.json":{"checkedAt":1768031072658,"integrity":"sha512-pcIVR+0hNUYrgLiKY2yWn/3VYLKHYodmEYxhi6kSSTO/CboRxbJnLfqTF60pY7XYRbSdDxe5V+vRnqRynpdO4g==","mode":420,"size":1709},"LICENSE.md":{"checkedAt":1768031072659,"integrity":"sha512-5NMJdqPXe3a91k4Em5inx/TPNL1LCF8oGatmz+5OmYcorEzwyJJGCmgK3d7xiEJqMWC4fOKWfqqV2x0EIL5Cgg==","mode":420,"size":1101},"README.md":{"checkedAt":1768031072660,"integrity":"sha512-ThAD6d1+H2ehb7r0fGkJ/H4CvnkzggsuGtyz3XeBpxhAQWYO8J0O+8co2wmI+NRk0acesK76srzM546ABOVgig==","mode":420,"size":1954},"index.d.ts":{"checkedAt":1768031072660,"integrity":"sha512-BKttxGfll83A61JcJbRUIdK1OrAq7vjFAr5eT+cd1OobC9yzK6Bui529dhcxFIwgt9irxausrM7nmFiWtoDXmA==","mode":420,"size":283}}}