{"name":"ts-api-utils","version":"2.4.0","requiresBuild":false,"files":{"lib/index.cjs":{"checkedAt":1768031077279,"integrity":"sha512-b5ecAr0Sq3kN44EOEQJdy05CG9XHKPXmXTm0QIg3Injsn2R7A/CeMbUy4XWEV9PHaQrIDPM0eg9AUugcYaMHeA==","mode":420,"size":98522},"lib/index.d.cts":{"checkedAt":1768031077281,"integrity":"sha512-rtoaX8HqpHNevmwZv58ryhDnCJ8zFCEClbljLRmBRNg6PLwsL+CZdh+qrUhdPeARKEy97ztX0yKJDa2GQKhDkA==","mode":420,"size":83687},"lib/index.js":{"checkedAt":1768031077282,"integrity":"sha512-IsfIu3hy1R+tXlkGV3aX2MQVmWap2oxXslgz8u16KIDCzH3m6JCSR+HtkUohB+JzqOuK6IbX62z459pbLStwQg==","mode":420,"size":81051},"package.json":{"checkedAt":1768031077283,"integrity":"sha512-NEaV9LsbwgzsTyDN4MWkKieMVRe785iCKKR3EKQtzj7H6VRZqOu0RyLetb0n1b0RLI2z2MJv2JHnMU8cJxTluA==","mode":420,"size":2952},"LICENSE.md":{"checkedAt":1768031077284,"integrity":"sha512-oqAmD/GyN73aQz4q/yOt9nM7UwzmrJ8KOw373uY5YotsBfbUE1hNEPB4bneOup8Qw7EsyZrdm6q1ZStVP9Riow==","mode":420,"size":1038},"README.md":{"checkedAt":1768031077284,"integrity":"sha512-tdQSoGNlRkVeFw3SWHg8RMSxL9j2WgCriS9DHqqmTeDMyO0L2Qyw/HRAmrVYsnViW1eGZGFEhMpUm613ZNMUfQ==","mode":420,"size":1707},"lib/index.d.ts":{"checkedAt":1768031077281,"integrity":"sha512-rtoaX8HqpHNevmwZv58ryhDnCJ8zFCEClbljLRmBRNg6PLwsL+CZdh+qrUhdPeARKEy97ztX0yKJDa2GQKhDkA==","mode":420,"size":83687}}}