{"name":"oniguruma-to-es","version":"4.3.4","requiresBuild":false,"files":{"LICENSE":{"checkedAt":1768031076621,"integrity":"sha512-0gb3vifzK7dQRFChF9tu/MTAzxQSWfEZNYv9R24M/ZbpItoa6eA34lhF7ZMdImRoPS3XQtee50kCr/rcesW+mQ==","mode":420,"size":1072},"dist/cjs/index.js":{"checkedAt":1768031076622,"integrity":"sha512-JcDBT6gbNuH4fzVoJp22DR6vTym3Qq9VcRii3RycaiO2S2QMviQ68ze01sOYZbZFgTaU3+kw81DWc9uzKJXGYQ==","mode":420,"size":110131},"dist/esm/index.js":{"checkedAt":1768031076623,"integrity":"sha512-DEl8yiqnGKa1yxafpOHPOGOoRF82WDK9oBd9om84Lg1rqOolMDDlf8SA+0r4WJJ+rqXQo/3d5YDZwuaorQHFRw==","mode":420,"size":60774},"dist/index.min.js":{"checkedAt":1768031076624,"integrity":"sha512-mOxzElAkwRZL0GMPY3qjQOF+D/cnyqA4sxnoMBcWQiRfPSaJFlzwKFjzPwn1QPYLY4MeH/sYUsma8wGfLaREiA==","mode":420,"size":57332},"dist/cjs/package.json":{"checkedAt":1768031076624,"integrity":"sha512-ZcZkWKviEBAyzdG1DKbmQ+DDaNCd+mzHAGsz7YFeEGuyD5r/EYGBgH59+fXU2Nl5Zwmx7Jp+BFRCMWNv34/fQg==","mode":420,"size":19},"dist/esm/package.json":{"checkedAt":1768031076658,"integrity":"sha512-Cj8csVIsbnWVGGqaVO0HP/pZCybH0xsId/Gckl+EcDfp+XIGa/7WJgmxkOsrwh/3sxUU4Iw95keA/vWYLLsh8g==","mode":420,"size":17},"package.json":{"checkedAt":1768031076659,"integrity":"sha512-2pZG/17MjPKbZb30svtjbZPoqG8pBHPQM3TdtJs/xl/pDCRpOtJiwN+/qZxPvDm9GbsPHeIg+ywmcLSwZPmJzg==","mode":420,"size":1909},"dist/cjs/index.js.map":{"checkedAt":1768031076660,"integrity":"sha512-oxkcxyvfiTSQt3Knd2vmcWSb+1fqraN6NbGqDiECU5WdBkz979imh91BZ+oA5A6bPDRCfS4KeeMrjxRtq5IvpA==","mode":420,"size":287167},"dist/esm/index.js.map":{"checkedAt":1768031076661,"integrity":"sha512-SCb6BiXmWAitn7SDQy2ISIX9ymX/TCpgX9yo14MWi5c2lyjzRsqGcGKrHgoJZVy09w+JY0lK49T0iPuaJ0dZxQ==","mode":420,"size":128542},"dist/index.min.js.map":{"checkedAt":1768031076663,"integrity":"sha512-FmZNOoLzqfbJu9R10l6kKujwo3GjAwL9+d9CZSewTefBFooNvCNAmDDRB4YflRTGz4ozyi6i1e8aFbYFPgo7Vw==","mode":420,"size":288931},"README.md":{"checkedAt":1768031076664,"integrity":"sha512-vpHxvzcV11GmsHXREDE7xXReeIjBRDHVcPf9Nq3sJ/7/HTPRXuLaHNLID8GsDcNGtQJ01fPTsnLty04yu3Jjow==","mode":420,"size":44389},"dist/cjs/generate.d.ts":{"checkedAt":1768031076664,"integrity":"sha512-M5lXAAo3rMduQRQbYmZDg4557VfJnWYNZc9SPNldkcgtg+6sVRI6JisunuTgnziIrbD0E7N6heMIE4d1ZtAIZw==","mode":420,"size":1055},"dist/esm/generate.d.ts":{"checkedAt":1768031076665,"integrity":"sha512-M5lXAAo3rMduQRQbYmZDg4557VfJnWYNZc9SPNldkcgtg+6sVRI6JisunuTgnziIrbD0E7N6heMIE4d1ZtAIZw==","mode":420,"size":1055},"dist/cjs/index.d.ts":{"checkedAt":1768031076665,"integrity":"sha512-Edy1vUhoCTHzZj1C+WtDAKke14rHMTivUyqSiH3dGJjMeLYQtg4lrZdiGMGx1Sw+TVs3nTtpUO0/ufCVY3UoZw==","mode":420,"size":1795},"dist/esm/index.d.ts":{"checkedAt":1768031076665,"integrity":"sha512-Edy1vUhoCTHzZj1C+WtDAKke14rHMTivUyqSiH3dGJjMeLYQtg4lrZdiGMGx1Sw+TVs3nTtpUO0/ufCVY3UoZw==","mode":420,"size":1795},"dist/cjs/options.d.ts":{"checkedAt":1768031076666,"integrity":"sha512-UnVPXfMEYkZNsmJ1O/JIBxeAS2qxMEGReNdR09upJOhd/0nm3c091krYvNxW+AQEu9b2TkXrXJ3oaeAqK4vRsA==","mode":420,"size":783},"dist/esm/options.d.ts":{"checkedAt":1768031076666,"integrity":"sha512-UnVPXfMEYkZNsmJ1O/JIBxeAS2qxMEGReNdR09upJOhd/0nm3c091krYvNxW+AQEu9b2TkXrXJ3oaeAqK4vRsA==","mode":420,"size":783},"dist/cjs/subclass.d.ts":{"checkedAt":1768031076666,"integrity":"sha512-OKvjA4BzAPB65S/5FqL/XZEiBuQvIIBfENQ2VgyAVb0ucyDwuDJIkZb27dWcNPj5WbKNLPRfJ1G46j+9btYogw==","mode":420,"size":1097},"dist/esm/subclass.d.ts":{"checkedAt":1768031076667,"integrity":"sha512-OKvjA4BzAPB65S/5FqL/XZEiBuQvIIBfENQ2VgyAVb0ucyDwuDJIkZb27dWcNPj5WbKNLPRfJ1G46j+9btYogw==","mode":420,"size":1097},"dist/cjs/transform.d.ts":{"checkedAt":1768031076667,"integrity":"sha512-mcKQt9jWCGnjCB2WJhYIlHne8k/wu3iCHXO5/FTwBIFvnY30h+JRwYCMXk+XTENZf+FKyPTYwaZdMltC/OwYZQ==","mode":420,"size":1793},"dist/esm/transform.d.ts":{"checkedAt":1768031076667,"integrity":"sha512-mcKQt9jWCGnjCB2WJhYIlHne8k/wu3iCHXO5/FTwBIFvnY30h+JRwYCMXk+XTENZf+FKyPTYwaZdMltC/OwYZQ==","mode":420,"size":1793},"dist/cjs/unicode.d.ts":{"checkedAt":1768031076668,"integrity":"sha512-th6GLSWcMrUnvuPiWP1B+sBXI4nZfXsObFZgVncPe0J7jcDvsflA6NSZZ5vlRFSLBGRtvdLoqBVnP8PWuB0c6A==","mode":420,"size":301},"dist/esm/unicode.d.ts":{"checkedAt":1768031076668,"integrity":"sha512-th6GLSWcMrUnvuPiWP1B+sBXI4nZfXsObFZgVncPe0J7jcDvsflA6NSZZ5vlRFSLBGRtvdLoqBVnP8PWuB0c6A==","mode":420,"size":301},"dist/cjs/utils.d.ts":{"checkedAt":1768031076669,"integrity":"sha512-CwgzDQrrxgGp+5e5m93iay5YSJ7wAaa7xmd5phjHCJN8BwQ96Xm/6KkPcugES9Ri423rkexujtDgrvn+fbYasg==","mode":420,"size":803},"dist/esm/utils.d.ts":{"checkedAt":1768031076669,"integrity":"sha512-CwgzDQrrxgGp+5e5m93iay5YSJ7wAaa7xmd5phjHCJN8BwQ96Xm/6KkPcugES9Ri423rkexujtDgrvn+fbYasg==","mode":420,"size":803}}}