{"name":"postcss","version":"8.5.6","requiresBuild":false,"files":{"LICENSE":{"checkedAt":1768031007750,"integrity":"sha512-83RJJ95IfQlH9xuw1X7jpvJKJXpEdtzfI32q4Gf1M1tDLrfK+i1kN+kQXvSKUCvYckqG2gDnAtk/kO9IrzxfqA==","mode":420,"size":1095},"lib/at-rule.js":{"checkedAt":1768031007750,"integrity":"sha512-hg7vLLLtHYuzbf4SrIMQtorkoku8GU6hgKixh8YptoJJYEhnctS4ItUEU7nx0e32qlC38y55LaO2TgZQHHgMqQ==","mode":420,"size":471},"lib/comment.js":{"checkedAt":1768031007751,"integrity":"sha512-2kJPyNnG5bQDSri04esDhHH8udquLlDHU44u3lqPGro2dthyeczPhQvNFFKNj9z574LN9jK/D1V3gmA821Jkgw==","mode":420,"size":203},"lib/container.js":{"checkedAt":1768031007752,"integrity":"sha512-VENb6nAwvcMjAj++m8132RH5Q+dvJoZAwHFvAOawLDezaRgDVXg7UrCL5EAVSBP+13eyS8m+NQTojvLzsWnAPQ==","mode":420,"size":10647},"lib/css-syntax-error.js":{"checkedAt":1768031007752,"integrity":"sha512-aaIvpx9KSwSTCA1neMU6iqBKgx5C7w5Xpnw9HyiblEPPzID6OTQs5DwYQhydFgZTmbEU+YBRn/eB/bHw3DXL0g==","mode":420,"size":3402},"lib/declaration.js":{"checkedAt":1768031007752,"integrity":"sha512-GKF1y1yzj1WfrsJR6EsAvf6FcHK7XNEWJZCK6OcFaiOKr6ictMRsvIElr+aDtv6hCxyPI4GkEa971wMGNZBQKg==","mode":420,"size":495},"lib/document.js":{"checkedAt":1768031007753,"integrity":"sha512-MT+AVsWXQaqmt+neTQ8KUSIroRxW9OquWvKzZal4w5sNNMOgANiaMasMbYvwlLTE4MHWF6w209vEbkX5vjfiww==","mode":420,"size":654},"lib/fromJSON.js":{"checkedAt":1768031007753,"integrity":"sha512-2N5JWRyNO8t4dkU0qc6Y9Abpmtncw0QyU8iOYqVjHe82ZFRvpzqSe1U3wKBu7Srr2kL/BHnlYNrAGouQRIo7Kg==","mode":420,"size":1506},"lib/input.js":{"checkedAt":1768031007754,"integrity":"sha512-IzaFkYBmpPgggkYCi2k/vor+J/QhLwkbiwCdEwIKljiPRyqxJKWxtpoSa0GasPAVKerKMq23PNUJQb2c8pvMvQ==","mode":420,"size":6752},"lib/lazy-result.js":{"checkedAt":1768031007754,"integrity":"sha512-QUjkqfWVpnqmmiLGUGXXLbKzEbCFuOZbmqi3xYsVrU/QPNVAbndD2UoyXmhw7iT+WPTHV+qQiOrACy7R3BQGeA==","mode":420,"size":13562},"lib/list.js":{"checkedAt":1768031007754,"integrity":"sha512-EaIOsX9RXKKpkBvE6HmXx2GG2+X7DlNwe1QclFM7a9bH3Snt6jnHOEBjA8VgEOQv4eas7ujoBmzK8avyBNCDNg==","mode":420,"size":1227},"lib/map-generator.js":{"checkedAt":1768031007755,"integrity":"sha512-q0ctaAEyLrwXLI530MSETzAeSsXKpqilj2/rrviTDaRAFsGAP3eAwNmx4AEoUF7G2l27gRlGd+HPkf7iR3rrbQ==","mode":420,"size":9721},"lib/no-work-result.js":{"checkedAt":1768031007755,"integrity":"sha512-jlwiDrQO+rbjz7BYXLBqBET+ZvG2KfiUvj+VGyGzyDNBvykbzC58+i0VT1zxIPr3qVyoWmJUFumFHYuT9SkMvw==","mode":420,"size":2624},"lib/node.js":{"checkedAt":1768031007755,"integrity":"sha512-Wh7Ovs5mC++hBM9z2F0pUWovKGPrJwrAjBzAhGz4VJvAiSOeKtTP7TfcmFfLkdFAg6OTwBbQTOx7Q1FCafHFzw==","mode":420,"size":10719},"lib/parse.js":{"checkedAt":1768031007756,"integrity":"sha512-tkWTuhUvKDAXnlwnV9KUet60y7nZYJS5d4VRIDQSolFF/B0R4Y4UZHv7tbF8lwNZe1sLFtLWepTdLLbLw+5WaQ==","mode":420,"size":1147},"lib/parser.js":{"checkedAt":1768031007756,"integrity":"sha512-dpO209mrCuzxDz3QpKJjRPAGwkYFLgjfJKxFr0xrywLRggkcxUMfRve2ScKTnr+0/gynXlD/PfV2SXl8VZU0Yw==","mode":420,"size":14852},"lib/postcss.js":{"checkedAt":1768031007757,"integrity":"sha512-G+LO9RC9nclna76BUuU3cjY04Hq9L+HwFNFDA3Nhw/546hVEQXaKh2D0s1zkcsxMOAUGW4ohFfhxcrCHl2g+tg==","mode":420,"size":2898},"lib/previous-map.js":{"checkedAt":1768031007757,"integrity":"sha512-9VZTJsZbkjE2i5C018SpQXeKFUo5t7ZrIL7d3Kzr2/9uBmguM+eZThdQ6EajmW49AEs0XlnjJpD66+KdJHN1Yw==","mode":420,"size":3984},"lib/processor.js":{"checkedAt":1768031007757,"integrity":"sha512-imw3RvwlglfJvHAXJ7gZyZyRApImKsFiMEw/xYCdbxT+7EiFPz5vfX2z+F2+EObLx73aJNoC0NEt1yNwAAlFNQ==","mode":420,"size":1738},"lib/result.js":{"checkedAt":1768031007758,"integrity":"sha512-37bJFOToWRYsq3bpcLPqsK+axtTe2tcsXu+Y00pWGc8b3mBiiMg4eUb8GIw4L5mJFY+lviqs3r/IlTxrKibwJw==","mode":420,"size":738},"lib/root.js":{"checkedAt":1768031007758,"integrity":"sha512-eMm/M7wkG7qmLfKB8PHwOyC6Upa35E7eEZ9DDcXnOzcn0+N339qOnDmGo9qAZKVgl++eOcRh4pvtkdWINzMLTA==","mode":420,"size":1239},"lib/rule.js":{"checkedAt":1768031007759,"integrity":"sha512-Eb+mV1jcKsESK0B5DS7k/H0YECNQUrJSerfSrNgilPaNF8DGAX/RRIFNeHkFLaZj0UKa/sGBXJl4d78QhX1lFg==","mode":420,"size":569},"lib/stringifier.js":{"checkedAt":1768031007759,"integrity":"sha512-7yj3w1w5nLK8beK7qnJPRHB6dDKdspfQcMJk65Xx5YK6A2Vpa195edMF9T/CklbBN91FYrB7uruTONqvZNtxYQ==","mode":420,"size":8220},"lib/stringify.js":{"checkedAt":1768031007760,"integrity":"sha512-urioL8+uSWeJYjulL27NWanZMmTUyQVHUJkPxM07oqsHdkGoPaAq0Sfb5I8lqZN9SEevVHeLXqLZ/3A6VkU2ZA==","mode":420,"size":213},"lib/symbols.js":{"checkedAt":1768031007760,"integrity":"sha512-AI/tlAZo3Ih3XKld3HrsOY1mLw03EJGq0bHBE4cjVaeODsxtxfwM/SGQ48H0qex2KOrLgepfsp7BdXX4jdRuGA==","mode":420,"size":91},"lib/terminal-highlight.js":{"checkedAt":1768031007761,"integrity":"sha512-utvMJZGCe5nI08+78t0EuP61Gr7NuIWVViJ6uY9nU2pyiRM4/iKINxKXgN3xFCHggi1qt4n1IdCE6QjFQKm6ew==","mode":420,"size":1399},"lib/tokenize.js":{"checkedAt":1768031007761,"integrity":"sha512-b49xatwfNwr1pDJdg0CP4IIHIQV/v2PuHSu4g+ejel5uOWMaLHiErPgj2lD1XqlzmzAEg95qPRzKoAoE/uACyA==","mode":420,"size":6538},"lib/warn-once.js":{"checkedAt":1768031007762,"integrity":"sha512-bG57LC0iuq7oagRAxy5wcAuHHj4yjNLwotwNEMS+Y0ocn9vkapYImJY3JMCgsJaj+952k5nMJ3yGi0CB5ir8qA==","mode":420,"size":256},"lib/warning.js":{"checkedAt":1768031007762,"integrity":"sha512-PJB4fsd99qlTWk5QrWlpyhjUwwwNVJ5ga8reRmogIk9QGAcoO9REt1fAXJ29h4Pd5DRlnwmXR5FnL9NtwCehfA==","mode":420,"size":739},"package.json":{"checkedAt":1768031007763,"integrity":"sha512-gBO7xegSNmQkpPZuSA6dhb/KKzySCYQKdExioSvTwtWSn/CaX9ZhhrpYhXk7ZSAiu0g/Em9HJV7ge17Qhx1MIQ==","mode":420,"size":2496},"README.md":{"checkedAt":1768031007764,"integrity":"sha512-BFUX1d8Dh9ur1nUrikDF6TqgW9swNibRRJXkyK3RugHWlzRnTENof2C9g2edOma2wkWzEkUlr3bxqOstudJD4A==","mode":420,"size":1200},"lib/postcss.mjs":{"checkedAt":1768031007764,"integrity":"sha512-IMjvPCta9GfA4I9FQWO48bk2Xkstyt9jix6kmNpsz+H/1Z0divvIf0dw/YPRCFibs4pJ6PoRxfmmZMAv7nP2sw==","mode":420,"size":980},"lib/postcss.d.mts":{"checkedAt":1768031007765,"integrity":"sha512-D6dLJOVzCCM7yBV6xQWJK81qP94UJWfUkCIzeQUYoiwQ4hSVKMts9OZ0NvuX1BCUgr5U9DJNtt/hR9gQQLB+3g==","mode":420,"size":1049},"lib/at-rule.d.ts":{"checkedAt":1768031007765,"integrity":"sha512-08NuXzdt1BtxbJ1V4nSC4GpHV+Vs5vIlwQzB8wddnyqv8soUQz6jSNUF2nwZ6+zBMgRLn1GrjQkf9pFPaoy3/Q==","mode":420,"size":3426},"lib/comment.d.ts":{"checkedAt":1768031007765,"integrity":"sha512-rOlqoHxc9vYgx7zleUM6eDfAz31VCs93uzX7m3IyrbJxG1lsvsn6lF1U5otmO5Ns3kJ+dBerkJH14QZsH33GRw==","mode":420,"size":1750},"lib/container.d.ts":{"checkedAt":1768031007766,"integrity":"sha512-i19zNcpDr9sWpIlDNGLLAAZPaSVofSzZxGuVrdI4a3ke+suFgAdX8StrQUWWZY8iS2xnBUqchlJ9zcvrQwXjuw==","mode":420,"size":14113},"lib/css-syntax-error.d.ts":{"checkedAt":1768031007766,"integrity":"sha512-ptftozqULxepapuvJF2RnKqVjs1X51UOE42tU+AMomrMNisNHA7RHEj+Bj2HlvWsyr7X/NALrkMEg3nvPNAy3Q==","mode":420,"size":6517},"lib/declaration.d.ts":{"checkedAt":1768031007767,"integrity":"sha512-nufBOid5DGuU01+yp5nwZYYsFMb9C4HVH4SvOM7W+LHDz48FZfG+3kxRJdUhJzpVL7x/kMFqeyJ+4LvFwcsKlw==","mode":420,"size":3903},"lib/document.d.ts":{"checkedAt":1768031007767,"integrity":"sha512-9HIUja4+n3jRqN1ExkTdcB6dIIfRDpYQMK6YjHZWU+CKRhUSgcB+78kqz7YuGZjHMlEtzzrwKlBpK8oKpVdbqQ==","mode":420,"size":1954},"lib/fromJSON.d.ts":{"checkedAt":1768031007768,"integrity":"sha512-XS+iaK73rjZ8qdDlsj3lFRDc69YQnZpJ7A5nm4HN/6NFVoVpNqEhGu6JaTlM61Q/Fj7hh7uZwNrfbfga9/UqhA==","mode":420,"size":162},"lib/input.d.ts":{"checkedAt":1768031007770,"integrity":"sha512-82SAy8dzjk0pyDy4XU2h9O87GsC4yAR1XMR8lW5wMw/3wJeHbjdNtAkfnZT+JntJK0O3qG5BZl9jgQnJP3unXA==","mode":420,"size":5196},"lib/lazy-result.d.ts":{"checkedAt":1768031007774,"integrity":"sha512-DocPwvry1UXT2Y+FAUWHAZIumuB9vAqOIjAvP0N+HlW9omfYeRCr4cllXux6XV5tscZ4KsPa2j/FQuMP3X7esQ==","mode":420,"size":5007},"lib/list.d.ts":{"checkedAt":1768031007774,"integrity":"sha512-12eFtCpykjUknQqAX8ZyKS4JMf+DlyhpP7tLc3A86VAUzZpIqiTP1gzgCN5zOI23iaH5gYxeJVYZd9OxfSmOkw==","mode":420,"size":1426},"lib/no-work-result.d.ts":{"checkedAt":1768031007775,"integrity":"sha512-ouICJc/zeDZ5HZOlMdbJxL31Wep5R/CO6PaENySszU3eTcGam2c86hv7+h/2rmA2taX/BwE69R+aWhMZfIPaNw==","mode":420,"size":1573},"lib/node.d.ts":{"checkedAt":1768031007775,"integrity":"sha512-VPhLa4eRL8JVnwQFVNr2oPhC6sIsg/13CX1DtjET4GP7Htyp2H/TAj691q7UfoUE0A6sw7a/PdzPcoRsrBQv+w==","mode":420,"size":14753},"lib/parse.d.ts":{"checkedAt":1768031007776,"integrity":"sha512-oI+pHRz1l9V99xeP25JgPwmjcaJmgfPFs7iv3yiAbFvqLyTXlkNaFQd5gyHiuGyiswbTFT2nbCf/3WjN5Qi/AA==","mode":420,"size":135},"lib/postcss.d.ts":{"checkedAt":1768031007776,"integrity":"sha512-sjVPS6vdn7KRl+9saq1kY0fg90ezXu7OV9VvEUB/bgdTe3rGwrZArx2SRWj8E2ZPaXiQpfWem+OKb4oTavUHnA==","mode":420,"size":11461},"lib/previous-map.d.ts":{"checkedAt":1768031007777,"integrity":"sha512-xBleuuFuQvsf7UFwS9stz0osN9AEGNL5AEU0HGbrYiJwdhQCN/GKB+XI92837QiveNl6tNaFwR2JSOKIOE/kBg==","mode":420,"size":1827},"lib/processor.d.ts":{"checkedAt":1768031007777,"integrity":"sha512-9ZvBhxjyZd0sFoPx8hhV54ECboBM9tpKsf76iSVKDanKUt/7vEzOnIfuEBXSyrMQ78MuOB4O/J1tIb21FfW0AA==","mode":420,"size":3415},"lib/result.d.ts":{"checkedAt":1768031007778,"integrity":"sha512-xprkwMxbV1mp4vPz/soZO/k4jwvUf/T1r/2gYRhKUvCrOsaHpVbaTFDQlmNN6WxWjs0kjar3jVZJohehTQ+ADw==","mode":420,"size":4416},"lib/root.d.ts":{"checkedAt":1768031007779,"integrity":"sha512-2/cdpP7QdCA8lDy6wkd47riy2kVA6gNyi/quTW7rOkWTLYvB9drxFIBW+Z7sfPZJfsyRynNACmZGl1pY/XWR+A==","mode":420,"size":2323},"lib/rule.d.ts":{"checkedAt":1768031007779,"integrity":"sha512-kKA6vEamli7Ab14b/nT+HU7nlJplb4PEQQPLyKQRLstFJgG1Aweug+04lvPMCtIGcUADbVnD8BFn2E/SiJLMzg==","mode":420,"size":2967},"lib/stringifier.d.ts":{"checkedAt":1768031007780,"integrity":"sha512-hfwGmnU/Of99SEv4sDvszxkualHHTwnHYIPkApbgSeWZti+0X9HZ6XVqGv94JdiOIC/gIhi1WA4MC9d/9pZNlw==","mode":420,"size":1430},"lib/stringify.d.ts":{"checkedAt":1768031007781,"integrity":"sha512-1B5QSIwxNtZtm7EMqceFHzj56R0j7fkLttNJbz+xnTVM79Sj2TXlTNzPAgCpi6g7IZmfslyew74DBMMdvKQ1dQ==","mode":420,"size":165},"lib/warning.d.ts":{"checkedAt":1768031007781,"integrity":"sha512-QO3zR+CsGNtPpb7OICVsCwLaznuy+8Kqm2b8hpC2SXE0CdjiZk87OvA+IPwn53XdDLMpdn+Bzn4xX7zXu8jWfg==","mode":420,"size":2994}}}