{"name":"unist-util-stringify-position","version":"2.0.3","requiresBuild":false,"files":{"license":{"checkedAt":1768031009004,"integrity":"sha512-cQvy4TvDNGTww5W7wo7SHRjv/0G8g3u/v8V2BhwwrAM+M5M2Z7W8hy+cQrU+e4exnULY2LrZ0EQqBk6Fj/Sdrw==","mode":420,"size":1099},"index.js":{"checkedAt":1768031009017,"integrity":"sha512-3Hc4RNWXUaZLDVBNE6l7t+xYwJAx64AQVPHmd6r1f85yDrGNuvab1euPQr9FJTJkrI/VHFavmVc3DbognsjDTg==","mode":420,"size":890},"package.json":{"checkedAt":1768031009018,"integrity":"sha512-X+TXQeOPh18QbuzhhTZjANvYtwKwiHvYj75ptVurxUbeGhHNNGRoH/xN3bdsga+mhJ1uOMDIQXszKAzRRZItLw==","mode":420,"size":2245},"readme.md":{"checkedAt":1768031009018,"integrity":"sha512-0Hm6Zxsb9ghLinE4Aj+a0VW4zcZXUXy7Y13oMHlE36iCy+S9mlyvCZHd46CgHKIAFQuazQNHGWVykwp10HR1JQ==","mode":420,"size":4094},"types/index.d.ts":{"checkedAt":1768031009019,"integrity":"sha512-FS/5sCCrWt2/H9lsbbW3Algdb6QwGU5TC6hs1DJnpM3HiiGnwrjR1D9s4jT5Xc4jyc5c1ROa/f/fl7ZiDqNb1g==","mode":420,"size":203}}}