{"name":"@iconify/types","version":"2.0.0","requiresBuild":false,"files":{".prettierrc":{"checkedAt":1768031006982,"integrity":"sha512-OcrPZNqXs8ek5a3zXMV0saMxARXnMDHMZaTfTJp/SvtCWufomA6vAwl8/B84lZh7+AM5X1N89aBhTuMWmuPHXA==","mode":420,"size":132},"provider.js":{"checkedAt":1768031006983,"integrity":"sha512-ocAFzAJyCUdANURBs4fVqndk8izEz2svtGRRt22oQzv0AGAqFNwf1LXTHM1hU5UMmo43fJHvnYSOiBuS9u1C/g==","mode":420,"size":70},"types.js":{"checkedAt":1768031006983,"integrity":"sha512-ocAFzAJyCUdANURBs4fVqndk8izEz2svtGRRt22oQzv0AGAqFNwf1LXTHM1hU5UMmo43fJHvnYSOiBuS9u1C/g==","mode":420,"size":70},"package.json":{"checkedAt":1768031006983,"integrity":"sha512-1m3kDnldbZ5SMe3DIze7aGWdQFSMTLdITk0ipKNv1e6yNiHSFrzalsyjXjz9ANYaXhcH8n3o8/aqnt6fhu0Lmw==","mode":420,"size":596},"README.md":{"checkedAt":1768031006984,"integrity":"sha512-DsSO2LoZVlKC2nKFKhbmp2uLTCmxb3MKhQoF20wI3idGNF1InkNBABujNlgU1VkbqlDIgyQ0H5W+YGCvzEK7Hw==","mode":420,"size":15651},"provider.d.ts":{"checkedAt":1768031006985,"integrity":"sha512-ztaa5t8KvBHZUuIkwVHJS5e93zhCejm742IYntd8UUwvaJLBiW+Kbuh+w9RXYaZVLYieQw1UaVPtEEj0vsnr1A==","mode":420,"size":1074},"types.d.ts":{"checkedAt":1768031006986,"integrity":"sha512-RuwN8W4dYLB4pKcWLiu4+AmOaqdHl68bmQI704tRyfwRUieBbXofdhN63U3VGkXUMqY/ipgfA3Pe3KxJlxz8Hw==","mode":420,"size":6669},"license.txt":{"checkedAt":1768031006986,"integrity":"sha512-nJpml3k2XAcyVy5SzhRfVnYhZhasSP6fRNREfaIsr1JtwFNBrMrMtQGqeNDZQhLP4lkjklQaVjjqWGIKY4aZDw==","mode":420,"size":1096},"pnpm-lock.yaml":{"checkedAt":1768031006987,"integrity":"sha512-leX47GzLjuMOwYttxPSPBEkL/kHc9hWD6+/lqKcgWgUU35mDXbcLGV+LYiS0FDtdHW+rUqzuWPqufUKWieySKg==","mode":420,"size":313}}}