{"name":"@ungap/structured-clone","version":"1.3.0","requiresBuild":false,"files":{"LICENSE":{"checkedAt":1768031009168,"integrity":"sha512-OqTQGEp54OXbHtp0N5SZNuHZkQBYjL9pnOEbnB+kXxErxXUKhnFJ1TmFLwL0W5IbzEiFuwEGyATCeSp9slzsgA==","mode":420,"size":765},"cjs/deserialize.js":{"checkedAt":1768031009169,"integrity":"sha512-H6TtkoCG5QJJ6SKTcuZSZy1+5eB8Fg3Za8T0a4J5el4hf2ryu4+xZhUm4GPUXTNQSZco/QGJ74igfc/7TLhodg==","mode":420,"size":2210},"esm/deserialize.js":{"checkedAt":1768031009170,"integrity":"sha512-QG1uCFJDp2nfB8ks+b0YiL2QmxXzAQqsE6HNzYslTF/QdAXKe4yrRg+svEI+WRiEPFboR2MuP11r++aqMhKQbA==","mode":420,"size":2169},"cjs/index.js":{"checkedAt":1768031009170,"integrity":"sha512-LHh1WUrYSmtn+QlRU+en04pMrq1/Sy+mwCV27Wt2yx3rJF04OL5NjvuXVY1bpZDON5QKvn0DAlIYDne/NubOYQ==","mode":420,"size":941},"esm/index.js":{"checkedAt":1768031009171,"integrity":"sha512-Ojeay7tlXQ/+3+Ie0ciB+XCM9E8KPCLvF31tYuZEyBEZd9q2kLKHk+GwzWkx3z5hdXwFoS/omvh3H1aN7z8qjQ==","mode":420,"size":829},"cjs/json.js":{"checkedAt":1768031009171,"integrity":"sha512-eLgoEYCKqZ/ZICtpxOsVhVLIk9D6eUZxRz3yHTGGQKHRMy6ddSUjKTbLSSxiPq212r0miH+5he3KB6cyQwrMCA==","mode":420,"size":754},"esm/json.js":{"checkedAt":1768031009172,"integrity":"sha512-zVO7PLueDJCAQ3GmqrUuVao8gV4nJvu8zlZJ0iEtOUibCvqG9Rwq4QLQvIb1gvmW4qecW+yZ+lDbiqcor/4zrA==","mode":420,"size":690},"cjs/serialize.js":{"checkedAt":1768031009172,"integrity":"sha512-HPpk/CVEn1gApGYN1QRp+1s+28SVuDYri0kLpn+3Wpf5bymgzjIY0cTbxFbtGv7d8q/x4pPRQTyz1Q42TsoT3g==","mode":420,"size":4451},"esm/serialize.js":{"checkedAt":1768031009172,"integrity":"sha512-mDbkkRsd+QBJPWKdABHek+MPekCoJodkMT1J0YMx//cnmfPl7dpBuLhzzf7VoUWjrpNb9PqUO5P2sfLFs6lQSg==","mode":420,"size":4414},"structured-json.js":{"checkedAt":1768031009173,"integrity":"sha512-bbAmkFVoCfy1OFv/D/r3aU/Dg3RVg2+g95VGHHKfYYK3uOKcYQK+GsC48zb9il/cd6Hv2a8e7VxGHK3CaT1ndA==","mode":420,"size":2648},"cjs/types.js":{"checkedAt":1768031009174,"integrity":"sha512-pvXO7KiDV0ogh7kMHx7ADd5XcLVe2fI2dv1agcmncCcQ8pH5eQU794BxykjD86FV2RDS7hDxFBDi4wDYBh8erA==","mode":420,"size":495},"esm/types.js":{"checkedAt":1768031009174,"integrity":"sha512-WyeoAFPfW8S0+Y81HWMGKH6JgmCnihs/5Z6hklANOPXJDaHXKRq8H7ZLm0XnkjZuOoYGT8J7K4sYRf3SPuJWNQ==","mode":420,"size":319},"cjs/package.json":{"checkedAt":1768031006724,"integrity":"sha512-ZcZkWKviEBAyzdG1DKbmQ+DDaNCd+mzHAGsz7YFeEGuyD5r/EYGBgH59+fXU2Nl5Zwmx7Jp+BFRCMWNv34/fQg==","mode":420,"size":19},"package.json":{"checkedAt":1768031009174,"integrity":"sha512-iVST2Vq1Y4L4/nMHjOzD0ZYg3iTf/lqSRGbhDZmGXVCZDN/4qd3WHOHsjY7aoLORk1jh08snTDPdSoX1H6Oulw==","mode":420,"size":1368},"README.md":{"checkedAt":1768031009175,"integrity":"sha512-YqWR5Cc3stJamrugcbnWHoWY6Co7r3kN3gzTJl+Krpuc4xKNpIJIfz1m8+K2SxRN5sl+qsiaJuvncDemQUD+Kg==","mode":420,"size":4556},".github/workflows/node.js.yml":{"checkedAt":1768031009175,"integrity":"sha512-fCiNbrgUAi7EvxK4AhkhkTSHlqm03kT0LrzZUYlLgcsgSNH9O6Si3B0Ao9Z8Cmf2kYA7jakhlZ7GonCCwqzMbQ==","mode":420,"size":872}}}