{"name":"@rollup/plugin-commonjs","version":"28.0.6","requiresBuild":false,"files":{"LICENSE":{"checkedAt":1768031008105,"integrity":"sha512-+MNMf6Un82mOjt6EL3mKgq094wsLdm3KbCSStF8EU7VRzI9wDsofMWGddLacEU23NCrQfFAH5RjWjg4Ubw9Ppw==","mode":420,"size":1151},"dist/cjs/index.js":{"checkedAt":1768031008106,"integrity":"sha512-vVRwlT/iy1kG7u7Q+1AtG3lfymQyv2IdxdIe7FZc/SBcVyAnODyIUhY7orVe2oip+2yI/n059kAmNP2JStlCfA==","mode":420,"size":76187},"dist/es/index.js":{"checkedAt":1768031008107,"integrity":"sha512-aUjbZE7okTAbaZ+1BIiMj7eHVuXUPTRH1qMQHL20XZwN8Z4EXnUWeBDXOabjoq7Ep3ClF98eNWgvAe6dCnL7WQ==","mode":420,"size":75936},"dist/es/package.json":{"checkedAt":1768031007895,"integrity":"sha512-Cj8csVIsbnWVGGqaVO0HP/pZCybH0xsId/Gckl+EcDfp+XIGa/7WJgmxkOsrwh/3sxUU4Iw95keA/vWYLLsh8g==","mode":420,"size":17},"README.md":{"checkedAt":1768031008107,"integrity":"sha512-Wss6WqEAmRsOvsDr1t86M3PdpP5lCmwKhZ67OzVkmq5O097xWbn5xo3wdKiL/KnSGVSjqriIovgup9+aDIpjQg==","mode":420,"size":20783},"types/index.d.ts":{"checkedAt":1768031008108,"integrity":"sha512-h2k4iixxTkOHURsiQmsXPKac505nx79khqRUUmIo3kImFONXpMaiiJNquJZiUS5qb3kFz4uHiaIU2CGqBLcdQw==","mode":420,"size":11113},"package.json":{"checkedAt":1768031008108,"integrity":"sha512-3DLW3NllwjFr1IM1skXfvVWOD1n5rC+0ELIn21U9zYHpFZ8QpJ5zdgNoE1km72jfb8FzuTw9zvIEfVhoVe++bw==","mode":420,"size":2342}}}