{"name":"file-entry-cache","version":"8.0.0","requiresBuild":false,"files":{"LICENSE":{"checkedAt":1768031006704,"integrity":"sha512-Q8Cz8Ip3+wmt8KzV10+MGrXdlO3NWGSZIbdyeU/zhEJ//pqA1Hgu9QpAa90U6Xt0Df4piJvUe3hKYNYyXs4FOA==","mode":420,"size":1086},"README.md":{"checkedAt":1768031006705,"integrity":"sha512-k//zpRunEYTtJrIlycKuUcZX/5xDvcRrbAsHeavsUuQDL2H9TKgDjOhFf+vasyNIQWjLA1UW94ExaQ5mWoa/LQ==","mode":420,"size":5495},"cache.js":{"checkedAt":1768031006706,"integrity":"sha512-h5d4DHDGeSa/LlTA+9AUnUzIQNfE6eQFNAYPkkArpo9oAf8KQNTnSJYb/TPA6ED0chqmlxRAW1Wz5GXZJ/O/aw==","mode":420,"size":7892},"package.json":{"checkedAt":1768031006706,"integrity":"sha512-LSqCbOhVAMldnLAY0IKdq423JxxrEhed59cEst+CRlwsmLGOYejNGJ8PWIx9dH4Vtv4lwY6Y+MogL7Z3bUPHQg==","mode":420,"size":1549}}}