{"name":"@shikijs/themes","version":"3.9.2","requiresBuild":false,"files":{"package.json":{"checkedAt":1768031009794,"integrity":"sha512-BpWAFBnqk2D75CtaMWTPxBqT9AyQskqM4wqK22tcpjJpYDg6XjpVjkEhe6cusCqD5f3cqIGp/Qf0q9jkkJQyVQ==","mode":420,"size":3965},"README.md":{"checkedAt":1768031009794,"integrity":"sha512-NdEbec3g5jJZ++HPoCPWyqFctEJJ5vIHVV8NKq1s2SYrPU0zqwhKKEpSVS0oeprNmg0Heu55f6Wrc88vhDJYsQ==","mode":420,"size":63},"dist/andromeeda.mjs":{"checkedAt":1768031009795,"integrity":"sha512-fqr0e3r5AaP0Ybzj2s8TzIsTGO31mPr8W4wfbcBCHv1OVZuvMbmBBAM2u0snHE0bKoMix3Ik/HqfNLqkePNi/g==","mode":420,"size":9740},"dist/aurora-x.mjs":{"checkedAt":1768031009796,"integrity":"sha512-AhHo0pP13nQQSa+4mNLZNN8c5D+t71B5EpOPGmOMRS0NFu2WfIaUDy11DSCzkqfr8wncc7uGjwHDoAaDNjAkOQ==","mode":420,"size":14878},"dist/ayu-dark.mjs":{"checkedAt":1768031009796,"integrity":"sha512-zMcLI1M2Keqbfu6ibzRzlmfYFZBJ3ad95hBtfn7YqjKzWd0KIOGNWgdcJEF9QNag6osWpYbMckxcW+Fuvma1GQ==","mode":420,"size":16638},"dist/catppuccin-frappe.mjs":{"checkedAt":1768031009797,"integrity":"sha512-MP8JC95OH3qeuZgDKE+aqZeolWwJvGtHIksAUrM9htEAAY9q1sjoCoz537hIQ7lgDrsKmmCtTZG8pZsVzRv71Q==","mode":420,"size":51632},"dist/catppuccin-latte.mjs":{"checkedAt":1768031009797,"integrity":"sha512-w+QtQ0JqQclWhIZFJ48a+fsav4BHRITb2922uwklc8J9zD82pS2uNqNgmC2ctM8SAkIGPVKY66Etva8vlAOMgw==","mode":420,"size":51629},"dist/catppuccin-macchiato.mjs":{"checkedAt":1768031009798,"integrity":"sha512-gK//NF+OhdJ7TH7JG8t/MDWigMyAaXKqLr9X/1HKsU+4B8iiGfC8uNUiCd44ZM/Z2/TQq7lC+0jVk+exzBmxTQ==","mode":420,"size":51640},"dist/catppuccin-mocha.mjs":{"checkedAt":1768031009798,"integrity":"sha512-BkIhalHwfJoGeEbZDMK1cnDdKCrxA03TKbnTpywkx0cUCuCkblNX0kL01nASFdqCQAUIMUXkmD0MkUTV3fEQqw==","mode":420,"size":51628},"dist/dark-plus.mjs":{"checkedAt":1768031009798,"integrity":"sha512-pEdgQhSlKNtT+GVGvQhwtvFbs27d9Mx1kR8qSkVceUv4P4Ba1236orzNqRqiAlGkdWLEZgyXCPONuLivA3Wdxw==","mode":420,"size":10119},"dist/dracula-soft.mjs":{"checkedAt":1768031009799,"integrity":"sha512-kAaDcMdTyLhQZhGFbwZqGuX2Lyvq8Ke9jJKt9OOKc6ryqfeVZN42blqYXk7uONPk9DmmQvN6Y7usoTf5V5uTDw==","mode":420,"size":23137},"dist/dracula.mjs":{"checkedAt":1768031009799,"integrity":"sha512-MpSXueYmvxULTHcKHuM+6ItgzLwtSgmLC4MfdgrLBZylxO6k73r4iDp3PTenvaTcCMw3rK64E2UW9ENTusTJfw==","mode":420,"size":23122},"dist/everforest-dark.mjs":{"checkedAt":1768031009800,"integrity":"sha512-lU2uj49sZBQvy7U1J9QbW+Gmlnu8ZxGK9DxwrV9ycHDkyanJNQKNQbZzyZHCm515g+iMOfqTnby218UViWs0nw==","mode":420,"size":58495},"dist/everforest-light.mjs":{"checkedAt":1768031009800,"integrity":"sha512-zRNoOI20nxgSwjbn/YS2IOFgB+ecEC01Lg1GafyMyR0pGD69qKnvLKqXe3CZKnC2keHk3b5/kOFERBDcRVRxBA==","mode":420,"size":58499},"dist/github-dark-default.mjs":{"checkedAt":1768031009801,"integrity":"sha512-Pn8glOIH2Nj61XTkzOdqTqUnAjpFQ5wB5m2M5lOLoBa3tXFUwlPfRZgl7trHwBKzvB1Gn97Pj3FbHaF3drmjiw==","mode":420,"size":16087},"dist/github-dark-dimmed.mjs":{"checkedAt":1768031009801,"integrity":"sha512-9bL2YEe875dfuqN2cXnawhypn4tx9Qs8C7dl27ZS+j9fwHTprBz5GsqLlpA04tSEseg4kz5qGTdOk1xV3qU6ug==","mode":420,"size":16084},"dist/github-dark-high-contrast.mjs":{"checkedAt":1768031009801,"integrity":"sha512-ZxGgDyruH7F41YE9il6HOR5Rw15eAeTBxq6CBtEgsSEwwirZ8k44Uyxe+JRmoa5/jD0RySOv3Qeiu94m5mEP6A==","mode":420,"size":16269},"dist/github-dark.mjs":{"checkedAt":1768031009802,"integrity":"sha512-ejREE9utZU3xmtmv95xVr3MbqUdNrNxN0zit9UZG9+ySkzF+pOQvsmlroCsSZNetUgkYk/knAXLIRUBz1p+6wA==","mode":420,"size":12745},"dist/github-light-default.mjs":{"checkedAt":1768031009802,"integrity":"sha512-jGt+YQkQr2DjNQSwiF8kt4GJZ8y8etPTKzYycxTUmy564go8gCqfkJ444TcwJL7sn49z35yNO0t5X/hqXvCggA==","mode":420,"size":15775},"dist/github-light-high-contrast.mjs":{"checkedAt":1768031009802,"integrity":"sha512-MQMl49jjGGxOaGYewUDkGT6J2apblDHWHLJG96IZ3mbewvUUTINwkPHf0JdWQ7jWkuw5dzaouQDwxbm0f+CW4A==","mode":420,"size":15912},"dist/github-light.mjs":{"checkedAt":1768031009803,"integrity":"sha512-QqFJxYlohpWN2dY4NERbDJKdUGD0UQpRYLMqSwma6M8juZCgWCrl+0eUmgFo2g8oJ6t8bw6ttvNH5Q6ZcI+FAQ==","mode":420,"size":12509},"dist/gruvbox-dark-hard.mjs":{"checkedAt":1768031009803,"integrity":"sha512-kCcF4dIwFHFhEyaO9f7MjQ1lVW6rA6EtKEcxINEzG7/a55g/qtHh49L2+iJpPM13hbuaT6n68jkb6GQbsdIwpg==","mode":420,"size":24415},"dist/gruvbox-dark-medium.mjs":{"checkedAt":1768031009803,"integrity":"sha512-EnE4/aPT7+5Cc4pNxKd8uLLFyLe70cLuTDbNqUBYtLOTOmrIbx3U4QTXiGHxspncsJjAyUMk4NmiuReFQVeggA==","mode":420,"size":24421},"dist/gruvbox-dark-soft.mjs":{"checkedAt":1768031009804,"integrity":"sha512-I8n5QvJ1j23uaS8MTOJBIYM6gikwfBHTHPeLeHLGwjsdNf2nBtTmylt1PQyy2wIEuje6ysvxVhXKh+9LxJEd8A==","mode":420,"size":24415},"dist/gruvbox-light-hard.mjs":{"checkedAt":1768031009804,"integrity":"sha512-uvs5LNDHOkj9xj5ckz5et1fVnjzRxBGy/z4TJeD5k58jGaWNq641uYdrhVIoye0aSvaqTO5A4L4KaIHN5DxM0g==","mode":420,"size":24419},"dist/gruvbox-light-medium.mjs":{"checkedAt":1768031009804,"integrity":"sha512-rNrd9p1iyAF/PaqNYtkd1LHO6ygUJSKUqu2xSnmvEjr9dfMmCmnCt4ESqw/aV8SVNPvR8GokmsZhG9JZvLUXZQ==","mode":420,"size":24425},"dist/gruvbox-light-soft.mjs":{"checkedAt":1768031009805,"integrity":"sha512-n557rL7ha7Yax3dCKB68WQ56ExOkxR4lgbn3GNxHZESE7sN8m0jfeN7bYt0cvJL4sD0w01vN5lcbJG3s63Fs4g==","mode":420,"size":24419},"dist/houston.mjs":{"checkedAt":1768031009805,"integrity":"sha512-5yM7JPh4vRMWW4LJBPONvcR+mTvhypFgUDk8h8nktoOl2maHvJbVkNqIMDfgFCrjIn5Um1z3bq11p0HNnQR5gw==","mode":420,"size":38990},"dist/index.mjs":{"checkedAt":1768031009805,"integrity":"sha512-8eps/aE3yf8eSQTtTRDVSOiPDYVv/LsdIrfinVIFoAxNh/WC1gjN6YG9dZUicgx/r7IBBSJ0UkH+k/ZB7kxesg==","mode":420,"size":1197},"dist/kanagawa-dragon.mjs":{"checkedAt":1768031009806,"integrity":"sha512-fjiyp48bqFaTvHmdQcaXL8SMk1cJc91InGlw6P5jJJD0F3egtF9nl0hMPUOnPBLFH2wnRVPubFFicwMgqYPQPA==","mode":420,"size":18759},"dist/kanagawa-lotus.mjs":{"checkedAt":1768031009806,"integrity":"sha512-EkzXKHm6YC4JBhFofJ2IJH5ZgXMvKv/80O3GByVeuSkQStrtg/eaa5dZrKlU2cAGYkmmytH0TmxTeUabUdufqA==","mode":420,"size":18757},"dist/kanagawa-wave.mjs":{"checkedAt":1768031009806,"integrity":"sha512-MRU8o9QcysL5R5+4MvgET93G3FDZSqvHSn5Q+jA2FbFuKs5/bb7V1eHeHZUQaArjPxatfd439ygkeIB9VMnXUQ==","mode":420,"size":18753},"dist/laserwave.mjs":{"checkedAt":1768031009807,"integrity":"sha512-4r3moUEMo+u5Wr9/zDHfk0+hma0KVbC/SDMKEQNWwGgbrfwKGd8t/iqNVaaBepMjAiO76inIONjT54E8XYXfbA==","mode":420,"size":12481},"dist/light-plus.mjs":{"checkedAt":1768031009807,"integrity":"sha512-DouDZJMN6we1jjHG3G32xM2AhJRr5xYs/D52nmlE8nG447IYA+bQXB4YxHBAaCeET9q9H70K/vzQkyNCdM1d4g==","mode":420,"size":11014},"dist/material-theme-darker.mjs":{"checkedAt":1768031009807,"integrity":"sha512-YqFrYcG7wJzGbAIeYK4ABrETKW/6uCN91A9rLqa7p6U9qcrxbbaqV8TH3OXvZq/N3PSTUlJZguUOlEKNZG1D/A==","mode":420,"size":20383},"dist/material-theme-lighter.mjs":{"checkedAt":1768031009809,"integrity":"sha512-6Pee8EtamOYSVOnDz6EDhmwboS0rZaU5tmG4K0Net8BMv1C2NYqhRLABvlniEAqO9ZU3HYm/D2I2Lw5dUh6ylQ==","mode":420,"size":20389},"dist/material-theme-ocean.mjs":{"checkedAt":1768031009809,"integrity":"sha512-qeOfBsHPxAk1W9gwBCPAN6z2d/VxAsIVdGrOKdgJEOnRiJ9sRTthgWBNrvl5ACcai4KIAN3j5xxWIXPP3FF/zQ==","mode":420,"size":20382},"dist/material-theme-palenight.mjs":{"checkedAt":1768031009810,"integrity":"sha512-igBJ22y6anlHdiaxW4qilA6VbGrkMA+2MyJ3VrPBogGCrH0TEy/Wc3MCXh0wBSJHyKIrvgIuYtffbnTEf6LPqg==","mode":420,"size":20392},"dist/material-theme.mjs":{"checkedAt":1768031009810,"integrity":"sha512-jmosC4dOKvGWj23xwmIRbOwDr4U44S4KwmHfOSSkSf5cCt9Alz6kFyEi8cMRzbuEH80FFaG0L2zMzcRqRHtQgA==","mode":420,"size":20362},"dist/min-dark.mjs":{"checkedAt":1768031009810,"integrity":"sha512-x7IoVb/WHAEzl1dcXej4q6HkN1t+0PphJwCoH9wd7BF11VP0Ffsgzrmny35cyaRB1lOFGxcwu0jd/YFPVGMKRg==","mode":420,"size":6980},"dist/min-light.mjs":{"checkedAt":1768031009811,"integrity":"sha512-KLG139Hdqqw/CtzkIHuFKm/I0QfSHIGGlSkYFBCfFb4RUSl/gmYO30E9TliS7nQZrIB+YketBUuMmcEW65AIlg==","mode":420,"size":7739},"dist/monokai.mjs":{"checkedAt":1768031009811,"integrity":"sha512-JaweFKAQhpJ3k8BcJDeoIy9wilLNEveWhaR8hCA6KG7WGZ7+NKMdU+n5c1mCBNQO7LMl14I+6oMDS5HFySvXNw==","mode":420,"size":8870},"dist/night-owl.mjs":{"checkedAt":1768031009812,"integrity":"sha512-6UAdNsCorsf3z1c/8bp5zuUhYaoYkQy6GHcsEpTUodYqbmdU2Nvjd/hU4FWDoj/44Ha1fyHsZDLm58GOPjwJWw==","mode":420,"size":32203},"dist/nord.mjs":{"checkedAt":1768031009813,"integrity":"sha512-limh3WEYeb02L9fdTVOdPsJH++XR0TKxonq2nTM6VacImTlmRxK3Liz/7c/JZIrZBR0WnvLspQSFsMwuPZ3sOQ==","mode":420,"size":29510},"dist/one-dark-pro.mjs":{"checkedAt":1768031009813,"integrity":"sha512-dNisZIkRUDIYLZ2yrg/T2Mnw4qYodpRPv3vA1nwLC3sYzFM2ib1ri6t5zgqtFy5cq3tyXJvdM7bdACQsCo7pXQ==","mode":420,"size":37268},"dist/one-light.mjs":{"checkedAt":1768031009813,"integrity":"sha512-MxD3UEjxgrrTKiDkM99PbVjcqppRGT2bJDz9jMp6J/36/LEyJ6UI8ayMJnzQTszJTdrXLKNNfmTZg6n7r5jg8A==","mode":420,"size":28042},"dist/plastic.mjs":{"checkedAt":1768031009813,"integrity":"sha512-sy2O56WMX+Q8whvh4XRHDQNM82mTKeMPn6OjYY3bfMeKNhv11OJ7WrVdyRup3Jmx+fJ+YpPIZM14b5bqJFgmFQ==","mode":420,"size":10273},"dist/poimandres.mjs":{"checkedAt":1768031009814,"integrity":"sha512-kZZUwKyrP4OPy2D9LXKfLtewBbyyy6yn2dluzySpeqzcJtDo7i3L98hG1EHqvgoxq7ZNKgpNooe2ajMj/LyyHA==","mode":420,"size":36593},"dist/red.mjs":{"checkedAt":1768031009814,"integrity":"sha512-IejR/7ytnfgsENuKvqsVwdefeRZkrRo0RLSE7IzAqXFsUfrJlwntns/uDiIryEAJXy8Jmfh55RW1gnLJB6GplQ==","mode":420,"size":7048},"dist/rose-pine-dawn.mjs":{"checkedAt":1768031009815,"integrity":"sha512-x+TaLLRVB1OiBXghnzMoFevc/3X1dUJy/CMRcRF+T0p7JRUFnzHJoQJz/MZ02nNlPhgUms8T+Gpm2WUzuWpypA==","mode":420,"size":24013},"dist/rose-pine-moon.mjs":{"checkedAt":1768031009815,"integrity":"sha512-4Uwd4c+SHkLUIoKr40HWO5lH9kkOST4BjpyyHJo4Ngeyj/DjP+QQ0g2zUp9mOrbZvVTQNuPG5tV0fNs0Jaa2nw==","mode":420,"size":24012},"dist/rose-pine.mjs":{"checkedAt":1768031009815,"integrity":"sha512-kp2XJphq7YqQhUMtkfLrKsl2cvcEcrIgdd1WZFeSrkEUm96+5zu2XwP2n9Ltd01M5ZJ9hXdLm9k/ty+NQ1zceg==","mode":420,"size":23997},"dist/slack-dark.mjs":{"checkedAt":1768031009816,"integrity":"sha512-L/F0c4B3qITidn8Rpvh1ilgOExccK9pJN0RXJLNOPTdD41x7/Nb8yEtbaSOkBx2Vx9yODxOaap938iU9QRqoVw==","mode":420,"size":10164},"dist/slack-ochin.mjs":{"checkedAt":1768031009816,"integrity":"sha512-y7a0QpagBdLKyrrI6tF0cv8vlq6Cuo7gPe10UDUfqAsYp0aZTobVDyj0KfEWPKoUs9OKJRqzxgMdFtfiBLo/3w==","mode":420,"size":10571},"dist/snazzy-light.mjs":{"checkedAt":1768031009816,"integrity":"sha512-Fppa8CfXOuvvsLYHm74XWssHSikgAmk48vpqLBTMHQPXYrqnsnauYgJAGANDlzQTMBb5nDIgOkafAThX50fkpg==","mode":420,"size":23098},"dist/solarized-dark.mjs":{"checkedAt":1768031009817,"integrity":"sha512-huhJ+xOO4myC86y9TB3pcQXh4CsL74YAPHJcK1cJLedVABsIXJuSS6ym8Nic1KX+oo522AbiumlpF2/OnS4GKw==","mode":420,"size":7707},"dist/solarized-light.mjs":{"checkedAt":1768031009817,"integrity":"sha512-RzHEKQzbWNYrMTy3BOngl4RaewsbVA9M+1pxVnW7Ir4cUQLxCT1nEZJkrEfQxI8RJPpxJ7M7paLU7zDPiLXlnQ==","mode":420,"size":7310},"dist/synthwave-84.mjs":{"checkedAt":1768031009817,"integrity":"sha512-aNZ+vgSE2lDLiRdoM2ejwzDFIGBFNTZJn3Avl7k2SBzxxTl/OPP6/GXEg8QCNYzp/pRNoceMLi7qpxCWNWTHnQ==","mode":420,"size":15637},"dist/tokyo-night.mjs":{"checkedAt":1768031009818,"integrity":"sha512-P63Wo73E9971HHpxJbFg8Y1Vwo3TWfhvEoJisSSF45YtNwINhIp5Iwuoe7vB3k1sIuEH8IsKIvV+DsDcfOv0hQ==","mode":420,"size":38801},"dist/vesper.mjs":{"checkedAt":1768031009818,"integrity":"sha512-kL/nTEQbDB1bCWxeLy2+YpOv//qiJbOcC+hiJi1NzxOdsRzurYBGxfAQlBKnhZXbOcDHX0IBqX1xG3XbaooZAA==","mode":420,"size":13765},"dist/vitesse-black.mjs":{"checkedAt":1768031009818,"integrity":"sha512-P4OdrzSYJXDkQNGbjLbpjXjxpQaK6empXPjH+baAUzuoFRW9bKomb23bVrnxfwmjVd8i78j2MsuhOkTOiFFUwA==","mode":420,"size":15243},"dist/vitesse-dark.mjs":{"checkedAt":1768031009819,"integrity":"sha512-2hrU/RS4KV2JTW04z2BGScIFdXFiUs5LODeMUD82ZFstCH+DUmemBIwyD7SrAnv2MvXgWwjqJKWR/IvfY6c5pA==","mode":420,"size":15324},"dist/vitesse-light.mjs":{"checkedAt":1768031009819,"integrity":"sha512-W/9iWbXRG7zVKvGeOZomMkRFc2ia7VpU/7rtcgZFmkMKQP4I7K0QF2qzAyuyVSGmgnEdNtbf9aLsw59jA3kTgg==","mode":420,"size":15174},"dist/andromeeda.d.mts":{"checkedAt":1768031009819,"integrity":"sha512-29QhjUxsjuSOABnaKXSKgQE4A5rG7p1kmU+JHiJjAZ9vrULl59SH2u/dqkwxHYgeYkSHDAZGvx0S5/twwdpCDw==","mode":420,"size":107},"dist/aurora-x.d.mts":{"checkedAt":1768031009819,"integrity":"sha512-29QhjUxsjuSOABnaKXSKgQE4A5rG7p1kmU+JHiJjAZ9vrULl59SH2u/dqkwxHYgeYkSHDAZGvx0S5/twwdpCDw==","mode":420,"size":107},"dist/ayu-dark.d.mts":{"checkedAt":1768031009819,"integrity":"sha512-29QhjUxsjuSOABnaKXSKgQE4A5rG7p1kmU+JHiJjAZ9vrULl59SH2u/dqkwxHYgeYkSHDAZGvx0S5/twwdpCDw==","mode":420,"size":107},"dist/catppuccin-frappe.d.mts":{"checkedAt":1768031009819,"integrity":"sha512-29QhjUxsjuSOABnaKXSKgQE4A5rG7p1kmU+JHiJjAZ9vrULl59SH2u/dqkwxHYgeYkSHDAZGvx0S5/twwdpCDw==","mode":420,"size":107},"dist/catppuccin-latte.d.mts":{"checkedAt":1768031009819,"integrity":"sha512-29QhjUxsjuSOABnaKXSKgQE4A5rG7p1kmU+JHiJjAZ9vrULl59SH2u/dqkwxHYgeYkSHDAZGvx0S5/twwdpCDw==","mode":420,"size":107},"dist/catppuccin-macchiato.d.mts":{"checkedAt":1768031009819,"integrity":"sha512-29QhjUxsjuSOABnaKXSKgQE4A5rG7p1kmU+JHiJjAZ9vrULl59SH2u/dqkwxHYgeYkSHDAZGvx0S5/twwdpCDw==","mode":420,"size":107},"dist/catppuccin-mocha.d.mts":{"checkedAt":1768031009819,"integrity":"sha512-29QhjUxsjuSOABnaKXSKgQE4A5rG7p1kmU+JHiJjAZ9vrULl59SH2u/dqkwxHYgeYkSHDAZGvx0S5/twwdpCDw==","mode":420,"size":107},"dist/dark-plus.d.mts":{"checkedAt":1768031009819,"integrity":"sha512-29QhjUxsjuSOABnaKXSKgQE4A5rG7p1kmU+JHiJjAZ9vrULl59SH2u/dqkwxHYgeYkSHDAZGvx0S5/twwdpCDw==","mode":420,"size":107},"dist/dracula-soft.d.mts":{"checkedAt":1768031009819,"integrity":"sha512-29QhjUxsjuSOABnaKXSKgQE4A5rG7p1kmU+JHiJjAZ9vrULl59SH2u/dqkwxHYgeYkSHDAZGvx0S5/twwdpCDw==","mode":420,"size":107},"dist/dracula.d.mts":{"checkedAt":1768031009819,"integrity":"sha512-29QhjUxsjuSOABnaKXSKgQE4A5rG7p1kmU+JHiJjAZ9vrULl59SH2u/dqkwxHYgeYkSHDAZGvx0S5/twwdpCDw==","mode":420,"size":107},"dist/everforest-dark.d.mts":{"checkedAt":1768031009819,"integrity":"sha512-29QhjUxsjuSOABnaKXSKgQE4A5rG7p1kmU+JHiJjAZ9vrULl59SH2u/dqkwxHYgeYkSHDAZGvx0S5/twwdpCDw==","mode":420,"size":107},"dist/everforest-light.d.mts":{"checkedAt":1768031009819,"integrity":"sha512-29QhjUxsjuSOABnaKXSKgQE4A5rG7p1kmU+JHiJjAZ9vrULl59SH2u/dqkwxHYgeYkSHDAZGvx0S5/twwdpCDw==","mode":420,"size":107},"dist/github-dark-default.d.mts":{"checkedAt":1768031009819,"integrity":"sha512-29QhjUxsjuSOABnaKXSKgQE4A5rG7p1kmU+JHiJjAZ9vrULl59SH2u/dqkwxHYgeYkSHDAZGvx0S5/twwdpCDw==","mode":420,"size":107},"dist/github-dark-dimmed.d.mts":{"checkedAt":1768031009819,"integrity":"sha512-29QhjUxsjuSOABnaKXSKgQE4A5rG7p1kmU+JHiJjAZ9vrULl59SH2u/dqkwxHYgeYkSHDAZGvx0S5/twwdpCDw==","mode":420,"size":107},"dist/github-dark-high-contrast.d.mts":{"checkedAt":1768031009819,"integrity":"sha512-29QhjUxsjuSOABnaKXSKgQE4A5rG7p1kmU+JHiJjAZ9vrULl59SH2u/dqkwxHYgeYkSHDAZGvx0S5/twwdpCDw==","mode":420,"size":107},"dist/github-dark.d.mts":{"checkedAt":1768031009819,"integrity":"sha512-29QhjUxsjuSOABnaKXSKgQE4A5rG7p1kmU+JHiJjAZ9vrULl59SH2u/dqkwxHYgeYkSHDAZGvx0S5/twwdpCDw==","mode":420,"size":107},"dist/github-light-default.d.mts":{"checkedAt":1768031009819,"integrity":"sha512-29QhjUxsjuSOABnaKXSKgQE4A5rG7p1kmU+JHiJjAZ9vrULl59SH2u/dqkwxHYgeYkSHDAZGvx0S5/twwdpCDw==","mode":420,"size":107},"dist/github-light-high-contrast.d.mts":{"checkedAt":1768031009819,"integrity":"sha512-29QhjUxsjuSOABnaKXSKgQE4A5rG7p1kmU+JHiJjAZ9vrULl59SH2u/dqkwxHYgeYkSHDAZGvx0S5/twwdpCDw==","mode":420,"size":107},"dist/github-light.d.mts":{"checkedAt":1768031009819,"integrity":"sha512-29QhjUxsjuSOABnaKXSKgQE4A5rG7p1kmU+JHiJjAZ9vrULl59SH2u/dqkwxHYgeYkSHDAZGvx0S5/twwdpCDw==","mode":420,"size":107},"dist/gruvbox-dark-hard.d.mts":{"checkedAt":1768031009819,"integrity":"sha512-29QhjUxsjuSOABnaKXSKgQE4A5rG7p1kmU+JHiJjAZ9vrULl59SH2u/dqkwxHYgeYkSHDAZGvx0S5/twwdpCDw==","mode":420,"size":107},"dist/gruvbox-dark-medium.d.mts":{"checkedAt":1768031009819,"integrity":"sha512-29QhjUxsjuSOABnaKXSKgQE4A5rG7p1kmU+JHiJjAZ9vrULl59SH2u/dqkwxHYgeYkSHDAZGvx0S5/twwdpCDw==","mode":420,"size":107},"dist/gruvbox-dark-soft.d.mts":{"checkedAt":1768031009819,"integrity":"sha512-29QhjUxsjuSOABnaKXSKgQE4A5rG7p1kmU+JHiJjAZ9vrULl59SH2u/dqkwxHYgeYkSHDAZGvx0S5/twwdpCDw==","mode":420,"size":107},"dist/gruvbox-light-hard.d.mts":{"checkedAt":1768031009819,"integrity":"sha512-29QhjUxsjuSOABnaKXSKgQE4A5rG7p1kmU+JHiJjAZ9vrULl59SH2u/dqkwxHYgeYkSHDAZGvx0S5/twwdpCDw==","mode":420,"size":107},"dist/gruvbox-light-medium.d.mts":{"checkedAt":1768031009819,"integrity":"sha512-29QhjUxsjuSOABnaKXSKgQE4A5rG7p1kmU+JHiJjAZ9vrULl59SH2u/dqkwxHYgeYkSHDAZGvx0S5/twwdpCDw==","mode":420,"size":107},"dist/gruvbox-light-soft.d.mts":{"checkedAt":1768031009819,"integrity":"sha512-29QhjUxsjuSOABnaKXSKgQE4A5rG7p1kmU+JHiJjAZ9vrULl59SH2u/dqkwxHYgeYkSHDAZGvx0S5/twwdpCDw==","mode":420,"size":107},"dist/houston.d.mts":{"checkedAt":1768031009819,"integrity":"sha512-29QhjUxsjuSOABnaKXSKgQE4A5rG7p1kmU+JHiJjAZ9vrULl59SH2u/dqkwxHYgeYkSHDAZGvx0S5/twwdpCDw==","mode":420,"size":107},"dist/index.d.mts":{"checkedAt":1768031009820,"integrity":"sha512-3y2p0pqfCpOslHImPqx6UzbS2aVRYzzp4ISTPRZ65vHPmekOuD9dfmNyZSHbS1TKRT/pQsJjLAoTnJgkDMopzw==","mode":420,"size":43},"dist/kanagawa-dragon.d.mts":{"checkedAt":1768031009819,"integrity":"sha512-29QhjUxsjuSOABnaKXSKgQE4A5rG7p1kmU+JHiJjAZ9vrULl59SH2u/dqkwxHYgeYkSHDAZGvx0S5/twwdpCDw==","mode":420,"size":107},"dist/kanagawa-lotus.d.mts":{"checkedAt":1768031009819,"integrity":"sha512-29QhjUxsjuSOABnaKXSKgQE4A5rG7p1kmU+JHiJjAZ9vrULl59SH2u/dqkwxHYgeYkSHDAZGvx0S5/twwdpCDw==","mode":420,"size":107},"dist/kanagawa-wave.d.mts":{"checkedAt":1768031009819,"integrity":"sha512-29QhjUxsjuSOABnaKXSKgQE4A5rG7p1kmU+JHiJjAZ9vrULl59SH2u/dqkwxHYgeYkSHDAZGvx0S5/twwdpCDw==","mode":420,"size":107},"dist/laserwave.d.mts":{"checkedAt":1768031009819,"integrity":"sha512-29QhjUxsjuSOABnaKXSKgQE4A5rG7p1kmU+JHiJjAZ9vrULl59SH2u/dqkwxHYgeYkSHDAZGvx0S5/twwdpCDw==","mode":420,"size":107},"dist/light-plus.d.mts":{"checkedAt":1768031009819,"integrity":"sha512-29QhjUxsjuSOABnaKXSKgQE4A5rG7p1kmU+JHiJjAZ9vrULl59SH2u/dqkwxHYgeYkSHDAZGvx0S5/twwdpCDw==","mode":420,"size":107},"dist/material-theme-darker.d.mts":{"checkedAt":1768031009819,"integrity":"sha512-29QhjUxsjuSOABnaKXSKgQE4A5rG7p1kmU+JHiJjAZ9vrULl59SH2u/dqkwxHYgeYkSHDAZGvx0S5/twwdpCDw==","mode":420,"size":107},"dist/material-theme-lighter.d.mts":{"checkedAt":1768031009819,"integrity":"sha512-29QhjUxsjuSOABnaKXSKgQE4A5rG7p1kmU+JHiJjAZ9vrULl59SH2u/dqkwxHYgeYkSHDAZGvx0S5/twwdpCDw==","mode":420,"size":107},"dist/material-theme-ocean.d.mts":{"checkedAt":1768031009819,"integrity":"sha512-29QhjUxsjuSOABnaKXSKgQE4A5rG7p1kmU+JHiJjAZ9vrULl59SH2u/dqkwxHYgeYkSHDAZGvx0S5/twwdpCDw==","mode":420,"size":107},"dist/material-theme-palenight.d.mts":{"checkedAt":1768031009819,"integrity":"sha512-29QhjUxsjuSOABnaKXSKgQE4A5rG7p1kmU+JHiJjAZ9vrULl59SH2u/dqkwxHYgeYkSHDAZGvx0S5/twwdpCDw==","mode":420,"size":107},"dist/material-theme.d.mts":{"checkedAt":1768031009819,"integrity":"sha512-29QhjUxsjuSOABnaKXSKgQE4A5rG7p1kmU+JHiJjAZ9vrULl59SH2u/dqkwxHYgeYkSHDAZGvx0S5/twwdpCDw==","mode":420,"size":107},"dist/min-dark.d.mts":{"checkedAt":1768031009819,"integrity":"sha512-29QhjUxsjuSOABnaKXSKgQE4A5rG7p1kmU+JHiJjAZ9vrULl59SH2u/dqkwxHYgeYkSHDAZGvx0S5/twwdpCDw==","mode":420,"size":107},"dist/min-light.d.mts":{"checkedAt":1768031009819,"integrity":"sha512-29QhjUxsjuSOABnaKXSKgQE4A5rG7p1kmU+JHiJjAZ9vrULl59SH2u/dqkwxHYgeYkSHDAZGvx0S5/twwdpCDw==","mode":420,"size":107},"dist/monokai.d.mts":{"checkedAt":1768031009819,"integrity":"sha512-29QhjUxsjuSOABnaKXSKgQE4A5rG7p1kmU+JHiJjAZ9vrULl59SH2u/dqkwxHYgeYkSHDAZGvx0S5/twwdpCDw==","mode":420,"size":107},"dist/night-owl.d.mts":{"checkedAt":1768031009819,"integrity":"sha512-29QhjUxsjuSOABnaKXSKgQE4A5rG7p1kmU+JHiJjAZ9vrULl59SH2u/dqkwxHYgeYkSHDAZGvx0S5/twwdpCDw==","mode":420,"size":107},"dist/nord.d.mts":{"checkedAt":1768031009819,"integrity":"sha512-29QhjUxsjuSOABnaKXSKgQE4A5rG7p1kmU+JHiJjAZ9vrULl59SH2u/dqkwxHYgeYkSHDAZGvx0S5/twwdpCDw==","mode":420,"size":107},"dist/one-dark-pro.d.mts":{"checkedAt":1768031009819,"integrity":"sha512-29QhjUxsjuSOABnaKXSKgQE4A5rG7p1kmU+JHiJjAZ9vrULl59SH2u/dqkwxHYgeYkSHDAZGvx0S5/twwdpCDw==","mode":420,"size":107},"dist/one-light.d.mts":{"checkedAt":1768031009819,"integrity":"sha512-29QhjUxsjuSOABnaKXSKgQE4A5rG7p1kmU+JHiJjAZ9vrULl59SH2u/dqkwxHYgeYkSHDAZGvx0S5/twwdpCDw==","mode":420,"size":107},"dist/plastic.d.mts":{"checkedAt":1768031009819,"integrity":"sha512-29QhjUxsjuSOABnaKXSKgQE4A5rG7p1kmU+JHiJjAZ9vrULl59SH2u/dqkwxHYgeYkSHDAZGvx0S5/twwdpCDw==","mode":420,"size":107},"dist/poimandres.d.mts":{"checkedAt":1768031009819,"integrity":"sha512-29QhjUxsjuSOABnaKXSKgQE4A5rG7p1kmU+JHiJjAZ9vrULl59SH2u/dqkwxHYgeYkSHDAZGvx0S5/twwdpCDw==","mode":420,"size":107},"dist/red.d.mts":{"checkedAt":1768031009819,"integrity":"sha512-29QhjUxsjuSOABnaKXSKgQE4A5rG7p1kmU+JHiJjAZ9vrULl59SH2u/dqkwxHYgeYkSHDAZGvx0S5/twwdpCDw==","mode":420,"size":107},"dist/rose-pine-dawn.d.mts":{"checkedAt":1768031009819,"integrity":"sha512-29QhjUxsjuSOABnaKXSKgQE4A5rG7p1kmU+JHiJjAZ9vrULl59SH2u/dqkwxHYgeYkSHDAZGvx0S5/twwdpCDw==","mode":420,"size":107},"dist/rose-pine-moon.d.mts":{"checkedAt":1768031009819,"integrity":"sha512-29QhjUxsjuSOABnaKXSKgQE4A5rG7p1kmU+JHiJjAZ9vrULl59SH2u/dqkwxHYgeYkSHDAZGvx0S5/twwdpCDw==","mode":420,"size":107},"dist/rose-pine.d.mts":{"checkedAt":1768031009819,"integrity":"sha512-29QhjUxsjuSOABnaKXSKgQE4A5rG7p1kmU+JHiJjAZ9vrULl59SH2u/dqkwxHYgeYkSHDAZGvx0S5/twwdpCDw==","mode":420,"size":107},"dist/slack-dark.d.mts":{"checkedAt":1768031009819,"integrity":"sha512-29QhjUxsjuSOABnaKXSKgQE4A5rG7p1kmU+JHiJjAZ9vrULl59SH2u/dqkwxHYgeYkSHDAZGvx0S5/twwdpCDw==","mode":420,"size":107},"dist/slack-ochin.d.mts":{"checkedAt":1768031009819,"integrity":"sha512-29QhjUxsjuSOABnaKXSKgQE4A5rG7p1kmU+JHiJjAZ9vrULl59SH2u/dqkwxHYgeYkSHDAZGvx0S5/twwdpCDw==","mode":420,"size":107},"dist/snazzy-light.d.mts":{"checkedAt":1768031009819,"integrity":"sha512-29QhjUxsjuSOABnaKXSKgQE4A5rG7p1kmU+JHiJjAZ9vrULl59SH2u/dqkwxHYgeYkSHDAZGvx0S5/twwdpCDw==","mode":420,"size":107},"dist/solarized-dark.d.mts":{"checkedAt":1768031009819,"integrity":"sha512-29QhjUxsjuSOABnaKXSKgQE4A5rG7p1kmU+JHiJjAZ9vrULl59SH2u/dqkwxHYgeYkSHDAZGvx0S5/twwdpCDw==","mode":420,"size":107},"dist/solarized-light.d.mts":{"checkedAt":1768031009819,"integrity":"sha512-29QhjUxsjuSOABnaKXSKgQE4A5rG7p1kmU+JHiJjAZ9vrULl59SH2u/dqkwxHYgeYkSHDAZGvx0S5/twwdpCDw==","mode":420,"size":107},"dist/synthwave-84.d.mts":{"checkedAt":1768031009819,"integrity":"sha512-29QhjUxsjuSOABnaKXSKgQE4A5rG7p1kmU+JHiJjAZ9vrULl59SH2u/dqkwxHYgeYkSHDAZGvx0S5/twwdpCDw==","mode":420,"size":107},"dist/tokyo-night.d.mts":{"checkedAt":1768031009819,"integrity":"sha512-29QhjUxsjuSOABnaKXSKgQE4A5rG7p1kmU+JHiJjAZ9vrULl59SH2u/dqkwxHYgeYkSHDAZGvx0S5/twwdpCDw==","mode":420,"size":107},"dist/vesper.d.mts":{"checkedAt":1768031009819,"integrity":"sha512-29QhjUxsjuSOABnaKXSKgQE4A5rG7p1kmU+JHiJjAZ9vrULl59SH2u/dqkwxHYgeYkSHDAZGvx0S5/twwdpCDw==","mode":420,"size":107},"dist/vitesse-black.d.mts":{"checkedAt":1768031009819,"integrity":"sha512-29QhjUxsjuSOABnaKXSKgQE4A5rG7p1kmU+JHiJjAZ9vrULl59SH2u/dqkwxHYgeYkSHDAZGvx0S5/twwdpCDw==","mode":420,"size":107},"dist/vitesse-dark.d.mts":{"checkedAt":1768031009819,"integrity":"sha512-29QhjUxsjuSOABnaKXSKgQE4A5rG7p1kmU+JHiJjAZ9vrULl59SH2u/dqkwxHYgeYkSHDAZGvx0S5/twwdpCDw==","mode":420,"size":107},"dist/vitesse-light.d.mts":{"checkedAt":1768031009819,"integrity":"sha512-29QhjUxsjuSOABnaKXSKgQE4A5rG7p1kmU+JHiJjAZ9vrULl59SH2u/dqkwxHYgeYkSHDAZGvx0S5/twwdpCDw==","mode":420,"size":107},"LICENSE":{"checkedAt":1768031009025,"integrity":"sha512-5Oyi8HU/tGbhNDzTBpEbXlDP/g0HnJ+Apx3ZgV/SLjr25kzEDWWBkjuJ9jA1oOpl9+t7JW3RLaiSrWU9mz8XIg==","mode":420,"size":1121}}}