{"name":"package-manager-detector","version":"1.6.0","requiresBuild":false,"files":{"LICENSE":{"checkedAt":1768031076785,"integrity":"sha512-h9eYqW1qjHd9+UPJdCXcR521xuELWuXqGv4TzYOf/Yjcm0MtL3Q6WAm7JNPhtE2VIFV41r1Vhrb0oZS3hijIFA==","mode":420,"size":1102},"package.json":{"checkedAt":1768031076785,"integrity":"sha512-mKBhIGkdCj/4oIP4JI06RtrXoGqIBO9aX1kxNOlNJ6D6Rh7GhYlSyZE+HYF2xejpCIsXdJCfEf94m58GCQo1mQ==","mode":420,"size":1544},"README.md":{"checkedAt":1768031076786,"integrity":"sha512-U7jlPQ5XuT+c6sQE4Prjn8jhg6J/AkmkaolLp5E+PtNt001E20S+Nt+o0SHJJq7T3WFfOpGqcdMWSW4WvtZWkg==","mode":420,"size":4485},"dist/commands.mjs":{"checkedAt":1768031076787,"integrity":"sha512-UmmegPmX1kmyysLbKz/35lrIqONLQ00lHXiR21CSoBsjcxdnvuG0E5DDk7y7bau3zT2IHCRUS7GdzwNk2TyAVw==","mode":420,"size":3975},"dist/constants.mjs":{"checkedAt":1768031076787,"integrity":"sha512-Vni8qcDtEaC4ILlXma3/f6sGUTlHqXR5m5Lb/es3TJmqxK1wK396tmKRbFJqicLcKT3cYyolFGzcFBVA+hohsg==","mode":420,"size":1129},"dist/detect.mjs":{"checkedAt":1768031076788,"integrity":"sha512-wUygroa4bv92C9A/5mWY0Fez2feYhMuUS8upd5IEzNjLqAtjKbbf5MgTIabuAjLMOMtMeLcShs2hC0juC2nlWA==","mode":420,"size":4309},"dist/index.mjs":{"checkedAt":1768031076789,"integrity":"sha512-EBeh5r3fw/P0bj+0w34KYp+Buagw6zFWoREVVmeF7TUJOr+kyyGQ3HhGS85iz37sKhv33HxJw4FoXl3cXk6F5Q==","mode":420,"size":281},"dist/commands.d.mts":{"checkedAt":1768031076789,"integrity":"sha512-GvzHvKhQiIjhEBlfC7n6AJhvzZUvhmB9YYxBtHg2xIADNPSM8Nngtr0NLrhXBQkTYTdoKGAQ4UzH1R+A2KKwnQ==","mode":420,"size":1597},"dist/constants.d.mts":{"checkedAt":1768031076790,"integrity":"sha512-m2Gl7oWHgbZNJzQUvllspKKQl0DnKkIzjfjQTOn8EA7X6sdf3RRpu0CPvDFk973DXahxaWMWEIzqRRUp1jLphw==","mode":420,"size":342},"dist/detect.d.mts":{"checkedAt":1768031076791,"integrity":"sha512-Ox98CryAD4Hcure1dUVX9VOp/ftmBWunbVSX9kQrvGwJBNTx6L/eTSLzbd7n7szpdk+aYXTehUru5qjcDZmIJQ==","mode":420,"size":669},"dist/index.d.mts":{"checkedAt":1768031076791,"integrity":"sha512-Z05o6Mqc+ooU1ovctEmjMbDrdxQjfbKs5YaH03N9FszJZkNzN8x1jwZl1cOjrKZRavh+TXgh6opQBmqOxsAqDA==","mode":420,"size":444},"dist/shared/package-manager-detector.DksAilYA.d.mts":{"checkedAt":1768031076791,"integrity":"sha512-ZPIX8y6MwQgQzRdvUGZbTK2SpHxftaqhjGEivvlRUGW5s4zSSEhDrAq2bsfBf8UyXKoQ6pxNtuYeFGH0/RnsyA==","mode":420,"size":3460}}}