{"name":"webpack-virtual-modules","version":"0.6.2","requiresBuild":false,"files":{"LICENSE":{"checkedAt":1768031011333,"integrity":"sha512-Jbzgh3Mb662smfhXcWA5nM9+ZWrAP7RBejCwjGGxIcKqIFEeDvhLSlP2nsCz5nXi/r7kLZK3J2igZf4MJ9oLeA==","mode":420,"size":1065},"README.md":{"checkedAt":1768031011335,"integrity":"sha512-t3DS1fr7Q5422UL4VVAzfpRTsJTRyZd/SkUm6RIaygyZOVaxWDn8F5TRiibHxK2emCgM+EaCoFMWvDwwE8KeoA==","mode":420,"size":4624},"lib/index.d.ts":{"checkedAt":1768031011336,"integrity":"sha512-JPfQz7gDretORJjhMe91W76B/IV0+exLGO8i5EnSlzSON0/dZ3az8Hpk5v2MSosrLLoo7/fog3swgARNIhLzeg==","mode":420,"size":553},"lib/index.js":{"checkedAt":1768031011337,"integrity":"sha512-o51gxPdh/r0z7TREw1DmK+aWRN35JOQoQWcwIxXDZOrxr7Ad1fWV/Hwsk8w21YhY5AUWBp4Ttw3GY5YU+VW+2w==","mode":420,"size":12342},"lib/index.js.map":{"checkedAt":1768031011337,"integrity":"sha512-/YmR/GSYKyWneuX3Fk20yCSGnJyzpPlMJ5lfsQF3y0X1sc/yWMK+iW54WYQ1lqJ40AuDu9Kwkra7WJDmbrMYng==","mode":420,"size":9767},"lib/virtual-stats.d.ts":{"checkedAt":1768031011338,"integrity":"sha512-/bDuLY2MOE4ocCweo2eYsJxNY9vSUw5M8aKlqkMFnJUOFmFlLAd/J9KLFhhCY0/3bQfab3Z8wjw+gUzkwfUdKw==","mode":420,"size":294},"lib/virtual-stats.js":{"checkedAt":1768031011338,"integrity":"sha512-1ojgXBzTGY5kyJS8wy91k98YKwXGYy0Ll6p289Uxp5x4kw37Tq6Z0ZTnww/qz+7aJ5vfR7T8mxBK57BJ9aAekg==","mode":420,"size":1407},"lib/virtual-stats.js.map":{"checkedAt":1768031011338,"integrity":"sha512-Up6HSzd9s/5cjNR/0HXDiKsVAdxFZ22J6wOsb4SYo4P/exuCGg8Oxd6QLiw6xaFyhXOaDpI6uEEoa597nEBIaw==","mode":420,"size":1055},"package.json":{"checkedAt":1768031011339,"integrity":"sha512-id4w2AfBGVznP/3yyJaFRfZf1ogT5wgX3mkCn+hyyvnbWYUi47UdR48B0sY7yHBZx91mAEoicwvAm+R/H7kbdg==","mode":420,"size":2136},"src/index.ts":{"checkedAt":1768031011339,"integrity":"sha512-N6ILDMbApRu6Sknk+rWtWpC1cTh6cC3t88za6rXpBZgKmvkvno0AAmwnka+ECj0K948YH2CjEHK32HTUL8f08g==","mode":420,"size":11698},"src/virtual-stats.ts":{"checkedAt":1768031011339,"integrity":"sha512-8HdqhpPW3YzpYcKrHDsNtDQ1sZjxiHCXtAG7xrLBYK2J8gQIlRc6IJfEb+MlcZ+kSUDDT3ecThRGzUoEafUjmw==","mode":420,"size":1510}}}