{"name":"fill-range","version":"7.1.1","requiresBuild":false,"files":{"LICENSE":{"checkedAt":1768031010700,"integrity":"sha512-cjkrzNiWTIjsiqPYFXRqK2pEZtnHyo9CjX0PPiuxFnTvSUyjNciyVe7lglwIene7RaXWACXzGLeKZOGb7M0jxw==","mode":420,"size":1091},"index.js":{"checkedAt":1768031010705,"integrity":"sha512-+8yOn5m0729lQnVXmintV7j9GyE8LlTQ0WqpnqVBvnkRmeFNIJ3pIAs3n7pcSJaXz3pcRBBvIRMYgtTjvB1AMg==","mode":420,"size":6406},"package.json":{"checkedAt":1768031010706,"integrity":"sha512-CzRQRf3epEQlR0Yar7cOJ39knqxMNg0N+9rU0QJmjrfMF4kSoiSVKlcYGESlxT6oMqJHOxFNWBruU/YWpXLmEw==","mode":420,"size":1760},"README.md":{"checkedAt":1768031010706,"integrity":"sha512-q49lxfrZJcdxLNm44d27USot92YVViSTJqjJYxlXgg1GDH1Pd4lOhAxqXa8OsXX0w9OIbmzVMmw2s0LSx7ZWgQ==","mode":420,"size":7486}}}