{"name":"@humanfs/node","version":"0.16.6","requiresBuild":false,"files":{"LICENSE":{"checkedAt":1768031005294,"integrity":"sha512-3Gto0TuM+VlkS5NfEZKwLHGqelz2U71DtEgPqJ7sjU0/FqInjsjDtAqx/bIzsxc6eP2DWQ1vc54Mno/1bCglVw==","mode":420,"size":11357},"src/index.js":{"checkedAt":1768031006129,"integrity":"sha512-RRIu3RMYa8uAKNBGVEoTVcxsgOHl/OymmXFEZrdmxTYHimAES7vKZToCCZSdQ88EBYwLZwNQbZQ5oms0sHcblA==","mode":420,"size":170},"src/node-hfs.js":{"checkedAt":1768031006130,"integrity":"sha512-bwRMsn9v2e8iowr8Ha1QmWWclNNhEeTwv5cafhnqM8B2/TPJudIcvHZJK8oOu8FITZpXNz7UKqrDsIAk81C+sw==","mode":420,"size":13158},"package.json":{"checkedAt":1768031006131,"integrity":"sha512-mdRzLaQ7BDE3WGxGNF+FJin6VRv3meXfoDrgVPbWwmpIy2MpNngLn7lSWK7jra2w9sjya4KnXf1ZDQADzHxiUQ==","mode":420,"size":1220},"README.md":{"checkedAt":1768031006131,"integrity":"sha512-tMPj6st31Ace1+vyJ0XY5BzGwAFDeiw8Ba/Myu6ZCyidQCqSpWfetVvJD8y67pnXbtlUI0RFqCD4LQzWUgMykw==","mode":420,"size":3148},"dist/index.d.ts":{"checkedAt":1768031006132,"integrity":"sha512-Xu2eS1y1MSEr3hO9xW13N8YQ0csoWH/j+BZ/7oofqwTyJbZUsb2EXjM77y8/YAMeoR2YcVwj/+XeiaD29mOD2Q==","mode":420,"size":68},"dist/node-fsx.d.ts":{"checkedAt":1768031006133,"integrity":"sha512-VQYM9o/rGq+wd/uvB5xj1wf6WIFcyazkyanCoVA4VkyCUUsZdaaFqiCGpQNXM9qup5/1ljY0REJEjhMkCayoTw==","mode":420,"size":6687},"dist/node-hfs.d.ts":{"checkedAt":1768031006133,"integrity":"sha512-jPDzpwr1MePQygwHzlJup8zBUOtn1SGC1QGII3Nl6/OG0zBPmQ/lDYI0+lk9L1ts2Y2d6v4FThltkL1Z/JmQ3g==","mode":420,"size":8298}}}