{"name":"unplugin-icons","version":"22.4.2","requiresBuild":false,"files":{"LICENSE":{"checkedAt":1768031010970,"integrity":"sha512-DBzYdZL2i9aFJKmFIn/srTKikwnFyVJCVDdJaH4LNfd2gS2buq0z66DgSBgf1LQIxvM+igv/HZ0zAD1Yv2Vnkw==","mode":420,"size":1101},"dist/chunk-CUT6urMc.cjs":{"checkedAt":1768031010971,"integrity":"sha512-WGg9I84cmmSAcMzLLALmyvu9SLF8OCui7x4FLfpvCzRxCM0fU9Ul9NcgVKmoYqaglpvSHg34irDvy+mnIBHuIw==","mode":420,"size":1090},"dist/esbuild.cjs":{"checkedAt":1768031010971,"integrity":"sha512-Jkhd368DrpuebxsTn0npUSv3AmkEflE2VzDAEwjpwFxfCJpqCPFL/7ycLjTZBx1muIGhBn5WazNUsBejhI7yRQ==","mode":420,"size":212},"dist/index.cjs":{"checkedAt":1768031010972,"integrity":"sha512-yZrvpwBzFBt95/ykoT1sW45JAlF/jgvVzL/ujVYgEpmlgPXxuWJJ4zq778iW8Ad7f+gNWo5gc+5CJGb43JXBWw==","mode":420,"size":126},"dist/loaders.cjs":{"checkedAt":1768031010972,"integrity":"sha512-eOV6LIzf+IuqJLkpGskVefwxrAuZyABqLr1kySlFXmrdz3CX9pHW8zRZ+7cya+6xvez6mmgn1hnqDS7MFZheCA==","mode":420,"size":934},"dist/nuxt.cjs":{"checkedAt":1768031010973,"integrity":"sha512-WvFcW1EH37wMohTNLHjncY+ZbHBi71RsQaJgWboaXFRQiTmKub1vLCghs+xXtuwM+KizornN3rZTGBIVcw71bw==","mode":420,"size":1027},"dist/resolver.cjs":{"checkedAt":1768031010973,"integrity":"sha512-i3FbShc67GLbW8sIE61U1mMXSpgu6gw1YP1zDcUHfwFRcfKToBo2OcuTKai+Hffh45CXF7tQ56IFHaxKrC+LZg==","mode":420,"size":5562},"dist/rolldown.cjs":{"checkedAt":1768031010974,"integrity":"sha512-8I5DKM8BhRfIwC4aesO6te3XWtjYJmIQ/tPSqL2/NiKk4aZuOuLHEX+0I0TpDpck/5tkXyj2viYljw2rrgz1tg==","mode":420,"size":216},"dist/rollup.cjs":{"checkedAt":1768031010974,"integrity":"sha512-F2FLJ/HowXdeZHSgYPs6E6yGid1Tc9GETSrv/rVgwK9/Ev5xxSHOnwwnc4FCGSVAuufV7Iha23xEMMQlcVgVFQ==","mode":420,"size":208},"dist/rspack.cjs":{"checkedAt":1768031010974,"integrity":"sha512-EpdHjrxLJ3Uv+j0zrVG02+iYNYo6PTpOuwGG6uE55POaCrvrnKYODplX1rX+y6xUjpZkbehnIT01LRxNvE6ypQ==","mode":420,"size":208},"dist/src-Cu-anpoR.cjs":{"checkedAt":1768031010975,"integrity":"sha512-hHfiVhKJdKFmTTj852vZA2/usaBWNNM27//xL6MVP8s8jki/SeyFzUnwuZRUhkSakMy6WQVdHK+dAru0VXKN+g==","mode":420,"size":12573},"dist/types-CBTc19th.cjs":{"checkedAt":1768031006991,"integrity":"sha512-z4PhNX7vuL3xVChQ1m2AB9Yg5AULVxXcg/SpIdNs6c5H0NE8XYXysP+DGNKHfuwvY7kxvUdBeoGlODJ6+SfaPg==","mode":420,"size":0},"dist/types.cjs":{"checkedAt":1768031010975,"integrity":"sha512-eU1AZ2QCgj3VRYZ7kJxPfgLFdy1dtE68ZZc5Zlkkp3hD64/IJk2wSuMsfp9DWbKpBt1/OiTq23fKCu6v2qudnw==","mode":420,"size":33},"dist/vite.cjs":{"checkedAt":1768031010975,"integrity":"sha512-O9NtXKbX3zQvm0ZEzyitxSeIMv487zg3j3289IIKn96zYz0oVJyvvmwIiuzkBklMoruHXpEaqWKzKRFHuPmz7A==","mode":420,"size":200},"dist/webpack.cjs":{"checkedAt":1768031010976,"integrity":"sha512-YHzIZDXgfpsVbOf14pojDgslhbHds2hqmz0P3FHxigvZle3Ynx4In0j+siJcEUxO5ZPN3M2TbHrrWisMCxI0Ow==","mode":420,"size":212},"dist/esbuild.d.cts":{"checkedAt":1768031010976,"integrity":"sha512-EtxoEwTnVpSWCCKgfmj1GdFHfd4pdk4DbtqGGHqL8yPdIPzFUqZEIjp8sF5OKd7m2fD5oJussG+Dlib6MQzADQ==","mode":420,"size":217},"dist/index-CzvGr10S.d.cts":{"checkedAt":1768031010977,"integrity":"sha512-dZNp1e6lEBudZEMAMhgQbumYMvYCs7H0ZUX3rzoCLpGJI/+1LsgquFgqSxYJs6DOG99aQisddrlKWAml8MAR7Q==","mode":420,"size":228},"dist/index.d.cts":{"checkedAt":1768031010977,"integrity":"sha512-fnS6ucEfwfCa8IMCwjrPvffvXKQP+8XIOrogM49ONebEGbvHJfJpCqOVsgeco/FHv0STUT5AkaPDQWG7uhztuQ==","mode":420,"size":200},"dist/loaders.d.cts":{"checkedAt":1768031010978,"integrity":"sha512-ZfiL7e4VlZiNDxLBzUUp+XeL74Klidhly6bAdG83GbzZUIfCd+grcK+0Fl8jb5l061PV42jhDTqUiYkouUkD1A==","mode":420,"size":563},"dist/nuxt.d.cts":{"checkedAt":1768031010978,"integrity":"sha512-j5Y3Q8+DRKt3R2Lfxk0gD8AnRfNV6YMw6J8KmdrJXOtHWPmfAv5pGCquzygD9G80YLYwN/CBSfNvzyu3nmtjUw==","mode":420,"size":188},"dist/resolver.d.cts":{"checkedAt":1768031010978,"integrity":"sha512-yDkMK+C9gKGIXtjZ+jEac4t0OcBQOucnZIuh7AXUW+fg6ksTjEk1xBXpcHI0RZ/HosBE7l6HxNOwYEgYBhPe3A==","mode":420,"size":1402},"dist/rolldown.d.cts":{"checkedAt":1768031010979,"integrity":"sha512-92nEaIfj4riZov/LM4/fJwwGEcLZ8i+v4KCoG0JkYpqBpGtgfJ6jtzqApzFgdSTjDMTsRWRoSFwUY/GPHbCMPg==","mode":420,"size":258},"dist/rollup.d.cts":{"checkedAt":1768031010979,"integrity":"sha512-cpVeaQM8n1AguYTe56Olg0wv7aoQyeL/sD8kZlnYo3Rjn17YPp1hrrifdE3BbZfGcwOGtGgXGpj2T3h939hF0A==","mode":420,"size":232},"dist/rspack.d.cts":{"checkedAt":1768031010979,"integrity":"sha512-R2/zOoZpWA+NpLy+295l3lV9YQ00osnkoD78o7B1c/uqzg2e7C+x+1lgGcvlhuDLnX1z6/MK9GzCfcrgUG+4mA==","mode":420,"size":145},"dist/types-BwI4FPmr.d.cts":{"checkedAt":1768031010980,"integrity":"sha512-+AcXFJw18pc7ewphgSkIy8Md0Xz9Jen6JYuRGPnthaROf7gZ8nGIpuDWHn5K6r7ZkguCF/AjYEWy94VY7SrTpA==","mode":420,"size":2923},"dist/types.d.cts":{"checkedAt":1768031010980,"integrity":"sha512-iHbmMUQMSFmPagJ8lgx64Zwk2rrOp9GOeFzzKpxngqog9icgGNGdMTIF3QfgzgLJ0zsPFmLnCG4DZznTLc+WyA==","mode":420,"size":237},"dist/vite.d.cts":{"checkedAt":1768031010980,"integrity":"sha512-akv9+kbtBu4MT6afuNy8d7xQ/xJAqp40Zd7NqE+WrE/BenHZAtWZfbs1KmMxHHGJdvwCP8pqPQrKOi9qkIKT8Q==","mode":420,"size":222},"dist/webpack.d.cts":{"checkedAt":1768031010981,"integrity":"sha512-Xru7Sr3wuyQIosZ1TDX01bct42fDipkpFiWXkibdepRDv/RfHQWoZQNN5ifIx0OHi3KwXjM0rcA7Ld+oaFJVXA==","mode":420,"size":146},"dist/esbuild.js":{"checkedAt":1768031010981,"integrity":"sha512-sMAtHPFT1XiaVe4oKa7cMQuUutdirw8hnb6/LrGYyOqYNkqPTQETS2L+jxxWEguTBd3fHEqOkHTqUD2WPRMnwA==","mode":420,"size":200},"dist/index.js":{"checkedAt":1768031010981,"integrity":"sha512-Xbsg73rvzTLWXBVxrjCNyb+PHxoEM0Hc/hcJeKsmJAto3kWoOQM4ZIbFjbNjQc5OvNrBNQLn0bt4SpBAo9Rbbg==","mode":420,"size":114},"dist/loaders.js":{"checkedAt":1768031010982,"integrity":"sha512-3/zIi2vThH0Ml+DF5DcPupwzIOmgVUaZHH7mEIb156OM6SLgfNpuip1gIZohnmgpfGA2hkiVYaRxwvqH+cXGqg==","mode":420,"size":524},"dist/nuxt.js":{"checkedAt":1768031010982,"integrity":"sha512-7UtqwTuZPO5YNXrfMNiuoKW/CNoiZtxTqRj8vSpCLxmnayEG7RrDmO+TTDoXOr/iHIwiS/+sCI++RGRnT8dhDw==","mode":420,"size":1003},"dist/resolver.js":{"checkedAt":1768031010982,"integrity":"sha512-F++g9+3YozGBmoQ8cVA51zQqm5zEZNXP4yaC6d92XlqVwJ/Ln0tHuLKVLgXJQM/OujEZqqTo7NXxt4re/b6lyA==","mode":420,"size":5249},"dist/rolldown.js":{"checkedAt":1768031010983,"integrity":"sha512-XQ10ev+eZ28sRHNVayUVJEJX7+t9riqQHfP8OJRsQUz+9cG4boxTE0IiXxvPNaUt9tBHcTsZz/qOiwEGXx3iUw==","mode":420,"size":204},"dist/rollup.js":{"checkedAt":1768031010983,"integrity":"sha512-qfgQ3hN1d2ZMy/VIgfQ7kubviCDX9AqH3BooMHgMV+zvWrTOGTDfyMjbS3tXWSPiHTSd6+nS9CrleAGfld0Kdg==","mode":420,"size":196},"dist/rspack.js":{"checkedAt":1768031010983,"integrity":"sha512-vcthq0KZ9WjRHOrYxfFC7z4scUMX03PyPxdq+9Di7gnQZyFNEeJZOb1b2dYAPNouE2vU5soU3ZOhgQPPU1uDew==","mode":420,"size":196},"dist/src-Bs-aE8m1.js":{"checkedAt":1768031010984,"integrity":"sha512-QAaePuwKH5jxoFbvS2HbWHJAUJRThH/UDsPcTYmZsOUVDJsr/UVCs35BINTaW1l7GEL3+7Nsxg3NO3NCyvEoHQ==","mode":420,"size":11722},"dist/types-CxAOQAAb.js":{"checkedAt":1768031010984,"integrity":"sha512-LIrD5Gtxlxiky8LWlKhySROCI8o/z0/mkON4SXX8F1fsWnmEXFpfxyQ3joq+iGxAQVMU6INTGyQdmH64SLDfpw==","mode":420,"size":12},"dist/types.js":{"checkedAt":1768031010985,"integrity":"sha512-Btaic6+LMne1zt968DbGMc9DtRgJUAbUQhE35jFbiKsgt4ohEw6DoszJ+YzRMuzI60HzD1Frx09/QbjPuIhPbQ==","mode":420,"size":43},"dist/vite.js":{"checkedAt":1768031010985,"integrity":"sha512-Xz5K7erRrJ0l0BkTy6MuRwL10nXkNcJVeEPhuXOYgxnOd7SQxOB+fejMg5D7EtzhsN5Mhs1CASW4m1L2A+zpwA==","mode":420,"size":188},"dist/webpack.js":{"checkedAt":1768031010986,"integrity":"sha512-OlVKm9yQqVFnRKhIraj/pYs/WaSp2WY2/lxBBghdEEQmMPEZawQD6FOGEFm0jShG2NfjBsS4/yfnTYUrL5EL8A==","mode":420,"size":200},"package.json":{"checkedAt":1768031010986,"integrity":"sha512-2ejVafccXp07NvBqE7diem/3xF1ZVsl9k1w14bkpXMfL4tV9bm4/dyDKggBUr7m6bYoNT4SsR4H7hLFzo+UaZg==","mode":420,"size":4503},"README.md":{"checkedAt":1768031010986,"integrity":"sha512-8kwm2Fz4OLgY+TLfNhC4MeKzXCPSDkBWSzR0AQHHGRDmUmLqqX3ZvD62S5sr4RYBQZfbxffIChELEOzSlwv0ww==","mode":420,"size":27199},"types/astro.d.ts":{"checkedAt":1768031010986,"integrity":"sha512-vDRHaxYLQSVMtO8NUpuDDFClUwVtTnS5qAWu3dkua+CvSPIM20VzqCUctONpLzei6avtU7qEr2mCLGvqNA+bsA==","mode":420,"size":326},"dist/esbuild.d.ts":{"checkedAt":1768031010987,"integrity":"sha512-lryvl80OddWvGou4uSv9bSgvxJfOchotlHFB764w4cKu91y/kWy9hDzkfuSZ+e2hd8pykzrtXYX3uJmUCrwRbw==","mode":420,"size":242},"dist/index-z_uNUFaR.d.ts":{"checkedAt":1768031010987,"integrity":"sha512-DSdMW6berDOoAuvaeF29ehbVryDj1LN5L9/Ys1iak2NiA3r/Mhx/wIwzrg67ZQDOjcZl062UgJkodcGlJb5llw==","mode":420,"size":227},"dist/index.d.ts":{"checkedAt":1768031010987,"integrity":"sha512-SRNps337bkwdQ2D8tjyfYsIKNwEKQbLcSK5TlX4O3icF1fVV5FzZC1T8tXQhzkf7sgYNhN0Paf6qnXkoky46jg==","mode":420,"size":305},"types/index.d.ts":{"checkedAt":1768031010988,"integrity":"sha512-uzICKOiQEJrVtmdoXCxGMs3OLnVZ71Q6+dU8Rku1UeN8ZbWoTWGsiKzrWDN1UxUOjFAteJja4SOyddmBqxEktA==","mode":420,"size":40},"dist/loaders.d.ts":{"checkedAt":1768031010988,"integrity":"sha512-sE6wre6JnRGAyUsKK8lmKPDHgrRLCcr8TcTlHLjwIGfL1A130kULQxYMeRcyMCwbeSqv17UK8Hsjlr+5UqQEww==","mode":420,"size":561},"dist/nuxt.d.ts":{"checkedAt":1768031010988,"integrity":"sha512-JnbVlg3TRP7sDS7HBallocEfbMrVWDDRWbTIgIkXY75CzfD+g1bQwywTcIdgUJFfnEm2cEkY6jIfW11oojzO0A==","mode":420,"size":213},"types/preact.d.ts":{"checkedAt":1768031010989,"integrity":"sha512-rpgqHECBXoxBSjfw3dFmYcXosq0+TgZIB9RsCujCVQlYkOQ/a4OY9QeJo0spznf5cUPCsegWMKqf7Noi3/sYxw==","mode":420,"size":347},"types/qwik.d.ts":{"checkedAt":1768031010989,"integrity":"sha512-hvBgsntlSjefOuY7Rf9qGDnbVB+7kUuWVYtGgu6R6MC52/GRt6lGm5+bFbjkn2X4afVnv92B/Wm7FxV6af1E6Q==","mode":420,"size":423},"types/raw.d.ts":{"checkedAt":1768031010989,"integrity":"sha512-096PKyISNdBbOLQngZXjV1495Aaauuq78i19UjV6r9+QOYoRIl2Erbo7s+9kqZc1ao0pdedyq5fSr4mJXVV+FA==","mode":420,"size":170},"types/react.d.ts":{"checkedAt":1768031010990,"integrity":"sha512-zWCCRZ37gQj8FFSvaYA9QugQ4jXewic1HySAew9bZD2gHEr7633CDbTQKnwu/YioO44/V5vZq0uUDDkov0CNsg==","mode":420,"size":439},"dist/resolver.d.ts":{"checkedAt":1768031010990,"integrity":"sha512-NWG3C+RNDTeDZYwOpIqHdz8wIOwS/uHqx9FtKIxMj6xnvq+DYvnz0ROlwa18UkBpXp2NkOVP+jcUwmU1f3iIoA==","mode":420,"size":1440},"dist/rolldown.d.ts":{"checkedAt":1768031010990,"integrity":"sha512-QVcuoFQao87y2KXiNpfdQtFDgIsSwso1rb173dSF0bOHbijkLQnpMsEW1Mnbc0nqUH3OqTQNERDNFhFqJ0Z5vw==","mode":420,"size":283},"dist/rollup.d.ts":{"checkedAt":1768031010990,"integrity":"sha512-vMadAYlwOWrOOzhZvW12cXmHN5ROVia33WTeyYr3YYx63Vq2OXY0401HCW9gIAhdoJridhkzTVuwmfPD3kjayg==","mode":420,"size":257},"dist/rspack.d.ts":{"checkedAt":1768031010991,"integrity":"sha512-WAZV/hbqoN5FHJM+opKnhhDe0USopoEeKnQkFNfAygB6OQF14rI9NUxfeZufOCoAyybHXjYrTM/NiJRpNSF8sg==","mode":420,"size":170},"types/solid.d.ts":{"checkedAt":1768031010991,"integrity":"sha512-WxKUobRNuxiaLzqCJe4S2L95Wt9nS9TAv6Hh0kYk4zBCOtqq8+P1RFevmjc+jdOheiXVV+08JFoRg/fm37iAyg==","mode":420,"size":361},"types/svelte.d.ts":{"checkedAt":1768031010991,"integrity":"sha512-HWLd3mJ7SjZMETImUrZEhsf+vWLI2dv0I/ebtIzR/nXNUWE1DnbqMFavulkP3AK8JW4xt87bSANi/uo5p8Hacg==","mode":420,"size":24},"types/svelte3.d.ts":{"checkedAt":1768031010991,"integrity":"sha512-XVlBxOjf3BWQMJi/nkqaV6ut4133Ge8eB8InS5GJB/Tjcs1zE9X4zSjN+5MOJuzIZBRvP0r8hA5CVXAZw/XVVg==","mode":420,"size":275},"types/svelte4.d.ts":{"checkedAt":1768031010992,"integrity":"sha512-dOoQEk7xXOKqXTjorI7lyS1ZTDJfhbsVjkj5fbFVVjyFiF5uXShesFO+ryXrLzRCNdCnuyM+au1X6yEVvjDvSQ==","mode":420,"size":430},"types/svelte5.d.ts":{"checkedAt":1768031010992,"integrity":"sha512-6SCt8wZqDsA16YRnhKZDTPkn+U8hhfSqnSeoP39ztcHVUTF2FtXyCOKgBkUb998k7zs2MPnXRn6rKr6frXNvpA==","mode":420,"size":442},"dist/types-DPc5-vsa.d.ts":{"checkedAt":1768031010980,"integrity":"sha512-+AcXFJw18pc7ewphgSkIy8Md0Xz9Jen6JYuRGPnthaROf7gZ8nGIpuDWHn5K6r7ZkguCF/AjYEWy94VY7SrTpA==","mode":420,"size":2923},"dist/types.d.ts":{"checkedAt":1768031010992,"integrity":"sha512-xizEqIFfmzQRQKemozk8EK/NWGerz4eZAoR8+VnTPEmRIVBflWpSVZxlJrcIEUjJ1escs1ZvdBWTwzt5dsU7Xw==","mode":420,"size":236},"dist/vite.d.ts":{"checkedAt":1768031010992,"integrity":"sha512-GcDxbDP+RDKSIJIIBU2iA9BjEXPF58BCnRvxp4zL/9jyomfSzzL4VujxUk9s49nKvTIxu5traItuxSiI9bQE3w==","mode":420,"size":247},"types/vue.d.ts":{"checkedAt":1768031010993,"integrity":"sha512-k0gXsL+nKz5non5TSxEdnm1xqOhfoCYhDmucf7GmHA0XOJD2QOSHXxjsnUQd9s7aAyHzQBXO3jicpZIUOE5mMg==","mode":420,"size":21},"types/vue3.d.ts":{"checkedAt":1768031010993,"integrity":"sha512-O20zDURCKKIZaebrUip/mot9DWJxgK8uuJ+Ift3X3V0Lr0yLaUZrWz/Aziq8XAMOYMHBc/dJX/tNIwxmyJr5bg==","mode":420,"size":359},"types/web-components.d.ts":{"checkedAt":1768031010993,"integrity":"sha512-7a8WXQkkUxAMEpcSrHLl/sWL593ed31KuVKmn/BqggZSI3GIZYFHHKgcS2CIXGWTxgQSKaTBwpp5BjGOSHHOYg==","mode":420,"size":183},"dist/webpack.d.ts":{"checkedAt":1768031010993,"integrity":"sha512-ljVsWKovMIT2Ue/SsCoIDDvxx8BAKGCwQDpfRXZoJo+zFVo/Lf7ITGGP1EFNG85aKEDF+L8/u75ACa6Gtgo3Ww==","mode":420,"size":171}}}