{"name":"axobject-query","version":"4.1.0","requiresBuild":false,"files":{"LICENSE":{"checkedAt":1768031007304,"integrity":"sha512-RlKUwbPCXPsGYr/W8GM75I5vA4jSRfqFWDn0+oVmgY3yzzClO/nQ7AQZPxym2Xjv6Ww768aj3Ncsme3MHeT1Gw==","mode":493,"size":10236},"lib/etc/objects/AbbrRole.js":{"checkedAt":1768031007305,"integrity":"sha512-P7li9ppKE2UMad3pBQtpJYIFX9TtXUGFemIvvKUd05jzfc+afTl9UhuzRbN1VyA+BgNvLWqG7zjTL0nD58MtFA==","mode":420,"size":286},"lib/etc/objects/AlertDialogRole.js":{"checkedAt":1768031007305,"integrity":"sha512-UnNCIu6KFpYOzBfpGgw+7Ll1FBHDXu99dIoBv8nCw1sN+YC1a+2bz7jr9zWjEZVCPWGNrTL6nakDSHw9rVZ7/g==","mode":420,"size":304},"lib/etc/objects/AlertRole.js":{"checkedAt":1768031007306,"integrity":"sha512-+/PodfxLbKQwBZYxTIEwohelc2WY92KQjyupXNeZ3XFFIVN9GBRAP26++kDStOy/RCFLBVIOwdXdGmyyjIiKyA==","mode":420,"size":289},"lib/etc/objects/AnnotationRole.js":{"checkedAt":1768031007306,"integrity":"sha512-kBgWOW3mIs/D0z4r/16JaMXr2rr6r12Y1sCWOnIPI6kjzzMFo21CNtXlsELZYRavYRN9SxJWda+fesLn+VSsiA==","mode":420,"size":233},"lib/etc/objects/ApplicationRole.js":{"checkedAt":1768031007306,"integrity":"sha512-9+kTaT8/aujmC7YwvBjYUbhVB9yzz/ZdMEyivtIrQqJxJIJZIJbcI6Nj0Jjgixc/kJ2RWNZj3lNdPS817BwMEg==","mode":420,"size":304},"lib/etc/objects/ArticleRole.js":{"checkedAt":1768031007307,"integrity":"sha512-diEcgk3R385PgnxEeS70zlBMTmofevoG0fXWC/trK6tCTA8br4PlalNklbvNNKhOWyZEDzp4UmlFZVMYXfkwFA==","mode":420,"size":365},"lib/etc/objects/AudioRole.js":{"checkedAt":1768031007308,"integrity":"sha512-KBDcIfzmA5jeGM49SR1kTP6JQ4oC6/6h9dNYpWM7WRPSc0SpPJD/OECaRZjhkhslD5PzEHiTfdCdg+vE2BXhgA==","mode":420,"size":286},"lib/AXObjectElementMap.js":{"checkedAt":1768031007309,"integrity":"sha512-NxjnYuFxv34fRJxoEoYBKlSJAc2RnDEyQzw0tikN9gerwoZAeP06xyxnyGBJKSTXNw5Bh2YqdKqSitBNJfNKEw==","mode":420,"size":5272},"lib/AXObjectRoleMap.js":{"checkedAt":1768031007312,"integrity":"sha512-WZrmZqlpOhWL8Piy/SP3B7TbpoEJM/zBVmVahIVr4MAULt0hoUESRCo6gjgam32+uAMvFfdlXuRzA27lQ6AKmA==","mode":420,"size":5322},"lib/AXObjectsMap.js":{"checkedAt":1768031007312,"integrity":"sha512-9esOVozjoPHnEt9UB3KxcPVvnYmbDitfo6sGEomcN+IYe1Tlw8adBo8zv/fIgcZGzCVnPIBW3I742zQx1+g2Yw==","mode":420,"size":18581},"lib/etc/objects/BannerRole.js":{"checkedAt":1768031007313,"integrity":"sha512-iTUPPm5VCAlkZ79Lr2h5IjRcoTmN50y0xNfEhCtoOrc32mqDDwF6OnG/q5qH6d6MfdpfmJlrMWntNtrrcEuPuw==","mode":420,"size":292},"lib/etc/objects/BlockquoteRole.js":{"checkedAt":1768031007313,"integrity":"sha512-ZBuH2y4fVIyq+DgglRFpG24TUsvcAu3oxV99vVaU+eS2Kc5YjI5z9iWFatHB60/foFtcbJARPYuEmYT2cZrZuw==","mode":420,"size":304},"lib/etc/objects/BusyIndicatorRole.js":{"checkedAt":1768031007314,"integrity":"sha512-YwChPmh8sGXY8/2O6t+Vo2uG0W54RGcAHiddDpPNV0wRTjXRV9DZJMfMqKupj0JKntwxYyy6Tpw9u4HLvKC2Sg==","mode":420,"size":361},"lib/etc/objects/ButtonRole.js":{"checkedAt":1768031007314,"integrity":"sha512-XkuH1F5gmI1cBOioc/wBrp1H0uksf005w1PUFiPwStbG0Uq79LegvCeH74vpKlQq0XX2NDoKNw1HIj4rexieAQ==","mode":420,"size":358},"lib/etc/objects/CanvasRole.js":{"checkedAt":1768031007314,"integrity":"sha512-m3TtDCkI7FAwwC93/4Jv44M5HBEAxv+8v6ndCo61LqpCMXMZKMCBwdRrN5wyt6/6+UFPo/ACiv40RgLiMSoZtg==","mode":420,"size":289},"lib/etc/objects/CaptionRole.js":{"checkedAt":1768031007315,"integrity":"sha512-w9AQOS3zHsEqCzYX2Ip0SwYw/g/W3C2ZAKAZyS/7ls+rPABeQs3gpKB7ksm+A5o0+pWGhXswlKHOF4DhRsiXzA==","mode":420,"size":295},"lib/etc/objects/CellRole.js":{"checkedAt":1768031007315,"integrity":"sha512-yVIer2pxu+LyKkp7pfwjDpZoh4xWFOKNzkXWSnpDVyW5dVU3FWDaQ+OJUExggy1vHlFzMqDTDdubXbIWGYtU0w==","mode":420,"size":419},"lib/etc/objects/CheckBoxRole.js":{"checkedAt":1768031007315,"integrity":"sha512-ECnRmi1fElUjQFEPDeOfNPLoXmC8WSZilOaegm5e0Kq1EdTyxTuBkJ+ZUpKFL341M/keIrzDZnVAnBQbBfT6QA==","mode":420,"size":442},"lib/etc/objects/ColorWellRole.js":{"checkedAt":1768031007315,"integrity":"sha512-cm9HZq4C/ivO0q7nHPyR7lgS0KnBPleBf6e/OwO+jMVtTHjnT11pd5qlHCK+BoCF3KgCjKsssD8RsSrygkJwPQ==","mode":420,"size":370},"lib/etc/objects/ColumnHeaderRole.js":{"checkedAt":1768031007316,"integrity":"sha512-MFSvxmjlJ9iekc2lD9IoVyXK5ibLKYrhdL0ttOIXqKZQw5ws+QA+iHv4ZeTtMHjgin0u07ji8o3+Wy6mQfErLw==","mode":420,"size":372},"lib/etc/objects/ColumnRole.js":{"checkedAt":1768031007316,"integrity":"sha512-Yvkwz+aND+l6ES8vthXyR9hPgUaKSO90LJ3pjZNb0pWPb/KaVG6vlkh1fU2NaXwZXkPRjKJqCMrzPIWU7GW6YA==","mode":420,"size":225},"lib/etc/objects/ComboBoxRole.js":{"checkedAt":1768031007317,"integrity":"sha512-IxBsEbGV0VMisHVNMS6tZjm70bSEk1Mbku8Vjxib0Q4+qVGAKktwXQaWXVQurOtTCW8+vZcEk8YdoPMxdNjyaQ==","mode":420,"size":364},"lib/etc/objects/ComplementaryRole.js":{"checkedAt":1768031007318,"integrity":"sha512-q+9MxfB68HiLLYGiWqiZOqWn4ThagHgAJhHapxX/6ihNuLRkslG+ZOeIk3IpdgGVy/vjVAyq+NJlaF50Dowvmg==","mode":420,"size":313},"lib/etc/objects/ContentInfoRole.js":{"checkedAt":1768031007318,"integrity":"sha512-XHfuKbN1UJdSPpgarLuQCHxG0fYobQSNyGj2OorT1RV/wQXAiNqf1N9doHMyuXrSc/UuiYn1jQ1/4NJLLDcE8A==","mode":420,"size":309},"lib/etc/objects/DateRole.js":{"checkedAt":1768031007319,"integrity":"sha512-/sy/rlMmyk2WL40Uf6m27yNG/9Di7S5QexKNZk1tYPQjCPxUAocWR3+E8aoCFnYCRN0P73PYUAryF3Krj1WEAQ==","mode":420,"size":359},"lib/etc/objects/DateTimeRole.js":{"checkedAt":1768031007319,"integrity":"sha512-l5mkClXbBG9eMctoc8VhKgItldr4lb38K42V1zI5W84te8m8eeBXUosbSNjupCU66FyZK/lQvg2gRRRTr7YpPQ==","mode":420,"size":371},"lib/etc/objects/DefinitionRole.js":{"checkedAt":1768031007320,"integrity":"sha512-aAo95Is5e3fE6L7Cz7E4qKSQZwy9hNYUMt0SGNEy3OXL5mTOxanfHcm8oRSJXb8khcNP5FyGbgHd6CoQY4K1Lw==","mode":420,"size":297},"lib/etc/objects/DescriptionListDetailRole.js":{"checkedAt":1768031007320,"integrity":"sha512-v1/GR/p5Q8XzKSFd5jpAz35jEqYmfyd9bCVlpWyXamr091HPyRt+99QXT6UfpTCo7PI21iUvPmntRTF9v9cBHg==","mode":420,"size":318},"lib/etc/objects/DescriptionListRole.js":{"checkedAt":1768031007321,"integrity":"sha512-uq+QddQZRglAjeJADQ36akOUojUbs9/XOL06mXnLzUeXlONSY+ZaGZx0EefZmZkkMAV7YR3eRLwNiLA8XbLczg==","mode":420,"size":306},"lib/etc/objects/DescriptionListTermRole.js":{"checkedAt":1768031007321,"integrity":"sha512-gwDLt/xnX/qWe0aO5KbP3vbb6oMOS3a++kNFlAXfMoDMLSBCj/+R5p5ub0PWrbfWfCxEJF3OgGm7uhaszBCl4A==","mode":420,"size":314},"lib/etc/objects/DetailsRole.js":{"checkedAt":1768031007321,"integrity":"sha512-glWPhi6uPvctygkWqRjZzwUUPEs6qZOHfNdEDp+dvUr0yBGXpxUHLLk5JxYhMMi319Z9Z3FREqlg4GeIJLNYnA==","mode":420,"size":295},"lib/etc/objects/DialogRole.js":{"checkedAt":1768031007321,"integrity":"sha512-DJiXLk4lZgsh53+cKGp+inaqLNac1azI1X3NZhhJp6fH6zM3NtFNn2G3iOxf9BIlKKfS46dLTtKWTvWEH+cwmA==","mode":420,"size":358},"lib/etc/objects/DirectoryRole.js":{"checkedAt":1768031007322,"integrity":"sha512-430SZzto2VICKuyJMgZc8PYviXb9IaKDt9T76r9xwQA6wuhONuHjlCZ9a8W/fbEop2i6yJz/1piOhxisp2JfDA==","mode":420,"size":367},"lib/etc/objects/DisclosureTriangleRole.js":{"checkedAt":1768031007322,"integrity":"sha512-JX8sPbBzVWUDW8R9ccdTYzvIXcuzn58JRBXsERtwEV2iII9y86grXZEopeGBLI68BYbaumNe/23xjIKFwO6Gyg==","mode":420,"size":366},"lib/etc/objects/DivRole.js":{"checkedAt":1768031007322,"integrity":"sha512-J+NccSppU706C7AL/PmJjlK7TFTIXjqPAT8ZsYe9NL+dJQ4Pv1uU4Gt56ZTwlvYxxa6uXVg8Q2moFRgIwYxkDw==","mode":420,"size":281},"lib/etc/objects/DocumentRole.js":{"checkedAt":1768031007323,"integrity":"sha512-plcYJy4oqqh3Msx4SqI0WGeQGUe8BLG6KAjknZEEIH1AUJcRMAoKVK5wRh/wYQ2AAyo9z8wqq2Kb6cXrRijbFA==","mode":420,"size":298},"lib/elementAXObjectMap.js":{"checkedAt":1768031007324,"integrity":"sha512-h4ODhAIxJJ0r2tGaMlLL2S7S401BPOuXeCL5PwdyLL1xBJ4fzdNeyBaWnyvJuZG0Yp5MCjS+WnKE6wC6J5RwdA==","mode":420,"size":6459},"lib/etc/objects/EmbeddedObjectRole.js":{"checkedAt":1768031007324,"integrity":"sha512-NSA4qwKOmyFaclYCKYuJ1Jtb/NVkt9HmwWUYYWYr1EaCkkTnH2/BDouy3pCiJLHJvnB0gDlfzyqUzd+CgMR3lA==","mode":420,"size":304},"lib/etc/objects/FeedRole.js":{"checkedAt":1768031007325,"integrity":"sha512-Jf/tJ+Ge80rpLRu0aKnoFrXSEFSMn/QA5IapDfA+wHQt99YMpmm+G6p89ojq6ELWNexeHr+Rx+AoT26dk040Bg==","mode":420,"size":286},"lib/etc/objects/FigcaptionRole.js":{"checkedAt":1768031007326,"integrity":"sha512-ReEjUB47/DxtaHaUYvD1gucdp/DYDkf4eVei5NNQpYAANoF5dkVbQa8Qm2rqCo36ZCAMO0+ziaoR4O7UW/X8PA==","mode":420,"size":304},"lib/etc/objects/FigureRole.js":{"checkedAt":1768031007326,"integrity":"sha512-bxBRRtxvqAaSqNRF0OV1nrq0TqjFHRERVVskijt0wYoW03daUBtmR3EQ0ob6+eOAqMzuAEWIfZiC1s0E3arvRg==","mode":420,"size":361},"lib/etc/objects/FooterRole.js":{"checkedAt":1768031007326,"integrity":"sha512-lwnjiLP5GdjgEyZTujvIJ/LZRRwWCzrL7UlBSo9DSN+E2YgJ20E2u7fRgyJzOpzrWZyNE1Iixnjcgej6Dg2Fiw==","mode":420,"size":292},"lib/etc/objects/FormRole.js":{"checkedAt":1768031007327,"integrity":"sha512-2kDfD1YTsy1axm2NQCPreqgabNYPwLpCn+uiebtSzykPLSfF31ReN69YxHWZmLuJokdKHSXe9WPBf/KFZf4jdw==","mode":420,"size":353},"lib/etc/objects/GridRole.js":{"checkedAt":1768031007327,"integrity":"sha512-nSRSp/OVS0+nUBcz92hzI6+GW+B/JlKbHlm8imc53qMBHKXCDNrchS5AaQd92g9oEzaQwEeSO70N3BEGlFBk/A==","mode":420,"size":283},"lib/etc/objects/GroupRole.js":{"checkedAt":1768031007327,"integrity":"sha512-79x1W4lUwyXNm09upC4n/2b56Q4vSfX5yPiQDplVJ2aeeluhXOsqyfBjqa2VEpY/AyLsatpB5YUOewESJvAVbQ==","mode":420,"size":289},"lib/etc/objects/HeadingRole.js":{"checkedAt":1768031007328,"integrity":"sha512-wxKQeZmrcKs4F+8V+XOSE3t1lEGcySmDsonDNU+pCF49brAVbT+530SocwJglenUmvue8T7FhmYc3tSdVnpuBA==","mode":420,"size":685},"lib/etc/objects/IframePresentationalRole.js":{"checkedAt":1768031007329,"integrity":"sha512-sLnGnd5lIMe+FHUOyTEFpkxNzlJm7pREof68RmJ4lH+P+wPvySUM4LAEKUBb8Kbsx/jzTDMN9WJz3DVPLQachw==","mode":420,"size":250},"lib/etc/objects/IframeRole.js":{"checkedAt":1768031007329,"integrity":"sha512-TjmpRRnR/2tMobhHZiiKe1VQVauWbVmmcHHk9Tykmzvq05hKW+BSneYbE5MXhgqTkojYbIN4MIfChIsNvfnSVQ==","mode":420,"size":289},"lib/etc/objects/IgnoredRole.js":{"checkedAt":1768031007329,"integrity":"sha512-MwAkHzM0MTGsuBOfrKFnxR0maG7iGB/NtBkOZG8yoCAehbuFIGS6p1JGCnGyl/rPRJ+qtq9T+IzyplV5UyZW1w==","mode":420,"size":227},"lib/etc/objects/ImageMapLinkRole.js":{"checkedAt":1768031007330,"integrity":"sha512-/NCIq0lL+Ed0Mmcisa/bLp0GtCrbIm7tqjdeaQZMu4UlAbNyxAO94eBfOs8psbHANao61U6kJQtw+HEgFnWRzg==","mode":420,"size":234},"lib/etc/objects/ImageMapRole.js":{"checkedAt":1768031007334,"integrity":"sha512-aY0/FV2w/bH6bbhMRDXOyMjsQAxmdAVYM/k1InMDyhqs7UeOBqjJvlvNH6SI0NYCq4Z9nYwYLzwKrpG+7rk27A==","mode":420,"size":347},"lib/etc/objects/ImageRole.js":{"checkedAt":1768031007334,"integrity":"sha512-xdvJN+Ry8au4PodJcJ3B2bldd3K50KvlkaBwykmcZLda9F8V8o7Fs5dUXQIFrOL8r15k65mRfUE1Z84+NLQTpA==","mode":420,"size":353},"lib/index.js":{"checkedAt":1768031007334,"integrity":"sha512-trdFEVlFwVdKJ7WizEeKQN6bMOf4aq2DhcR3znTBdQauL1XIHvBcfNS1TPuYEoREQrnuS3eYfvJgpfI8nmV81A==","mode":420,"size":944},"lib/etc/objects/InlineTextBoxRole.js":{"checkedAt":1768031007335,"integrity":"sha512-oCgmuYgUPHeqdu1n6vohTMB2PZgNztA6ijkSyo918RokaajlPxImU+hJCEp1hlYki4pP8BtLjoLLYzoP5p440Q==","mode":420,"size":302},"lib/etc/objects/InputTimeRole.js":{"checkedAt":1768031007335,"integrity":"sha512-24dXy3pqdaBTgll65o+ZKkkPHINLh2kuPxpYpNTNXkuY2JmRMZx3W3JUXFBVJJfXITUoOOOvfgU2AqNvK5Cufw==","mode":420,"size":369},"lib/util/iterationDecorator.js":{"checkedAt":1768031007335,"integrity":"sha512-tW7+hQxN7l2OdgKPqc+15EMOHa37x211UHulvw3hekk70iyQQQrpP5StRtm3XH9m7QRyODMmLUQqWigqknwHdw==","mode":420,"size":895},"lib/util/iteratorProxy.js":{"checkedAt":1768031007336,"integrity":"sha512-juUO+cnu7vWQg8EsHTHoHBelckAO6h5C498Kpy4yXMXpiOvP+44b0UzgfYlXEeeooxGg0gGFbfG2hFHQzb2PqQ==","mode":420,"size":651},"lib/etc/objects/LabelRole.js":{"checkedAt":1768031007336,"integrity":"sha512-iJ+n+A81GAmOgZN+1dNqPzGoPkjiLN5eG77rTmoTDcABio+Dk8dCnDfOVt2M5idrZKg6DRCm+58SiMsU6+3q1A==","mode":420,"size":289},"lib/etc/objects/LegendRole.js":{"checkedAt":1768031007336,"integrity":"sha512-PtbBwYt9tMFJHY1ZXNLI3/EMwRvnYGV9RhOstE4nVzJzsOVb/rMercjQ6DmSX88TJ+M9/CGAB2uuaDDhsdBclg==","mode":420,"size":292},"lib/etc/objects/LineBreakRole.js":{"checkedAt":1768031007337,"integrity":"sha512-fB+xHir4dYwrM8K2A3eo6E0e7EngF+T+fzSNwoeTQZaeTWC9pTQB4L28JRO17x+/JITGqnq1TgwHRAlLYoirDg==","mode":420,"size":294},"lib/etc/objects/LinkRole.js":{"checkedAt":1768031007337,"integrity":"sha512-rhFBHwLKMao46KEjHzbfTbAvXbUw2jIMWy2qaTEnCsmPcHgt9DbIadxtrZ/A28a2h4yV10F76ufNZc055JAYDg==","mode":420,"size":399},"lib/etc/objects/ListBoxOptionRole.js":{"checkedAt":1768031007337,"integrity":"sha512-OWM8nvLp41ZpTegFZgoJ3FlXIma51Gobvu3DqB3bhLcOqMFdUd6fQzVeHoG6jhV+Eltmn9T4RL2ideEK42JCQA==","mode":420,"size":372},"lib/etc/objects/ListBoxRole.js":{"checkedAt":1768031007337,"integrity":"sha512-In+NfcTvEIziB8oDgSL1gy+ghWvDaMjenKKtTosuzbOuwIMzd7aDtuqgazAtpX7FCrkJrYld31/6omW73i6L3g==","mode":420,"size":432},"lib/etc/objects/ListItemRole.js":{"checkedAt":1768031007338,"integrity":"sha512-5oLzM25ca9qOyclo4tSV8788+vSXTn0lzamh8BaHLp/LxBKLi8RHGC0x5Z/76tQDmAFh9o+GlmxCRys4Uav7Qw==","mode":420,"size":363},"lib/etc/objects/ListMarkerRole.js":{"checkedAt":1768031007338,"integrity":"sha512-oCBLnnGQTHDHl+58BRZUBp7ei9YzVydC0hC/3E9svvATqvk7BtVaGPgmlmfRNHRX8UC/8fXDmwhEq7WdhmKKYQ==","mode":420,"size":233},"lib/etc/objects/ListRole.js":{"checkedAt":1768031007338,"integrity":"sha512-2YMMsH2zJG55772Rqdmf8n7lIWWQONYC9cb7r/zahQBqWZ0YEPw+CltNsHvWmqC2edKu0cPamc8bSI74nWax/Q==","mode":420,"size":416},"lib/etc/objects/LogRole.js":{"checkedAt":1768031007338,"integrity":"sha512-nflL9OfJGE/fHXRSlRG8Md4N15r6OHU2j1AAHLQn+SA92vkis69dPNU4ANsh6EPDDafX1uRC2OjXWlO8S++/4g==","mode":420,"size":283},"lib/etc/objects/MainRole.js":{"checkedAt":1768031007339,"integrity":"sha512-d/DvIFSi3y2OJgpoBihI5dEOHH8fjcqtWg9lVm0Svoc0JHIk6oda687vVw3nXUlem/QllysJP1RtDYDpw2yusw==","mode":420,"size":353},"lib/etc/objects/MarkRole.js":{"checkedAt":1768031007339,"integrity":"sha512-iBocyc1Ho1fwtiN+BH2X65FsCkiSns48aPthugzDNywEyVkNGStH4qx3NaU6n6qMLYkP8eIUMwEbWLi1no7RZA==","mode":420,"size":286},"lib/etc/objects/MarqueeRole.js":{"checkedAt":1768031007340,"integrity":"sha512-Y2Y1GxEMJi93tATSfvl8cbhkiqczVVuaoIpzEjTq4iA61q7IHr7MJ2MBrJYzpL0hlAl4Qzutrsb3U3AK1KGjGg==","mode":420,"size":365},"lib/etc/objects/MathRole.js":{"checkedAt":1768031007340,"integrity":"sha512-IVGIF8gmrpk5jnEESuhqKJYSKnXzHiwPDFtmpNak+X78j7enW6gf0pgI8495ZV57VyRJzZmAbsrp84aMFZrIXw==","mode":420,"size":286},"lib/etc/objects/MenuBarRole.js":{"checkedAt":1768031007340,"integrity":"sha512-usKmoDRuhFcBNgKJ/0OZzOSzReSXSQz0zBmnelAz8YySNSgkhhodNV6oBIca0j+FLHAKCoDvj8h+8DloSNU8GA==","mode":420,"size":295},"lib/etc/objects/MenuButtonRole.js":{"checkedAt":1768031007341,"integrity":"sha512-eyM/TQw+oGT44WnJVdmvxp9WoAVBWw9UPJLiJMFjyHz2VIhY8UbwLCLA4/k64D89mz/wOcqDHwkTU/xU+43sEg==","mode":420,"size":230},"lib/etc/objects/MenuItemCheckBoxRole.js":{"checkedAt":1768031007341,"integrity":"sha512-rOFZCivoMK0odLA0QtS2eP8wFFL6xGSVvzr8MxSGngTMB3JzT42K8Y94Yl3G3sR3G3ceWGcYJu7Vro7O/flwqQ==","mode":420,"size":319},"lib/etc/objects/MenuItemRadioRole.js":{"checkedAt":1768031007341,"integrity":"sha512-yTWFYK+IoElOcj8vxbYNMYuYjSLZVWSoAF6RxpPXMYE55eDLIPoGb28sZcEA/baz97ldSLEJDBDN0DegD0P8sg==","mode":420,"size":310},"lib/etc/objects/MenuItemRole.js":{"checkedAt":1768031007343,"integrity":"sha512-Q+wjf7lcpP5DwKlvNoiCo4lW8fGTvMqc0RaWUekFBhTYg0S3sEXg1BeySf6W753jbCH5CF0o6vHAJvwTqc58cw==","mode":420,"size":366},"lib/etc/objects/MenuListOptionRole.js":{"checkedAt":1768031007344,"integrity":"sha512-MkGhJNmgBpBcFPfiwo0spQ3eaPlavOa2PjHZ6lQMOjmdvqw1XzpqWcHVt0LWWPWevqKvu9qR3YaWVJLbAbEnVA==","mode":420,"size":238},"lib/etc/objects/MenuListPopupRole.js":{"checkedAt":1768031007345,"integrity":"sha512-J1xUzYR25Su1/ueadvkF5mJ45lZ3exe0IWp40cI77gEYSLEFy717c+8F0/zic3p+ssckGziu7EyeNetUy6pC7g==","mode":420,"size":236},"lib/etc/objects/MenuRole.js":{"checkedAt":1768031007345,"integrity":"sha512-7vBOaSSd2yv+ge3UWxDJRgMos12XX2Upq2yxrT/CwXtDRiVDD4Ar9AQhpKBHnz6TFtYrghWypUwXfn5nz+xMpw==","mode":420,"size":353},"lib/etc/objects/MeterRole.js":{"checkedAt":1768031007346,"integrity":"sha512-ZOkQtrmRJ4Pb8XGVCrrCgr5ZJxhzHs2KEykv6b2N1TR6sox0cUm6rmY+rnbgT0uXkZcEL2S0LJ4MR/gEdhQHJA==","mode":420,"size":289},"lib/etc/objects/NavigationRole.js":{"checkedAt":1768031007346,"integrity":"sha512-Ftx2kJ9jzat9So56mszECGWAGeR1hTqsgBXVl+PjS8lk+yCLvHuRkPPcus7Czpj/7WjT61E5PbyLbxJAEBj2Dw==","mode":420,"size":370},"lib/etc/objects/NoneRole.js":{"checkedAt":1768031007346,"integrity":"sha512-ukDOCUAPK6O5ozJE8LV5woeX8gtldZ0Sdjtk/6YS8nOozY23H54FgVSFjWt5PhXgpdxLl7XEjw4+AM6pUuPcOg==","mode":420,"size":286},"lib/etc/objects/NoteRole.js":{"checkedAt":1768031007347,"integrity":"sha512-/by8BC/vN/komlBPZpuT5rKLN3q/WMKPTS6ZGO5YXA/yBGbmufROm03X9KUPPJyW5qDMP6sDijBPkSGBeUToFw==","mode":420,"size":286},"lib/etc/objects/OutlineRole.js":{"checkedAt":1768031007347,"integrity":"sha512-l0AxUzbLK2WMwKpzmu6Qw8oiMNvlvhi0YVGy2dxlYCz/bcYhNFxsZV2HpX+/sNEBjmW1w0UfZKoqXaRES13A/A==","mode":420,"size":227},"lib/etc/objects/ParagraphRole.js":{"checkedAt":1768031007347,"integrity":"sha512-BR0rVJ/cJT51KoRDtBRJBKcjVLqFcETNl7PqG9EA5xxT/MJSZz5iiNLyadzhetRnD1qIyyl+5hZf5wQGc7AY5g==","mode":420,"size":293},"lib/etc/objects/PopUpButtonRole.js":{"checkedAt":1768031007348,"integrity":"sha512-dyjhTtDWF+UF/RJ55gQdvHvrHix28+KJMyv6+KRhHMRtQ+WbKmX7DrrzrJwTUmuDLJnITPUhk0w2GrBjYMHSbA==","mode":420,"size":232},"lib/etc/objects/PreRole.js":{"checkedAt":1768031007348,"integrity":"sha512-qYPyWdTlUYAUlZtMrPd8NvVD5GrLQmaPt+qVnYo/o8VUp7RunG4BlY4AUkQJ4Nc2tRvlYenyfXeqFVVau5mUlA==","mode":420,"size":283},"lib/etc/objects/PresentationalRole.js":{"checkedAt":1768031007348,"integrity":"sha512-DHF3xa26i/H6x4f66U2lNtBjhEMswkEPQOhNWoRZW7nIhqNmcqO4uh48Euq0MJ2XSYFneji6uEJZ57WJeD/uXw==","mode":420,"size":314},"lib/etc/objects/ProgressIndicatorRole.js":{"checkedAt":1768031007349,"integrity":"sha512-4wIs0Ild1fz9651pM4eJSi6kY2yMa7oqWmE3YRCb9Y2ydcLwxEzkiN9GMeq+WJQACoK2YNl6PLgbhNtHyHRVMQ==","mode":420,"size":390},"lib/etc/objects/RadioButtonRole.js":{"checkedAt":1768031007349,"integrity":"sha512-3zTzs+mBWzlNr4WVS3efxBXF9naliWCAFOAidr4oDOzuM9MU5G3B3BMYo/F8797+/B0C1UWSnKDO8bnUMr6g/g==","mode":420,"size":442},"lib/etc/objects/RadioGroupRole.js":{"checkedAt":1768031007349,"integrity":"sha512-IG8pR9sSP5czpj+PD47gGSnpORWXFOLC0PRHzag3gA+HQFWwpe4Fvoss+A+2NISk5sd7dk1QYcam1qHzrkXSIg==","mode":420,"size":304},"lib/etc/objects/RegionRole.js":{"checkedAt":1768031007350,"integrity":"sha512-kPFqzepbTjHuLfCYKZSl6QscGsp3IXlVuJMNa4tFILwn8aJep6nsF+UIpJajr4t33MT2GpR/3ArSd3xC29P6Nw==","mode":420,"size":292},"lib/etc/objects/RootWebAreaRole.js":{"checkedAt":1768031007350,"integrity":"sha512-PL7LkwBJ2Npow5XDTq38wxkP1xXF+DWuP/RxlsljLRjb7sqebzxN3FauegbisTddypQggYDYsC0nbRQy3VSssw==","mode":420,"size":235},"lib/etc/objects/RowHeaderRole.js":{"checkedAt":1768031007350,"integrity":"sha512-tbGI4EiDo1rakaAMqMsRoEAtjJ2kYs/ro+0EF5XXXqgTm0KI7RVInbiRHK24VbSdsM1GhKD1RzDhpq6+F2KE7A==","mode":420,"size":438},"lib/etc/objects/RowRole.js":{"checkedAt":1768031007351,"integrity":"sha512-q0wkjiRkzQPreD2rkVKatR2zf1CwysFUd7nQQkLAT7ne2tHhpyMqU5+fx2WUkDeZ4/IO8WuqKu1QB7UWdXZUVQ==","mode":420,"size":348},"lib/etc/objects/RubyRole.js":{"checkedAt":1768031007351,"integrity":"sha512-ePvFdgUGiP7zIpCY4C34lpVmjZVyvrcSW6zaDeDWQjU1AZVauCzTBHhipFyDRhdx1rTHjuu2H3Gr7G8zgMl39g==","mode":420,"size":286},"lib/etc/objects/RulerRole.js":{"checkedAt":1768031007351,"integrity":"sha512-cYe/1l8NTOdujE2JYyPtUXxDuQo73Sh3c3T3ZcxL8BAHD4DvucNCiHHs9BbpIUh8PSC4weguQ4w8kVHr4QUNeQ==","mode":420,"size":223},"lib/etc/objects/ScrollAreaRole.js":{"checkedAt":1768031007352,"integrity":"sha512-FCN66E4yFJVGFUCZck5CCJEV6NKIoWK7wWBmSYOhHRveAkJXSnTEuR+w0TYZjNJeEN213y2tmvBPT0nCBvUvUA==","mode":420,"size":233},"lib/etc/objects/ScrollBarRole.js":{"checkedAt":1768031007352,"integrity":"sha512-fqdBwrhtvnMHOPpYX/uxKnoify5p7aCJsNV6WwEsnjxXImBFNfBfUc15IUL3S0EWp8AsU5D6F2NU9dpJg0il2Q==","mode":420,"size":298},"lib/etc/objects/SeamlessWebAreaRole.js":{"checkedAt":1768031007352,"integrity":"sha512-/JTomiZSTlZ5G8ucH249e8OMQN7S1WasKpOnn76YKVbEU90LQzc/6EcWze9fkJmhcuEZIfbJVEQHfa/Zyd3vrQ==","mode":420,"size":243},"lib/etc/objects/SearchBoxRole.js":{"checkedAt":1768031007353,"integrity":"sha512-5xehK/YmTLUFDonM6OzXTQucY+sozRmi4ViQKLDNKd29kHHK0Rzeiunel2NEd79+rG1AlMqei/IBnIZY+RT0ZA==","mode":420,"size":443},"lib/etc/objects/SearchRole.js":{"checkedAt":1768031007353,"integrity":"sha512-RMb1UH+DOqwswUwbag8/CItUI7K/dMzGOWMELB2iJaVt2hu2XRJRlbhaywUmquG2akbTKFzTn6jG6biAHtNXvg==","mode":420,"size":292},"lib/etc/objects/SliderRole.js":{"checkedAt":1768031007353,"integrity":"sha512-fBDK5kTHLsg9uYZBRF9wKjEKBZeO/aFqnT+ru1HLc7uK3OxEapGleMqsdy1eWPNT2t2Dc28yvKOA8Pu08tzL5g==","mode":420,"size":433},"lib/etc/objects/SliderThumbRole.js":{"checkedAt":1768031007353,"integrity":"sha512-3ojE4nrp9K+ShRQBes7+U/q+HrkH/FjRpzgvPV8VUm3D6g/dNzUsBevW3dPanacVLbYtwvDUN3lt7Hgcb7oEMg==","mode":420,"size":235},"lib/etc/objects/SpinButtonPartRole.js":{"checkedAt":1768031007353,"integrity":"sha512-G98JHlv4Cq3irLEMvWTV3IMo1Kco2b0zErd3kaxYBANErVFgJHImVhemJD3e3FElJMJQCaqPE20pp/ZZGIV+tg==","mode":420,"size":241},"lib/etc/objects/SpinButtonRole.js":{"checkedAt":1768031007354,"integrity":"sha512-ZNBc6Za9NH0XxU2Gtcz3AGlGkeXMU4IspdH9Ec9aBLHO4YvKAm8EvMFQiWYhoPjyIn3soU/dgOWxr9Iuq02pag==","mode":420,"size":446},"lib/etc/objects/SplitterRole.js":{"checkedAt":1768031007354,"integrity":"sha512-D5/PsksscpMfwbpHu1Pm1DIKJA77eeH5ApJk6kobojOaYatc/9g6Zt/VfWcO0gx4kNSF4RUzWOPc2v7SQNRYHA==","mode":420,"size":296},"lib/etc/objects/StaticTextRole.js":{"checkedAt":1768031007354,"integrity":"sha512-lHQwlj1HdsG/wYm3JEOu+ly0+zVYtBNaZg8t0Lq4NhPcgKjD+H+NGR7npaYt0DxSPZ993iP9DHPsZx6Cm7MwrQ==","mode":420,"size":233},"lib/etc/objects/StatusRole.js":{"checkedAt":1768031007355,"integrity":"sha512-O4eBEW4Z9CifrH0g/UX7XorqQiD+mw0SHnzVrVD70904IoXiPora0Cs2RssvzAsKRMT50lCA/8wyJeyxFgOWxg==","mode":420,"size":292},"lib/etc/objects/SVGRootRole.js":{"checkedAt":1768031007355,"integrity":"sha512-esSemQ9s4jNyQnCm6iS2jgLe8DLxeCG8HDuxbwl+NISZ66w60ToiNahrZw/5KlwS83+ZzPIxn/8CtqyQfOE2UA==","mode":420,"size":227},"lib/etc/objects/SwitchRole.js":{"checkedAt":1768031007355,"integrity":"sha512-mMahTmnMn6gLA+06L3plA0+7UUe1u9JCCV4LTtx5S6GtVeNO6gUYDqG+H5Axy89S/BMBEEaYQtKTnUKwSoGvTA==","mode":420,"size":436},"lib/etc/objects/TabGroupRole.js":{"checkedAt":1768031007356,"integrity":"sha512-aSIcJKIH8hqGYROkwk61nyZvAmRMFa6gac5XZs1psP4alU2gu/LDCXq+rVmLJ+asExqUM1ppuCs2K34xpV73fw==","mode":420,"size":297},"lib/etc/objects/TableHeaderContainerRole.js":{"checkedAt":1768031007357,"integrity":"sha512-zUxWC9hT3GqDAK0aX3lbyJRa97zsJ1hUSkj60PbBF99tJ+Rc24AIiMCz5hTXJbd2BjfscywHXS+hA+k+/UINgA==","mode":420,"size":253},"lib/etc/objects/TableRole.js":{"checkedAt":1768031007357,"integrity":"sha512-kkgNcHEyVIm0ulk6cTyaeuBmucYBztIpxbxNVEFkJ6pI10w4iD7vqTfo+gkZsnKJpkSo2iWqxsAKNh3AeXOA8A==","mode":420,"size":357},"lib/etc/objects/TabListRole.js":{"checkedAt":1768031007358,"integrity":"sha512-I3awIHTYNsqW0s772H7gaU4zrvoS0z+9c6iO6WPSpK43BFbmRIyHDal552TjiHf4r2/tQ6W0Uc0RU5SKCPAMqw==","mode":420,"size":295},"lib/etc/objects/TabPanelRole.js":{"checkedAt":1768031007358,"integrity":"sha512-CAjAwcNT+S3WMn3rZdteVXRBwTTYH8ZXErPJE7nJhRX7/29Uy7IAP0CqwtmRgHRSmETG+gfjdikwPv/KUwy7gQ==","mode":420,"size":298},"lib/etc/objects/TabRole.js":{"checkedAt":1768031007359,"integrity":"sha512-/Vegd2OLJDBSPbrKDnn0qBbvEnhylM9L2I7jjn6ZUocb/lJt+IqCuY9CpaGz4m+4HYG+IyZ9gPzb5W9hr0oFzQ==","mode":420,"size":280},"lib/etc/objects/TermRole.js":{"checkedAt":1768031007360,"integrity":"sha512-4jXiuHAMsX9Gt5OIDk9902aI8X9JyGSynp5iVEpiTSG/3HMtiDVrdt01Uj+GcK0wFTDVqLJxSEITnKszeTtlFw==","mode":420,"size":286},"lib/etc/objects/TextAreaRole.js":{"checkedAt":1768031007361,"integrity":"sha512-YELkVmr2/AmCj6QXpcxkvQjmAw6IpWpnsW6iGBPLnUrhgX900ZrOPyeK+/Cboj08VDBByf7V4UJohAtP6LoAcg==","mode":420,"size":450},"lib/etc/objects/TextFieldRole.js":{"checkedAt":1768031007361,"integrity":"sha512-Bv3UMDDtqfLxx8YEZBhCiThxIghEuWpbpErsMHhTJI+8Z56oTUYpKuQR97IXM+0qz9K+Byw3NMbGAhudaQDAUA==","mode":420,"size":507},"lib/etc/objects/TimeRole.js":{"checkedAt":1768031007362,"integrity":"sha512-ojIUxOsJtrqrcLBh4kzY4kczg7U8ShplbUY+GREnuOnGmr/QiRF2jVxnJU9ELhtno7z/aFzN0TaSElcQUFwHEA==","mode":420,"size":286},"lib/etc/objects/TimerRole.js":{"checkedAt":1768031007362,"integrity":"sha512-PfQAv/hqT5RXy/CaHPLaFmcvSFpl14O1nM2liFM/6J6+qYW/6gbe/dnEwK4JYNY2NeDi1WWTUrovO7tUX3wd6A==","mode":420,"size":289},"lib/etc/objects/ToggleButtonRole.js":{"checkedAt":1768031007363,"integrity":"sha512-z+30jGeTgV0aSAblhD6LE6onP6csbTaRqIDF4OFpioprQDG1qG1EWbJ7ZDGp0a2OaHceaafgXij70RB12FkNjg==","mode":420,"size":339},"lib/etc/objects/ToolbarRole.js":{"checkedAt":1768031007363,"integrity":"sha512-j/NtYuB98SBlWC1mxuOqOlPcW5eyOp6QmDbD5UbN5mEKOQYC3m2kFOx6oDlld0WlmLhBD7HYZnVdCCRPmUsPHQ==","mode":420,"size":295},"lib/etc/objects/TreeGridRole.js":{"checkedAt":1768031007364,"integrity":"sha512-c2Lg2IrSFe84UxVfFBoNJ75G0Y+9giJHmzEF89PHqx75Xq+ItC6Doh2D5cb7UDW9TH98dhvnnFraMyUylhs5lg==","mode":420,"size":295},"lib/etc/objects/TreeItemRole.js":{"checkedAt":1768031007364,"integrity":"sha512-p1MicnJjxcHLWPSGlR7VOkbKs2De6OfgelCyUKpLeCiqM39/V8VWVVqEiVtTVRDZiaxth/mNcBCcbVeTQZN/iw==","mode":420,"size":295},"lib/etc/objects/TreeRole.js":{"checkedAt":1768031007364,"integrity":"sha512-buu0fvIY9j8FjmELG1gcba52bWFPQ+x1tymSADOPhM/vXHsaMbj7URKEnKjqUALTTAyUd/6lCZAu+gu/V88Kvw==","mode":420,"size":283},"lib/etc/objects/UserInterfaceTooltipRole.js":{"checkedAt":1768031007365,"integrity":"sha512-FNXe2R1J5AUqv/r6udIlnfSYAHldeqmJIlbrIiX+57F/JnGRjFNuyigR2dKgPtvlXPN5wa6p0cShdRjYeu0WoQ==","mode":420,"size":321},"lib/etc/objects/VideoRole.js":{"checkedAt":1768031007365,"integrity":"sha512-LSHIP5EuSFN0j+fKWf4ThH6KUdOfTWVmqvCl3SImG3YX4IKmrOnL6wZFoJmaAdk6eqEsbSHKgibrHz4Rp+Rjew==","mode":420,"size":286},"lib/etc/objects/WebAreaRole.js":{"checkedAt":1768031007366,"integrity":"sha512-AlnA3+dPUILoPfDKR945nX2axq0+N8U+UmZoVcyGwd89/FbXcIZHCEkOM4BVLtfRsjumAxLWhUQZmkNpWSfKZg==","mode":420,"size":227},"lib/etc/objects/WindowRole.js":{"checkedAt":1768031007367,"integrity":"sha512-h6IeFT0Ii0anVLW06yxaYmLhQQ2odLSbzCcUn/wjx2h7BPJzZoFeHfI5thuS0mvA+lYiqN+mnrCUZIZVZ2CrDA==","mode":420,"size":222},"package.json":{"checkedAt":1768031007367,"integrity":"sha512-TRF0LWje9zJYAzHLKeQkyZIc9NXPdHMfD51zXGWWYw5R/s8twfIz06xnYz7Tqg46G0v54GNepRzWadlpm8nhEg==","mode":420,"size":2048},"README.md":{"checkedAt":1768031007368,"integrity":"sha512-0XBLlHWQQYXUMaWaOKxZaPv0+hV3XwNRH5QzScp2BKguNNBp/KGKQ1snobgDljmrJqTaw+RRXeL98LML+JS/hg==","mode":420,"size":21175}}}