{"name":"unist-util-is","version":"4.1.0","requiresBuild":false,"files":{"license":{"checkedAt":1768031008999,"integrity":"sha512-QW0614OQ2pE/wLkcUyNH79AgGJeBHY9/pQURh6XnXkrDpzF790GLKxMWW7FbFDyBAQRjDxU0q5PsGcSePwoZgA==","mode":420,"size":1099},"convert.js":{"checkedAt":1768031008999,"integrity":"sha512-Wg8nzGcPJjgMGJFHgl8+onOAwaren9re75B9XvXmJaEHLiNyj47lFJIOrtCMMTmikTSwQlOdJv0gu+7vWGuxlg==","mode":420,"size":1322},"index.js":{"checkedAt":1768031009000,"integrity":"sha512-cDJIfD7eYPWON7h1EZYTHYTMS4HWXlYh1zhiQdlHDQu0oD2g85kwzARCKZtTO3trVncA9vGI1PkPLTj6WT9iKg==","mode":420,"size":791},"package.json":{"checkedAt":1768031009000,"integrity":"sha512-U3DcBKesx5IUeg6fCyJs8uARMYAgTCppTfFMoW2agJS0BTEiSBQD3V5aTcj7hVTKyi9RZUP9AuPsJu2itKB4UQ==","mode":420,"size":2652},"readme.md":{"checkedAt":1768031009001,"integrity":"sha512-Qxz4jR5YMzrMul0KnwoILuSZn/O0GjwIyUtTX26+e9KUmvn/EdyqLrb0McLwfeGS+cSsTnHQnw6CgwAbdKMLNA==","mode":420,"size":5736},"convert.d.ts":{"checkedAt":1768031009001,"integrity":"sha512-SYUnJyXCS37ea5KhnE7l1DoddPaukeWTmD1gtUVwQ9xXVxA9EHLhPvoNzIXtHN+GX4AtOZpU8xCA0gLDFR9xMQ==","mode":420,"size":156},"index.d.ts":{"checkedAt":1768031009001,"integrity":"sha512-/wwnGqs1rjrn766aLVryCqzBDGcdtyH1dUTZBSEiE34AG5IxlJ/MJ8bgyUjOBWH0rzwBphrCVx6Hea36ncXExA==","mode":420,"size":1990}}}