{"name":"@iconify-json/catppuccin","version":"1.2.17","requiresBuild":false,"files":{"index.js":{"checkedAt":1768031007437,"integrity":"sha512-ZMtweW8LBDc5hucX4kzBvpWEjUHKKublKFGIFQzv6EIjKvHMqvi5MjMlf//AZ/0in0No9hcQ+K+Os1ov6btMIg==","mode":420,"size":212},"chars.json":{"checkedAt":1768031007437,"integrity":"sha512-yktt77itzAEAULyLG7j4CSxJKLig+6MhRqvPslbk2RZy+IyizfYhDnVOW4rF4j+wI4BszXSayLcB95ppHwPIeg==","mode":420,"size":3},"icons.json":{"checkedAt":1768031007439,"integrity":"sha512-7fJCBPF6QwE5bP+MRDnuTeKqsF2KfhXTeY2av/KPb6kO2qfFYq2u/SWdU/+U4pqMMfxLGQqVZ+lOewVRSvN9pw==","mode":420,"size":306666},"info.json":{"checkedAt":1768031007439,"integrity":"sha512-CQ+PfAiNiQGnXBXDsW5hH3lIp0o8bQB+zGgOV1s+3nsC95qbY7Ac1MG5bJuRoX8m+RGhmDOiT7zOdK+MBQUqGA==","mode":420,"size":443},"metadata.json":{"checkedAt":1768031007437,"integrity":"sha512-yktt77itzAEAULyLG7j4CSxJKLig+6MhRqvPslbk2RZy+IyizfYhDnVOW4rF4j+wI4BszXSayLcB95ppHwPIeg==","mode":420,"size":3},"package.json":{"checkedAt":1768031007440,"integrity":"sha512-5l2E3VFppbbu4Lo+rYQ50tE1CmndBZkzBbNkTT4zntM3Ti3KRFicL+oeRpCz0KE6n/zbv54/UAtWWdkaDNaCKg==","mode":420,"size":643},"README.md":{"checkedAt":1768031007440,"integrity":"sha512-1r4T0CYSMvSEU0Wr9D6eZQGOXJ8F5yWqWH6iuUYi0HcP1NslcJvBVlziq6KR64CFWQIaPHbMYg/AADQZuOlsfg==","mode":420,"size":827},"index.mjs":{"checkedAt":1768031007441,"integrity":"sha512-CXKCLinn4HDJOrD8U+MhPjdqXjqES8U/0JVeZ/gZn/tmvivEYx7BTr8FWLQucFXkpnIRUcxCoNfmcrvOhzrb4Q==","mode":420,"size":191},"index.d.ts":{"checkedAt":1768031007442,"integrity":"sha512-Ft/S07JuzoGd8DBYsc8nOikhTvLAilj3MXX9UpOvl6ExHFW2SfY+SUev1qMMbjuCCkL1m5PwxTjG1sRj47MfbQ==","mode":420,"size":336}}}