{"name":"@standard-schema/spec","version":"1.1.0","requiresBuild":false,"files":{"LICENSE":{"checkedAt":1768031072605,"integrity":"sha512-E67dV5KShANp2OyYM+Z5kAS5+pnfkO8Y4haU+vStPjzC0A2GHgGk0C65X1e5xGVv3a7y0snCLRcl/r9ZQnPZCA==","mode":420,"size":1071},"dist/index.cjs":{"checkedAt":1768031072606,"integrity":"sha512-6SZ1Ogv4BMIzhMe5XgvAlrz1gbTm7l8owKPnP47+YpqzoaVuqdwdm2gM0T9cDLimWqFMcYEtcIJY0thSC4ySXA==","mode":420,"size":754},"dist/index.d.cts":{"checkedAt":1768031072606,"integrity":"sha512-kgRMDLVd7Muvj/oBlM71bnDsK75Zfx9QowMTWoXQTU1DkInrMnzLxfsxXKikz3jdUAq60vkdirbMjAALApE9Lw==","mode":420,"size":6056},"dist/index.js":{"checkedAt":1768031072607,"integrity":"sha512-z4PhNX7vuL3xVChQ1m2AB9Yg5AULVxXcg/SpIdNs6c5H0NE8XYXysP+DGNKHfuwvY7kxvUdBeoGlODJ6+SfaPg==","mode":420,"size":0},"package.json":{"checkedAt":1768031072607,"integrity":"sha512-eqa+Men5BKTteGSSoU9/loQHrJE9fLCzRvCjGoqIyutoNA3AbCio/RtAr1STaqT3rEC8Ch6abO9HRB9RdQzTvw==","mode":420,"size":1146},"README.md":{"checkedAt":1768031072608,"integrity":"sha512-WuqRCe+aHhJtWbV5PjssxdtIaY8yK0JDsIpbHX2XVdt7SUoW7iZWZ1SavI5gYuyBjKDvw6Znd0WIUhD6ou2z1w==","mode":420,"size":7551},"dist/index.d.ts":{"checkedAt":1768031072606,"integrity":"sha512-kgRMDLVd7Muvj/oBlM71bnDsK75Zfx9QowMTWoXQTU1DkInrMnzLxfsxXKikz3jdUAq60vkdirbMjAALApE9Lw==","mode":420,"size":6056}}}