{"name":"mlly","version":"1.8.0","requiresBuild":false,"files":{"LICENSE":{"checkedAt":1768031011127,"integrity":"sha512-ZUOz4mMEav3Dj+n3ZhgAmeZ5pM/9oYtnAll8fJqq6C8n6eBNpNUv3con8e42dckvhnjRUWcTW8p5juElOx3RRA==","mode":420,"size":1078},"dist/index.cjs":{"checkedAt":1768031011127,"integrity":"sha512-b6IImqcmQVNiqPI6GAmhi0/b42sOEB50ZDVudFVfwgnRsf0X/tGXDRVQ0+aXgb75yuxVMshuSWutrNc0P5sVEA==","mode":420,"size":74673},"dist/index.d.cts":{"checkedAt":1768031011128,"integrity":"sha512-von0iXoMVeoHX7ND1xa8GEwnqe1/Y5ExicwWs8Bh72U3O8MDBoxRweW/FaFR3lQLcSbmB5DRH8dMrec/wT5t4Q==","mode":420,"size":23149},"package.json":{"checkedAt":1768031011128,"integrity":"sha512-kpzkafnZImX5jJXjH3mpiwsPpju/usDNER5auZfcnzuCWpoLVVQGbH30u4y7hOViMnug5pwPx6Zwf0ErsU06XA==","mode":420,"size":1425},"README.md":{"checkedAt":1768031011129,"integrity":"sha512-wWefUrE4t4EgZxmABo/hajERj/b866caSCv38Of0zAlMvrcLUa2jUAHaY/s8eUd/KurGTY89GVGnCAJ70VTQ/Q==","mode":420,"size":13452},"dist/index.mjs":{"checkedAt":1768031011129,"integrity":"sha512-qGEdX7Wx+4l8XbPat6MfsmRPhg1rHWebuJIKsj4XLk2QdJq2QorVBzkkbY+gmlC3dD1oM2P+sdqW5w4vGh1TIA==","mode":420,"size":72686},"dist/index.d.mts":{"checkedAt":1768031011128,"integrity":"sha512-von0iXoMVeoHX7ND1xa8GEwnqe1/Y5ExicwWs8Bh72U3O8MDBoxRweW/FaFR3lQLcSbmB5DRH8dMrec/wT5t4Q==","mode":420,"size":23149},"dist/index.d.ts":{"checkedAt":1768031011128,"integrity":"sha512-von0iXoMVeoHX7ND1xa8GEwnqe1/Y5ExicwWs8Bh72U3O8MDBoxRweW/FaFR3lQLcSbmB5DRH8dMrec/wT5t4Q==","mode":420,"size":23149}}}