{"name":"unist-util-position","version":"5.0.0","requiresBuild":false,"files":{"license":{"checkedAt":1768031008995,"integrity":"sha512-00mBaAegOXNJDyksTMrytYh98gH+v/fruetGXfLv5IVYnw8WD5PgOTOdM0A7q244DNs0Ynq8gFk4JA6SWxIdbA==","mode":420,"size":1099},"index.js":{"checkedAt":1768031009239,"integrity":"sha512-UWmC8U58NwP0LYTneO8ETml77uYp5eWpMXcXiDM6DToCBgYD6mVj4utUVLEukwCxc99gTCiiy1EG/gHrFYWCng==","mode":420,"size":62},"lib/index.js":{"checkedAt":1768031009239,"integrity":"sha512-A9XvPj/nZLIj4KqXRyspUNIP2XpK6WsYddzfXzv+JIFdUpwDStV1paEiL3FK3bVD1ST7zJlVGIdWWKr19bYfvA==","mode":420,"size":1924},"package.json":{"checkedAt":1768031009239,"integrity":"sha512-oagdhx89vngtsuK6tWBzJndujRUVuqYAf4gd2O2F7E+FrFKcv3thpFz50ssgBKa0EVNM1Bjekvk9fW3ZFWqywg==","mode":420,"size":1874},"readme.md":{"checkedAt":1768031009240,"integrity":"sha512-Dvl8T77jgQSgOUNJzF9aRURjD0htPIaDem7m7mg2dXbDFzXSZisJq/bcWE/yjGcmIak0AmCPVN0reViETH25KA==","mode":420,"size":6563},"index.d.ts":{"checkedAt":1768031009239,"integrity":"sha512-UWmC8U58NwP0LYTneO8ETml77uYp5eWpMXcXiDM6DToCBgYD6mVj4utUVLEukwCxc99gTCiiy1EG/gHrFYWCng==","mode":420,"size":62},"lib/index.d.ts":{"checkedAt":1768031009240,"integrity":"sha512-MHjUlON/1r9wTQqIDYG4MIusbv8URZcfsRZpQs/HpH4uzYWiK0DqWdxNQ0jrI2qeZMMjFDPHMFnNAuu22zGxKQ==","mode":420,"size":1195}}}