{"name":"tinyglobby","version":"0.2.15","requiresBuild":false,"files":{"LICENSE":{"checkedAt":1768031075212,"integrity":"sha512-bWdqVoBO4HOOrUQinnR9DBTX5jfABSug93fBB7PdlSjxn39FVFtfWr2qdLw6+0NrvnDo4ItlavGYOvOEod5aiA==","mode":420,"size":1076},"dist/index.cjs":{"checkedAt":1768031075213,"integrity":"sha512-8Fh+D77bZPZMj0CMEiD7kf9+0u0gZSUeeEvPhEd1e+hvpMySd6LUtWr4chhInkH5fLxaE/u9izQuVS3bzyuUvQ==","mode":420,"size":14186},"dist/index.d.cts":{"checkedAt":1768031075213,"integrity":"sha512-Ie8DQKxvOrUQZdGPbQbiQPvbHeymHZG7OZrTCAQesjMFR/TuSDAnfJvKzXXZEbcN0DbhrfO9toR8KlZ4o1yeJA==","mode":420,"size":4641},"package.json":{"checkedAt":1768031075214,"integrity":"sha512-j4+10k2MGCXGViUQ8TVcFpklhdmLhRJvM21TT2KTf6NOz+8Y4m/0fhxWQNlTEm2NyaH6i1wExPBvkFb5QFA0pg==","mode":420,"size":1818},"README.md":{"checkedAt":1768031075215,"integrity":"sha512-SJ9n8JPfL4HxVADf49gTiO5YUIn1sPHF6F3tdA1tPdweaAf+q5a/dffh96qlIqz9O7LoN2fPuKEI2qIR8XPXpg==","mode":420,"size":932},"dist/index.mjs":{"checkedAt":1768031075215,"integrity":"sha512-1RR9b79VueH4ERW17xTZOlmRXHfHYrFNKZkowOOBc16nT52Z7oDATgDLnNzGMh5oa7jOdZ/0AjQg6T+S0GopLQ==","mode":420,"size":12881},"dist/index.d.mts":{"checkedAt":1768031075213,"integrity":"sha512-Ie8DQKxvOrUQZdGPbQbiQPvbHeymHZG7OZrTCAQesjMFR/TuSDAnfJvKzXXZEbcN0DbhrfO9toR8KlZ4o1yeJA==","mode":420,"size":4641}}}