{"name":"espree","version":"10.4.0","requiresBuild":false,"files":{"LICENSE":{"checkedAt":1768031005902,"integrity":"sha512-+FMQwEtTjvl+z8BRPdoRPoVowma+EWpWjZ5RBKtK2wIqcYsGNuzumqk6k5cDvASNavxtPZS71/PEVZhhOq1SBw==","mode":420,"size":1322},"dist/espree.cjs":{"checkedAt":1768031005903,"integrity":"sha512-4obpM7CAuRDNlOngrAoER+nmi5Ov+OfaZs1ISP+P/18GRudcOh/PbyvMRB8vPBzBITdbQ4RVWxWkrKURoluDKQ==","mode":420,"size":31219},"espree.js":{"checkedAt":1768031005903,"integrity":"sha512-4IPLpwgkQny4RnOKnGYXhkXfS0hd4OkTM0e1o4NKGD8h6pdQgTqmSgLPVr4Rj8KUrq/XbrR/ZOcPAFCY/6N3Dg==","mode":420,"size":6399},"lib/espree.js":{"checkedAt":1768031005904,"integrity":"sha512-N5ecVGppj1DXUKdvTza+OuwmcPj+beyWMczUMgMsFFFGkMFJHhIaqQoQX4tj5W1KBDFhIxSQgrsiaDh+cFMCLQ==","mode":420,"size":12137},"lib/features.js":{"checkedAt":1768031005904,"integrity":"sha512-W4cul6kH98/a7xQyMOWVziny4L49ASfGL/YdwbpGF+WG9TypyAbaADmOU8jGgVxk7nKOvyhXZ4iQTREXiSvxow==","mode":420,"size":696},"lib/options.js":{"checkedAt":1768031005905,"integrity":"sha512-0I9uuuZ/qft7YV6WCL+io7nIcCQZbwgwxb9kNLFDyMqmj2zWjI3spefULyAkE4WdLMPgsLLjMsUUvZ1Okj1B7Q==","mode":420,"size":3886},"lib/token-translator.js":{"checkedAt":1768031005905,"integrity":"sha512-o8q6vMbC1BXiOQZJCPpOFsyn7a87+gWUoorpi+ujjduoa/yM3EE573At4qpYVMRwjpUSb1q+gMUdNrDsjrRRJQ==","mode":420,"size":8103},"lib/version.js":{"checkedAt":1768031005906,"integrity":"sha512-PG6LTrsBj09TgVUx7QQRe4UpI+ks/FSSrYfjw+iwHV/ZE2EXYG9mKtrA+3xAASFm3153sTInMvoaddopgTeUUA==","mode":420,"size":51},"package.json":{"checkedAt":1768031005906,"integrity":"sha512-bduRuJJcpnNOtWvdkAYcRUvucdjlDFOWj/+J4Y60h9Ghw4sPdYMxb/JbEyqIvVFY8qQgOMOSZI+danqD3V/KoA==","mode":420,"size":2314},"README.md":{"checkedAt":1768031005906,"integrity":"sha512-ildlxKiL9Qe9GnMB1ZxLpl/j6HuyNU4dN8T8bA39GhXWzxvcqXsoF0DS38/19cgEGazAWXRzQ3traV5/FORdTw==","mode":420,"size":14256}}}