{"name":"svelte","version":"5.46.1","requiresBuild":false,"files":{"src/internal/server/abort-signal.js":{"checkedAt":1768031071658,"integrity":"sha512-ICp/F1m/AVFy7CMvxkdE6p395HsZ03IEzPDmf2h3L1jq+7vAmst0nqIUCmJdTfpTW3qe+WbBV/u/2dWuB3apbw==","mode":420,"size":292},"src/compiler/phases/1-parse/acorn.js":{"checkedAt":1768031071659,"integrity":"sha512-yjR1K6kYvtfF7G5AxfEQbSLK8QaI2fmBiMguj5/lfGlPrmteoiGrfUIkAA/ls1IbluvrAEXvj0QK7iDGj21q9w==","mode":420,"size":5797},"src/internal/client/dom/elements/actions.js":{"checkedAt":1768031071660,"integrity":"sha512-JIQXZhOksIEfhluCd5u92irQ9gvyJ11yGTZPM3WpfC+0jPq5iqAF9e+11tERSCsyF8uPokawuijto6B77VQLjw==","mode":420,"size":1366},"src/compiler/phases/2-analyze/visitors/AnimateDirective.js":{"checkedAt":1768031071662,"integrity":"sha512-MmRusqfcslBzxIcO/DI5ElrhOrLhc/67bE+HLhMTAAPbJQfDA1JcZ5VPW8F60niTmCqtVuWP4btO/On22ORUxw==","mode":420,"size":410},"src/compiler/phases/3-transform/client/visitors/AnimateDirective.js":{"checkedAt":1768031071662,"integrity":"sha512-Cdwk+sBwPS9KPu/1BrGCPEZn6oLyKKcVkvxbOqqiZ3ZCrEqank6bGO3RdSVsK5N8kHRYtqRc7DlMhr1f/edgPQ==","mode":420,"size":995},"src/compiler/phases/2-analyze/visitors/ArrowFunctionExpression.js":{"checkedAt":1768031071665,"integrity":"sha512-eLMObTRsK+4BYOfFJVpKB+5LcSCDHq3Wr4CrA1dPioDSRiXLlAvmlBOhYk4VjnlwacFzfHNSYtsbzR6KMqJEsw==","mode":420,"size":324},"src/compiler/phases/3-transform/client/visitors/ArrowFunctionExpression.js":{"checkedAt":1768031071665,"integrity":"sha512-8T0fSqG2HeTF204VIndCIOxiLIee1MuVHWECVYL2n4nMGBYY8yy1ryoykl+8/Aqrv0/zsZNF+/aQTWL/2y39pQ==","mode":420,"size":349},"src/compiler/utils/assert.js":{"checkedAt":1768031071666,"integrity":"sha512-5MqlipVhfx54emizpzK7FnMI/bb934kNwWSoVrKzlboc1VuT2z5QDfUPUVZN8w5WvKQJ68AzfiUOLH3DYOi11w==","mode":420,"size":210},"src/internal/client/dev/assign.js":{"checkedAt":1768031071667,"integrity":"sha512-W7TPtgPpGQonOQnaHwKrZ0SLhUeDgl7vDrVbW1O7CLsJU6/0hX+3Ir6BZt3RSvwPtFuwmABqs7eKen9AlIoJyQ==","mode":420,"size":1551},"src/compiler/phases/2-analyze/visitors/AssignmentExpression.js":{"checkedAt":1768031071667,"integrity":"sha512-AzzEZYV8iNbAeuLi9Zp2fg5wBjdPmwY3Kwn1ncS19/Tl1g2VRubAAAwL6YQ2pV3DJahGwxG9PpO53SOBR31emA==","mode":420,"size":864},"src/compiler/phases/3-transform/client/visitors/AssignmentExpression.js":{"checkedAt":1768031071669,"integrity":"sha512-kwK8Oy0ijCT4MFNgv8bYG3KDS8+PKHzyLrp7pdvBgNbRXS5ukI2ZfrghvErOb6IMU3x4LijfQ+DsJ1VM0wfhZg==","mode":420,"size":6503},"src/compiler/phases/3-transform/server/visitors/AssignmentExpression.js":{"checkedAt":1768031071670,"integrity":"sha512-Ij/gvpFaL+PwO49jkU+CEs9QeB8olFchdhW2ZHtYysKW60T4Sex4V/4rKEDjnraZkf/dU/VD4zuTxP738k52hg==","mode":420,"size":3054},"src/compiler/phases/3-transform/shared/assignments.js":{"checkedAt":1768031071671,"integrity":"sha512-5sVWDLR4VVijJzNAER3FVE/pzIdsyLQa2vZeSfWyCbPoNojqy9pJFlP7i2Oeka5UfEbecZLeXxn9uXnCFMO7PA==","mode":420,"size":2923},"src/compiler/utils/ast.js":{"checkedAt":1768031071672,"integrity":"sha512-ijvzZGRoSARYh3QoNaoKg+OR66/i8+Q1cHp6d3zHHV4AB9DIKFbbQbeEPo1CsaduMcLUVcIg/gRJPYj2XUMt/w==","mode":420,"size":18438},"src/internal/client/dom/blocks/async.js":{"checkedAt":1768031071672,"integrity":"sha512-1EAp83P7v0MoOUiQQKhhsXESRl/cTMZDLgbTl5cJiIJnugCjixcaPDu590tP0zRNGbSKHcgY8GchuDQhr2MTUw==","mode":420,"size":1443},"src/internal/client/reactivity/async.js":{"checkedAt":1768031071673,"integrity":"sha512-6noYFxJ8augVsWXkWr4zss/xsIwJQ5L6AOa6XSgZBqS/A1aDD3Le/Aq8CLBvoy8EOf9FOkoJVZV7BJWDkpUUTw==","mode":420,"size":8000},"src/internal/flags/async.js":{"checkedAt":1768031071673,"integrity":"sha512-sX//gvZpuBm7vqt0+p1L1gShAbeGb65uEPcXhB2At3riMxgHlyRDqrIAEs1yCKY20/NopiL9Yjw5dbgDNc1FRw==","mode":420,"size":80},"src/internal/client/dom/elements/attachments.js":{"checkedAt":1768031071674,"integrity":"sha512-cEqJ6GnQoBaLrCLWY65ASYRjJAXzmxquM9Uk0YFCesBDYgwS5Vim0T0B2Q3iHnoatKceZqk+6ZsV9RbHQAHq9A==","mode":420,"size":810},"src/compiler/phases/2-analyze/visitors/AttachTag.js":{"checkedAt":1768031071674,"integrity":"sha512-leUq/dQp7CLceX+RFKp4K/i6hssOqdirjFvKQkqpJieScAi6L1TS+mTr3toNQ7S/SS65YVI1FPWgqdhFCrurdw==","mode":420,"size":493},"src/compiler/phases/3-transform/client/visitors/AttachTag.js":{"checkedAt":1768031071675,"integrity":"sha512-rU+n+KcNGtmrZQoKEkIM+8HBCOOaDzxV1qgMg7EvfnyeXaw7eG2gQUuwnQM2wY3L9IH2I15S1Z/OSHCf/sgpqg==","mode":420,"size":745},"src/compiler/phases/2-analyze/visitors/Attribute.js":{"checkedAt":1768031071675,"integrity":"sha512-C0EX8UbL7usqg9jqyNUnqdZzP3FSUCBe81E3xdhafAtH46Dc2mkz/cg58MIDBufD6Npw4EtuF83QDKsxwMX8lw==","mode":420,"size":1883},"src/compiler/phases/2-analyze/visitors/shared/attribute.js":{"checkedAt":1768031071676,"integrity":"sha512-UsCT45bM5gjCWYmp9lYKzJg3y8x/TlDi188gEor1YiLsRkJyEOeknm+pxW2eaiWMXb8QNOrG60aTDJVqm4Od2Q==","mode":420,"size":3241},"src/compiler/phases/3-transform/client/visitors/Attribute.js":{"checkedAt":1768031071676,"integrity":"sha512-s8GvoMBr9d060IOQ1A1GLx/NU97POvCR4MwZ22RwPAq54phgQVma8aZbHy+gxEKfOYdXW2ggODy8URUQSKZ7dA==","mode":420,"size":413},"src/internal/client/dom/elements/attributes.js":{"checkedAt":1768031071676,"integrity":"sha512-j5ZH1CG2ztU7ywgL1irYq39ZrNswY/SQbLij0maN/La4yqqmCYc5gZLV9uQJiBH44VITr/30RMJSKp4D5B6YNA==","mode":420,"size":20377},"src/internal/shared/attributes.js":{"checkedAt":1768031071677,"integrity":"sha512-QktG6vG7xW5PfuiF7aQnpQqFfXrBcK/fVMLJeFGz+szvBUZTmJIOOCtAndBELeicyepKFFddQc42QB3eLJGh2Q==","mode":420,"size":5301},"src/internal/client/dom/blocks/await.js":{"checkedAt":1768031071677,"integrity":"sha512-0mce7MmoY3uNmFrmw0G2bUDVjzEZjAq6HemQ3pYZPiGnB5qt2eTyYuJ34zFXex6E+Iqfr6VUqe5PzgBUbFQ6yw==","mode":420,"size":4066},"src/compiler/phases/2-analyze/visitors/AwaitBlock.js":{"checkedAt":1768031071678,"integrity":"sha512-tzYHVLddmFlXShQqV6kTIv0soyXLUertTe7224wVKHw3EiXQZ0yuZCLAuHqq0dqnaWqfe8UZ0Hj8bB9yuCyh9w==","mode":420,"size":1509},"src/compiler/phases/3-transform/client/visitors/AwaitBlock.js":{"checkedAt":1768031071678,"integrity":"sha512-kDAX+x/jaz9ZmKBDVQBy6X0nbC4LuRcbqQjJ4wHojU+TdmNwPiVDJHLV4W5tqJewt9c+KO1+8Bo3zTftyPAHKQ==","mode":420,"size":3636},"src/compiler/phases/3-transform/server/visitors/AwaitBlock.js":{"checkedAt":1768031071678,"integrity":"sha512-X5ynAo/D7Cz0E4AguN1g2BKbOR0Y8JYrlFK9BMTOhpUnuBNMLJHDyKkyQn3yD4DBdhs+GJIgIq0+YNSuhOrddw==","mode":420,"size":1114},"src/compiler/phases/2-analyze/visitors/AwaitExpression.js":{"checkedAt":1768031071679,"integrity":"sha512-S9Gwl8Cpy8FVtYrHU1SBxnk2k3Xs2kL3dcCR3kTlKR+XOYbpFAzMZAXug3/SsgXGToe1o7F3PgGVqSVlgx2/xg==","mode":420,"size":3482},"src/compiler/phases/3-transform/client/visitors/AwaitExpression.js":{"checkedAt":1768031071680,"integrity":"sha512-KhsiImuU1sk2Sq+hI2KTbjFB/0mLKotdYqpcAu3b6N5PtrPobLTLGhMu6GCqL8kYj9VoCp+NyrAdLK94BVAnIw==","mode":420,"size":843},"src/compiler/phases/3-transform/server/visitors/AwaitExpression.js":{"checkedAt":1768031071680,"integrity":"sha512-TxWnLi0sFvBLVtjI5F+b5lxQy0N8196XCPj2ZnXNr5Dumz9TrJixqjXqUSYDOTM7fWl4mBDfxSu/gbRegwg7zg==","mode":420,"size":967},"src/internal/client/reactivity/batch.js":{"checkedAt":1768031071682,"integrity":"sha512-X714s6vD7GJprvvbd94spZOopzRsbtK1Y5KSYD45Vc67Ye0bajZNRkZXw8co87l7rvjs5OJ1gDaxaVX59kRYeg==","mode":420,"size":24784},"src/compiler/phases/3-transform/client/visitors/BinaryExpression.js":{"checkedAt":1768031071683,"integrity":"sha512-vmCcH5vg/+SKs0xFJ20KQMJjiRqnqrJuY1XLXW+yIcxKuSefYrSovimSWaGd1/bWI43PCPzr/Vq+ww2Ubc+TMA==","mode":420,"size":894},"src/compiler/phases/2-analyze/visitors/BindDirective.js":{"checkedAt":1768031071684,"integrity":"sha512-4yI01VBjSVosN5bFxbSwxFvS4TCqdkCe3eY9mp2EiPsEn+gmTMvznW7ZP82T5HMWo3kd53nj/eU6+6ztu7cFtA==","mode":420,"size":9013},"src/compiler/phases/3-transform/client/visitors/BindDirective.js":{"checkedAt":1768031071685,"integrity":"sha512-mSfRMa5EM49gNIT7U4U7XT7GLAXWcB71OVSQl5d1hYibrwWJ1KzOiiSm8WmXKIP1K0NVpC/TkqAQs4MxhITaQA==","mode":420,"size":7629},"src/compiler/phases/bindings.js":{"checkedAt":1768031071686,"integrity":"sha512-G0qIhFZa1ZOKTXfH6NRlnNpdsJQzWBg+UFfSAC9Hf1+AgwUNuy4Kg62cp+TfPDKMD7lKErCEnV9SqBDBvK76bA==","mode":420,"size":4991},"src/compiler/phases/3-transform/client/visitors/BlockStatement.js":{"checkedAt":1768031071687,"integrity":"sha512-oGJccyLCIgufC8WtQ54RzQCevlK0TXveNuFsJ8HCtOPBQxovSyxTTJn8pR4fGPIVyZBskRU5E20dzAvaeAnE7A==","mode":420,"size":964},"src/internal/client/dom/blocks/boundary.js":{"checkedAt":1768031071688,"integrity":"sha512-/1whyEKJctSP02Cb9UeVmzyAAQHiqbuSZKgDT+EGQm0rrDXUSH+s5HLz9UCh70Axy9K7A1Bd8pMRtGI6LZoRqw==","mode":420,"size":10983},"src/compiler/phases/1-parse/utils/bracket.js":{"checkedAt":1768031071690,"integrity":"sha512-SAQrWRMMp2MhVbNunLGoY8S9cj2DevFsntLSrTK1swKxTgIUkV2vhxjYaEreC/IBnJI5ojqvTlfibb8ObD/07g==","mode":420,"size":5461},"src/internal/client/dom/blocks/branches.js":{"checkedAt":1768031071692,"integrity":"sha512-p3ZsmQA5xsRaoDqxT/KQkYRrAr40CqzTlH8Iw56SSKNsV+O/4Nhqpu8aeX0MyPe5H778pgsklWo4k+dBE3WFUQ==","mode":420,"size":5234},"src/compiler/phases/3-transform/client/visitors/BreakStatement.js":{"checkedAt":1768031071692,"integrity":"sha512-RfHUqqAvm5wfo/Ct5S7E3H1Kdh5Hg3/1q2Swg5HfXU39CmMxW3MZi5lz0T9jTbKpnf6aOBz2p3BO556jhDIqJw==","mode":420,"size":533},"src/compiler/utils/builders.js":{"checkedAt":1768031071693,"integrity":"sha512-RMU6Ht/AF2zN59J/ND1SEa6wSl4uG5FYq5BDU31HgOftcgtWJyfYIGaXHHBSqQA6HbMx0174DD8tLvSkbdIfOA==","mode":420,"size":17139},"src/compiler/phases/2-analyze/visitors/CallExpression.js":{"checkedAt":1768031071693,"integrity":"sha512-FrGGliRnClY4hyZqhfTRGty5VCNsHHpavSWFmXSFb7BLs8BrcoLQPOk42FlxdP3az3t0FFFNz/7cOE1FbyfLpA==","mode":420,"size":9258},"src/compiler/phases/3-transform/client/visitors/CallExpression.js":{"checkedAt":1768031071693,"integrity":"sha512-XDgVzPXOvBmhz9mHzzi1bJPUKEY7UEp/hBm5vbC6CCbM5OvZ8SmJLapIzsmoZRtftKYN/EQNGdZ1ZHUuoEBcRQ==","mode":420,"size":3777},"src/compiler/phases/3-transform/server/visitors/CallExpression.js":{"checkedAt":1768031071694,"integrity":"sha512-R1IMeDIq3hLidpDQh3dA3VlKtjKiX8O8ffKZFjW1DDBDTYQEIHjAcSWWDQVK4HP0wbL359/ATBJKHWl7+2XTcg==","mode":420,"size":2017},"src/compiler/phases/2-analyze/utils/check_graph_for_cycles.js":{"checkedAt":1768031071694,"integrity":"sha512-hUaDgHAQv6i49i9poVWkQYO+Yo+t37dvrfS+qgMcd15aanVIn3yeK3Q7H6vHQpCPBnQv1t8k/mibAEdYEmPibw==","mode":420,"size":843},"src/internal/client/dom/elements/class.js":{"checkedAt":1768031071695,"integrity":"sha512-WyOs65XPbqS51RFCThoHekvArhpeQqjMFXcusI05W0CMZmeJhX7XFDEUNN6vJtVOJBo26V7LZtWwIPjCTUDwxA==","mode":420,"size":1622},"src/compiler/phases/2-analyze/visitors/ClassBody.js":{"checkedAt":1768031071697,"integrity":"sha512-2LDC78XPqT46yCSg2y8d/nVZqSc/mBwdf9h9/yzlT54Mojji81iNjA6BTO7GhZCLP+hhakq/+Xl8tCsgc7mnAQ==","mode":420,"size":4425},"src/compiler/phases/3-transform/client/visitors/ClassBody.js":{"checkedAt":1768031071698,"integrity":"sha512-WdtVt7UX9OobDCJJApqYVZc1a91JSNol8dCihnF2uJtBOovnEGkwVZR/xHyKacu8G9acs6mYvnMbS7gUFXS7tg==","mode":420,"size":3085},"src/compiler/phases/3-transform/server/visitors/ClassBody.js":{"checkedAt":1768031071700,"integrity":"sha512-XDvPFzRHy3gTm9cE+iQLUJNJmJvSkqpSnmu9mkeabjkMPpj+v2B00qOpL+g2/sWgsMGPpKh7v9T8FoGAxZyhNQ==","mode":420,"size":2315},"src/compiler/phases/2-analyze/visitors/ClassDeclaration.js":{"checkedAt":1768031071700,"integrity":"sha512-JjxQuQ+nATormP8UK/8U3hq6yLEXEpTw+P5NryeFtS8dCmb+qdfKepKqIK1pAAlGuO6cBguwt0no+C7+QI5SBw==","mode":420,"size":863},"src/compiler/phases/2-analyze/visitors/ClassDirective.js":{"checkedAt":1768031071700,"integrity":"sha512-0A3vDs5zDuk/lLaG6xfxEtcNcm+L4yQiSdp37zljEHk2hx9KYHhBTTJDl5ktkLy8lxZ3pbzpyL75E/rddiTTvw==","mode":420,"size":380},"src/internal/shared/clone.js":{"checkedAt":1768031071701,"integrity":"sha512-6fya6hdTefOVIwbvot17XSsQYFwd+vfNfrPkZIQY3zm0vd+zX2YbrIV2XAIoj+4Ppp+SvKQaO2W7tP7YU+ezqQ==","mode":420,"size":3509},"src/compiler/phases/3-transform/client/visitors/Comment.js":{"checkedAt":1768031071702,"integrity":"sha512-ecTXXMXhiWbqwQfOPZlBXapWLUQ08LIEj9zeOhYQtH/Kk3Ulpl1KUvhleY3l5G0JJKvT1se0Vo4Ppp3rwVPDQg==","mode":420,"size":364},"src/compiler/utils/compile_diagnostic.js":{"checkedAt":1768031071704,"integrity":"sha512-dRZgd6peizbSEK87XAAawN7B+JE0xx85f5uTg0tJS6IX271dqygzBkAlY4drTGPKVpChs5erUMlBAndQhPOu+Q==","mode":420,"size":2381},"src/compiler/phases/2-analyze/visitors/Component.js":{"checkedAt":1768031071705,"integrity":"sha512-RMBAk9jlIL6RxfxzyLYAsImWZ7jtMwk5pNC6FH3HYcqVhTXeab6V40BCTG9ifEvROF1I4becfpOvWGAWWYWWuQ==","mode":420,"size":814},"src/compiler/phases/2-analyze/visitors/shared/component.js":{"checkedAt":1768031071706,"integrity":"sha512-Xjbg3kfOo4BM495MPMGYdF68vB88mcOVzZSl/R+KR/+r66eg+9qEw+G2CrkeCtwQnOuphKrBgxgKf8qyim3qEg==","mode":420,"size":5384},"src/compiler/phases/3-transform/client/visitors/Component.js":{"checkedAt":1768031071707,"integrity":"sha512-isinhbyUHd8FpfBucSVTd+3SzhjFpVjuAzCD/JMDX6N0Nvr6ItNO9+q2DHL1gMHBh2eTsr8yfTFNNZWMFa4zeg==","mode":420,"size":385},"src/compiler/phases/3-transform/client/visitors/shared/component.js":{"checkedAt":1768031071708,"integrity":"sha512-6L+q89PGIcLhScQIDe1373Lih7c9VTmwhCzHtBMnV9FEgU0vKWHoL6pjV9ASNwnu1jkpzscfjH92eb6I+MF5fg==","mode":420,"size":15996},"src/compiler/phases/3-transform/server/visitors/Component.js":{"checkedAt":1768031071708,"integrity":"sha512-ppmkWrB7OoBIBFGHEEJZzbVbSaZJ/cBU9c+DzunwdZ4NGs/oERjyUmeDs0340PeooVoVj24jpukAjXZg4iO04g==","mode":420,"size":379},"src/compiler/phases/3-transform/server/visitors/shared/component.js":{"checkedAt":1768031071711,"integrity":"sha512-5ZriUBE6bVJNIzL576umvTzwIeosPvJgFv1ZkV0rwioJ6B/36yOGg22nCt37dMkhWY5dFEOKJYPaHAkjKbL1Yg==","mode":420,"size":10637},"src/internal/client/dev/console-log.js":{"checkedAt":1768031071711,"integrity":"sha512-lBSts2bVYMsV1ji5qi4V51fSLlqiq0o1huIhLHemlwOS528+1Wg9ZnW+IccZThlwodEB88GH+wPsQDs05t5LPg==","mode":420,"size":801},"src/compiler/phases/2-analyze/visitors/shared/a11y/constants.js":{"checkedAt":1768031071712,"integrity":"sha512-XN4GWz7b5zD9iMb8Y+vBriEp21UWTRmKF74Ifbc6XqjyH42TY7FlE1V2ozo9eMW8DBLZz6ioIA4g/pGBO940Eg==","mode":420,"size":8310},"src/constants.js":{"checkedAt":1768031071712,"integrity":"sha512-GT/uejXHOn+XhD24KzBtF9JhwXtAXp1L1CUJXIIwVTBBHVDTzbR7o3DJjooGieYQthPRErgJeJfXcWuDdyhPAw==","mode":420,"size":2278},"src/internal/client/constants.js":{"checkedAt":1768031071713,"integrity":"sha512-9g9tCVzGMDnSYaZIWpUTBoVQqpUaJDYTM+LsgSHkJxQ24xcwp4mLfrkfX4YDd4tNtccRt9LxEeQzrQ8uVya2SQ==","mode":420,"size":2815},"src/compiler/phases/2-analyze/visitors/ConstTag.js":{"checkedAt":1768031071714,"integrity":"sha512-1ShG/a6jHUFZto6IQaWrhK+Hu6wh2b4BNFcrgcG6a2bj6JRsEaS5ABBVbgxOVbce+fj7Ba/+JtIzSm0qhbkV8Q==","mode":420,"size":1472},"src/compiler/phases/3-transform/client/visitors/ConstTag.js":{"checkedAt":1768031071715,"integrity":"sha512-QD/JUFlFszkDqRdE5gyeqlkSO7r8QGoTtVx+XcQq6xgIOv6EroWpruMp+SvWDOQgBo0sw1aKm8uS1sF10Q998A==","mode":420,"size":4103},"src/compiler/phases/3-transform/server/visitors/ConstTag.js":{"checkedAt":1768031071716,"integrity":"sha512-r2jM0RrDHRlfk3/Sr6yh/XFBi5hqIyopMihmO9zJ2XNcf/FaB/m1G+mzvaWog3mYVkPCzrU/5rH5SxKwtz7lPg==","mode":420,"size":1598},"src/compiler/phases/1-parse/read/context.js":{"checkedAt":1768031071716,"integrity":"sha512-Rqz7j67/46ECv6Quj5z09eaXezOJ7z5Ed1RoBPltqZTDMyFRWJOcEYhwPgMeS2Ims+1Q0omeJLSn6pSPRyo7yw==","mode":420,"size":3425},"src/internal/client/context.js":{"checkedAt":1768031071717,"integrity":"sha512-3MeQV2TXMOHqGFD/bKaqoWy1+vYT20HdFcZQWVTUTuAM7gov85YxfOFpiLaSpGhd33JDsHx8c6FeibC+4ZHGSQ==","mode":420,"size":6513},"src/internal/server/context.js":{"checkedAt":1768031071719,"integrity":"sha512-gckzHKI3eFmY7njgIWCbeJeDoFoGquAU0kGctE4+IVDuTOiKQA8XULJt/IOfYsUMQI13+qoyrKBl90OsxBEa8A==","mode":420,"size":2593},"src/reactivity/create-subscriber.js":{"checkedAt":1768031071719,"integrity":"sha512-SVFyGC/Ve3qUxT7KgUKgesseIqaQt6akFxWhPJfV2InoJC5yRmij15pFo6a7t5Yilew3alwjXUxaNpaliVF1gw==","mode":420,"size":3397},"src/compiler/phases/1-parse/utils/create.js":{"checkedAt":1768031071720,"integrity":"sha512-CZRg3J62Dq5VW44ZMEHb30jx53BttQhQtW2VR5ZTd0uvqYCg4x1PUhbWWMSCjLz16anVkmIDor8pCGwHmqqROA==","mode":420,"size":260},"src/internal/server/crypto.js":{"checkedAt":1768031071722,"integrity":"sha512-PnVYJGjcAtTGVpDJnYg8DJW03fjYpY41dHu6CSolGQZ5RuhD1PBDpJSHcLx0yPdhknEFOYy+iVBRGF3HW4Yvxg==","mode":420,"size":969},"src/compiler/phases/2-analyze/css/css-analyze.js":{"checkedAt":1768031071724,"integrity":"sha512-VgHJ8+j6K3I9M9frs5Di8xjqe/3y64P0X24azE6ziqlYRhAXTNNmgv2UgLqN+YCFjJrnwdq1qlc/5249M6D2SQ==","mode":420,"size":10852},"src/internal/client/dom/blocks/css-props.js":{"checkedAt":1768031071725,"integrity":"sha512-kJjRiZcZ2tqr5j6RgrwQhPqp+65ZLZxH5B5fFQGFIkn/m+Kb64fAnIpnzwGhtjt487OZeI0ykVw1ve0sm6Kf6g==","mode":420,"size":658},"src/compiler/phases/2-analyze/css/css-prune.js":{"checkedAt":1768031071727,"integrity":"sha512-n2hq89pM/fguKx1ThA3XoE8nTqon/ffVU5zfxH7PxKYrcklObGijda242OP9sM4sWBou4sGW17HZ9t/J7dgqRA==","mode":420,"size":31761},"src/compiler/phases/2-analyze/css/css-warn.js":{"checkedAt":1768031071728,"integrity":"sha512-me9dXvWU7rZtNR/V7iG2Zd7cNcTPirE6TQGKL7wmGSGoytkBH49TSc4tNJBiF/FRYGNklY6M7IwZe12Ycfbh+g==","mode":420,"size":1269},"src/compiler/phases/css.js":{"checkedAt":1768031071728,"integrity":"sha512-PVqOJ0z4aQ6uc3jtQkRRotXYAJAPJxndbd5c/qyEMFp0dfQ6tLaK5HtA4C/KPM6TCcqeO5ojRzi/SRWdnfLcsQ==","mode":420,"size":433},"src/internal/client/dev/css.js":{"checkedAt":1768031071729,"integrity":"sha512-6KmTMaAnEJjwvYtkeMCVQKXGo0h+aZdxV98Klk5e4TqTio1130hibZFSKtZUvlyT4X6zP9p1JKAmF58S9dwDUg==","mode":420,"size":537},"src/internal/client/dom/css.js":{"checkedAt":1768031071729,"integrity":"sha512-sNjDdfxo8surC8lWB0Za7jS5ahfCd4h+RnYbkGQ3TgpWqzn8jYGSwAdlWtlCbd3U5rc6h8keWeGJ5wvyFaO95A==","mode":420,"size":1088},"src/internal/client/dom/elements/custom-element.js":{"checkedAt":1768031071730,"integrity":"sha512-PBElw3eAp4Rgq5fk7LN/o8yr8pJxw1LciXVxYmy1YWfemjeDNvbKSFj5UPbbXA3CRY7k/UsygEkdvLO9NLSRlw==","mode":420,"size":9688},"src/reactivity/date.js":{"checkedAt":1768031071731,"integrity":"sha512-OFtYZhdbMqAKKSvn5Iz6aO49nqxrxOjUz0GudNk+/0vLevf4wtoX9vgO+qag/kPk99bURQu0vYaX5PvOWMyC+w==","mode":420,"size":3177},"src/internal/client/dev/debug.js":{"checkedAt":1768031071732,"integrity":"sha512-ngRN31EVOtAUlTTOYX0cd62u5YM6Cm3N+bvxe5tYlqQQe/46dtiMraqIUB5bQKx3PrmwidC9dFOCSB6SLf1Uuw==","mode":420,"size":13235},"src/compiler/phases/2-analyze/visitors/DebugTag.js":{"checkedAt":1768031071735,"integrity":"sha512-Z1sVDEJ+/kTV0GxPDDN5ut+ZdoUF3RRCCf4cAc5/hGEgiXF58ISBYPy3z9GA0CejdqBmBxH9BB7FeCdA4tsCtg==","mode":420,"size":360},"src/compiler/phases/3-transform/client/visitors/DebugTag.js":{"checkedAt":1768031071735,"integrity":"sha512-FfQe3Dkkx5ubV1kyhGKiuBqzBt4IBLCoW3F6r+VkTo4JP/+PcxQcpdwbtaJ7hg1l6fT/Z0gqFoL9tXQBOKO3iw==","mode":420,"size":765},"src/compiler/phases/3-transform/server/visitors/DebugTag.js":{"checkedAt":1768031071736,"integrity":"sha512-8XCOB5cAU2nZsMBqHtt/GEzz4a+0PoBQNy8fYrYJKk+ji9y21+qNBUzpIOhpO+J8MxFqH5+MNzlgS3APXI2saw==","mode":420,"size":554},"src/compiler/phases/3-transform/client/visitors/shared/declarations.js":{"checkedAt":1768031071737,"integrity":"sha512-lU9lUKW/tZXzkrSv8JF4ar47v59mSXO3V4fwMjcjrm1HWD8ZYTu5UXYDQ3adHQqnFO+2LR7AbBzx9SgUUFN2qA==","mode":420,"size":1443},"src/compiler/preprocess/decode_sourcemap.js":{"checkedAt":1768031071738,"integrity":"sha512-uk6eC42RF4QCY9HaSxyfoz/Do/R2muKI8mtvbfR+AvCq2ul0NJ3wh020AjMj4ZYqw0sU/M6KmX/XkPTqnX04aQ==","mode":420,"size":3097},"src/internal/client/reactivity/deriveds.js":{"checkedAt":1768031071740,"integrity":"sha512-4ol9mg56xHbSxE/W6h85BixN/0oyMbfPSaKoGC4zSqaaGP9PemWxJUUEaeR2M50rYN7kJmdguL1Q+GN5J0K3wQ==","mode":420,"size":9526},"src/internal/server/dev.js":{"checkedAt":1768031071741,"integrity":"sha512-886yWUsPhgoQiE5L18ayz+0f5l5WXt+I+Q4MbENtOamjtGiEReYYoSLWN1xYZp5XFiGg1dQzeS38mwdKdI9BxA==","mode":420,"size":3026},"src/internal/shared/dev.js":{"checkedAt":1768031071741,"integrity":"sha512-9EqjpC+ErkzhvKqNnpkCpMgMMXE6dL1ozZNEqC1FXBBqRkYgf+fKw8eDi/4ZIyy5Q7+SnEt/FOaJP81v8+8KfA==","mode":420,"size":1277},"src/internal/disclose-version.js":{"checkedAt":1768031071742,"integrity":"sha512-9Q6EdIPspWc/aN6kdPSDHTLV3hl2dnwBQiQtFYOjQzU7Rw4kTfvZ+3fOdRkPO3ol0le2kVs6a6bmXdHYdPhw3w==","mode":420,"size":174},"src/internal/client/dom/elements/bindings/document.js":{"checkedAt":1768031071748,"integrity":"sha512-p3Vy9vV8Igizxxut2JfWPLKShMBfR5TOyL6U6w3F8E9VAOqw/IZRLynJZ0QbHbqCIyETMr1aMzGwxyDYtISVyQ==","mode":420,"size":531},"src/internal/client/dom/blocks/each.js":{"checkedAt":1768031071749,"integrity":"sha512-idKLrhjHc6t5nRekWcHiDLiOxq43Z1bXii3smz8O9L/WBuUoFyUrMA3EwUgp+hG21UZnoQ9nmcQbkOGvuWJUZQ==","mode":420,"size":15993},"src/compiler/phases/2-analyze/visitors/EachBlock.js":{"checkedAt":1768031071750,"integrity":"sha512-bxfiz7ZCa0VSN+oczaAPJPxY9LizQhT5//QeN/pVEvERsc8uOSSno8222P+qRH21Dx2IwY91rSCVfhX4CvQQug==","mode":420,"size":2770},"src/compiler/phases/3-transform/client/visitors/EachBlock.js":{"checkedAt":1768031071751,"integrity":"sha512-2evUvDfHCEl/KgYkQGt7UJ5Fyb3922/WeFVFUuuiZNLmBrCrCgu9HQWZkUUbRBjFlKotSknGTIuFi6gP/6iLYA==","mode":420,"size":10921},"src/compiler/phases/3-transform/server/visitors/EachBlock.js":{"checkedAt":1768031071753,"integrity":"sha512-p9+S8+ABTmWxeMWaHzU7dcWCd0jQf2qWfawa4LdPMZnnwiHcT054m19Ga6vhUQX4A4MJjXCUeNUqzebRMonJaw==","mode":420,"size":2223},"src/internal/client/reactivity/effects.js":{"checkedAt":1768031071758,"integrity":"sha512-lPw8mNBUHL/tvr/tvnbW5OkTxP8cwNWvsdUoHhGzQxn3mOeLZH23wXoYf7RzHMMc7pUNW6dpaLhw0NQ0nNen+w==","mode":420,"size":16932},"src/compiler/phases/1-parse/state/element.js":{"checkedAt":1768031071760,"integrity":"sha512-UBPOjbWyO83mvm7ICigWtZxKm69nnVEP7aPQ6PBQuk4C1yFU5bEP+IxL/QlMfKnwCh0IKUcIsH9YzMgN0og4Vg==","mode":420,"size":24508},"src/compiler/phases/2-analyze/visitors/shared/element.js":{"checkedAt":1768031071762,"integrity":"sha512-4j0Mv/heF0tVN/Cx5K8os9NOrifjTMMkQ/5WA4HQmbXVomoPuRBF94nZsjGauy6tQToQKPQyD4PdZd5/dENOGA==","mode":420,"size":4793},"src/compiler/phases/3-transform/client/visitors/shared/element.js":{"checkedAt":1768031071763,"integrity":"sha512-rT+5kCzqmdmNGZ8MZGhAdL0dwLMfgscmwfiXLw3pEhZtgD5HhZHoqNHIYsn0hWfR+cUPbQwN9k4D1w68r0hj+w==","mode":420,"size":7617},"src/compiler/phases/3-transform/server/visitors/shared/element.js":{"checkedAt":1768031071764,"integrity":"sha512-X+c1ii1Ts4bhfaY9ZZcSNYVjBSyeCJIeYTjAnOD3C4dEmPD2N8A+QWgfFQ6IOzIL/ogBwPCKl5t9MVJWI6yHgA==","mode":420,"size":17527},"src/internal/client/dev/elements.js":{"checkedAt":1768031071765,"integrity":"sha512-C1OQr26VmSrzSOFW0AedZ4xI+/HOi5Qm/5sgGZ+devr33PrpMg/PQFS7Zby7zOD8fr7WtSPO8YVni3p4V0DfXQ==","mode":420,"size":1770},"src/compiler/phases/1-parse/utils/entities.js":{"checkedAt":1768031071766,"integrity":"sha512-OANnuhrKOxawe4C2tFGYpbmfewiQqMFV1Gcs70S+nJdZpLsc6ovA8TyroYbaPb8R6qlcX1nobgxXeStwbVl1Zw==","mode":420,"size":41289},"src/internal/client/dev/equality.js":{"checkedAt":1768031071767,"integrity":"sha512-5FTN4YjovbcIX/XM+QYwCWU+XdP/vLY9VukFKqqONhaVj7sIwgnHNrGAsE7BdPexfdA0QFArrQm/HkGRvwxsug==","mode":420,"size":2692},"src/internal/client/reactivity/equality.js":{"checkedAt":1768031071767,"integrity":"sha512-xd4WHOx53edKWvtvseXFu2mwoC1/SGmypwXL3rlEYyzJDvtoJf3fSuISQjEAwMFM4nBY4ItxXugOnVJnvBUmhw==","mode":420,"size":577},"src/internal/client/error-handling.js":{"checkedAt":1768031071768,"integrity":"sha512-Np0xPNRuFCTR8gZAY7hF5Y7iaZo/ZgKwRNCP60FOZ0t5Dx/UkDEqzELhmAakGj2C/jrJQ+VNJ53cHs93qSQmLw==","mode":420,"size":2981},"src/compiler/errors.js":{"checkedAt":1768031071769,"integrity":"sha512-7k87u8k4A2kZm33Nx6kQZtJfasTA3LfVqRWSUzZpFGVfZDqHl8hLJUcnM3q9plou+C3avY9+BUhFxfyOVHVuNg==","mode":420,"size":67261},"src/internal/client/errors.js":{"checkedAt":1768031071770,"integrity":"sha512-ve1OUpB8yEdQq7Y2bm1j63jCf8c+UGsGLcjLhtklaVfTQLdxNgQWfCaguNZEIlYDZQ5hAIecKJlcbix3yQNf+A==","mode":420,"size":15644},"src/internal/server/errors.js":{"checkedAt":1768031071770,"integrity":"sha512-rZzDTlzElawrj1a8FRhZ/S82OmFJHLeV+GO4JC8TJHO3fQE0/kfQf+w8nUja+8tsoPDLUjEJLFrdjpBAVbwRJA==","mode":420,"size":3469},"src/internal/shared/errors.js":{"checkedAt":1768031071771,"integrity":"sha512-iQ/R5SCN0iyvhpuGGO/iwfVcCzII3C31XS4T1PzbJx1l4DFG9Dbdui7y7KH3lpsokWjAqeg8uERi47Wel1lFrw==","mode":420,"size":4330},"src/escaping.js":{"checkedAt":1768031071771,"integrity":"sha512-KUMzfcyn/arDzxWmdxr/Kr4eNwK/3X4GGD/lQF1wP28vOsoDSLmt7me1cvr8/X+3nG5EadVvW5/OSDFepax4OA==","mode":420,"size":571},"src/internal/client/dom/legacy/event-modifiers.js":{"checkedAt":1768031071772,"integrity":"sha512-V2uugc3LfGy7KniJDGHZrtUzy35GxfXQrIZgdtlvwMfz99H/ktg3thj6Y2WqpwtQ1QeWT4nmlmrh/vGndoRmEw==","mode":420,"size":3167},"src/compiler/phases/3-transform/client/visitors/shared/events.js":{"checkedAt":1768031071773,"integrity":"sha512-rtggpLsG7HdGRWKjb1aq2edrs6+U1aZaYa+Fu7hZJU3U4wwffAx942iAuNXiQ6tIyklFRFBPLb25jdN513Ovdw==","mode":420,"size":4596},"src/internal/client/dom/elements/events.js":{"checkedAt":1768031071774,"integrity":"sha512-8+HP1DiUK9hIBeqnQ7n8mr8YJw4jcmKljRFl/us810oM4CF5harDzh2neKauFuefpxeGTCq1Pps6Wvud/pECKg==","mode":420,"size":10677},"src/compiler/phases/2-analyze/visitors/ExportDefaultDeclaration.js":{"checkedAt":1768031071776,"integrity":"sha512-54q1Owopgyp2Q6AL1tVCx80oh4mc1946BuE6vSQJYtKzN0K9S8rBkcV0Z6z127Lvj8S4gyWXa+T/rLgb1eJGpA==","mode":420,"size":584},"src/compiler/phases/2-analyze/visitors/ExportNamedDeclaration.js":{"checkedAt":1768031071777,"integrity":"sha512-vkZxWClMKRmiuhFEdjIGZsZeijgALGFIKcFWPQgiDxIUOn6jgJngCoc/WrAjJYf3vkaMQ94ka819P/BQBXQCZw==","mode":420,"size":2007},"src/compiler/phases/3-transform/client/visitors/ExportNamedDeclaration.js":{"checkedAt":1768031071777,"integrity":"sha512-AZtoeERToMv6r7RPaRQ/LOM8KeGf/RvGkLc7M6GPe+gjlBFOA+RaX0LXiWvjQvMYJIynFTe1pJv/y07S7bcJ8Q==","mode":420,"size":447},"src/compiler/phases/2-analyze/visitors/ExportSpecifier.js":{"checkedAt":1768031071778,"integrity":"sha512-w/m9I00OxaOieCk7Cdk4Ub3A02xhjIuXfRkZJzO1TOl265+Hxl1scxmgEXqufprMh38mpS2MI3gJUSSgQtgnbQ==","mode":420,"size":873},"src/compiler/phases/1-parse/read/expression.js":{"checkedAt":1768031071780,"integrity":"sha512-q9bPkK+H+3RBEMqVn3WB7s2kc/awzQQXzwBbePz6OvRybX4JBFzyXEGXRXGvP5IsoHmFPmFY94T9dPCsvyG43g==","mode":420,"size":2410},"src/compiler/phases/2-analyze/visitors/ExpressionStatement.js":{"checkedAt":1768031071781,"integrity":"sha512-7uarRreyPoLnl31EvM3mc6aeCdI9uA/mLx1LCUYvI99M9i5eEMinV0oAirRVo+WHIcWcPD0ZRX8secjQP2i6tw==","mode":420,"size":1355},"src/compiler/phases/3-transform/client/visitors/ExpressionStatement.js":{"checkedAt":1768031071781,"integrity":"sha512-jkY3U/Hes+R8be2vu9yJuI8v1KLTxiLPlVIpCySpbu0AfTs4RWi+5zFwRElMVG66ReeqciJ4XImAnr//wWFzfA==","mode":420,"size":523},"src/compiler/phases/3-transform/server/visitors/ExpressionStatement.js":{"checkedAt":1768031071782,"integrity":"sha512-tJt+Mi09tA+xWUW8hRSyrqYtb/I06fNaEuphn6KxzSXrwHc0al4YM7iREaFbJdZ+GEypFZaXeszeDYJOH9BdxQ==","mode":420,"size":537},"src/compiler/phases/2-analyze/visitors/ExpressionTag.js":{"checkedAt":1768031071782,"integrity":"sha512-1c5gEVCI6Eg1oPofq/yNKQzCj6STnaAp2gs5COg9eE+ba3QluuLcodP0iliO52ZhcJHOidvUnvfUB8Z6VaG5Qg==","mode":420,"size":921},"src/compiler/utils/extract_svelte_ignore.js":{"checkedAt":1768031071783,"integrity":"sha512-xbDveH2iBbIYv1xir+TR3Zljy3xSv0zEOsoe60bXG0FJLwbp7q9C0CUGJu+F6x8ab7HFdOzvTNEdPyF5/N9RbA==","mode":420,"size":2968},"src/compiler/phases/3-transform/client/transform-template/fix-attribute-casing.js":{"checkedAt":1768031071784,"integrity":"sha512-Kd+qpgOcMj1nmQV0cvMgliG4bmAQgTOpQwEhLr2rgR+N0MIeFC7Typm0TXobePC+dBoEe/ydBQAvErfw8ZAmpw==","mode":420,"size":3152},"src/compiler/phases/3-transform/client/visitors/ForOfStatement.js":{"checkedAt":1768031071785,"integrity":"sha512-+j2h9DwHGigC3b6IifHFTBAt0fV4K2XttAeKgzL1CfnJgsOsTiEe68QbLtx7UXTG6msv7SZ4cm62EnRataDA0A==","mode":420,"size":871},"src/compiler/phases/1-parse/state/fragment.js":{"checkedAt":1768031071785,"integrity":"sha512-xNtBfzjn1EfWQighMXJL12wCMY6s01iHqjvzIppWuq2C/NjEOTqbUlRUsgNMuPji1kY4+qU1drIKYAhvg1t0YQ==","mode":420,"size":321},"src/compiler/phases/2-analyze/visitors/Fragment.js":{"checkedAt":1768031071785,"integrity":"sha512-QfxU3n1HKVQgrxWDnhvcbYeO+2FWxtn1B/u4DQW4RJIk78ioRQ6Gcr2Jf29MXFmvMohrIU/CgMWT0HACK92qcg==","mode":420,"size":250},"src/compiler/phases/2-analyze/visitors/shared/fragment.js":{"checkedAt":1768031071786,"integrity":"sha512-wKK+nxFSSawV4YSwqUGOmPpqSIGVnGy/DaKOYlpLNeCAeC4YfDU2GVW1EJ42QmIITuIKZcp8niY+B2ckImpiWQ==","mode":420,"size":303},"src/compiler/phases/3-transform/client/visitors/Fragment.js":{"checkedAt":1768031071786,"integrity":"sha512-1/SSOZRxwI+5V82QDrE0pLx5CR8s/7I8nqVaVswaQKYsRX+pVZYv2hUSgzeBR1wCA4e/Cu4BuGKMIdnlliIq1g==","mode":420,"size":5866},"src/compiler/phases/3-transform/client/visitors/shared/fragment.js":{"checkedAt":1768031071786,"integrity":"sha512-LDB6zbkFfzh6eshjaJgc3C7mNqoK0PNWNsLKs+upIv/1sxV/wuGsskavHoDvS+w2NGH0K1GbxzYT2LKhfrHsOQ==","mode":420,"size":5265},"src/compiler/phases/3-transform/server/visitors/Fragment.js":{"checkedAt":1768031071787,"integrity":"sha512-0ElQy+COLcBjBY7b05nfxkhp/k7ZDx4U7Zr4gy2v9dSUbQGfbgM+NeZ0ZPYNYdGG0ZGmMSo8Tgs5i56H+3KCBw==","mode":420,"size":1506},"src/compiler/phases/2-analyze/visitors/shared/function.js":{"checkedAt":1768031071787,"integrity":"sha512-Snd05c8NHnSW4NOLVLVOZYqI1Y7o0VRKfjQhc1JyPOE7M0WUxcq8QuII7a2TnKJAwDs2ZdSPOGJ6YTrqttVEqg==","mode":420,"size":722},"src/compiler/phases/3-transform/client/visitors/shared/function.js":{"checkedAt":1768031071787,"integrity":"sha512-PsXe9bWfHoAdxNTTfQG+1GZ3eKN+3/JfbQNLoRGDG1f9dQr1UphOCOYE9xlIWCLT/zyjXt2wqxtNrIIoRe7JUg==","mode":420,"size":601},"src/compiler/phases/2-analyze/visitors/FunctionDeclaration.js":{"checkedAt":1768031071788,"integrity":"sha512-RDESjz1Q8j6g2o3cSpRYv9wMqhTiTjahcCsBVh8qh0ViePCMSpLswzltKBjkboj9AWHPUmmmK+pMM40cNgNLqQ==","mode":420,"size":502},"src/compiler/phases/3-transform/client/visitors/FunctionDeclaration.js":{"checkedAt":1768031071789,"integrity":"sha512-sgghjQf7FeLjZlWWkwXMSDevdtfhoYm5Ulx684/xpQm6zHsgbwDiPxEcbL20fRe+c1ua/FaaKo3sNwxeDdPPuw==","mode":420,"size":345},"src/compiler/phases/2-analyze/visitors/FunctionExpression.js":{"checkedAt":1768031071790,"integrity":"sha512-gOHYAH9B5j2nUVk0dsnQ3X9b+nU4ofZVY4ILLc4RB80JeXBsIv+EWLsQiJk/MazqIWyGnBsbcFpZXPrzemGZYw==","mode":420,"size":309},"src/compiler/phases/3-transform/client/visitors/FunctionExpression.js":{"checkedAt":1768031071790,"integrity":"sha512-4a0aHkJnw9ZZ5i1ko+tTxKbBavIxg+PfR3Bbf78LzQCrSATyqe+huYWsr4AD1R1+eOoI1RIqCBqUlaJitbL2kw==","mode":420,"size":334},"src/compiler/phases/1-parse/utils/fuzzymatch.js":{"checkedAt":1768031071792,"integrity":"sha512-eb6vjABemRVYVqUaJqDtUdP23LWj1OwNYUW9dEeXuVpORY8fzz6ZjbQvisokWWAB+rWODVZmKqB91iPIjx1sag==","mode":420,"size":6786},"src/internal/client/dev/hmr.js":{"checkedAt":1768031071793,"integrity":"sha512-Ra0aomwEhOFQlPmCgtiyTn0JoAg2RG+PqJ3y+fm9RNoWt6ZcebjeugOxfXyzzKfa7nIiHGmQsLlJq9T44epbHg==","mode":420,"size":2228},"src/html-tree-validation.js":{"checkedAt":1768031071794,"integrity":"sha512-JPuCWhUBUxHNyx7YgE5FQb+9F7GbuD+Kcv1DQ1xPyTaPtzpTsmiRr1zreDjVk0wwGdhdSwgTtr924b/mWQXmnQ==","mode":420,"size":8749},"src/compiler/phases/1-parse/utils/html.js":{"checkedAt":1768031071795,"integrity":"sha512-Eb/UCZ23LYr3UDPC9WwuAVARih2rvshkWvDwX3q4F6dOmc1ZFBP3yo242ey/INqVH3vzoohfr1XPs0egJRpc3A==","mode":420,"size":3606},"src/internal/client/dom/blocks/html.js":{"checkedAt":1768031071799,"integrity":"sha512-VHFK6oWW87IC37b/uzgeQLPfD/n4e4enWPcjBQ08uxFQx4tMELodW0V8z0dCUblyjDJBg9z9zzc4XML4r475zg==","mode":420,"size":3631},"src/internal/server/blocks/html.js":{"checkedAt":1768031071801,"integrity":"sha512-h+LCw8IHWtYrw815tBCbmcntR2wRYg/fpv9Phzy1SToqq0G4Y2iB7i9abPjzYemKk2UlDTzTt0bFYtLy1/xhCQ==","mode":420,"size":259},"src/compiler/phases/2-analyze/visitors/HtmlTag.js":{"checkedAt":1768031071802,"integrity":"sha512-M8c7D52FfByOhPoyMIA40sgfWg45xMYol9mI2iEOQJcWgfML5vcWlTtKYjUJKAFW1mRPqOxi4UXTfR414lymVg==","mode":420,"size":580},"src/compiler/phases/3-transform/client/visitors/HtmlTag.js":{"checkedAt":1768031071802,"integrity":"sha512-XaZe3pPIQSBcUsKGTVz5A2uFhUkblPwmydec4lQpnWh9fwmgQg0IzeCbAsROIOD6EvlfRHTyJiYgPLFLFoOcXA==","mode":420,"size":1414},"src/compiler/phases/3-transform/server/visitors/HtmlTag.js":{"checkedAt":1768031071803,"integrity":"sha512-e/yXkS5l+PtERofKcD1rvm1EX/WLDlPvoeQChCMpnnB1WUUSim8hlqBS7FAs1qsTdwngFA+U1lx6YWoNv2899g==","mode":420,"size":553},"src/internal/client/hydratable.js":{"checkedAt":1768031071804,"integrity":"sha512-4GGi0sCDobeNh/YezjrLhHSCgLXDQA6/hBcXgfa42w9m0pXoLjCMkzoyPW6V4pLoYj9T3gbc5zk1RScjvj+HEA==","mode":420,"size":666},"src/internal/server/hydratable.js":{"checkedAt":1768031071805,"integrity":"sha512-wR13oYmtWuwBREx71673sorJIVsh79h3Gc/q4hnWQCoeNj66yf9mDAYIU0gEequ23JzfoXZIgelegNLeLaufbA==","mode":420,"size":3719},"src/internal/client/dom/hydration.js":{"checkedAt":1768031071805,"integrity":"sha512-gUd3fapVL474HWMY8OLnzwpofHQVlMDsmuFg4s3CUVlGEvuK7GBA3PLfSEHdgm0gxZXr5wiYjxf0t+XJFJD9VQ==","mode":420,"size":2989},"src/internal/server/hydration.js":{"checkedAt":1768031071806,"integrity":"sha512-X58wU9YoS9wED695Zm1mXluOQS8wUhHrLnehaqP2Jn854g+64jLJKaXyA9Y3Zd3vX5W0VWIwVWyrhrG+kWChfw==","mode":420,"size":306},"src/compiler/phases/2-analyze/visitors/Identifier.js":{"checkedAt":1768031071807,"integrity":"sha512-la21XfbsX81ubiXWR/Rmo3I6lsY0WL16/ynNiL6nANznuWKnMUmGE1Lg/zUc4+1KJoI3IRH1Xsnczsdhdf7V7A==","mode":420,"size":5653},"src/compiler/phases/3-transform/client/visitors/Identifier.js":{"checkedAt":1768031071808,"integrity":"sha512-FX54jojdf2COjmuRDzgL+NEnJSaciin/y/Kpoyb0LerQCobeKhEl7Zy7XpK+4utJCN/clUK9G2BiOiCXQ3Wq2g==","mode":420,"size":1307},"src/compiler/phases/3-transform/server/visitors/Identifier.js":{"checkedAt":1768031071809,"integrity":"sha512-sc9S4/3iOCFdbdUkCHih1J75TMO3VgOimrbCh4+sb2gNGJUQK1Y3CzsSDzOiHzrTa2rzicRl4CBwJJndJeM2Bg==","mode":420,"size":531},"src/internal/client/dom/blocks/if.js":{"checkedAt":1768031071809,"integrity":"sha512-yfyxXYWuinjN4BscaAQm5y9USkeQs60aPpWVyw85/+ME/zqBEJLVHkZYEiBcu1TqFniKevVvqDfb/x1TccU7zA==","mode":420,"size":1798},"src/compiler/phases/2-analyze/visitors/IfBlock.js":{"checkedAt":1768031071810,"integrity":"sha512-tbidKvKsJDlBY06kumZQA2cTDSklwLi0cEWNF/5PTIssIuHTp1QCZSgUR2x9SEuuKOo+MMrESe2ei7GTP6NCMA==","mode":420,"size":770},"src/compiler/phases/3-transform/client/visitors/IfBlock.js":{"checkedAt":1768031071812,"integrity":"sha512-wZcFi+5nV44Om6wY9j9qFGhkUe/9RLXKso4GvsvSgk0F9NUuJWX+CiF4VHPCooAVr/kEPdiAngCSQ6kTh1/eww==","mode":420,"size":2485},"src/compiler/phases/3-transform/server/visitors/IfBlock.js":{"checkedAt":1768031071813,"integrity":"sha512-vWtKxiSR7yhamsrUbrET56swQI+rBoc9ihwU1wsSnRwshdZZLs2FQ2JNvXkivImpjkQxSDplELevb5ejuPEdSQ==","mode":420,"size":1256},"src/compiler/phases/2-analyze/visitors/ImportDeclaration.js":{"checkedAt":1768031071821,"integrity":"sha512-fFfNt/GJVfu4LuzgeVCRvfeBoqS9hh7JPtspOaFWuhknC7B/euZ2Xe71SvYSXDGd4hKwbysBH4OcP/RrFmLZHA==","mode":420,"size":845},"src/index-client.js":{"checkedAt":1768031071822,"integrity":"sha512-aoaOApUhXwmliOMRUwTn1CyBp51uhmB0h1gVL2cAglmttYWXbpcEC3j7bUUe8znmd0GUMbdPGfn5IWfrbg6VJA==","mode":420,"size":8311},"src/reactivity/index-client.js":{"checkedAt":1768031071824,"integrity":"sha512-IqMLKpLGP/KLFOwqtD2pOgj4RlfkuK2KmH0+8sJKkLpmXudSn2fiKwOtGnExCzcwsz+ohO3BiGDO4pl6iPnPYw==","mode":420,"size":324},"src/store/index-client.js":{"checkedAt":1768031071859,"integrity":"sha512-Km1fTJPHKHLAiClcOcP4HFQT2s/4HOE5AcXQ600YVEhov+iV3tGuOW2Eu9jzk7iPNp+6E9SJKzO3vKb9ckC8ng==","mode":420,"size":3402},"src/index-server.js":{"checkedAt":1768031071860,"integrity":"sha512-9r5bkiG+XwwAVcVlTCy3C3+JPy11YHg0X23DYYCoaX0K2otWeiTkHMOhsGfzIs3NeOyRtobkOXQ85/OKRzfZAQ==","mode":420,"size":1318},"src/reactivity/index-server.js":{"checkedAt":1768031071860,"integrity":"sha512-9AsVWV9rnDjw4aQvE5KXnNnvoSw8WllYEfZGn+VuGZhHHaNeZE6KKVdPkjaIJK0cpdT2YtEAIxNJf6MsVUnn0w==","mode":420,"size":490},"src/store/index-server.js":{"checkedAt":1768031071861,"integrity":"sha512-EHhlDvjf+PoLH0kdM72FxcrOJzGHs8s7/8egRUwx8PcD99xfgbyP8hG5Nmw6deVKfOhwvpTwU6dqb4aCwVYszQ==","mode":420,"size":1920},"compiler/index.js":{"checkedAt":1768031071865,"integrity":"sha512-EvYJCA3AmQlASlCNPU8YEQRAwjTRzCtWr4fifqkXh2W32HMxBs0+1fOprAM8ELgYqWfPPilyOTNqHN9HYe3wFQ==","mode":420,"size":828025},"src/animate/index.js":{"checkedAt":1768031071866,"integrity":"sha512-aRsoTwaLoncwudQRaHG2jJqu9EUZNMgGiMzk+vyyuiTqnMAVPAkyltMWlucRu/wSaJiF3qBj44XzGaaii0iabw==","mode":420,"size":2381},"src/attachments/index.js":{"checkedAt":1768031071867,"integrity":"sha512-Q6Z78wZBZwzoES+/USVqZeZECUIUuzmEhsec0whxmQZzuQfsa0mNJYONuYWLR8T6ilA+a+h6NAYoCMOo1CXCxQ==","mode":420,"size":3870},"src/compiler/index.js":{"checkedAt":1768031071868,"integrity":"sha512-I72pWoU86pHGNuDt6Sm0V83PEH3nvXSPw419T6keAZMpiz1OAXvmnPptbzSigruDTdCYYUmwaeoi2R+G0JpIEg==","mode":420,"size":5950},"src/compiler/migrate/index.js":{"checkedAt":1768031071870,"integrity":"sha512-s8bQ/SEeRYnRbh+zTXM96FwnQtvLpvq5SIwCeYZL7uJb8Sfl7YsDOAw/J/T2G7Ntr7nRD8/863h9omawYiFL6w==","mode":420,"size":64152},"src/compiler/phases/1-parse/index.js":{"checkedAt":1768031071871,"integrity":"sha512-KSu9quGTwcOYmWBLxcPHU3hAj4bZPrdT+I0InJKoYyVrminh1DvLf3cUQl1G9UStTgDL3GFRFnuICUs7MDHx3A==","mode":420,"size":7363},"src/compiler/phases/2-analyze/index.js":{"checkedAt":1768031071872,"integrity":"sha512-NdkNOwaGJjUUjOjox/xVJ1ZPSSoskNTwiRwX0hq5b8oyeMaUgLyCN3+rhDRxDDd6kowNjpMreEZBHor8Rc9+CA==","mode":420,"size":38393},"src/compiler/phases/2-analyze/visitors/shared/a11y/index.js":{"checkedAt":1768031071873,"integrity":"sha512-4Ieyfvc6okomAKOqjXP+IGwyPmWgFu+nC7v5qbXwoVleP91U/QOFcfQacB02jMTW40z6vlxIFCUYdxP1HEY5bQ==","mode":420,"size":27997},"src/compiler/phases/3-transform/client/transform-template/index.js":{"checkedAt":1768031071874,"integrity":"sha512-mTpbyYQtD4oniapfvnP5HXx78ZTIGS+r4LNcu5mZCex+w+4kRkZ0/5ktHA70XRT73XKTCEY6kw/6fPLVLhpSeg==","mode":420,"size":1665},"src/compiler/phases/3-transform/css/index.js":{"checkedAt":1768031071875,"integrity":"sha512-QUgEeDguRw8HMmseY8n+Z3HjZZ5+9dZpNjtJebDtsbxkhG6Dr/oMTCWKy3Uyo6/0/WQN9ZEvRBxplSC9DR88AQ==","mode":420,"size":13614},"src/compiler/phases/3-transform/index.js":{"checkedAt":1768031071876,"integrity":"sha512-pH0taBhQvWXK9AzxxRqRp3OUZfi5JDqnFVOe6//Df8hYRvUxTbX02kBkXrD/59lo6umu1u9E2KMzToMwYZ0WKA==","mode":420,"size":3581},"src/compiler/preprocess/index.js":{"checkedAt":1768031071877,"integrity":"sha512-3O9a6Np8thnuAVjM6mILYBMaZh9gMxzFtwvaLpRy0mFj4iKacH84ennOq+maSlMTAX2l8d8RvIkdeac3Md8AbQ==","mode":420,"size":10921},"src/compiler/print/index.js":{"checkedAt":1768031071877,"integrity":"sha512-DJ1JH0VaVHFyt5utcmQ9XpCB8fPALSnKrjDY3QluFbUGYCQmVRYtP8GvhSrUx1r6Dzhve34CKijUHNBv9OM3sQ==","mode":420,"size":19002},"src/easing/index.js":{"checkedAt":1768031071878,"integrity":"sha512-lRJm19ybYu7gqzGucQ3mKltSFPTar2ZpYJ3YYc9IGRMyMIYRzDHWE3Zm3FlCgsYpa7qqoEYDMRC0O3+Z+KSRqQ==","mode":420,"size":5029},"src/events/index.js":{"checkedAt":1768031071879,"integrity":"sha512-QL8UtENc6g0fgMWpseJm89XiA6u5zTTcmaKA1RK+xwf77Q5UE/A96YXrTI7iwVg+OsCQOsTRt/vAIyMNDZcmEA==","mode":420,"size":64},"src/internal/client/index.js":{"checkedAt":1768031071879,"integrity":"sha512-dMOYRic7ykZdF9vA1Rrrqihppi3tOx3Xtm1snFTL80NfNGHxBFWGxxyp2FJ9JHybwHiXIQfmYGBJJSmVsus1sw==","mode":420,"size":5703},"src/internal/flags/index.js":{"checkedAt":1768031071880,"integrity":"sha512-WkPCAahAl25pLSe4RELVpzuvp2F1cvt6VWcMPGrpFhG9sRgtlQ9Isz0dOwzXzPfJ75UVqUzadiAIZrHLWt3PAA==","mode":420,"size":600},"src/internal/index.js":{"checkedAt":1768031071881,"integrity":"sha512-Fry1rzoy5rC3WrDSxLNCbHwmGgB70M/PoKd8Nx3vIuZp5IV8m7su0tt/rKmZijNu7JH1mxLQgEJ2b1S82y/lpQ==","mode":420,"size":653},"src/internal/server/index.js":{"checkedAt":1768031071881,"integrity":"sha512-5ciKEx+3jU3PuIiGs0GEwT8G22avh7QUdhA/h9RkmRQVT5QxdUjYVMyIlU41v0VyquHK3yor/KDzfJOfqk1AFQ==","mode":420,"size":12985},"src/motion/index.js":{"checkedAt":1768031071882,"integrity":"sha512-xgFOfLWSLJLrXvaMAzUsn3pobEV0IRwiPPVT146CKzyQZdmSXo8opvj/Yd46Wr1kapWJ708CIws2l3pWV+NfRQ==","mode":420,"size":895},"src/reactivity/window/index.js":{"checkedAt":1768031071883,"integrity":"sha512-W8LZ8vA3JWplp9m9NXFtaGvDI8RDqCoaCC/hh+wnlCRPlyqKJ/fNhZBXoFP3qbeZoMeOWSdRSSxN+93qhT3oSQ==","mode":420,"size":4364},"src/server/index.js":{"checkedAt":1768031071884,"integrity":"sha512-//h3W+cwKioPLexiwJGEk8uFlXMhLZiuFLZjti1F4mGem7DgGm45I0qsCxaRkfWz5or+QfUppJ1pA5aMHxPR2g==","mode":420,"size":54},"src/store/shared/index.js":{"checkedAt":1768031071884,"integrity":"sha512-eQse155lsWn55IH19kiy4Bm+Y6sRlJYDFRC/UAR1gFEg7KJJA1EkMcViV6EWmqClMZAeivp/nWS8w1lYSi74cw==","mode":420,"size":5227},"src/transition/index.js":{"checkedAt":1768031071885,"integrity":"sha512-QQdq+d/vwcdOrXYZOhHU9Eadxf0DHpsVyGb2Ibrue/n+C250NOhoJpp3LtiK3wNCCcTBGxlR2PNADBBF2nZOeQ==","mode":420,"size":10150},"src/internal/client/dom/elements/bindings/input.js":{"checkedAt":1768031071886,"integrity":"sha512-PDdHtmx3q3OmGkyN9z8HjamPVHfyJDRNAfD6NDehq6sstpjSjb+obP3TS4LaZEV0nRhHxOCudPEf1aQqpxgTSQ==","mode":420,"size":8187},"src/internal/client/dev/inspect.js":{"checkedAt":1768031071887,"integrity":"sha512-q6M+p4RIwHt3tNWbq9nZVpuigQJHZaHkpuiNkL17Cuw8OYapOZu498SJXuxlPYwwicHYa/tg17aOogIsnkbjIA==","mode":420,"size":1967},"src/internal/client/dom/blocks/key.js":{"checkedAt":1768031071888,"integrity":"sha512-fZyVpfF96+2aMsS1PvNziNFAH178vD07XOUMtElerO0uYJID/L3yP1LDlWN/Jkv2FGosXbstWSmfnP/LWwuMDA==","mode":420,"size":797},"src/compiler/phases/2-analyze/visitors/KeyBlock.js":{"checkedAt":1768031071890,"integrity":"sha512-dMr0rkncfOhrgDnBqsFxp6g6SxXMdUvhfG5mhgpF0a6LT4FaRKG/Ed/5H4Ifd6Gqhr6Fs3URQwtxzXNoqXBDGQ==","mode":420,"size":644},"src/compiler/phases/3-transform/client/visitors/KeyBlock.js":{"checkedAt":1768031071891,"integrity":"sha512-7Luo59JaNab/yZRkvfJelpsxEbSmIDVNd1UMUU28sDdTDJKKK5jVNxUhzoadDsG9baS/JeabwDmP3wiQPBpn9w==","mode":420,"size":1164},"src/compiler/phases/3-transform/server/visitors/KeyBlock.js":{"checkedAt":1768031071892,"integrity":"sha512-NcONHp1wlRfwyvpzVLhm8dIHS+zBYbJfw09SY7MgNNKVTia5OkfbsdR1uixTOmKrzD+pVNxiAUYWhU/1qqSV/A==","mode":420,"size":641},"src/compiler/phases/2-analyze/visitors/LabeledStatement.js":{"checkedAt":1768031071893,"integrity":"sha512-3JOew/kPCxVOikycE6YMs3taMtI78lek68XXJJg1Eu3UVsPOoi/qYZHc9TzKLKvtuLmt6oHlzfBqiXqKnoWbQw==","mode":420,"size":2745},"src/compiler/phases/3-transform/client/visitors/LabeledStatement.js":{"checkedAt":1768031071893,"integrity":"sha512-y9mOVS7r1KLD8Wn6vtawrAtdzb0ocLwhLeUxe+eue9uOVTRAbbRNXjJx+Zn6dbWioUMKVXS7+QIE6hDiic4XEA==","mode":420,"size":2005},"src/compiler/phases/3-transform/server/visitors/LabeledStatement.js":{"checkedAt":1768031071894,"integrity":"sha512-km5KAAyrC+r9xV6DzkX9JH60kRi6FohKvyZD9WBN4kFdCXR8yzZo9oDnnwwrlU3fO+TZ1rLNQ1tJLjw3rGloZw==","mode":420,"size":714},"src/legacy/legacy-client.js":{"checkedAt":1768031071895,"integrity":"sha512-2M5vum6r837Jf+GHO8IXZmwDHniHtK2xM8aCmH48x0KBsPanQ4oW+3XGxFkI0ztmf4snLIrYnJlNCYqJJNScsw==","mode":420,"size":8344},"src/legacy/legacy-server.js":{"checkedAt":1768031071895,"integrity":"sha512-620dIhhZZUe+JIZx7q7HRVo6CAygmPJNGRH8TGR3B3cs3cSSATQju4f4ysWXs/+FYiEZtHdeQ8w3PufrXxy3+g==","mode":420,"size":3519},"src/compiler/legacy.js":{"checkedAt":1768031071896,"integrity":"sha512-56/ZA6r2T00CqSHHbr6Kohinc14qzJ8nqje+Gn8/K54f9hGD+neb5FDk180Nw4SydVBErdrbdDYn2dm1k5imIg==","mode":420,"size":16559},"src/internal/client/dev/legacy.js":{"checkedAt":1768031071897,"integrity":"sha512-LO1FOde+j2vroz4zj75wteTK3NQgFiCeMU1qb0fMeOxI42iTwq2rmk4XiUxkZmDdMLspK4j9KZ/bKp3NKjRoEg==","mode":420,"size":650},"src/internal/client/legacy.js":{"checkedAt":1768031071897,"integrity":"sha512-gUQ0/9fWaPSVGOmeBw2Zmd3YZ5pdzvXV9RKBLI7B4LWSUyBPTNUFi2PHM0AeEe/HKSLZ90V0BQgAMmKJjjTPzA==","mode":420,"size":1004},"src/internal/flags/legacy.js":{"checkedAt":1768031071897,"integrity":"sha512-8UWzyLYDBuVmdyqtE0Y1eMhXZXue+QJtCI0clkjh0XY30HT9NxHcBft5nxPcMsSAUYMDUbiI/OGD95wyE08V4A==","mode":420,"size":82},"src/compiler/phases/2-analyze/visitors/LetDirective.js":{"checkedAt":1768031071898,"integrity":"sha512-P+L4V+JDIVbIK24j5v194XIqxTKr1QuBDqe4EXrWB82Zn6jVI2lcgj8hPTc/Yq+MjmNN/EbZZuB4lYzoLUYN0A==","mode":420,"size":623},"src/compiler/phases/3-transform/client/visitors/LetDirective.js":{"checkedAt":1768031071898,"integrity":"sha512-OeDTWEMNHq4dbsdlOTr/dzBlH/vAJlF1d3f32W/8LKkfWaseRfZOjhhw8D4UYMAxdSgqQ35GMKZ+HAWkkU4GYQ==","mode":420,"size":1925},"src/internal/client/dom/legacy/lifecycle.js":{"checkedAt":1768031071899,"integrity":"sha512-sts1d1vhLyLEtNJ9YGea8YuO3sSS7nlFnNdo19bEUR1fzFjdkrmZjTpfWYNvgF2glcHpU7fvkuIU0a8/d/6Q9w==","mode":420,"size":2046},"src/compiler/phases/2-analyze/visitors/Literal.js":{"checkedAt":1768031071899,"integrity":"sha512-RHX5uqxFpnSYkear2Ej43BrGgAMUaWQPM42xi0sBjny/M6qvizpYkYRlBFN4CCj2ut2nWF3u61or0Y5aM4QxmA==","mode":420,"size":384},"src/internal/client/loop.js":{"checkedAt":1768031071899,"integrity":"sha512-pW4wdWCcS4XXsG8M5sBNqXj0DLmZypfnOCNbW0k6n6YFD0DJ17gqc0UxHL5L9gKqyuJG+2YQKNojBvJV5JC69Q==","mode":420,"size":1008},"src/reactivity/map.js":{"checkedAt":1768031071900,"integrity":"sha512-Tr4GZQG2yvWyou+xoUsWOcai3MhRag/r90dV3O6MTojnCwEJwR8CTpQNozrTPaI0E974WptxfK+7LytW/lL+aQ==","mode":420,"size":6061},"src/compiler/utils/mapped_code.js":{"checkedAt":1768031071901,"integrity":"sha512-8rFeNV8CiuFjZJUJwu2azZ4davMJZAFcDXAvhFjzwnr+ufaXLkiJFTrw5r0NcuHAnD4iENwJE6RKUKNKHimaNA==","mode":420,"size":14578},"src/reactivity/media-query.js":{"checkedAt":1768031071901,"integrity":"sha512-x1tapQJwbQjOtoLj77euUQ4S58aIDpp8dwOH76wLMECJFO0wPKjvzdRr8xQtjWaoHItcm9DO8GeY6USjM1z/Og==","mode":420,"size":1922},"src/internal/client/dom/elements/bindings/media.js":{"checkedAt":1768031071902,"integrity":"sha512-yAPPjkrQwvLlCONYYiDt6jpIQ1Xq0Wrj5ut7HsXr+bCg2B3LJw56SVJDfdCykYnZA57N07I/pa5xtXrV9hGJ9w==","mode":420,"size":6218},"src/compiler/phases/2-analyze/visitors/MemberExpression.js":{"checkedAt":1768031071903,"integrity":"sha512-kUcStk8pTHanAPgFLkVJxsWehXY9p5Tc3uPBzrpI7t08q8WsMLV9pYxVvHBZmq6UlgSLvlqK7+/2SjR5tJ0rpw==","mode":420,"size":873},"src/compiler/phases/3-transform/client/visitors/MemberExpression.js":{"checkedAt":1768031071903,"integrity":"sha512-1CdfONQgEUhWvYxH1hqampHonQi0ZjrqcFVyK3OS0DrtjeXvGH6aKS/QdoPYFrCj93UVCjj95DWCx4UEdcSTiw==","mode":420,"size":643},"src/compiler/phases/3-transform/server/visitors/MemberExpression.js":{"checkedAt":1768031071904,"integrity":"sha512-n48lpbE7mMoy01WeV1H/QM7Ph7SPgYAzf9EBvsfyjd4PvRb4KIDe2RnMV3jlHGRD6o6YgXK219IY62cdYfF4aw==","mode":420,"size":548},"src/internal/client/dom/elements/misc.js":{"checkedAt":1768031071904,"integrity":"sha512-m74NAMU+pY5P3VdcAx/cIWuUoSS7TXaMMMwIoalVhyQ60vpggqHjJ8r4QdUX6T/wu3pPob88OHEgSfnDnDBSrA==","mode":420,"size":1512},"src/internal/client/dom/legacy/misc.js":{"checkedAt":1768031071905,"integrity":"sha512-OTS9cvtKVqdCPKKqk86x1Y57QGRwduM+9OcSCIaZYThxwpWJY4UVNGF0kn6CT6b/qYXVE2SnbfDZ8JQ4LwO89w==","mode":420,"size":1862},"src/internal/client/dom/elements/bindings/navigator.js":{"checkedAt":1768031071906,"integrity":"sha512-T8jFHpd3XQY2BOCp/fDUTlFkBKEnWLLSLchvupvBzC3fx4rb8ho7vhl8Sny27+OsKHWnyY6zHB+S3zWhDdpLDg==","mode":420,"size":231},"src/compiler/phases/2-analyze/visitors/NewExpression.js":{"checkedAt":1768031071906,"integrity":"sha512-rXw5rZvyhiLSNYRMy+Ja4i9XFxd2Yl7FqjA+tRKNIoRIVf3gi1BOnRE95mU+qpLFHZzm+WzWDaT/DRk+bZVF2g==","mode":420,"size":442},"src/compiler/phases/nodes.js":{"checkedAt":1768031071907,"integrity":"sha512-SgGCShFECozoZneyzD5iAgBWAoE6YciCu9m94UbaqYYGxJ3OtpH5uenKcpTj8GGlRs+eeca0ATjFxLBYIRk5CA==","mode":420,"size":3887},"src/compiler/phases/2-analyze/visitors/OnDirective.js":{"checkedAt":1768031071908,"integrity":"sha512-dmGKdbfassqFyqgBPdWmlQNylKIM6yrCpucaRoWU8bkSuIA/v5KONk1tpvLDz+ygY9GU9KRXMabDdGvSoYnydA==","mode":420,"size":934},"src/compiler/phases/3-transform/client/visitors/OnDirective.js":{"checkedAt":1768031071908,"integrity":"sha512-+qHmVLogPB61gzhyy8iJi0B1qxWsoF+IN2fSb2FLl7BJfACO8MyKCz/P+lyG4KvPmssIo2cvjFBXdxOOwJRn4g==","mode":420,"size":1025},"src/internal/client/dom/operations.js":{"checkedAt":1768031071908,"integrity":"sha512-9FDt0JjYQ6IY599HhhWfVABwol69KPnk/FGrO1pJr1U2gQQ3IckzyI89s3OuqsbTROgJKlNfcA0GadOHEyp1ig==","mode":420,"size":6791},"src/compiler/phases/1-parse/read/options.js":{"checkedAt":1768031071909,"integrity":"sha512-hvCQNByfmfsdh1j4lc3g4GLJnwEEHY3X8VtwZjQDtgb12RrRtXnMnCSCkpRG5320skovQbx5KRxhMRjRhmL2Dw==","mode":420,"size":7529},"src/internal/client/dev/ownership.js":{"checkedAt":1768031071910,"integrity":"sha512-bP0mqEmK9wNM0AtwOn5KAj7mKzfd3IMZDhO2xyb7UBchqc82VVoRzGyVyTYLDvRR/KLCJ26b3U+5UB0c9yA0bg==","mode":420,"size":2252},"src/compiler/phases/patterns.js":{"checkedAt":1768031071911,"integrity":"sha512-n23Q3mHEXYu/34gNywOSuZFF7oPchYUlWsZIOwfgu9rqXUZHDiiRIReFcOlngylYR7q2Y5i9Z6Kc5Y8j73Gv8w==","mode":420,"size":1414},"src/compiler/phases/3-transform/client/visitors/Program.js":{"checkedAt":1768031071911,"integrity":"sha512-suQg2wROZb8+Xi60SKWRmSAhoRnfiiL1TLQq0J3qRaZ+ZL6Vh6BSCPLetq84J4ctHyB0b5I6GeNIUmOh9cNX6Q==","mode":420,"size":4460},"src/compiler/phases/3-transform/server/visitors/Program.js":{"checkedAt":1768031071912,"integrity":"sha512-5BcWtTvJjvUUdCLvWt+Xmf2SmjN8WpNxwyC0ERC9tHgkRB7x+s06KfMzBybS9aGaZm84DNoiJ3JNhA7dUDsgeg==","mode":420,"size":643},"src/compiler/phases/2-analyze/visitors/PropertyDefinition.js":{"checkedAt":1768031071913,"integrity":"sha512-2C+ZhMFVYw6IsbnTgZIMSAJE7VNX2IbhTubptBhxfDv3a0f/F8kYCvj9UwbGq3mSZ1PyyF32bVG5FIGgXRv2sg==","mode":420,"size":608},"src/compiler/phases/3-transform/server/visitors/PropertyDefinition.js":{"checkedAt":1768031071913,"integrity":"sha512-KKzo6pUPxwjB0S2D+xX3tuxYnvwjlKBaVCiUzKRLMslnHwATuS5a/qa7ymtBSFNMrO6+38oOQ73WtL3QSW2b3w==","mode":420,"size":1032},"src/internal/client/dom/elements/bindings/props.js":{"checkedAt":1768031071959,"integrity":"sha512-bgdysYIsi8srWOmAXfj9y4Z344Hanr2kzDT4eSMEc745Noyfwom0wrMCCYj7UM5qCiUCZuZEgRPSBbmu6bQwnA==","mode":420,"size":573},"src/internal/client/reactivity/props.js":{"checkedAt":1768031071960,"integrity":"sha512-wPBCwurk6iTGz0wmlyn99bOidP6xkWPW+voLvJL9j43/celuqmgg1byLhT780ateZuaZ1dE0JN4fiQ6DN9VUoQ==","mode":420,"size":12152},"src/internal/client/proxy.js":{"checkedAt":1768031071962,"integrity":"sha512-t0bXyP+ej8pI/I6yEMcQ1mTR5/WELg4TpeZH9XfY5um7nUQhbkMRD1/kY74HlevQ2jd7VymR5qU4o1vfsavPAA==","mode":420,"size":10854},"src/compiler/utils/push_array.js":{"checkedAt":1768031071963,"integrity":"sha512-QUAX47vv+3CpcpURINe4JDsAmbomMxVvsr0MflDHLSS1l3h7B+WolrNFRwz0u5LrexbjF7JPtkFm0icix9L7Yg==","mode":420,"size":423},"src/reactivity/reactive-value.js":{"checkedAt":1768031071963,"integrity":"sha512-6CEa3ERmmOK0PY3Hle62vY3nTeKfBp0xbML15jDVmnR2um07Y2YcUzaY3HzR2AWPzxWkHvtPPUWm77e+AkLPnA==","mode":420,"size":392},"src/internal/client/dom/reconciler.js":{"checkedAt":1768031071964,"integrity":"sha512-uQl/kYLN00W0SYPxqJupO3nreqaKIdKHXI/QvU9RPMqSi6ZL723SL+WTt+7Domnn910kVGcpMG/csd4t/A/hHg==","mode":420,"size":223},"src/compiler/phases/2-analyze/visitors/RegularElement.js":{"checkedAt":1768031071966,"integrity":"sha512-DrNH4fKAJE7CeW6o9iqTggxQEeGr8axpWj7p06YZGIQUUuN5aMCGOBn6g49kqMKE76hjAl+boz34tAiVR4c86w==","mode":420,"size":5958},"src/compiler/phases/3-transform/client/visitors/RegularElement.js":{"checkedAt":1768031071968,"integrity":"sha512-fybiaYbcKYQqANO5dOdrwYPAGPxb3GpN/Qg3/GU7NFoHvJVqpXZxiVsLOVh+CkZUw7NMUWuTNJvEksL3zqUbIw==","mode":420,"size":22428},"src/compiler/phases/3-transform/server/visitors/RegularElement.js":{"checkedAt":1768031071969,"integrity":"sha512-9rQCK9JXmdIiRrhYRaMrPLlZo/4jjUGxNNFlSG3S4pzVUTioaf0SGpUH+7P4sAIfUwl4eTpxDxku4dFnaxs4iw==","mode":420,"size":6465},"src/compiler/phases/1-parse/remove_typescript_nodes.js":{"checkedAt":1768031071971,"integrity":"sha512-GCtHLlCXXC5yrfcQOlDBUAByg9/o+/6QWS8SPny4oNoc6mmD6BXr96A7XR/TI9RXM8JT5KY0Tcd7Qf1Shm8YQQ==","mode":420,"size":4602},"src/internal/server/render-context.js":{"checkedAt":1768031071972,"integrity":"sha512-eFKTj3EsOygH4Mj5OKrzv8b0/f1eEMKLIDAefcfPV47Asv3ZpaZoSD4onbLK56GGvy6y1l4ZTYkd8K4saUfONg==","mode":420,"size":2276},"src/internal/client/render.js":{"checkedAt":1768031071973,"integrity":"sha512-kXZ0kdG4sk9rUojgGxguoaQsagJrf1w1YKY+MuYOqfquMSL4GfA9D2zkJT8egBLOIQxFYwIXPksHlZEa0Du0yg==","mode":420,"size":9479},"src/internal/server/renderer.js":{"checkedAt":1768031071975,"integrity":"sha512-Dr0cjVB+qVrocCmeQMizavFKZ3f+xSU07K358cx7P1ILsFAZnC9YaOEqZgYm9i/3UWMoqUATWfcNHr6AXEcIag==","mode":420,"size":20055},"src/compiler/phases/2-analyze/visitors/RenderTag.js":{"checkedAt":1768031071993,"integrity":"sha512-Td5ewIKAhbJ3bru/pGZrwHpBAZqxL4P7+RMvhORkaHZx9dQN/KgFgiFOXkeyJT+JIJU5OzO6MFlTZs/VWV9k1A==","mode":420,"size":2091},"src/compiler/phases/3-transform/client/visitors/RenderTag.js":{"checkedAt":1768031071997,"integrity":"sha512-jTha5vPtcf2Rmp9dFpwexHPiB5znsEkhrBQ5hNVfb8W0OzR1ehDfCS8jCNuQU7uQtKjLVwFZEwYFnYb1wwGZyg==","mode":420,"size":2363},"src/compiler/phases/3-transform/server/visitors/RenderTag.js":{"checkedAt":1768031071999,"integrity":"sha512-AVcB45Dig+8KoaZR9ui9FwJcpq13L7fKCma3ULaCA3653oR4RYVOrGM5wTnUP/oalXnUryVowcKZr/QSykqc0A==","mode":420,"size":1390},"src/compiler/preprocess/replace_in_code.js":{"checkedAt":1768031072000,"integrity":"sha512-01HWi81ECM9B2GkZJg8bSZPfYvdGb9TAIiMNAaKlINv4vUHEnj3CabZirlftYrdwqUiyvf2WQhDhr9HJ/u/7fg==","mode":420,"size":2055},"src/internal/client/runtime.js":{"checkedAt":1768031072001,"integrity":"sha512-hMAREM24L9TMTn1koBJAMDWuh3XsqWyWTf4mSvXv5hEhW6vu6v2sC+Np13jTD21H1aeOhxuFasDz6Mlr4yDJhg==","mode":420,"size":22133},"src/compiler/utils/sanitize_template_string.js":{"checkedAt":1768031072004,"integrity":"sha512-E6Ap4K+X0PMM0ACj4ERDo8TOBMnLnTFLzC+yP2ipdONgsr/ilbOZPZ0ZAM4kv0dHNg+6CIKwjaAqroFbbj56aA==","mode":420,"size":146},"src/compiler/phases/scope.js":{"checkedAt":1768031072006,"integrity":"sha512-dcLVGFBCKDOXJ9QOJ4RY7GiUwA0NqwC7vv8YGNj/jBXZkBFMHA5YSGKmkttbpROR0BODRLSBWOszaAy73SJscg==","mode":420,"size":36322},"src/compiler/phases/1-parse/read/script.js":{"checkedAt":1768031072009,"integrity":"sha512-Av+gzJylVajMK9htWGHHzyJ8wliwiXnrRbCFoe3Jj0Zt9NyCbfNUILaSscbtiTx7fpCZZr71Ytm4C3XFX/ET1w==","mode":420,"size":2485},"src/internal/client/dom/elements/bindings/select.js":{"checkedAt":1768031072010,"integrity":"sha512-9ul/2FiDq5k6C7fUf7WKcJ7kARumdoisfHv128Uz3WnMNhNGCwomHne6ug0qrgwtKkFJHxCep+HQZDC3Qgs5qQ==","mode":420,"size":4507},"src/reactivity/set.js":{"checkedAt":1768031072011,"integrity":"sha512-wHkTWAQW/1dmdxys76ttgC3ud6hBTULleo7fuvbrQhOgw28cDGVNhwPPsoTMEny876l+1zu/hGenBVWWxCxD3w==","mode":420,"size":4998},"src/internal/client/dom/elements/bindings/shared.js":{"checkedAt":1768031072012,"integrity":"sha512-bzOejNFNqo3BFQ3KxquEK0v6S5XRYlAd/NpseApTX8Y4cwE/nTiDWhjIBaNntNpxW5dmUzsHWdHwFg2sJIugmg==","mode":420,"size":2023},"src/internal/client/dom/elements/bindings/size.js":{"checkedAt":1768031072013,"integrity":"sha512-KH5ZnkX+KDj9bep1K5/uEfmyRaO1tZK4CbUJmCHCp5Po5KiMHY6tt4rPnfY3s8KD5VLx4GLOEMpSC1ACf9gjOQ==","mode":420,"size":2893},"src/compiler/utils/slot.js":{"checkedAt":1768031072013,"integrity":"sha512-COVsgFDoRm8F2V9Ptyql5j1daXejc13bbuY6bSP2bhf93/hDn8jX2DzPBM+DdfeuuPVvTBB1DzGXsDuQ90WlDg==","mode":420,"size":524},"src/internal/client/dom/blocks/slot.js":{"checkedAt":1768031072014,"integrity":"sha512-SmI/wysHtS/CHmFeqGUTggJrKveM+2P0FGTC116PiHRe4dWEjVyLIEsDWl3uvH2L4cIGSW4FczuZj57UNT4M2g==","mode":420,"size":1082},"src/compiler/phases/2-analyze/visitors/SlotElement.js":{"checkedAt":1768031072015,"integrity":"sha512-sIQKIhaSCJ0kKdrpeGgMvCLSsVrYft7CNTRnp30zRFxBn5D2MW61la1ocHmiIi9wedMiFh8X7j1OvZgr4bX/Rw==","mode":420,"size":1166},"src/compiler/phases/3-transform/client/visitors/SlotElement.js":{"checkedAt":1768031072016,"integrity":"sha512-H0IsTZA7NXi5m8y4E9WBUX2sHKQPaGo+v9JLSR5CCT1rdtv/5xbbP5NJZUdjNBF5KHk7sLISVb+LQHAjMJpHEg==","mode":420,"size":2763},"src/compiler/phases/3-transform/server/visitors/SlotElement.js":{"checkedAt":1768031072017,"integrity":"sha512-yyNZEHQrQiUWz+fuVFUWYXkgXWPpAbh3YbU1BHhTvB08lGx295L9MC7+DHsDvVZAS1dhRu963rLrB88yu8treA==","mode":420,"size":1900},"src/internal/client/dom/blocks/snippet.js":{"checkedAt":1768031072018,"integrity":"sha512-e0OU5m1maqWdBsxORwCuH+whn0kO9Ea2RMmA/LDzxWu2GAP9PjToc+f1Sa1l0BgQckW5zG79QEaPlAZPQMY4Tg==","mode":420,"size":3135},"src/internal/server/blocks/snippet.js":{"checkedAt":1768031072020,"integrity":"sha512-fFd6kaCEq+Nl3EmsPwfSrS9R0XUoPkZchoLAfTc9DWV96YdLnodH1zF8lly42e4KmqsmJdII6Y9y+CprvZzIcg==","mode":420,"size":687},"src/compiler/phases/2-analyze/visitors/SnippetBlock.js":{"checkedAt":1768031072021,"integrity":"sha512-B5uPuump7Ly+NWgDs3A1Nl9oE9FXDaYk1F0JkSp0EULktRxQzBiFov3+zqcjD96i6ZSFrR0QbgKLDfiPCKW/QQ==","mode":420,"size":2725},"src/compiler/phases/3-transform/client/visitors/SnippetBlock.js":{"checkedAt":1768031072023,"integrity":"sha512-hC7FH9ynXjT0xssszuTgT978pSpkACH9ZHJ/qZ9ErrtJ9cNCThp6oGkVtqU30OT7HK2rTrh4KSNFMnjyn33KWA==","mode":420,"size":3105},"src/compiler/phases/3-transform/server/visitors/SnippetBlock.js":{"checkedAt":1768031072027,"integrity":"sha512-jkT6WfcQNwAkBerR2BhnH8WLZTXcT8UjwpqF8X8eMIGrX440hAbLsZeC3sNwhiowurM5FaTxjYZaONFJebZ1mQ==","mode":420,"size":929},"src/compiler/phases/2-analyze/visitors/shared/snippets.js":{"checkedAt":1768031072029,"integrity":"sha512-HgzO7odpSM4R4dInEDI6IzCmTW8RP3/HYAL/+0hWCtufTK66yqBZOQFlBRRyaNBDnt3j2IUck5C7aaxuGlDDwg==","mode":420,"size":485},"src/internal/client/reactivity/sources.js":{"checkedAt":1768031072032,"integrity":"sha512-efgPGnDSWlaSW8iv5bGewcrdlrcoszrvacFKVVujIY9yUIsjUhKIrcrROGhrORBEyup/13xORMRnl8mX3w1Cww==","mode":420,"size":8932},"src/compiler/phases/3-transform/client/visitors/shared/special_element.js":{"checkedAt":1768031072039,"integrity":"sha512-Xc+6gQqW1S1ohJftHdt1LDM6vt94FXWXGh9+NnN/glxAfaMsVIzj+x4Ian+coUqKt+eojK/7zx1fioBXLlBWMw==","mode":420,"size":675},"src/compiler/phases/2-analyze/visitors/shared/special-element.js":{"checkedAt":1768031072040,"integrity":"sha512-/prgBgi5iHWGeuWVnZ2181x9V2TeDNlJTXfg6XT+49zPcv0RbkJ1XTBehIyEoLGshHeuZ4HmWqjRgawtISCiNw==","mode":420,"size":445},"src/compiler/phases/2-analyze/visitors/SpreadAttribute.js":{"checkedAt":1768031072041,"integrity":"sha512-OsT0PR/LKdaUyoG5+v3SmqE6zU1W5sEfREPQutsrO72v1Mrv81BAnPA4MpiitvGLN8TzmTuHlz6Xnw6gA6jTLQ==","mode":420,"size":382},"src/compiler/phases/3-transform/client/visitors/SpreadAttribute.js":{"checkedAt":1768031072042,"integrity":"sha512-NmrYkGU3hILkaazFx8k3tCgXSxflwi1zEqteJS+c7Lvapvp8d+/5DoiDT8id+LEg2l9SSRK7XLS/5wonjcChwA==","mode":420,"size":266},"src/compiler/phases/3-transform/server/visitors/SpreadAttribute.js":{"checkedAt":1768031072042,"integrity":"sha512-NmrYkGU3hILkaazFx8k3tCgXSxflwi1zEqteJS+c7Lvapvp8d+/5DoiDT8id+LEg2l9SSRK7XLS/5wonjcChwA==","mode":420,"size":266},"src/compiler/phases/2-analyze/visitors/SpreadElement.js":{"checkedAt":1768031072043,"integrity":"sha512-+WlpsPHvyB9f612/vOAsvIQrp0ia4gyE4Sh0DJQXkCY5DrOwKgwoEvYhxHziixbSL7mvtgD/9YycExOeNXx1bw==","mode":420,"size":405},"src/motion/spring.js":{"checkedAt":1768031072044,"integrity":"sha512-onSoSiWEvPxkZSKL3PsL5dBZdlb/9qXKctWTsj2bmjkUI7Q+pNs7soKY0I8BO4H6dbbaNn8gYvC8R/S/Ubi8Uw==","mode":420,"size":10310},"src/compiler/state.js":{"checkedAt":1768031072051,"integrity":"sha512-HU8f20G8INJxMKgzMFfuCyHpg9RQ6WAcGl2HRkm2A0uFMkX9mzEKOKHYTix5fLA9ls8bx49r9zXxdiR4vFKrkQ==","mode":420,"size":3601},"src/internal/client/reactivity/store.js":{"checkedAt":1768031072062,"integrity":"sha512-PTjiuL237jjilX0N3P1eH5zUUF3P38lJCmYeiNw4F3A2eGCY6SlbFXeI0BemgwJUVVfmZAuBWAu6hwQw8GzGng==","mode":420,"size":5742},"src/compiler/utils/string.js":{"checkedAt":1768031072063,"integrity":"sha512-Mk1U8XdaIY/bpzL3SUw5R/RgkUgeLcXmyMXSLi5J7THV04XHMTel8i1MbhrhMj5jEAY+mg+NffqEvh/2xT2KEw==","mode":420,"size":340},"src/compiler/phases/1-parse/read/style.js":{"checkedAt":1768031072065,"integrity":"sha512-+dfYe28+vSBh0JuVHxCwzC/zpILginC/kb6HPHlspGMGMLyEPCfQ7pESjPj6TMZh+H6HrUgpBNDzrs8xr1Ag8A==","mode":420,"size":13902},"src/internal/client/dom/elements/style.js":{"checkedAt":1768031072066,"integrity":"sha512-vfvxg0R72qiGlws8sViYCGaHB+2/0Ym9GrUQzrDxkbvHTlOE254SaFUocNRFqDANUlVED+mo1ZULIjrpC5Mn3g==","mode":420,"size":1540},"src/compiler/phases/2-analyze/visitors/StyleDirective.js":{"checkedAt":1768031072068,"integrity":"sha512-q7ISRIo8QAR+RC/2OehRroc1kPvu4myh91nZp9ICOyNAw7P6YGfuQksM402qX4v0PFR5iympe9ewQMkiZrK54A==","mode":420,"size":1104},"src/internal/client/dom/blocks/svelte-component.js":{"checkedAt":1768031072071,"integrity":"sha512-3gIJyH3LQ4BJZTIL56JdQI45cMycmxcXn40xIA9d9enYrGd3Q7HYQhweHRPQQ8+ISId/xMTPxWs0pQi449b83g==","mode":420,"size":797},"src/internal/client/dom/blocks/svelte-element.js":{"checkedAt":1768031072073,"integrity":"sha512-hg1Jj7/UH+JIaqSTutG+pMwtqSbaprsmMUljqI0XEWBpDZDUbeJDtFytwNnpQd+/Rn/rLZItUv3w2FdplgHmFw==","mode":420,"size":4421},"src/internal/client/dom/blocks/svelte-head.js":{"checkedAt":1768031072077,"integrity":"sha512-Ked1iNRZdRfTZE9uQxN1qqC1zEZcwUUVqh1WL+A/gN9+xS2/ezZwn9Bp92aNFQnnBtfKmHAyLcJmgAvaKE/8wA==","mode":420,"size":1901},"src/compiler/phases/2-analyze/visitors/SvelteBody.js":{"checkedAt":1768031072078,"integrity":"sha512-ve+DuXuPD1E/U6adfFbchaVfvzgxHhZBqtSKzbHJdWQr1U1dXCU8jbVt/zsyCC7u0W4qiwmXX5iLWoR2cjw6FA==","mode":420,"size":631},"src/compiler/phases/3-transform/client/visitors/SvelteBody.js":{"checkedAt":1768031072080,"integrity":"sha512-qdnNWgbQXQxUVscv+Hf0BuTNYTz6K5TzWrjrTTlhB42CQXUN6pRwCizWnsPdAuvkAmVl9cVuu6divwGi0pxLdw==","mode":420,"size":343},"src/compiler/phases/2-analyze/visitors/SvelteBoundary.js":{"checkedAt":1768031072081,"integrity":"sha512-v9ucs3vsy69xIm11E6Q9jsSa4iE67LVfOGZW+ufg+raEw0Hu2zEeE4Ddle13JfY5EVoLg0I9YOjWwuu4c+t0dw==","mode":420,"size":718},"src/compiler/phases/3-transform/client/visitors/SvelteBoundary.js":{"checkedAt":1768031072082,"integrity":"sha512-w3S1oXS+bHen1sG92YHhfbbNzZhw7S5ouBCLDjagkQd12iyt6OcRqVWpzqafXTqTTr4lCjNW2kpDg/aYgWXrPQ==","mode":420,"size":3787},"src/compiler/phases/3-transform/server/visitors/SvelteBoundary.js":{"checkedAt":1768031072084,"integrity":"sha512-p17zRSREu3iDoB6/4yeJo7WHGEBlb1r0mqK6kp3EoQL92yxRz0VqE7l5d7zSaC0CINWBt75Q930Z8raQPyqPKg==","mode":420,"size":2186},"src/compiler/phases/2-analyze/visitors/SvelteComponent.js":{"checkedAt":1768031072085,"integrity":"sha512-S7of3l8/rsVXzf8eaxWLLJjNQNxOpIYC80Eza4+GSmV5EJbZqw45O3q0yRzHD/YdFxTM6zWlPr5/wSFWRzZTZg==","mode":420,"size":515},"src/compiler/phases/3-transform/client/visitors/SvelteComponent.js":{"checkedAt":1768031072086,"integrity":"sha512-2jduHAdPJg7RB/q7BdzkHEvmqCIV1hnay92sjs5tnyvoIjJZm7LKmEluaDRgc0usiONfSTUWkZL8T0s1ryLCUg==","mode":420,"size":433},"src/compiler/phases/3-transform/server/visitors/SvelteComponent.js":{"checkedAt":1768031072087,"integrity":"sha512-K4A2wwZ9wFLci/1vdAEgT7F/CDwCkZZxRSwKGfPa6icDbGAe4wtVlZaiAmrSZdYd/XmddCLVzSDyH4wJ8KDrdQ==","mode":420,"size":437},"src/compiler/phases/2-analyze/visitors/SvelteDocument.js":{"checkedAt":1768031072087,"integrity":"sha512-ejjVvSQaWSo/DMc8nu3GD0efjH8+j1Ip3zZUlEAaCIvOVP3uwK39hKXzhGCCkmRij5aJWysoXhXhyJWZejabbA==","mode":420,"size":656},"src/compiler/phases/3-transform/client/visitors/SvelteDocument.js":{"checkedAt":1768031072088,"integrity":"sha512-jQa6+IcV0wfaZlxQg7ZBhwmMCeuENi0+g22Mp5coJ0lYjc9DYdrua80RkFZw6nt+a2QKup7iILVqL34/os32DA==","mode":420,"size":346},"src/compiler/phases/2-analyze/visitors/SvelteElement.js":{"checkedAt":1768031072089,"integrity":"sha512-p8Nr1U04MbjXcteO7CQPFrcHlZCLXgSQoBCeaLfhNTvVjw/+Y9X3q6nkAf/KLKT5uqUCBfZ0XgLqgJI5MIVk0w==","mode":420,"size":2249},"src/compiler/phases/3-transform/client/visitors/SvelteElement.js":{"checkedAt":1768031072090,"integrity":"sha512-tEWTQiscCfWDKkmKUA8zuvMit9nqjYxQNZkxsgy09ddOGk/ytxd5f6n1YFQwogY67U7/EuiYHyHt5dBnYRG9sA==","mode":420,"size":4845},"src/compiler/phases/3-transform/server/visitors/SvelteElement.js":{"checkedAt":1768031072091,"integrity":"sha512-gB/2TnPq9qdmAESoPeT0aASiFzQ/TiDx4DxWlaWzwjY3LokdmVll2NyDy47bPPRpchyVB1UglTCzcdYCfKiytA==","mode":420,"size":2742},"src/compiler/phases/2-analyze/visitors/SvelteFragment.js":{"checkedAt":1768031072093,"integrity":"sha512-2nynrAGBeEDvcYSBvgFdlsZvx2MwRWSpjOyi6C62cw0vgjPgfeHrTpkGbVYePJ6EAEdNHAq7t6C104gM/klqTA==","mode":420,"size":815},"src/compiler/phases/3-transform/client/visitors/SvelteFragment.js":{"checkedAt":1768031072094,"integrity":"sha512-W15cfyL+B65h6cF5lvA4jfhGwJjD0m36kj5PM6+d9XyDxQyrIhhFZB2a9eVXP3jjhCx0BpiJdlG/211Ik97g3w==","mode":420,"size":513},"src/compiler/phases/3-transform/server/visitors/SvelteFragment.js":{"checkedAt":1768031072096,"integrity":"sha512-NfyVaT0btaunwfJjqYhMIgyebOZr8xb0idiadjSCJBIxAiAsMEQpKJnBDnIqCcqHSnDkPnpzOwYm/VErWSUVDg==","mode":420,"size":364},"src/compiler/phases/2-analyze/visitors/SvelteHead.js":{"checkedAt":1768031072096,"integrity":"sha512-YLmqaehpFDG8gt82SbOPufhZPvk9S64t710BLCaiRjlAD8FFHmEIKxGhS2CHGEx/89LS9NG16Ds6dpx08OHOsw==","mode":420,"size":449},"src/compiler/phases/3-transform/client/visitors/SvelteHead.js":{"checkedAt":1768031072096,"integrity":"sha512-GR4rlxqOIUcmligXavtr4B8QmqIjTptDdxK/G7qNIPZF6s5f5tSmjP4u7bQGTe71GKzgBc5oEgZItQ0VwPZ4zw==","mode":420,"size":643},"src/compiler/phases/3-transform/server/visitors/SvelteHead.js":{"checkedAt":1768031072097,"integrity":"sha512-Ou0nwttr+Tc93WKggpHfsv4M009L0VmbnxnL1XYWzeXYNbDDbZ1BDjKAnZRvisQtzbcdbQ4F2/L/2GlMflgWHg==","mode":420,"size":657},"src/compiler/phases/2-analyze/visitors/SvelteSelf.js":{"checkedAt":1768031072098,"integrity":"sha512-ivw3FmkrqqJZdCa6oKiz0+m9jzfy1aOnyFn64pElDOnB8gaj/25rcv0h8Twy46q3vaWn9HR5iZEEPJZYKoBp3w==","mode":420,"size":983},"src/compiler/phases/3-transform/client/visitors/SvelteSelf.js":{"checkedAt":1768031072099,"integrity":"sha512-4jzSrIY+xjiS+ek4hsCh+DKdOYXIRxmNp2bQ3PF8gdAydBKRSSzDi4+hD/7XR08DNd8HGqtz05Y+0RUshIHFnQ==","mode":420,"size":447},"src/compiler/phases/3-transform/server/visitors/SvelteSelf.js":{"checkedAt":1768031072101,"integrity":"sha512-CDXHxRxUHv92k7ePlHYqj90UTbwWx1f5f91QVcZBDfiJhnsCegFchzxcMxxdOXbCm2f+c1VCgTL5wx3vS0OB3g==","mode":420,"size":399},"src/compiler/phases/2-analyze/visitors/SvelteWindow.js":{"checkedAt":1768031072101,"integrity":"sha512-1RZqCaFHUSak856QJI6nGdw+O89bzkt5mSSVl2jUGFzpGPeDE28v94rVqjt9g8HUM1FI4qGH1OnwmxiKmjOlSQ==","mode":420,"size":650},"src/compiler/phases/3-transform/client/visitors/SvelteWindow.js":{"checkedAt":1768031072101,"integrity":"sha512-dmOaradsdXPvm1D+9JbOLBl1qWNcb+l6RFQU6NSCp6r37UrQjgdJ73NmJdSVSpjFuERSd0q4ZZH0wpwlb8LU4A==","mode":420,"size":340},"src/compiler/phases/1-parse/state/tag.js":{"checkedAt":1768031072102,"integrity":"sha512-awyo181+FBXquha5QfJSYSfbWbQxh5u3dVKS1lxlirimH6kNnM1WhyKve2aXl4QipAONQC+tMRx+rgLMRrMWJg==","mode":420,"size":17145},"src/compiler/phases/2-analyze/visitors/TaggedTemplateExpression.js":{"checkedAt":1768031072102,"integrity":"sha512-47a+jRILDNNeAOIppOkJuOa9kfj42DrPhuIJ+kd5TMriFQSQBJ5RfvBqEphKP4bDAVIXVXtbokP61FwcB0xIeg==","mode":420,"size":459},"src/internal/client/dom/task.js":{"checkedAt":1768031072103,"integrity":"sha512-W9ZeSZyC4i/XIeU6ct0DhVRTPRcH3IyhX2jIchzIfcryY+k6y/p4cjeL30iVyR5EPTUJt610DZ/PjtH9lbO/Fg==","mode":420,"size":1422},"src/compiler/phases/3-transform/client/transform-template/template.js":{"checkedAt":1768031072105,"integrity":"sha512-saZAq31GuZAK/zMZxgB2CvMJP9uAS6gRJMf0gM/MraUgqLnVi4LTB14/P3hZLRcjkw4V5UJzw3vR87xLAyErag==","mode":420,"size":3854},"src/internal/client/dom/template.js":{"checkedAt":1768031072107,"integrity":"sha512-GVtJcvcmU6UOToKhY7cdSpXXFGjboGKe2dUGUnoGXrft6pWP1QizuptJoE3EMh2M5SntQysfXxRvG7ZaCKtGjQ==","mode":420,"size":10060},"src/compiler/phases/2-analyze/visitors/TemplateElement.js":{"checkedAt":1768031072108,"integrity":"sha512-neAmjX/bIk4BB1bePtmp+MaoRQiKJ3bUa8tFEEVLSf6EuxhkpkZ2q8W7ErniHubrZem+nZ358p6X3A/Tt8l14g==","mode":420,"size":376},"src/compiler/phases/1-parse/state/text.js":{"checkedAt":1768031072109,"integrity":"sha512-GEui9vmh6gcibLTGUYg4H3AJsD9mQEIq0EjAgBsy27hjC04JEzJJocZSkM6OOt3/LWXcJD/BHZFS0fiMdrWJWg==","mode":420,"size":563},"src/compiler/phases/2-analyze/visitors/Text.js":{"checkedAt":1768031072109,"integrity":"sha512-t3UFjkQYqN2zn04WO7z6C+OcmIl2MswziRFx9XsBVAmIMw4BIrAJx/We5YfOWtBPX6FBAClvtjmXKOfU06O6uA==","mode":420,"size":1651},"src/internal/client/dom/elements/bindings/this.js":{"checkedAt":1768031072109,"integrity":"sha512-w7pMXHZenJPvgopZty66OHULVGznqHc9FrEVow1jbMgBf+G8Gc2GUzmGXsrdapLf0ulsAsSpiOmGJ1Hu3Cc7yQ==","mode":420,"size":1960},"src/internal/client/timing.js":{"checkedAt":1768031072110,"integrity":"sha512-pEfCjfoY0mheDJxmQ9t8olOZU4Hjo1NiZWgVRhIrZ5+gDwzzzH0LcfGRHvdBi2xn5ufgbMsWsfjZ/tkeNsYpGw==","mode":420,"size":534},"src/compiler/phases/2-analyze/visitors/TitleElement.js":{"checkedAt":1768031072110,"integrity":"sha512-vn6Kl/YYZUyZf26caWnEatlir9gSDu8QHgvcCttv0JDWRUda+2E3IToItHcV6PGj12Brgtpnn9LGxnRLj9BW0w==","mode":420,"size":500},"src/compiler/phases/3-transform/client/visitors/TitleElement.js":{"checkedAt":1768031072110,"integrity":"sha512-+vVuh6EvRbCxyMCM07SXuzYRF27zOkhyGkMe+t0hy8wgaCNpIDBXXf8Vja9GOuuGM4A1xjj4iazhPSuC945NxQ==","mode":420,"size":1300},"src/compiler/phases/3-transform/server/visitors/TitleElement.js":{"checkedAt":1768031072111,"integrity":"sha512-ZeSncTHLTDaX5Imb3B9hEfGcYU54ASYHbgLuBDegOYeXU9ph7w1QpGob7s5ljvuFYUJYBqccE9AmWKqes6/B1w==","mode":420,"size":720},"src/internal/client/dev/tracing.js":{"checkedAt":1768031072115,"integrity":"sha512-04rMTw4W9WyZQzNxJVriST+V/+spszVGlhtbYysLy4TzAKVZ/BYRdmTkDlTTqCM1hVV4SmUC7D1QbgBOV5kJtA==","mode":420,"size":3979},"src/internal/flags/tracing.js":{"checkedAt":1768031072117,"integrity":"sha512-pR+RsMyxAllMJyXknIXMme60kMsuw3aSdYkTKQtiulcf8QS1Y0cOBNcKJ6YA+XRINoYWyCh5JOgfYHCDcoV5uw==","mode":420,"size":84},"src/compiler/phases/3-transform/shared/transform-async.js":{"checkedAt":1768031072117,"integrity":"sha512-AzJ9NbPYiJO9jzSON4f/KMeHXM6yhEti1E5sPWlbt8sImlPaaNehRHQ8XeeE9BP7Dg5wpfQNKZm89y/y9oLHew==","mode":420,"size":3336},"src/compiler/phases/3-transform/client/transform-client.js":{"checkedAt":1768031072118,"integrity":"sha512-V7wkvb1rttcl15piKShintKOjnqZJVa5yXQgn50Q84KNS5X5YXOLC4RI0/v2MTYrc58ZWGKZvHqhBxiA9OalTw==","mode":420,"size":21258},"src/compiler/phases/3-transform/server/transform-server.js":{"checkedAt":1768031072120,"integrity":"sha512-Ra+BQ4980Ea1bMsjXjUyYDk+ZQ4TiND1kp9hpdq5ee4zvIzlpjNNcqOhxS2b1QovFMlryqzCTzr/xUy801NeJQ==","mode":420,"size":12879},"src/compiler/phases/2-analyze/visitors/TransitionDirective.js":{"checkedAt":1768031072121,"integrity":"sha512-3UEECNxFcFQyM37sfPpMRC65MiX/B+O6KHd4JpAIlu+yJoawh92rMDW1pWanJWs2KKAYLyEAUA8bVejqGvba9A==","mode":420,"size":515},"src/compiler/phases/3-transform/client/visitors/TransitionDirective.js":{"checkedAt":1768031072122,"integrity":"sha512-EFJ7MQIsAMmdqaXFD4HkR3siJCiUdieUanY8aKKr82ClBl2LDNsxqcnRBTmNiQx1szbZABxkltIACTW56Il7hw==","mode":420,"size":1250},"src/internal/client/dom/elements/transitions.js":{"checkedAt":1768031072124,"integrity":"sha512-VCN6O9qZh8tuUIZTiOdTJJpcKX1hOnlfmRLQ4Nv2nRAU/kVPkLScyQWCxqIp0LtHunNRpfCXTaZH3E1uoi9KAQ==","mode":420,"size":13649},"src/motion/tweened.js":{"checkedAt":1768031072128,"integrity":"sha512-YuYgi9NzBRuXsVgJl6zRZjE2jIPzuxaKc6nlPINWMqkHJ78am3c3t3tA/TghgLCf+UER/ngKfRgNIebBUWXE2w==","mode":420,"size":6980},"src/internal/client/dom/elements/bindings/universal.js":{"checkedAt":1768031072129,"integrity":"sha512-7irfs0vuXv70d+DOLmlHmqFzSfylja5KxolZJda4wrr7wMJypvQbpRjoVFZVOHpfQ5XwY8jQKDFXb6lwmthFJA==","mode":420,"size":1660},"src/compiler/phases/2-analyze/visitors/UpdateExpression.js":{"checkedAt":1768031072129,"integrity":"sha512-/7P6E3U+dJtjOTtIn5J3WMWUxLn5JwPDXW+Yj/H5qXIRwzKwUpDwfIyCWDHTtAKyWOFvuxQM8IrLlgdr8aRpGg==","mode":420,"size":798},"src/compiler/phases/3-transform/client/visitors/UpdateExpression.js":{"checkedAt":1768031072130,"integrity":"sha512-gaXpQ3yhl4KpFIJdeJ4eiTQK0EpM4xOXOz1fbLApCqxBhvPYNaQNV0gFxvv/5WZ5TcCd6OTJ4Z2kHsHCLU45MA==","mode":420,"size":1564},"src/compiler/phases/3-transform/server/visitors/UpdateExpression.js":{"checkedAt":1768031072131,"integrity":"sha512-loE/gKo3xRkAqPgTRKTdCNuzNCUDZrhnpSkhRWocXwFkqlEnaanNQS2Nyp8Mw52lI1R2e+J2Yn1zTbtZCI9tWw==","mode":420,"size":677},"src/reactivity/url-search-params.js":{"checkedAt":1768031072132,"integrity":"sha512-/K4ONaMJYohJO4ku/hi3T9f+Lqya0ev1I2d4OS4EWPVEPkOr2D31drokXBmPT/pYR4MwoE32MT2Ki05lQH1h9w==","mode":420,"size":3795},"src/reactivity/url.js":{"checkedAt":1768031072135,"integrity":"sha512-KW+Fm/+RhbRTpBuT49IRH+m0JZ6rJYvC7BlCW7jUFjAAQ9zmeX0ut05r7X0LbmqmAc+B30+w9AVR/Wapm0rtMg==","mode":420,"size":4641},"src/compiler/phases/2-analyze/visitors/UseDirective.js":{"checkedAt":1768031072135,"integrity":"sha512-VDBdfuvQHY+pW/brVPplbHh7e3XWfKfxOpwx/JhXwLeNwyBKEpEqx3YoOyw12WSivu7qgPM7AN+rtUOqrvT+kw==","mode":420,"size":500},"src/compiler/phases/3-transform/client/visitors/UseDirective.js":{"checkedAt":1768031072136,"integrity":"sha512-AuYy0fNE2EVEZFaRJ0izuIMjrB/wsJrrUd4q/9RlQysnBuyiKalTAhWXmIXh6NG9bGddL4ei1tllF5AgJWsspQ==","mode":420,"size":1168},"src/compiler/phases/2-analyze/css/utils.js":{"checkedAt":1768031072138,"integrity":"sha512-sx/tuorPjNVgw8xbeuaNOA96OnriMOF6h6bNRlubAg6EB4w9FqFh/gup3w9a0n0XKhHpZ1qyim/LcY/f4lDB+w==","mode":420,"size":5930},"src/compiler/phases/2-analyze/visitors/shared/utils.js":{"checkedAt":1768031072141,"integrity":"sha512-IzrIL2abirba7w3ZAicPyRlXci4/aJBnGspMuLLtdChPX9rzLBlYTrhU3cwVg8F3w2LiF8CjhhYPioTomQ2WKw==","mode":420,"size":9331},"src/compiler/phases/3-transform/client/utils.js":{"checkedAt":1768031072142,"integrity":"sha512-Rt9hHgsgR4m6Zq2CNhTzAt/nIlU4JMF+1tjRchsjbB0bcxvH39yuZgnIEVeb4XQOcjK0oh9uMux9m3TZEs2yHg==","mode":420,"size":4578},"src/compiler/phases/3-transform/client/visitors/shared/utils.js":{"checkedAt":1768031072142,"integrity":"sha512-xOcxYqs9NsSwOjfsryFBSpcrbGhHixW33wwV5W1P8Ik6KUQrGE1qngjyMHNnE7BFqMA0uFYc2W5IC51up8iQJg==","mode":420,"size":14918},"src/compiler/phases/3-transform/server/visitors/shared/utils.js":{"checkedAt":1768031072143,"integrity":"sha512-rqxKfckn13Bzw9bcahwHt7UgRolg+lpvSO8U5lDsVoCtTOGHKHseMgwIHan4ZwSF/rz00J/4uYqtrRTdYdUgzA==","mode":420,"size":10247},"src/compiler/phases/3-transform/utils.js":{"checkedAt":1768031072145,"integrity":"sha512-VfJZUC9cj2rHZFbzYd9RcrJBGYjrxAUa4YHeiFkPr6gkVYsJ8KbcPAwj0RJ2l/4D9wtdUsLRgZtX0PFh1KDzKw==","mode":420,"size":12893},"src/internal/shared/utils.js":{"checkedAt":1768031072146,"integrity":"sha512-y3ApLup0d5CTUvCZr8xQJaKcdV8EfwVS5K2/eZf2s6q0InPyCLTXnUolU5QwSzpsq5lZF7ZKciERq3FRcNyKYw==","mode":420,"size":2978},"src/motion/utils.js":{"checkedAt":1768031072147,"integrity":"sha512-S0TE5s8l5MZiaKD4m5ubotjSigajYhPr2urt/uv4Dyo67MNQFRYjnr9O+u4WepMlXWn2HVGm47C9ljySgrBUxw==","mode":420,"size":152},"src/store/utils.js":{"checkedAt":1768031072148,"integrity":"sha512-OcjqnK1k7CgUNGVvbdycqE/auS68ceixwxoM/ubwpeh1w6+UbMKNciBZbF+CX69QV6xvLrhOntL5FcHzppxqSw==","mode":420,"size":913},"src/utils.js":{"checkedAt":1768031072150,"integrity":"sha512-6lBr8+4pVpQ1bZ0U+LKYQx8M5cA0NAev7T3CPMg5OxkM44ulFlsqNLDAGN4KfwlcYEgoVPxaoC9D9WJUGqk+fg==","mode":420,"size":8831},"src/compiler/validate-options.js":{"checkedAt":1768031072151,"integrity":"sha512-iPyprKyX79gOdF3wZUPb5PlPGuxZAjKACaHrWhIqadiID41bcMME1cq0s9KtpIVkmOR7DWVtJG9VrvCiUP71xQ==","mode":420,"size":8771},"src/internal/client/validate.js":{"checkedAt":1768031072152,"integrity":"sha512-jTV+rfzip2Zn/aUsnjViibYU7NhLgKr8U+l3iTi+Cg20dXJNSEIOvGeSUzJt6U94KafnDSIFfsWc5bsaPIxVSQ==","mode":420,"size":2367},"src/internal/shared/validate.js":{"checkedAt":1768031072153,"integrity":"sha512-BrajdfAECEucAraW7s7YboclRY1UxMcIAWBaewA9ssDcSnVLaycs5o6804IrpORI3djvLyYvQJUdOJ9mUYwRWg==","mode":420,"size":1024},"src/internal/client/dev/validation.js":{"checkedAt":1768031072153,"integrity":"sha512-GV1r7tBmkrx/f4AlXRiOPcHEAkYybV8FBkZAGd7r4aXUCAMpc17wMcXflB7cYUf8Q/XJkBUReb6F2tx991Vy1Q==","mode":420,"size":360},"src/compiler/phases/3-transform/client/visitors/VariableDeclaration.js":{"checkedAt":1768031072154,"integrity":"sha512-7xcRnnQzHtqEXxxjYVV5N1x6Ha/Q5EI2eAn5bHkWwzBX0gUWusg2xTLpve4XWgejH2n7ZB2mSqmc76zUamz+xw==","mode":420,"size":13600},"src/compiler/phases/3-transform/server/visitors/VariableDeclaration.js":{"checkedAt":1768031072155,"integrity":"sha512-SZgWnmE1L1gzfsOWiP4SEcwKdMbi+HRjoLJgFywXivF947RTktWd+AINK6qUlHF/KBYATero72Tg6CYURkzLcQ==","mode":420,"size":6719},"src/compiler/phases/2-analyze/visitors/VariableDeclarator.js":{"checkedAt":1768031072155,"integrity":"sha512-yEvA+Qbi9VFFKX23r+O1h4ypCpMa00u2WKNdlislL+9vdgSTUBYIwuyZ1jiz+kEnYKz11HcwsSDylyeWUanKSA==","mode":420,"size":5057},"src/version.js":{"checkedAt":1768031072157,"integrity":"sha512-flduXB7CIP/NmevM8suvDgjY+b/V8EXRIrpn5uk4Dy3O+uY8P1+F0lzg9h4oMh3fLZigbu8Tafqg5TiSsctWBg==","mode":420,"size":186},"src/compiler/warnings.js":{"checkedAt":1768031072158,"integrity":"sha512-jcs3bQ3e10oFt+oxdxNM/0jmcKgq4YoWqpQyFo9bLF0x83UhGHTTjGLZZaPhh8Qs1FqDosUnLRKjetBrF5NDRQ==","mode":420,"size":35731},"src/internal/client/warnings.js":{"checkedAt":1768031072160,"integrity":"sha512-sH7NO2EEYNtL2ZoIr1HCDkB/OgAWMUkaNrOoSXKx69b6BAlBfOFNmkSmT/e5zM8Fl+DVYpyfXVesOuAxW0d9cw==","mode":420,"size":11987},"src/internal/server/warnings.js":{"checkedAt":1768031072162,"integrity":"sha512-+H1dh04J59UHLCCE0OYxVxt1BIOkP6ArNFYFwy4jLdlUZqTHVva7zg5qZxAuiI6tfzkN16Vsmc0W2e7Cvsx9Yw==","mode":420,"size":830},"src/internal/shared/warnings.js":{"checkedAt":1768031072164,"integrity":"sha512-dBX4EAdEnxoe573LV30jJBpGQQCVpzxao2s8c9E3ZZVqNlbFBF0v6wkbWJGRF5XUJKjJcFbyDpfAhF+QgxB1KA==","mode":420,"size":1366},"src/internal/client/dom/elements/bindings/window.js":{"checkedAt":1768031072164,"integrity":"sha512-TCFWtPJ+Fn1HmDZU+0PVlXCgaWjnvKmHg5neWIteBU2yhGZ7b3EtNxzZuostSRRoW2kC0G7kX3JYdMhqO3DEhA==","mode":420,"size":1763},"compiler/package.json":{"checkedAt":1768031072165,"integrity":"sha512-bFiTnaWPm3Fik6gyj3o2SbbiQr8jX64ABVoMx5+yeI5Kmd+qQi4M+tvoTg1eM7g29oYn5qQJZUh37cRDuU0ExA==","mode":420,"size":25},"package.json":{"checkedAt":1768031072166,"integrity":"sha512-+DXI14Tyetc8Zaa6EHAOWpGDuJ4+CAa5uDBxql8WEEAMWcIZlkmb/lPufYZIw5wcSTNQMI0A/1+HaD20Oe8ueA==","mode":420,"size":5392},"types/index.d.ts.map":{"checkedAt":1768031072167,"integrity":"sha512-flfLthXKF4tMRD8I91ly8m3N1TXe4ujwxeKnkQG1dXRZSxM3VeDIP6IC0f/oGXHXwhhYQerzbub+NUKB7WAzRA==","mode":420,"size":10514},"README.md":{"checkedAt":1768031072169,"integrity":"sha512-S3gZ1udI+Xl2dpG9Qeg1ZQGeKFdFrm9oF1fj76hRahiPQ/1sE2wkKU6CVHv2Ewrv7VIbvSq/FwrVANaDiPCqgA==","mode":420,"size":1799},"action.d.ts":{"checkedAt":1768031072169,"integrity":"sha512-VkNnEH6/VNhylvdYlmQ4fw3Xc8tG4NOjXYvSCKBdzjEjGKsWBp0rmOrtL/meWrd2cfhJr5Zao1twnqXabXzJIQ==","mode":420,"size":27},"animate.d.ts":{"checkedAt":1768031072170,"integrity":"sha512-VkNnEH6/VNhylvdYlmQ4fw3Xc8tG4NOjXYvSCKBdzjEjGKsWBp0rmOrtL/meWrd2cfhJr5Zao1twnqXabXzJIQ==","mode":420,"size":27},"compiler.d.ts":{"checkedAt":1768031072170,"integrity":"sha512-VkNnEH6/VNhylvdYlmQ4fw3Xc8tG4NOjXYvSCKBdzjEjGKsWBp0rmOrtL/meWrd2cfhJr5Zao1twnqXabXzJIQ==","mode":420,"size":27},"easing.d.ts":{"checkedAt":1768031072171,"integrity":"sha512-VkNnEH6/VNhylvdYlmQ4fw3Xc8tG4NOjXYvSCKBdzjEjGKsWBp0rmOrtL/meWrd2cfhJr5Zao1twnqXabXzJIQ==","mode":420,"size":27},"elements.d.ts":{"checkedAt":1768031072173,"integrity":"sha512-50s/fhJW1irp6glitCu4/voynJT4vB7Gi3880DaaZq7pg0eggAm9eDIH69nCjn080wxZzOHggujNWDTaxlnLiQ==","mode":420,"size":87845},"index.d.ts":{"checkedAt":1768031072175,"integrity":"sha512-VkNnEH6/VNhylvdYlmQ4fw3Xc8tG4NOjXYvSCKBdzjEjGKsWBp0rmOrtL/meWrd2cfhJr5Zao1twnqXabXzJIQ==","mode":420,"size":27},"types/index.d.ts":{"checkedAt":1768031072176,"integrity":"sha512-iMIQf/uwke7fERYYk01gRW/BjS4piK8FXmfr5hdX6epJVxyRF9YLiEiN3+iUwpd3XU29OKtF1Ga8QqyLYunKXw==","mode":420,"size":121597},"types/compiler/interfaces.d.ts":{"checkedAt":1768031072176,"integrity":"sha512-lo+9MUfLhVRz0p6KEdbKpQys2EjdBXT6KIO6pKQreEY5JJ0uSYfCbC2iRiMdmCdBoVLMzELSEBmRE+FUZFpjJA==","mode":420,"size":22},"legacy.d.ts":{"checkedAt":1768031072177,"integrity":"sha512-VkNnEH6/VNhylvdYlmQ4fw3Xc8tG4NOjXYvSCKBdzjEjGKsWBp0rmOrtL/meWrd2cfhJr5Zao1twnqXabXzJIQ==","mode":420,"size":27},"motion.d.ts":{"checkedAt":1768031072177,"integrity":"sha512-VkNnEH6/VNhylvdYlmQ4fw3Xc8tG4NOjXYvSCKBdzjEjGKsWBp0rmOrtL/meWrd2cfhJr5Zao1twnqXabXzJIQ==","mode":420,"size":27},"types/compiler/preprocess.d.ts":{"checkedAt":1768031072177,"integrity":"sha512-lo+9MUfLhVRz0p6KEdbKpQys2EjdBXT6KIO6pKQreEY5JJ0uSYfCbC2iRiMdmCdBoVLMzELSEBmRE+FUZFpjJA==","mode":420,"size":22},"store.d.ts":{"checkedAt":1768031072177,"integrity":"sha512-VkNnEH6/VNhylvdYlmQ4fw3Xc8tG4NOjXYvSCKBdzjEjGKsWBp0rmOrtL/meWrd2cfhJr5Zao1twnqXabXzJIQ==","mode":420,"size":27},"svelte-html.d.ts":{"checkedAt":1768031072179,"integrity":"sha512-Klb0Ls0NVH5PVi395flTsdGL9NhF8bD+imjZv2QotsiD09TQ1Jw1XUKakNwDBADzL/czniSIRss4denbbh1aeQ==","mode":420,"size":10938},"transition.d.ts":{"checkedAt":1768031072179,"integrity":"sha512-VkNnEH6/VNhylvdYlmQ4fw3Xc8tG4NOjXYvSCKBdzjEjGKsWBp0rmOrtL/meWrd2cfhJr5Zao1twnqXabXzJIQ==","mode":420,"size":27},"LICENSE.md":{"checkedAt":1768031072179,"integrity":"sha512-+3P1zSrqKvil6zvtfbOvC5zk0gBstEFDPIc6WoqvSKHR1pzVXzc5Kj72jrRMUNJrxsNAr7alxiOMeLyvunLbvw==","mode":420,"size":1126}}}