{"name":"zimmerframe","version":"1.1.2","requiresBuild":false,"files":{"LICENSE":{"checkedAt":1768031007488,"integrity":"sha512-0xaNWrwvN6LbwmO2ES+Sg/TkugyxJXj9fFlqdA+ptWJK6eofnYF+8KFby/p2Xtdd3sCtDQHWK95Zo8vpfm0gag==","mode":420,"size":1135},"src/walk.js":{"checkedAt":1768031007489,"integrity":"sha512-CxjZ1QR3NIwfTsx4gpgi2KVTsl3YhcPqReOXXIeX/ljlRp3TPrWJ+wxPa7vkVZsZt/80COXIUqj8X+V/R9pmnQ==","mode":420,"size":3582},"package.json":{"checkedAt":1768031007489,"integrity":"sha512-hlUN4mEHqswN/B9QvR94J9alQiRs1Mj70RjeQizPyq6W5klkLiJBbvEirOYLa/WaXhqBJUFEdc+uvCtLq2rAyw==","mode":420,"size":666},"types/index.d.ts.map":{"checkedAt":1768031007490,"integrity":"sha512-0ZJZkZIZNRPXyyJk8H3WAaUz9PogxrOL91iW4dc5kRN00Vm/pqqofkePF4zV9PrssrKiOMovhZ5lDQdFZjn82A==","mode":420,"size":287},"README.md":{"checkedAt":1768031007490,"integrity":"sha512-5eCnL7QCHjIMdfX42KT77rKNQRc86qqfg02VG4Htvrce40HO6zX7Scy72egJgfZpG2yninLghxqUoNt8yCZHfQ==","mode":420,"size":5175},"src/index.d.ts":{"checkedAt":1768031007491,"integrity":"sha512-wTUwwSeDRTyNGZY+0+7UmhYI+D37OoF3p+cCQ+e1B6lcmsdaXj1WEzHKI/IUiiZX4qH47zgL8x2AYH+z1ykyCg==","mode":420,"size":57},"types/index.d.ts":{"checkedAt":1768031007491,"integrity":"sha512-wT0Knr7eDTjh3EH6rWEMlczWjSICDg22xxdXtSpe7oq8ONxskDjrwWwU5oAhuSW2AsCqthnMmLJ0nNgpb5UI3A==","mode":420,"size":795},"src/types.d.ts":{"checkedAt":1768031007492,"integrity":"sha512-lDbucxRzCXfY67+ye2Ws+SWUc3SUHXAZlJ+Z6iVOUxRO3HMzRuP0q+Y9+hWgYavCWGrJRzhgg75mrH1MTfvSpw==","mode":420,"size":569}}}