{"name":"oniguruma-to-es","version":"4.3.3","requiresBuild":false,"files":{"LICENSE":{"checkedAt":1768031009427,"integrity":"sha512-0gb3vifzK7dQRFChF9tu/MTAzxQSWfEZNYv9R24M/ZbpItoa6eA34lhF7ZMdImRoPS3XQtee50kCr/rcesW+mQ==","mode":420,"size":1072},"dist/cjs/index.js":{"checkedAt":1768031009428,"integrity":"sha512-HJO6oepcDUWMq5CF34/D8Nd+wiHFNvtw4G5nd4IVKwLjFmJil7f9rjtsfw+MAyBIVUlio/ZoxJyaZs87YFA7Uw==","mode":420,"size":110106},"dist/esm/index.js":{"checkedAt":1768031009429,"integrity":"sha512-d8cAWHbqXeng4gAPOcxmqoPw+hi4Xj9VqpV2qgfrfb52pUBGo1Grg/zxXklZH8GA26OQFs2bCvlIDRv5wsshfw==","mode":420,"size":60749},"dist/index.min.js":{"checkedAt":1768031009429,"integrity":"sha512-uibEcuVYfZRrBkRoSdUCjHpo8/jPkSk2MZR/aa7S02mjvcVocMr7qd6iM0UfrkYYtZvtKG2wB/h6Tp+3hmhGPQ==","mode":420,"size":57306},"dist/cjs/package.json":{"checkedAt":1768031006724,"integrity":"sha512-ZcZkWKviEBAyzdG1DKbmQ+DDaNCd+mzHAGsz7YFeEGuyD5r/EYGBgH59+fXU2Nl5Zwmx7Jp+BFRCMWNv34/fQg==","mode":420,"size":19},"dist/esm/package.json":{"checkedAt":1768031007895,"integrity":"sha512-Cj8csVIsbnWVGGqaVO0HP/pZCybH0xsId/Gckl+EcDfp+XIGa/7WJgmxkOsrwh/3sxUU4Iw95keA/vWYLLsh8g==","mode":420,"size":17},"package.json":{"checkedAt":1768031009430,"integrity":"sha512-lZRzL+CgCredjWNiOxf2UaWOgP1Kf5A3/kth7bLbyV9icTK67b5v1uINPWl7KQMg+/7Qyws33jy69Ifg6fZ4oA==","mode":420,"size":1908},"dist/cjs/index.js.map":{"checkedAt":1768031009431,"integrity":"sha512-p2cxtBUFlq4lTQ40qW2VSvckxhOsLi4CeTR1T5Aa9G29vVOnSIFWYwnaeop5EJPidYlS3LXXSjOER3MEEdAdaA==","mode":420,"size":287003},"dist/esm/index.js.map":{"checkedAt":1768031009432,"integrity":"sha512-dZfFPK5raI28jvzkl19kPiZrnHloZ3pzOST9inr96xJK6GdXdNdI1QyyfENvdc7f0vNIBoo494jUUDr9T6r+lQ==","mode":420,"size":128378},"dist/index.min.js.map":{"checkedAt":1768031009434,"integrity":"sha512-cIK1vx6ZkcoVqFaGog/8IVKJRR2WbjblN+bLMfg7h1n/Tsqx5vKvCQKEp/rHs4B4aZ2ZRBqtA15yxUKnW/hoHQ==","mode":420,"size":288777},"README.md":{"checkedAt":1768031009435,"integrity":"sha512-3xIWJctuhYM/9Zjtdf3tgXPKs/pmbuaECWYYZuyJQ0RogxMwYroswKqgjzeTRlVKFRh08VhEPLklG0OxsmFnqg==","mode":420,"size":44122},"dist/cjs/generate.d.ts":{"checkedAt":1768031009435,"integrity":"sha512-M5lXAAo3rMduQRQbYmZDg4557VfJnWYNZc9SPNldkcgtg+6sVRI6JisunuTgnziIrbD0E7N6heMIE4d1ZtAIZw==","mode":420,"size":1055},"dist/esm/generate.d.ts":{"checkedAt":1768031009435,"integrity":"sha512-M5lXAAo3rMduQRQbYmZDg4557VfJnWYNZc9SPNldkcgtg+6sVRI6JisunuTgnziIrbD0E7N6heMIE4d1ZtAIZw==","mode":420,"size":1055},"dist/cjs/index.d.ts":{"checkedAt":1768031009435,"integrity":"sha512-Edy1vUhoCTHzZj1C+WtDAKke14rHMTivUyqSiH3dGJjMeLYQtg4lrZdiGMGx1Sw+TVs3nTtpUO0/ufCVY3UoZw==","mode":420,"size":1795},"dist/esm/index.d.ts":{"checkedAt":1768031009435,"integrity":"sha512-Edy1vUhoCTHzZj1C+WtDAKke14rHMTivUyqSiH3dGJjMeLYQtg4lrZdiGMGx1Sw+TVs3nTtpUO0/ufCVY3UoZw==","mode":420,"size":1795},"dist/cjs/options.d.ts":{"checkedAt":1768031009436,"integrity":"sha512-UnVPXfMEYkZNsmJ1O/JIBxeAS2qxMEGReNdR09upJOhd/0nm3c091krYvNxW+AQEu9b2TkXrXJ3oaeAqK4vRsA==","mode":420,"size":783},"dist/esm/options.d.ts":{"checkedAt":1768031009436,"integrity":"sha512-UnVPXfMEYkZNsmJ1O/JIBxeAS2qxMEGReNdR09upJOhd/0nm3c091krYvNxW+AQEu9b2TkXrXJ3oaeAqK4vRsA==","mode":420,"size":783},"dist/cjs/subclass.d.ts":{"checkedAt":1768031009436,"integrity":"sha512-OKvjA4BzAPB65S/5FqL/XZEiBuQvIIBfENQ2VgyAVb0ucyDwuDJIkZb27dWcNPj5WbKNLPRfJ1G46j+9btYogw==","mode":420,"size":1097},"dist/esm/subclass.d.ts":{"checkedAt":1768031009436,"integrity":"sha512-OKvjA4BzAPB65S/5FqL/XZEiBuQvIIBfENQ2VgyAVb0ucyDwuDJIkZb27dWcNPj5WbKNLPRfJ1G46j+9btYogw==","mode":420,"size":1097},"dist/cjs/transform.d.ts":{"checkedAt":1768031009436,"integrity":"sha512-U9dJdJflgHyDzyR9ZnVv5Mc+oJRoLOMo6FSOJBmsEwJu1j6ZGojcmNw0b9tGLWFQdT6fsPWDYECjF9K+jPnkdg==","mode":420,"size":1790},"dist/esm/transform.d.ts":{"checkedAt":1768031009436,"integrity":"sha512-U9dJdJflgHyDzyR9ZnVv5Mc+oJRoLOMo6FSOJBmsEwJu1j6ZGojcmNw0b9tGLWFQdT6fsPWDYECjF9K+jPnkdg==","mode":420,"size":1790},"dist/cjs/unicode.d.ts":{"checkedAt":1768031009436,"integrity":"sha512-th6GLSWcMrUnvuPiWP1B+sBXI4nZfXsObFZgVncPe0J7jcDvsflA6NSZZ5vlRFSLBGRtvdLoqBVnP8PWuB0c6A==","mode":420,"size":301},"dist/esm/unicode.d.ts":{"checkedAt":1768031009436,"integrity":"sha512-th6GLSWcMrUnvuPiWP1B+sBXI4nZfXsObFZgVncPe0J7jcDvsflA6NSZZ5vlRFSLBGRtvdLoqBVnP8PWuB0c6A==","mode":420,"size":301},"dist/cjs/utils.d.ts":{"checkedAt":1768031009437,"integrity":"sha512-CwgzDQrrxgGp+5e5m93iay5YSJ7wAaa7xmd5phjHCJN8BwQ96Xm/6KkPcugES9Ri423rkexujtDgrvn+fbYasg==","mode":420,"size":803},"dist/esm/utils.d.ts":{"checkedAt":1768031009437,"integrity":"sha512-CwgzDQrrxgGp+5e5m93iay5YSJ7wAaa7xmd5phjHCJN8BwQ96Xm/6KkPcugES9Ri423rkexujtDgrvn+fbYasg==","mode":420,"size":803}}}