{"name":"@types/unist","version":"2.0.11","requiresBuild":false,"files":{"LICENSE":{"checkedAt":1768031005443,"integrity":"sha512-HQaIQk9pwOcyKutyDk4o2a87WnotwYuLGYFW43emGm4FvIJFKPyg+OYaw5sTegKAKf+C5SKa1ACjzCLivbaHrQ==","mode":420,"size":1141},"README.md":{"checkedAt":1768031008649,"integrity":"sha512-gRey2ZdT1SFJjzVojK8ZcKIFiztBPHFm3kF4AAN3iL1auNt2WhimSK5XmOQEYzfK3iPN+GoI6vsGtBCT1cZzvw==","mode":420,"size":3298},"index.d.ts":{"checkedAt":1768031008649,"integrity":"sha512-SE9xtTZXxv757j2VlTQsQLoU1biVp2ELLQ44me+fQXWFqrDGPRhTFBcR1uj7hA3SQJC4XEoFKu5sGTxwKEJgbQ==","mode":420,"size":2452},"package.json":{"checkedAt":1768031008650,"integrity":"sha512-mcn14C8Bfl84R+KBTeGLpKx+lB6OFF3VRY2SXbdwGE6zENzVLCCyWrsffe3cJAa3BDiYtvw6M1AWTYEkntCKgQ==","mode":420,"size":1652}}}