{"name":"magic-string","version":"0.30.17","requiresBuild":false,"files":{"LICENSE":{"checkedAt":1768031007472,"integrity":"sha512-6a38SMR/m2/ABiYhLR8b/w8zz4ihASiZ2O2HdEjXViAZICSVPl5v+SHV8JuGDiW0a3P4LQ3Cw+pW5DfYtSpyUA==","mode":420,"size":1051},"dist/magic-string.cjs.js":{"checkedAt":1768031007472,"integrity":"sha512-8AjHIuTBn7pU/iP2zf1zPR91608RbEW/tChm+goxm175DPfikYG1tVSWS/C5QKn5ODiR4A9uF59Yk9Qs6fBtpg==","mode":420,"size":38418},"dist/magic-string.umd.js":{"checkedAt":1768031007473,"integrity":"sha512-ZCA5rv6C4aJiecBAd1xLpt2F9TncOBGop/lvSfsv/95qghqXUs5HlYOnDAVYkQ4BA77ivVIHqzKCCkBlAjCRSg==","mode":420,"size":42928},"package.json":{"checkedAt":1768031007474,"integrity":"sha512-NuZl3+/zkOE4AaQ5UpO3Nu6jyCCYK4GIjDdPSjjKzJXozkhh+wWKrytKJky2R8K4RqlxuaFzQoW3J8UvqPmPMw==","mode":420,"size":1807},"dist/magic-string.cjs.js.map":{"checkedAt":1768031007475,"integrity":"sha512-pC82fjkfATIdz8v04Q7uYP6vTXgwKY8XE6Gr+Rht3TFT3DkacSB7YM+SMlojsDMnCdFPqJN8jXYz69/zK9EECQ==","mode":420,"size":97968},"dist/magic-string.es.mjs.map":{"checkedAt":1768031007476,"integrity":"sha512-CCEcOLcJrdU3kIFQrft1A/Xjdxi9qEnwG4MovCIBP2YHxL4z/YitmnLtKMOvpl/tSssQPeimwVa7hjrfnE/9fw==","mode":420,"size":97480},"dist/magic-string.umd.js.map":{"checkedAt":1768031007477,"integrity":"sha512-ZaBooaUeb6s18PA6jSCpA0bUOP6QebY343uLrWABXcfBSbC4gNKHXlHz4YIU1q0iBaWIH0aZMbMMhSi1dRumfQ==","mode":420,"size":117007},"README.md":{"checkedAt":1768031007477,"integrity":"sha512-X1EiA/+FsSOTO5pCG9QYbYdDGb402a2+cpQRCRPEZV7898JASC236TcFxeBVo+n3a+RsgdxySEzsH/njcxjtzA==","mode":420,"size":12549},"dist/magic-string.es.mjs":{"checkedAt":1768031007478,"integrity":"sha512-NjFQ7V8SaF8KexTvENyqiE9mm4ZvlP6jPFyBn7rXplKM86lY9BxHBe+WcMGMYKpR1lZds8CwME+s1ikV/d8hFw==","mode":420,"size":38222},"dist/magic-string.es.d.mts":{"checkedAt":1768031007479,"integrity":"sha512-kbjtGShwKhSQZr4iFwBBe6wgN5hnn9DsXc+M1IkGrAey2WK5VHh0y1YYm5K/qMP8j3kTT+qXJdk+rBph3l6+xA==","mode":420,"size":10017},"dist/magic-string.cjs.d.ts":{"checkedAt":1768031007479,"integrity":"sha512-kbjtGShwKhSQZr4iFwBBe6wgN5hnn9DsXc+M1IkGrAey2WK5VHh0y1YYm5K/qMP8j3kTT+qXJdk+rBph3l6+xA==","mode":420,"size":10017}}}