{"name":"eslint-scope","version":"8.4.0","requiresBuild":false,"files":{"LICENSE":{"checkedAt":1768031006252,"integrity":"sha512-elUiDo9/K5XiAAulT9Za4Df04eFf2zZZv4Z88zMeWoRzha/n8JzO7FptXhuOPGjSA70L3iXTbCSO7dLvCt/i+Q==","mode":420,"size":1390},"dist/eslint-scope.cjs":{"checkedAt":1768031006253,"integrity":"sha512-xfzcN6EiLDc1T1uA94CUkCMehIFC3j7zoMQQ6zZyHQrOIcu087tHrYHR1nW6li+oDex6HUg0xzLK6yOwLzeLHA==","mode":420,"size":71226},"lib/assert.js":{"checkedAt":1768031006254,"integrity":"sha512-cCjtfgESRmyeGzzlxYKqSj3jbXBcLE8pShRez7ZJ2PetA/oJJFS4EGjg/WQjp+L5qf82FxaP2X8Ndqzg8HtBwA==","mode":420,"size":464},"lib/definition.js":{"checkedAt":1768031006255,"integrity":"sha512-TRQ/YsQ/B1A7gQGFrV0r+LL0vUabJs4CDjB3ThX7JzPI/uXanK4rYNOd63CJgSeo/xvn1fya++EWKnGCc2tGyA==","mode":420,"size":2852},"lib/index.js":{"checkedAt":1768031006255,"integrity":"sha512-Wna+EZQYd6O8qolsGtjHD/OVBmrmh7xnxFAVqMqnJgwj4LabA3OFbtjvWcUVDDS5A9AgEwD0uAcfCc6v0DreWw==","mode":420,"size":6464},"lib/pattern-visitor.js":{"checkedAt":1768031006256,"integrity":"sha512-dvrvpGz4YzhtroP3jg38p/NImmAokB5z4R/6FNUg/NbToJ+/FbBrHPGV3O1NeG40+a4E3czcKExIeB+RIjcnGA==","mode":420,"size":4926},"lib/reference.js":{"checkedAt":1768031006256,"integrity":"sha512-JfBQHlNviEIlHfIoFdpw2iuyGmyu2Qa3GxQrHBD5FOrOv+VJ0nHRzSTBklJT/yKawfHv5EBOhnV2P7VMFJXwUw==","mode":420,"size":4773},"lib/referencer.js":{"checkedAt":1768031006256,"integrity":"sha512-o7yiAzUTe3LUuDmgB14JnWoBKyZsb/fIZzs6gZ2EJPAwDRSsUfTsT9JrCZLn7Hutn/+yq0pVVU0D4nrrruYeuQ==","mode":420,"size":20975},"lib/scope-manager.js":{"checkedAt":1768031006258,"integrity":"sha512-nqB2Rmg6EINv6mBC0riXq3DQxO9ddMKUmTmX3ucW3hPUyYJZkTlP6oS6NDfdMpW2SD6xo2rKfRaPsBUIMjeZzw==","mode":420,"size":7630},"lib/scope.js":{"checkedAt":1768031006259,"integrity":"sha512-oF2b5CZsv3PIHYZQsbaamKiLRk9A+RMC9atD420JLpP0oPd4Ztl/BMe2FdbyEDq+61mymu5sr81F5dprowt3qw==","mode":420,"size":22327},"lib/variable.js":{"checkedAt":1768031006259,"integrity":"sha512-X4fcYE+yXnN9MJgZAhMR3pIr+GbJ+0UPyvpNNZRLotpvECYDBiiFOKMfqDH+u5D+SDQoWE8r5iJ1j/GIbESg2Q==","mode":420,"size":3131},"lib/version.js":{"checkedAt":1768031006263,"integrity":"sha512-bxe+r4VKNVmVv5Mbna3f8tjGmkhzoqFR1NshD0+sUehFfCzoUqPfxOiK7bfhgQdoY6xtciqzlrEcrJb2bJcrNg==","mode":420,"size":50},"package.json":{"checkedAt":1768031006266,"integrity":"sha512-qNgW+dHNMFGSw32w8muyRKjp0O4aaelRjBWsh1ypUdc5cDMLK4Ppq5hqJWr+esIPBmo06xFxEeUi/ghORymdmQ==","mode":420,"size":1785},"README.md":{"checkedAt":1768031006266,"integrity":"sha512-YXW+FZwNGn6Ibyt6F5ezMw9gZBJLujsQt0sCc3k/DbzVYAGcn3kbLPUe9OSf1cF6zWHhUoG4PAT8zXjIPiOlGA==","mode":420,"size":11614}}}