{"name":"@typescript-eslint/utils","version":"8.39.1","requiresBuild":false,"files":{"LICENSE":{"checkedAt":1768031010215,"integrity":"sha512-t0z/UCQ+RY4AylIo7v6ZCtzCdS9pMnC0+yB0VQa2A+1S+oV4noJtM9o2SOJfDVq7GqTVK4GsuGR2QO4Nb/K7kw==","mode":420,"size":1097},"dist/eslint-utils/applyDefault.js":{"checkedAt":1768031010853,"integrity":"sha512-QVf2NCHwcbVJUJDm9AhvI/jAeku3n6M4cOSluS24T5/sm3qKQt8IvDeLAVeT8vPOgswtMuFbjbKjdLzzs4D1CA==","mode":420,"size":1224},"dist/ts-eslint/AST.js":{"checkedAt":1768031010853,"integrity":"sha512-Ycpfg9qO9P6ZwVttA2zyjS8+VLpIcQZtmGhxe6Xn1eYTegy+hTUPDFwPCR38w2osQP/tiq8Zs4Pz4uORS75ffg==","mode":420,"size":152},"dist/ast-utils/eslint-utils/astUtilities.js":{"checkedAt":1768031010854,"integrity":"sha512-JkjaC5N9trsorz7sHQ7bq4VLv5jyMZm4mGDrXn4+QcwjzR7ZkSwMhT+uNsCU8S29OQkJrP0jyo+LuoZdhlnv5Q==","mode":420,"size":4906},"dist/ts-eslint/Config.js":{"checkedAt":1768031010855,"integrity":"sha512-CuvvTUtovZ2F407o98exUGVqIUDT9l/BRMD93QkERNqq/89+ZWgHmWGsAYaKBzTSbcVngZz7UdF/3VTINt86qQ==","mode":420,"size":184},"dist/eslint-utils/deepMerge.js":{"checkedAt":1768031010855,"integrity":"sha512-ovUoi+n9/6MHVj9J4pOzQLQICliBEqWO0nJ5HDlyQgGbwseg7iOC6HGf+3kFC7wRgC32t1ODo3bRYCUMJGcryw==","mode":420,"size":1561},"dist/ts-eslint/ESLint.js":{"checkedAt":1768031010856,"integrity":"sha512-ZN6aV/RRHCwo5k4b+MiFnld0uFRvlt6/NmT1VkPJZ6cmIHUyyUnqI8PNBuW8P10Fyomfo65ccb/Vd1KCXVru8g==","mode":420,"size":767},"dist/ts-eslint/eslint/ESLintShared.js":{"checkedAt":1768031007730,"integrity":"sha512-f2XGQDoj2T+xSOglmwEtZVKrO/8Xj0p9ap2c7A9gQp/BiZ45tLyozAivx12afHv9sT/DcspjyF6yKwNV601gAA==","mode":420,"size":77},"dist/ts-eslint/eslint/FlatESLint.js":{"checkedAt":1768031010858,"integrity":"sha512-FapPfss+ZJJdKi8FmluSvToO49FfPhI2QFYdIFWtJjMxxOXruHbhoiBcHuofNEqVWxj5yTL7cgdaWQeXjgGZNA==","mode":420,"size":583},"dist/eslint-utils/getParserServices.js":{"checkedAt":1768031010867,"integrity":"sha512-53KEEbJ79aYiIo49E7Cojvnzq4KXwApRMFoZDMXnCsexvVHMovt0OkCoNm99W+i7m3CYWqJsmkM9fsrv55eWGg==","mode":420,"size":2344},"dist/ast-utils/helpers.js":{"checkedAt":1768031010868,"integrity":"sha512-xfwN6r9Xe3JnC/y7ZwfbK55+mkJpJZyUDdS7kOWvD2yrYHS2XVC7R4vpd23N8EFKjYDtZ0R0/T+Wl4sWbvWfyg==","mode":420,"size":1291},"dist/ast-utils/eslint-utils/index.js":{"checkedAt":1768031010870,"integrity":"sha512-dCDlY5Af/r3733OpwPZFu774DDs7hYYE14z0M9D75fP4A/1ZoDY4O/mOeaflv4TdutY+Aqaz+HkIz9gHU8JxeQ==","mode":420,"size":1012},"dist/ast-utils/index.js":{"checkedAt":1768031010870,"integrity":"sha512-2i5DdShmD+NHziBZZs3GjCOUyeRXMe1vqQo5rETDKUkFUim49YHu46Qk6B0WOIaIYJxBNdwX1nYSMvsdQYFJZQ==","mode":420,"size":942},"dist/eslint-utils/index.js":{"checkedAt":1768031010871,"integrity":"sha512-RJaiBlvC/HcnMBGjTb8OIJUj892qMIJn3c3Kb+OLkwxMwh5DrztykIUQjuct42lyi74fq23kgrniMUyJDf+UsA==","mode":420,"size":1062},"dist/index.js":{"checkedAt":1768031010874,"integrity":"sha512-ExHKkdb3AuDqm7Sd2FzUCg4G886yG6NalbWlgmbDHsEtyMDl1TGPVskjjGGe7xEtEDAW5FyQev1Rii7mOcWCXg==","mode":420,"size":2086},"dist/ts-eslint/index.js":{"checkedAt":1768031010874,"integrity":"sha512-tFyT9SoDP9/aQI/e7NBvbStaQB27cv93QRP4hU/XZCE624heheqICiJAAuoeJYogeEF/+AkFpv+ewquEC9cp9Q==","mode":420,"size":1253},"dist/ts-utils/index.js":{"checkedAt":1768031010874,"integrity":"sha512-i5BqWMI6OCZH7SttlUJsgyjwp2UjxZBt75drG/HDn5HaGSba1bJ5RncnHiQNay+f5qGiqPcyA8H79qLbnPEp7w==","mode":420,"size":847},"dist/eslint-utils/InferTypesFromRule.js":{"checkedAt":1768031007730,"integrity":"sha512-f2XGQDoj2T+xSOglmwEtZVKrO/8Xj0p9ap2c7A9gQp/BiZ45tLyozAivx12afHv9sT/DcspjyF6yKwNV601gAA==","mode":420,"size":77},"dist/ts-utils/isArray.js":{"checkedAt":1768031010875,"integrity":"sha512-WHgzvPAJsu1NB+pslxH81eHD5UbClVLMpBvsDzbKXIfqyE4afDGx0cQoyzqkx79uxNeoPq+M1JnfHA3RI4Da6w==","mode":420,"size":217},"dist/json-schema.js":{"checkedAt":1768031010875,"integrity":"sha512-oiqDc7jBBn2hslbNTU7TzSRelUV33PLogchiwhvpyLRki1Oag3T0P5Ysedwg1LmvYnFIwZ8X8B5ZdjKSS3w9XA==","mode":420,"size":356},"dist/ts-eslint/eslint/LegacyESLint.js":{"checkedAt":1768031010875,"integrity":"sha512-M6TehEEjqcxDGHLffFcTw5RDqv68a1ktEB56mhOXeUzzpK+i1G+8ifV3gAeh8N/7otloM6+SOOFx+OBYl/+MDw==","mode":420,"size":593},"dist/ts-eslint/Linter.js":{"checkedAt":1768031010875,"integrity":"sha512-5AZZxwkL/Dz9gjKVEip5vzXesYBSqMhjcaRsikm3ArdWgiD+3fX59gBSnUlj66JjfiWF7CcMF1RDQx5uatCv8A==","mode":420,"size":530},"dist/ast-utils/misc.js":{"checkedAt":1768031010876,"integrity":"sha512-p6Ci2VwMKQPUn/V7m+rH8EKspNqw7p+yQLg4XM0enyoPmmI5kpX9XQVhjEBURAKoKxlBcch73BG63Qyphm7UpA==","mode":420,"size":385},"dist/ts-utils/NoInfer.js":{"checkedAt":1768031007730,"integrity":"sha512-f2XGQDoj2T+xSOglmwEtZVKrO/8Xj0p9ap2c7A9gQp/BiZ45tLyozAivx12afHv9sT/DcspjyF6yKwNV601gAA==","mode":420,"size":77},"dist/eslint-utils/nullThrows.js":{"checkedAt":1768031010876,"integrity":"sha512-nUW51RByrfyqQeRIdB/TObeGilvBw8It8wUTdE/tK5ZDyzfeyzajVb+opyIRrodwVvLk87OyOmpkCRK2KXfXbg==","mode":420,"size":668},"dist/ts-eslint/Parser.js":{"checkedAt":1768031010877,"integrity":"sha512-t4TSPUUC0FC/4ygePjUl/opVFKhVCyhFt8lIQI/ADRgDqRdlRN2fMC2p+YNonSeThgeY3jSrDxLdACVZPOWQDg==","mode":420,"size":130},"dist/ts-eslint/ParserOptions.js":{"checkedAt":1768031007730,"integrity":"sha512-f2XGQDoj2T+xSOglmwEtZVKrO/8Xj0p9ap2c7A9gQp/BiZ45tLyozAivx12afHv9sT/DcspjyF6yKwNV601gAA==","mode":420,"size":77},"dist/eslint-utils/parserSeemsToBeTSESLint.js":{"checkedAt":1768031010877,"integrity":"sha512-ZtALAOWtkHyqbbx6mgdzoaNBdrRvJXhTodsB9glRyJ6wj5Aab3z+CMB77hZi8kkiU+bvHgYRtx7YxcyZH2qIMg==","mode":420,"size":261},"dist/ast-utils/eslint-utils/PatternMatcher.js":{"checkedAt":1768031010877,"integrity":"sha512-CDSBtLRWakyaIyA5xgQDd0fYhDH6mQYsngIkQUN8Zt92E2Xf6X2/QUNAgUR6EKT20tBHWmQcz4NG8sE4wA7Wmg==","mode":420,"size":1844},"dist/ast-utils/eslint-utils/predicates.js":{"checkedAt":1768031010878,"integrity":"sha512-AijSKPd2wzpq3W7W5fPmzmOZW2AAxnt4+R20QkqXzRkMHE9f+nN7SpleTzcD6lsrpns3e9LPMGKnXBoaynolPw==","mode":420,"size":3516},"dist/ast-utils/predicates.js":{"checkedAt":1768031010879,"integrity":"sha512-Mt7uKXcVDfdjgoc4DqHRs8f4CIjMc4FbY+PZUYz31jU8jhE9BSk4KLgcMxTuptL//TzxzGtxYEQuZ06iRuxL9w==","mode":420,"size":5642},"dist/ts-eslint/Processor.js":{"checkedAt":1768031010877,"integrity":"sha512-t4TSPUUC0FC/4ygePjUl/opVFKhVCyhFt8lIQI/ADRgDqRdlRN2fMC2p+YNonSeThgeY3jSrDxLdACVZPOWQDg==","mode":420,"size":130},"dist/ast-utils/eslint-utils/ReferenceTracker.js":{"checkedAt":1768031010879,"integrity":"sha512-4YNRoOv01MlY0om9tk8GgSxahfEgy3sSuN+eRafv2lSQgjKSqkBZJYEyCs6S9C5yEhq9pfMv/yIjTxTHDB+ykw==","mode":420,"size":2161},"dist/ts-eslint/Rule.js":{"checkedAt":1768031007730,"integrity":"sha512-f2XGQDoj2T+xSOglmwEtZVKrO/8Xj0p9ap2c7A9gQp/BiZ45tLyozAivx12afHv9sT/DcspjyF6yKwNV601gAA==","mode":420,"size":77},"dist/eslint-utils/RuleCreator.js":{"checkedAt":1768031010880,"integrity":"sha512-rdsfIKA0jGWIPK7r5ng1Q7UBASJvgI2kVNEw0SKX5+I8BEuJ4kErGd9+1StBKHlhsXdtNdq/F5mYr9f+gIkHEg==","mode":420,"size":1575},"dist/ts-eslint/RuleTester.js":{"checkedAt":1768031010880,"integrity":"sha512-UddmFN9YushgP9PyI7HvyoXBQB8mWyjd8jxODA9hu/DN7DBpsBl8E1juWugOFO06LFyQglQLzahu7lawLIsW3w==","mode":420,"size":347},"dist/ts-eslint/Scope.js":{"checkedAt":1768031010880,"integrity":"sha512-1LNpTDNunEAuBUny57XrvQrYWEmtNv32QYa+tTFU08kw6zQD2PQlyUMoc3HSaWPIZEbN0EEhFlAq04OFDzegrQ==","mode":420,"size":1769},"dist/ast-utils/eslint-utils/scopeAnalysis.js":{"checkedAt":1768031010881,"integrity":"sha512-3cPC2x0uzdYrZrXBcl04NDIjUdzewy96XnYVmHE8rcxlP+ND+A73bntCdsvRZ4PsmLMsI9lGLoEFNdF4+ClSUA==","mode":420,"size":2139},"dist/ts-eslint/SourceCode.js":{"checkedAt":1768031010881,"integrity":"sha512-93BEY0BWyDYdlZyR4rGs8dBu2Sv0rq/loNAESpA99Q6Ta9wAJtAIEFiDeOKnRr/XP+K/NpCTlJfH8fDSIiENoA==","mode":420,"size":299},"dist/ts-estree.js":{"checkedAt":1768031010881,"integrity":"sha512-yO9cbaSxdOqJGLtyCRpZ7DwZicrQoylh6gWLCHgezfW8bjf+/meGsXZA0gBVSHEV8djgRephPmS0A3uYZLMEVw==","mode":420,"size":711},"package.json":{"checkedAt":1768031010882,"integrity":"sha512-59tya9E8gCL4J8Wx76+OjZIJOGJKDGFOzFoOn2Ks4KyBcjPN8LDSV+Ng64fkXXqrxFomCvb0G6NjNQUKYmk7KQ==","mode":420,"size":2585},"dist/eslint-utils/applyDefault.d.ts.map":{"checkedAt":1768031010882,"integrity":"sha512-Q6R4Txm9XIgf+aum2gQrb5D+A8sDbtMIME3BQv5NWu8f6uFSKZgD2WyzvO3UgiHxcBDHUv5Kcpiskb2WVajvvQ==","mode":420,"size":316},"dist/ts-eslint/AST.d.ts.map":{"checkedAt":1768031010882,"integrity":"sha512-qiI2DkxzYfy0l5symOaDvGDx/NDhkoTXz/qiJWs+UqawvKXOPNymI4JkwjlJY8bdBZQK7jEB1nRPMFOhUdsQeQ==","mode":420,"size":378},"dist/ast-utils/eslint-utils/astUtilities.d.ts.map":{"checkedAt":1768031010882,"integrity":"sha512-Xm6ePUQZSP1YWjglzNktLAAehi1D5NfAPhDuIH9zEyRvu9i4DzSHtsoOJaj8JkCgBPtkZLep2bn1/Eaf3NQL0A==","mode":420,"size":1583},"dist/ts-eslint/Config.d.ts.map":{"checkedAt":1768031010883,"integrity":"sha512-inZzlHTLJ5CjLJLYYTuYOTMC9ph9ZZiRI/d8OrcTnBj2H+C8Bu0/D9mZ23gmVMU9nzxhIpX79Mi41946fIa8pw==","mode":420,"size":4921},"dist/eslint-utils/deepMerge.d.ts.map":{"checkedAt":1768031010883,"integrity":"sha512-j7D3FcQrXX50JAMXo3ygFBlFCIpLtMqXfDXP5VGXDSZR7pzfoYgg3pR4Hh5Aqu55AZkpMYa8B2BI0cXB++Bswg==","mode":420,"size":402},"dist/ts-eslint/ESLint.d.ts.map":{"checkedAt":1768031010883,"integrity":"sha512-ljXOCsnztDBmge3vlTT6nizQBlQlPHe9PNm/DtIFXm5laHEr74MFnoYvx210hBNwZKs/Fu6lk6l6MIIXJcfZyQ==","mode":420,"size":267},"dist/ts-eslint/eslint/ESLintShared.d.ts.map":{"checkedAt":1768031010884,"integrity":"sha512-grvtwaE5apaAUtQL96LWzv9MJQHbvs5BMjq47pmX1NAq1LklnqRI6S0s3xmVLN7CTEksMOn8eHapuu8LkiFHPw==","mode":420,"size":4234},"dist/ts-eslint/eslint/FlatESLint.d.ts.map":{"checkedAt":1768031010884,"integrity":"sha512-Fmvn1aUEnEbmUkZfE/0kn5MO9/EKcRJTlAuFz747dMLHT61VC0Flp0he06acSXs0K7hhQ1JAeRE/+5xo6IhUXA==","mode":420,"size":1578},"dist/eslint-utils/getParserServices.d.ts.map":{"checkedAt":1768031010884,"integrity":"sha512-HvMinScKXP4EasRXpIsqX3GnIpuIbTXM/wOpZWci+H5O20UmbYBIhadFTtZRvtO7Zx6E0ADEA+WOrk41hjbCjg==","mode":420,"size":999},"dist/ast-utils/helpers.d.ts.map":{"checkedAt":1768031010884,"integrity":"sha512-AHJWRLyWX9GJ5kjY3NxCwVcPomeXiXdYNv0EMoqgNXZax9dbSiC/wRxcR9vc8PuJovpnsY29/KZA9XfVv58wqQ==","mode":420,"size":1555},"dist/ast-utils/eslint-utils/index.d.ts.map":{"checkedAt":1768031010885,"integrity":"sha512-IZ8Li5+K6KFy3QB4BB12BRzOCMFlQQ2yZBTPbrDQo5veRC7ZC4Sb2172NVR7NRkoZn8sAkcFy+0krsQdx+lxqA==","mode":420,"size":244},"dist/ast-utils/index.d.ts.map":{"checkedAt":1768031010891,"integrity":"sha512-TNhZGqrwqm/0Vc1Zha8iZn/A5Ruy8TkjtPD1XhXJUNZPK4MhC9l8tvlaWBWJ85JE/0vr1/ZA3QelA/lF0QiCpA==","mode":420,"size":201},"dist/eslint-utils/index.d.ts.map":{"checkedAt":1768031010892,"integrity":"sha512-R44DRouCl6Re7aZb+QQ69uj8bZnNoPd3Ju674xbvJUQh+vJ827KwekbnOxs6NHo7x/0B7sEkLvAB+EINbUWbLQ==","mode":420,"size":250},"dist/index.d.ts.map":{"checkedAt":1768031010893,"integrity":"sha512-bSIrHaNznbY5ewJE6w3B4x8w/N0jgaJVaTuZ1iiyv4GKJ0UOrd4EZQviI1Eo3sk7MBgAwYFLb/d8xHlZLvmW7g==","mode":420,"size":305},"dist/ts-eslint/index.d.ts.map":{"checkedAt":1768031010893,"integrity":"sha512-m36HSK16HZDAzoOi/VWXpYDBECHnyfgFpIL6P2iXtPYuTBIgkX5rFuMSqTilZJfV1TMHUGFCLMB6yndMUM4OzQ==","mode":420,"size":348},"dist/ts-utils/index.d.ts.map":{"checkedAt":1768031010894,"integrity":"sha512-s4Rvzsn1wkb/qYTW8zCY2WkAqRI1hoYki3rUkXp/jx3P8i1u5ZlU/tmJ2/CUUlz/3X675FDl/Y01EXF5d5qgog==","mode":420,"size":156},"dist/eslint-utils/InferTypesFromRule.d.ts.map":{"checkedAt":1768031010894,"integrity":"sha512-q558EvgF+neD7tzmi9eU06OG0hpju+8KtJ8XpZw4gF6X45zT26qQ4SR5FboFF0R8opxmeoOv+AWtNCRKNXSrgA==","mode":420,"size":590},"dist/ts-utils/isArray.d.ts.map":{"checkedAt":1768031010894,"integrity":"sha512-QTzVuPQJVu4YNRxd9oOJVG2d1cxWbiUqIhpPfjS+vHYMkl+GHDK58J6ybsE0pvdXRcAnIF37jvftKKCPGo/JiQ==","mode":420,"size":192},"dist/json-schema.d.ts.map":{"checkedAt":1768031010894,"integrity":"sha512-AUEAJPBbSH5Q9mTkB7u80KweazgcytCGfGzO+UUz8yfhFAe/l2TziXU9HX3DMX2mS3CWrHuyIFi5K8mq3NrEJA==","mode":420,"size":4705},"dist/ts-eslint/eslint/LegacyESLint.d.ts.map":{"checkedAt":1768031010895,"integrity":"sha512-vUOsu3aRzE1OGOPqkePVzoz59NJ/zxI0098F2WxCsdcISPH5zWCMH0KGtRKyJtb3zomVni8FMK/eJFfm35F+lg==","mode":420,"size":1314},"dist/ts-eslint/Linter.d.ts.map":{"checkedAt":1768031010895,"integrity":"sha512-WOjavr3x3vBaFLMxEKLqk4gFxGkoYoedkGoDFnyvh9wSaMtf/KysInsAKOKYS8DUo+eji4L/hJ2rJ0eGAAN0GQ==","mode":420,"size":4634},"dist/ast-utils/misc.d.ts.map":{"checkedAt":1768031010895,"integrity":"sha512-7NzxwF33ukHyHkSBvHCmsLB/8uTcE5kzlXHLkcbhD6uLU5HVKqo1HDyeTWnncLhrtOdxS99piJKLTzYlMTKBbw==","mode":420,"size":342},"dist/ts-utils/NoInfer.d.ts.map":{"checkedAt":1768031010896,"integrity":"sha512-JWyUdNF8irZyPXCU6gaKnQv/GO0KrX4r//MxUWtdY41OfaNvXpVbZ3w/NQV0sv/mKrkGLZQXqy5MxpPH+8ASUA==","mode":420,"size":235},"dist/eslint-utils/nullThrows.d.ts.map":{"checkedAt":1768031010896,"integrity":"sha512-hrp0VUPB2FSo3/Hx/gHQR4IZ3y5onxrkTVrEDyAmJYDlMjNCbx/ww6Ls9LAW/iZoXqwkhu5Pi4ZK0EsF/lGXsA==","mode":420,"size":305},"dist/ts-eslint/Parser.d.ts.map":{"checkedAt":1768031010896,"integrity":"sha512-A2zWUJ8CeJ+SoaSspeWObnv5pjE79GHflEEFEEB/7xRSG7pqw6CzgJ6xh4hJDGTeAc8FNdqaYYgVKybIJP+ayg==","mode":420,"size":1462},"dist/ts-eslint/ParserOptions.d.ts.map":{"checkedAt":1768031010897,"integrity":"sha512-t7iEPQ5f/SjgSd6PPq7Uy+wres+GEkrzBZtH+g0h557N2FuE+njuMSXPQsHgljitbEcmOZnrmTvIKjLeYmR5iA==","mode":420,"size":204},"dist/eslint-utils/parserSeemsToBeTSESLint.d.ts.map":{"checkedAt":1768031010897,"integrity":"sha512-IFrqy6FVfFJe/8YLyBDOPB8QoT3Gj028hhjXjtVartyGYVa3DG17Lh3JCqlGocas01uV6sHOa9a1SxzY8VKouQ==","mode":420,"size":220},"dist/ast-utils/eslint-utils/PatternMatcher.d.ts.map":{"checkedAt":1768031010897,"integrity":"sha512-O5LhITZbO+nfEbxLws7iv4loZ+v50+HGYbxwV4yBk9gQzGuExUehpYkie0APSS9iBJyWUOaQcmlLa+4l7PPOcg==","mode":420,"size":610},"dist/ast-utils/eslint-utils/predicates.d.ts.map":{"checkedAt":1768031010897,"integrity":"sha512-RRg+kiHP9yCZ38SxSgOzk3nlLd2LZdpQYBMJeYWMSvj3woutQVnXvD4/c1LzyUGjjkA548SVsdrjWIkHNIa5Sg==","mode":420,"size":1935},"dist/ast-utils/predicates.d.ts.map":{"checkedAt":1768031010899,"integrity":"sha512-z0cwI5JN9XMRYQiWcjeDZVOAhhH3w8Z7LkXNo9V7s/RZ5ur+xhxoJ4DF8IGVUo/wxkOyw+mQfezzze/Mgx81ug==","mode":420,"size":1145},"dist/ts-eslint/Processor.d.ts.map":{"checkedAt":1768031010900,"integrity":"sha512-wIMGSjXGwr5KWDFGApS/l4BhqSChWzWtYCMMXOE/QLULxvWJ39MhxIpH2YxZG1tx+P1k4/qtGldjmo0bBpv1Tw==","mode":420,"size":1130},"dist/ast-utils/eslint-utils/ReferenceTracker.d.ts.map":{"checkedAt":1768031010901,"integrity":"sha512-4gjWMEVyKE3hSYxiBsEWh30yKheTV5ion33zQuidKlRYEkoRODsV2MtfhTL3h7ITnUp/DBz06JcuU62K+teX6g==","mode":420,"size":2110},"dist/ts-eslint/Rule.d.ts.map":{"checkedAt":1768031010902,"integrity":"sha512-7HxejiC4cw50Cfiwi78y0Ck5IvW9vPMcWUe2Kqgjdspr10cnCPxWeUZLn/VKjiJ2M1enfqDDwtNDtTSjEY8pYw==","mode":420,"size":17606},"dist/eslint-utils/RuleCreator.d.ts.map":{"checkedAt":1768031010902,"integrity":"sha512-quzzmCRxAyyq/COVghQgJ6DGnPJatzyltIPoW0DLmvYrWfCzzPtDFbKzGPdQOAFBWE3afhn2ihjNJfyTlGtNKQ==","mode":420,"size":1688},"dist/ts-eslint/RuleTester.d.ts.map":{"checkedAt":1768031010903,"integrity":"sha512-wu790c6UbBBRxGx/NW58eYPiHi8eRQKwJL9rIayNNUio8i6RGttYjlXnfgqfR2g/qYYq/D9bDizrpd7kpWvr1g==","mode":420,"size":3422},"dist/ts-eslint/Scope.d.ts.map":{"checkedAt":1768031010904,"integrity":"sha512-FMmLlotqfiqfExIqQFh1j6CIXPm9ht3GybST63B8PfwTos3AQ+yzmPPcJjRk+s49MBFTa+pr/5EKSfsHujVdGA==","mode":420,"size":1699},"dist/ast-utils/eslint-utils/scopeAnalysis.d.ts.map":{"checkedAt":1768031010904,"integrity":"sha512-iqF/WmNRI6ptIALpdDhiHSFM50Svliq/L5bPwVaE1rOCTXvRnXY9s9KhxtRJcwIpwmWVuppiFd6PBHw6GVyrrQ==","mode":420,"size":558},"dist/ts-eslint/SourceCode.d.ts.map":{"checkedAt":1768031010905,"integrity":"sha512-V24A9BNNBJ6ntizAJfudmKtQ6w8almUnbQ94LtXzbsECo5f3xBSyern+Wqkq2jyo8DxBUN/KqOCuVFXslXm7RQ==","mode":420,"size":6919},"dist/ts-estree.d.ts.map":{"checkedAt":1768031010905,"integrity":"sha512-pTnLGHNmKYhVjKws++UfTroFlnKT17RyfomcbWly80szW2WLn75rp3hHmEPngQX8nAavUBUA4yzeB8cJLiRCbQ==","mode":420,"size":242},"README.md":{"checkedAt":1768031010906,"integrity":"sha512-6ZDjpJC7w6fTVloeqMy7mB654w4nlWDikBOb9jrlq+FDQ64w0u4VHInm2nMnTShgQZobA22839xxiOhrIkWd0A==","mode":420,"size":700},"dist/eslint-utils/applyDefault.d.ts":{"checkedAt":1768031010907,"integrity":"sha512-jwX4scY2//eO2HnMUAFBC073t371GWQVBwYUr5/YOk0R8IsXU8r0mwS1ar0ngmfrG2i8ILrMefIitgc4VSAUmg==","mode":420,"size":467},"dist/ts-eslint/AST.d.ts":{"checkedAt":1768031010907,"integrity":"sha512-UMAAu/ekKNn00WMWNthdmRXH0a+P7qBQJpcLseGMdvqIQUAWgbYybriZX1DZdaiSzadULN88gGQNt4C6dsd+3A==","mode":420,"size":298},"dist/ast-utils/eslint-utils/astUtilities.d.ts":{"checkedAt":1768031010908,"integrity":"sha512-lwrMPXYZ5I+/kbrwft7oqXKTWycBWTIkSn5R9QF+TTza4cC8d+ofz8eOvPrgnyMgxct4DMUtaTvLDnF9CBxbpw==","mode":420,"size":4691},"dist/ts-eslint/Config.d.ts":{"checkedAt":1768031010908,"integrity":"sha512-H8pY6GXBnz1NOkdBQljvoGW/vYlhUD+K3wEOh0GqVeA6aLeSs7Min5mXowCSi0IEPJ8GuuBl38KRSFAnw2cnXw==","mode":420,"size":11195},"dist/eslint-utils/deepMerge.d.ts":{"checkedAt":1768031010909,"integrity":"sha512-gwr971gAB3lKHfyRn7cNlg3V69Rqxkfv+IKDOleGW+19lPqCbFeJhHiTSmztmLl0SLT1fLtdGv/W7dH59O7s6w==","mode":420,"size":647},"dist/ts-eslint/ESLint.d.ts":{"checkedAt":1768031010914,"integrity":"sha512-SFkORA6Iwrgy9g4WKSOwVlIC6z1Dy+cayEM19ckSACgovLYG2DrkG+ey4v5hAVq4egFk/ArbuJRklAchcyy1Zw==","mode":420,"size":246},"dist/ts-eslint/eslint/ESLintShared.d.ts":{"checkedAt":1768031010915,"integrity":"sha512-8CWWRmq4WqROWhgjGL0UDO21QZf5r8fQZETs72rFHroZUCIGSWySnUy6ITOLp47QqmxB/IX3eQjEcWsQ7uWwlg==","mode":420,"size":14733},"dist/ts-eslint/eslint/FlatESLint.d.ts":{"checkedAt":1768031010915,"integrity":"sha512-cOY/Bkg3sPlqUx8oTSyHaZpmkIDlFSkllXyLrljGXl4b+cOPg3jR3eulzgKH/t/efhjutS0s525HLAKlxHkB7g==","mode":420,"size":3757},"dist/eslint-utils/getParserServices.d.ts":{"checkedAt":1768031010916,"integrity":"sha512-3Iod2OnN7pXcB//sxAM3+vZUt6RWkH9k5nA1v/5fPjl5y63rRAoB7DfFd0l6tXmzlE7fLp+/BAcep1QvH9rHUA==","mode":420,"size":1608},"dist/ast-utils/helpers.d.ts":{"checkedAt":1768031010917,"integrity":"sha512-dh69flNyM+LMY5m5yttqzxVuh93SHazALEAhWlEGcUrjND5mU4Ybh8xaMWKgspDzmzRzEeGeZkrzrRhJ2y5LFw==","mode":420,"size":1585},"dist/ast-utils/eslint-utils/index.d.ts":{"checkedAt":1768031010918,"integrity":"sha512-Xhe1gneImQl0gnkfaq7NTqRZW/GOWWWBZpEdouKtFZ31lGVYGfQ1zrHlNuQlR8sZLBL9lAg+hH0DukphMgGVqA==","mode":420,"size":200},"dist/ast-utils/index.d.ts":{"checkedAt":1768031010919,"integrity":"sha512-IbBFivSbTtMA3xnwcrj2oo24faiCD2d/oRzjGZptlB1Uo7KAc56pujm3T23lsnU0w3V+SGep5iXYO6sIOksD3w==","mode":420,"size":148},"dist/eslint-utils/index.d.ts":{"checkedAt":1768031010920,"integrity":"sha512-JuUVaXCS3C2lN+/rqB3J2T0UiH11BytSIUt4yKdifbIw32zJMgOXaCTYFN9KSaLpJfDc4EJeOueKs0XBp4OAPQ==","mode":420,"size":232},"dist/index.d.ts":{"checkedAt":1768031010925,"integrity":"sha512-KN/J8RfCPOmT30mpJ3lEyCX64RkZ0/o1Fkl31YsKXzmMtOFNNP5ztVuT8S1nTuMeF28yAFzEch4wZNrQtfjnyg==","mode":420,"size":277},"dist/ts-eslint/index.d.ts":{"checkedAt":1768031010925,"integrity":"sha512-OcjrD+XcVtkv2H4LH70sQ49uKbm8BPbT9zhrz3K5YNZI/1jsBe6ommIxXxmeZqnFp/xWkOuSDHgMYt0+Bjl6tw==","mode":420,"size":333},"dist/ts-utils/index.d.ts":{"checkedAt":1768031010926,"integrity":"sha512-BvifuWBhm+IykQtupxNBSLI/FUHusgbKnx3G6prOWwpUvXeXjZwf0QdncGw3McVUlM+d7iiDNzzPtozKF1bnlw==","mode":420,"size":89},"dist/eslint-utils/InferTypesFromRule.d.ts":{"checkedAt":1768031010927,"integrity":"sha512-zE0oFCdHNZkOaiocigkzLNv2v3QI/RZbfoqGHE3dXhTjK/LE3M2VCATqTg8E+yzpXuGjxMwaBN4YeY0HCpLEJw==","mode":420,"size":682},"dist/ts-utils/isArray.d.ts":{"checkedAt":1768031010928,"integrity":"sha512-HO7XUYSvgA1N9myEV4dalhmR4MtHlXOJ8pYD2GMBm2o+oJ1OPxGqpHT5luRf0OgbEHEEABXbPkon3K1A5Ec+iQ==","mode":420,"size":111},"dist/json-schema.d.ts":{"checkedAt":1768031010929,"integrity":"sha512-9M51uNhVmRDpFpzgzS1vv1CWCPJ4SOOe7qjeqfTESI+xRxOO0DVmb6xDZFqHk2EVuwA3hDsCflZoy+Y74RLF1w==","mode":420,"size":16226},"dist/ts-eslint/eslint/LegacyESLint.d.ts":{"checkedAt":1768031010929,"integrity":"sha512-0YOf+fSStYG/4k/hS6icWglThA6I0iDfG+IvaHOTQRbajm3I9gJwbMm0m8uLFK7KCBy/VWrZpI6FkoUoWg30Ng==","mode":420,"size":3571},"dist/ts-eslint/Linter.d.ts":{"checkedAt":1768031010930,"integrity":"sha512-dx4khtb3ZdwaxlefhGQuitMZ0GXFW6F1peUeuqVUBIp9CCqkVmAKNb1LdRvhEywsQ9p/hWP08T4a5QzgLV56uQ==","mode":420,"size":9663},"dist/ast-utils/misc.d.ts":{"checkedAt":1768031010931,"integrity":"sha512-aDerYyiA/YI6KpaD08CEqzXw/fjoOI9Cq+A1OIbTGpm9CoRnFHmMVVtP7VzBhJfnngqTLa2Mro+6yVdqGWsRHQ==","mode":420,"size":328},"dist/ts-utils/NoInfer.d.ts":{"checkedAt":1768031010932,"integrity":"sha512-ybJSvqNeI69SwzTUQmBW2DH3lb3W8Gr6lemVdlvydVInzv08LgTNJYR4JKubWWIJi9WPRTvs4qrw0hUQGGp6xA==","mode":420,"size":418},"dist/eslint-utils/nullThrows.d.ts":{"checkedAt":1768031010932,"integrity":"sha512-yDH0p9kbiALJyjOYbvuoZJaFtxL/+7zLbbAhXU2nYpvOcp7IDWN4n6TBKyYTRjYPTwzLkPg6x8MFx86U3cDInQ==","mode":420,"size":494},"dist/ts-eslint/Parser.d.ts":{"checkedAt":1768031010933,"integrity":"sha512-t6AjJgkqf72jXmW+aOI7dpruKgDxB6UVl5HSMaGq5E/edbSR7bkUKXEeFHz838VZHGn9OyevwuQhOqtMWo9sDg==","mode":420,"size":3234},"dist/ts-eslint/ParserOptions.d.ts":{"checkedAt":1768031010933,"integrity":"sha512-EtrhmzcfbKS8DOQ2wk3+FkNGh7fK0aQ8Wi1m0vYftckEtscHR1HUU/ssdHRv2JLfTxnTFZwZAq0UQx9Wykil8w==","mode":420,"size":144},"dist/eslint-utils/parserSeemsToBeTSESLint.d.ts":{"checkedAt":1768031010934,"integrity":"sha512-8bt6nMDwOaimL6LAMl+celOkPez8yL6DA6lvMJ3lEsPOQhQ32Qq25qPJsLQwWnE5eLPukXehWPwZP1t+TIYwgw==","mode":420,"size":139},"dist/ast-utils/eslint-utils/PatternMatcher.d.ts":{"checkedAt":1768031010934,"integrity":"sha512-KU9tqAtXEya4XiAQ5vmO9C7KW2xMHM2GTSeLEMynlFH8ovFG42lPiayi8ANwnvXTT8IvQgH0/b3a3T85OkS5QQ==","mode":420,"size":2177},"dist/ast-utils/eslint-utils/predicates.d.ts":{"checkedAt":1768031010935,"integrity":"sha512-7P+hbuJ7A/eC9vg3nchHip+PEUhAwjxxe6xOYeaK/f19ZNzAYoV8uEY+zAKOYOXfc+ivtjreBzmt3FaDQfsPMw==","mode":420,"size":2570},"dist/ast-utils/predicates.d.ts":{"checkedAt":1768031010936,"integrity":"sha512-QvzRvkW0MFTlPsfEJUQudyIOE1GONK+lxU+XzjelXAb+zSqr87qPMYfs76H300szF8Bv+chRv6ZtVac52e90eQ==","mode":420,"size":6266},"dist/ts-eslint/Processor.d.ts":{"checkedAt":1768031010937,"integrity":"sha512-qWVwvxxw58Xwi95mMvjkGPrvw/pjzy2Gg4WS+VBdQ8I6csXIA4Csfe4UogcT6sFap84O8oHZzN8l/ZTEI7CfmQ==","mode":420,"size":2083},"dist/ast-utils/eslint-utils/ReferenceTracker.d.ts":{"checkedAt":1768031010940,"integrity":"sha512-UxNMoyb9x/bkXEN3j+JW4T/vovX0i6b3wcfta2kFMCuxvKF3Y1TYEbR+htDMSlQxFCpNwm11ZXJYR8VbJsTkbA==","mode":420,"size":3534},"dist/ts-eslint/Rule.d.ts":{"checkedAt":1768031010943,"integrity":"sha512-b7P5T0SfI8DpgMXogEkIBHYVIFQPvhC9R1mAQOcwdFA0ecQpZNVXr5DBqDQmJ63UjbwSQ8c2J8WKcC5EYpmbag==","mode":420,"size":27590},"dist/eslint-utils/RuleCreator.d.ts":{"checkedAt":1768031010943,"integrity":"sha512-iswVzbjofAY2Isv0C51y893ELn3T73CbJvJ5XViCEEDgvqGc/mXBoQfFZbVkZhzSLCqhQMTi2KCvnWKtYFtbPQ==","mode":420,"size":1995},"dist/ts-eslint/RuleTester.d.ts":{"checkedAt":1768031010944,"integrity":"sha512-AlgeIZnC0pgFj5l6bNW5lKEkPNT4m2kN1e7Lc/3I70uPsw3KTCm/kZzqifbLSsnOvbNk4TBZMwCsCfJkiU1fgQ==","mode":420,"size":6331},"dist/ts-eslint/Scope.d.ts":{"checkedAt":1768031010945,"integrity":"sha512-UkmcR3ilRjFPHJGrWa3anQXmNqVBax00SSsCfMxevIfVGiemVfpGM8hsfIYVygkY/VyuSkO4AceGr/qW3NXNYQ==","mode":420,"size":2303},"dist/ast-utils/eslint-utils/scopeAnalysis.d.ts":{"checkedAt":1768031010949,"integrity":"sha512-9R/PehrvizRNycmfNaj4/LCWC2HcMr80V0VRnYXFf7OnTgY9lD/MEZlKpyXmhVByQiYYNpOVjf8Eg3kynU+pXg==","mode":420,"size":873},"dist/ts-eslint/SourceCode.d.ts":{"checkedAt":1768031010949,"integrity":"sha512-aspyZb2Xgy92da2iRMXfwrMZLPIL8Dw4by4ZR5e4U3FSU0LLKemaovEATRhrkgSwsQS+vUN4JbhqdVBPF5HQlA==","mode":420,"size":16763},"dist/ts-estree.d.ts":{"checkedAt":1768031010949,"integrity":"sha512-0RX+1a+epTcDlRKyt3bqYCB1F5oD3wUXCz0TY/hgzIR+NX1ff4delCdFpS7J51Q3OkjQxsLagnKcqWmllGkWxw==","mode":420,"size":276}}}