{"name":"exsolve","version":"1.0.7","requiresBuild":false,"files":{"LICENSE":{"checkedAt":1768031012214,"integrity":"sha512-1YExkS6AJNP6nQxHDQA1u1IQntO70bPjkZug2Tdw/Y/KVnWQYori1dP/f1Pg1MEsjHTf/s8CvPogkuduGJCqKA==","mode":420,"size":4771},"package.json":{"checkedAt":1768031012214,"integrity":"sha512-lxMYczJt79CdOGUMGzq2FE6gWSE6K/ZvWqj+atQ+xjVtJ2j9EJUTFAeoJMv1ifzaEsrD91GYSMxgTlTl6u9XHw==","mode":420,"size":1279},"README.md":{"checkedAt":1768031012215,"integrity":"sha512-v11+yFSk2/7DVAbL4W4XlthEdq4zyfcJSgK5k4SjMuTSSFgAg5TJyhWb23Zf2NIgIiyEcIX1w/euPya89/03Sw==","mode":420,"size":6126},"dist/index.mjs":{"checkedAt":1768031012215,"integrity":"sha512-BZO8zREhC2mx8VaMjUq/VJxXAH/De8RqEScZfJ8ZgVUjwV3WGHKjc0Jlw8Q+9bhIcFfdtaaTNywhS3SP34SDjQ==","mode":420,"size":44533},"dist/index.d.mts":{"checkedAt":1768031012215,"integrity":"sha512-cjgMjSG03jjb1wW1NksiZz2UM4wzXcSzDEhCp6OSjm9D0YQC+8bPeaPK7ZOTSHIxu7PKcy4sWms4feGvVvVTtg==","mode":420,"size":2906}}}