{"name":"rollup","version":"4.46.2","requiresBuild":false,"files":{"dist/bin/rollup":{"checkedAt":1768031007868,"integrity":"sha512-0C5F4AAJcMnF44yjrwmFmkcsh1jXKZODc+rp245+T6Vw9oLC3FYS5x9vvy03v/hNK1+mcTPWfmmkJb4wIpGUCg==","mode":493,"size":81233},"dist/shared/fsevents-importer.js":{"checkedAt":1768031007869,"integrity":"sha512-1n8jDvbHZOanynBvSB8tB38Wwio0VQ7g3MTeqE8k/xSFTTA+z/OSWHCyVWs+fxlu9oEapWuvH1v3UnLqMBdrBA==","mode":420,"size":884},"dist/es/getLogFilter.js":{"checkedAt":1768031007870,"integrity":"sha512-tgz1Epw4v3NtsGBRCoL/DVJuPHfv7QctjnnnGDcj7yogXexilqwW4jIWiHNRf2uFAEJIYWMkp4vQNg2NgAUiCg==","mode":420,"size":2051},"dist/getLogFilter.js":{"checkedAt":1768031007871,"integrity":"sha512-sXYDW5GPB92KZXLM6y+kJKdxJ3R2lrHjDwbCCKE/hGr0pewCcKEv8GJRz7UIal8Yi9MdUG33q+/wlnw9m2iy/A==","mode":420,"size":2193},"dist/shared/index.js":{"checkedAt":1768031007872,"integrity":"sha512-KtfkJYmZGOpa1zzcV81lEn/prQNcuQnudjb1bYuaxGWbY4gpYwD7KXByvOBs1HecIfgkxJfErE7YS8JrmlXDrA==","mode":420,"size":241078},"dist/loadConfigFile.js":{"checkedAt":1768031007872,"integrity":"sha512-B4ZPF3dMAzbtt0u7UKIHyWFSW6lfPnmq9TsP4Pe6UP9ItWpD4SKLSDG37JvIH9cjvGb0P5Sd/x3ZAx/QBv7k6w==","mode":420,"size":705},"dist/shared/loadConfigFile.js":{"checkedAt":1768031007874,"integrity":"sha512-MecKgSinSEjMrXyjCEijxxNayshOFBuF1wZAsGGGEaaV5GLzUNjr7hyCxiuzkv9SWTR2/CA5vhBG9Qdpydomtw==","mode":420,"size":21962},"dist/native.js":{"checkedAt":1768031007874,"integrity":"sha512-Oz0qu35tYeEpXK4BQe6LZiWiweRITo5yk8Lp+uwbdHF5q+zmxPXSMIKw8UUQkFupLEwwo3E3CKVbIFsNe5CdUg==","mode":420,"size":3623},"dist/es/shared/node-entry.js":{"checkedAt":1768031007882,"integrity":"sha512-x8oxbGhKA0uoB/X1NvdhWpDNtqq6+2XWu7Ok4Gsde9MOPdRTBEsPVB+ppXAyNzEm9l3f+7hOyY6brO0Le1PvDw==","mode":420,"size":921510},"dist/es/parseAst.js":{"checkedAt":1768031007883,"integrity":"sha512-4mwAyV4S5IZvXp1Nrf41435wLIVSGOfOY73PmasmK0HubMDRNKpfLJAqrVbjt+cRQlOahE1wu9MhoRidkpJ7ow==","mode":420,"size":293},"dist/es/shared/parseAst.js":{"checkedAt":1768031007883,"integrity":"sha512-r+t/JP58kxz6jMb231ptagQicbAyMq1n78WP+m2L2qUXz66FXwqCKmgVOGwnePQFf1VL5LH4ENG74nAAiBRDZg==","mode":420,"size":83762},"dist/parseAst.js":{"checkedAt":1768031007884,"integrity":"sha512-4VXayd+vrI439tcg7cSffC9wNRLAOmPKyVApKc+C/ji/OWfWR5M9p2XEMnEMVmII1/KgI9oq9//Z+ToTScbmUA==","mode":420,"size":506},"dist/shared/parseAst.js":{"checkedAt":1768031007884,"integrity":"sha512-BwSw0P+QIl15Ao5FYhrQYyQmqCrKgrzao7nnRlUWKdj5/fILhhHQBy3bVVZXDKZVkjPda43pMcH0yg9A7VPTWw==","mode":420,"size":92697},"dist/es/rollup.js":{"checkedAt":1768031007885,"integrity":"sha512-dziLrRpM6Byu9QTbA7qFMO7Q2cKd10BA2awglywDfYTnq9bB+gpZ830Ayf/V3ROmjrne+QzVPRWWX7dSCaKIsQ==","mode":420,"size":441},"dist/rollup.js":{"checkedAt":1768031007885,"integrity":"sha512-Nia2qlF6Y0mLEUFIyPQXHp9jDgIodtQZ87jqWJF2thVsZ655ux9ajjrR6uGbPFK8eLi9lhHwmJR48y74mZdrEA==","mode":420,"size":4666},"dist/shared/rollup.js":{"checkedAt":1768031007890,"integrity":"sha512-h1EWXymXTiklJjQE41EWy9MOmWEAEO12srohp4iNRFDleGl6Wo2YL1JdqsjteKv/qeagCv1Ic9X7i7mrP+nB9w==","mode":420,"size":920643},"dist/shared/watch-cli.js":{"checkedAt":1768031007892,"integrity":"sha512-WDFSbZPnrhKMcA71zbz9s6U5atRx9SxocBCRBzXV9TkTrX0E43ORUmlowd2OkJN8EQwcM63n582dVB01YH68lQ==","mode":420,"size":18478},"dist/es/shared/watch.js":{"checkedAt":1768031007894,"integrity":"sha512-t8xnGxk9fASYFbZtpJArQ54jg3dpPFsUrtqmiXxH229PnCWaMc/+xMCzKwIIqWdS+9Gi0YWWM9GXO3y2XTaesg==","mode":420,"size":250934},"dist/shared/watch.js":{"checkedAt":1768031007894,"integrity":"sha512-blSlTVWxzPPMojQ35RTocRyUaKS7Gl6syNDlNVlnWIfOhAALDTgBCSb6nMI5XqmnjfX2UfEAQx39SGLfY2ovhA==","mode":420,"size":10556},"dist/es/package.json":{"checkedAt":1768031007895,"integrity":"sha512-Cj8csVIsbnWVGGqaVO0HP/pZCybH0xsId/Gckl+EcDfp+XIGa/7WJgmxkOsrwh/3sxUU4Iw95keA/vWYLLsh8g==","mode":420,"size":17},"package.json":{"checkedAt":1768031007895,"integrity":"sha512-puKX6wHUB8LbCXr0leSoEZ5/M05JOH9MbUKbAQfroBLBCGVSReVvA573uPWdIzAOE5SiL6R3Gw5Lqz+WMAU18Q==","mode":420,"size":11546},"LICENSE.md":{"checkedAt":1768031007896,"integrity":"sha512-/QMbIrwaRBFadnPNfZdrVGvPjwcq763aVzbtVLyr+amypaCJzaO2VVmzblQSMT4ekzVz8gfi9B4gl5E7g/4NeQ==","mode":420,"size":35223},"README.md":{"checkedAt":1768031007896,"integrity":"sha512-ylsxBqzkdwzNeJDpwn119PHWUw26wFSsQVnhkywpgz3YjgktRcknDuiKq5k6GWj/NwSMX3QXC8SHwo4C+GYpKQ==","mode":420,"size":10005},"dist/getLogFilter.d.ts":{"checkedAt":1768031007896,"integrity":"sha512-ReUXKh4jDux4Ls8CFuLiLLGS4iJ7Z9KuvqP20crSFB8gjwPcP7g3CtxLGDPDDS3s9x+Zhf5BIlk9qPhUDPiLvg==","mode":420,"size":171},"dist/loadConfigFile.d.ts":{"checkedAt":1768031007897,"integrity":"sha512-/eCNEMU7sG/Udll6w1REtuJ1XSq0ZoHe8EFBjD3yNLoks/TcyzdULuHjt48VTNkpH8syUp6Vg1GtBaONMig59Q==","mode":420,"size":471},"dist/parseAst.d.ts":{"checkedAt":1768031007897,"integrity":"sha512-Zx08IOG/H/giaTJ2uaBdeL2cYWPeczuGEoMtRLblsRRRx5sP67cbaHEVXpSasVnkX0ztmVEHLIin25NCODcOng==","mode":420,"size":134},"dist/rollup.d.ts":{"checkedAt":1768031007898,"integrity":"sha512-kp56VirD+rYiMHmfXz7cuQIhKjJTx4VZ3cTCcmbhWt+Mvi1YHNjE4ncPjgXcvuFI03EGY3TgXJ/bPKLvBuN8JA==","mode":420,"size":32745}}}