{"name":"@types/hast","version":"3.0.4","requiresBuild":false,"files":{"LICENSE":{"checkedAt":1768031005443,"integrity":"sha512-HQaIQk9pwOcyKutyDk4o2a87WnotwYuLGYFW43emGm4FvIJFKPyg+OYaw5sTegKAKf+C5SKa1ACjzCLivbaHrQ==","mode":420,"size":1141},"README.md":{"checkedAt":1768031009085,"integrity":"sha512-DnUhQDdSdzmPUssUvCGuBwW/VS3Q1jf2lRuHWX877635MqVtrdK61hWDbI01YDCG+xkWbXLNs125236cBqbHfQ==","mode":420,"size":668},"index.d.ts":{"checkedAt":1768031009086,"integrity":"sha512-8VasVenBXJ6O3mdkUTKg/XKpX+50GDfvIIfqS8PM3tzLlf59Ll1tqoHiU2lk9/8zkGT6Zt19k305Qp8G4+RJIg==","mode":420,"size":6606},"package.json":{"checkedAt":1768031009087,"integrity":"sha512-oMV/9kBWBVArG4Ymuc3oBT0DDGswo0V0WFJXd808SLeeD1cEOQ5ZDrefT3aPTqs+0THIjzYwIrfnsZVRnSMsAA==","mode":420,"size":1288}}}