{"name":"is-module","version":"1.0.0","requiresBuild":false,"files":{"package.json":{"checkedAt":1768031008249,"integrity":"sha512-KAAD/Q4uk4NS+pBGP4mw1CtN9SwjXMBCGYyM1Dl4/1LIjBksKTUsImx6D/9kA3GEPOdiO60jDydX+qrMuL27ww==","mode":420,"size":489},".npmignore":{"checkedAt":1768031008250,"integrity":"sha512-Dj51I0q8aPQ3ioaz9LMqGYujAYRbDNblAQbodDRXAMxmY6hsHqEl3F6SvhfJj5oPhcqdX1ldsgEvfMNXGUXBIw==","mode":420,"size":5},"README.md":{"checkedAt":1768031008250,"integrity":"sha512-SKGRp5rPFCQN6Zgi0jacsRaxGJtI4RvVcK99J6Mygcznrx/d2yW5STB2y1+uk4M3WOmTiXRyqn/rRZVeJ4EQ8A==","mode":420,"size":1575},"index.js":{"checkedAt":1768031008251,"integrity":"sha512-yOafwUnrG3H1qHgdS7TVqlIg0V/TwaN04LBDdunaRGTAPzbM04Dy7vAXatX4yuThpvfyVCGhRqOhqtvS6rGOOA==","mode":420,"size":568},"component.json":{"checkedAt":1768031008251,"integrity":"sha512-fhAlwt+jI9VYA6N5YbZfg8guY/9RBJEJ08PMu3ttN7kL6S7MjmqOc6NX/0j+kEGGrG8MNz7K13ow5xfT7Qpckw==","mode":420,"size":242}}}