{"name":"@types/json-schema","version":"7.0.15","requiresBuild":false,"files":{"LICENSE":{"checkedAt":1768031005443,"integrity":"sha512-HQaIQk9pwOcyKutyDk4o2a87WnotwYuLGYFW43emGm4FvIJFKPyg+OYaw5sTegKAKf+C5SKa1ACjzCLivbaHrQ==","mode":420,"size":1141},"README.md":{"checkedAt":1768031005443,"integrity":"sha512-DbJ5ArvaVT8KPl/6ZdqicuglxaOv3eAaE5aJ7kdqc6bh3s3Ko3lxMR3VDzYJOAMYzocTO84l30n1T7Do7A8YKQ==","mode":420,"size":622},"index.d.ts":{"checkedAt":1768031005444,"integrity":"sha512-dHpd/BbG8+X27SvjorLxafcxLN3t1kh0ieCJHjN8twjy8F4JFwXvH3HnWqVrt54A3JRuFPyIkADNl4CNERKc9g==","mode":420,"size":28732},"package.json":{"checkedAt":1768031005444,"integrity":"sha512-l/dO14k+lgzm8SNG0nIhhPgjqtA/WCc34cfs7SfJGZTy4yZ9tpkMk7q67JaYhw1kdYPUKvlFXZwTQ9M1aluqVQ==","mode":420,"size":1253}}}