{"name":"esrap","version":"2.2.1","requiresBuild":false,"files":{"LICENSE":{"checkedAt":1768031074987,"integrity":"sha512-PDFMRMM0aneT4Y6rEh0pbkgGu3wMBswpD0qVZzroleqHcM/xPf1VjlrorC1pWgFK5SwJCN9CaUs6T+9QPeBYcA==","mode":420,"size":1118},"src/context.js":{"checkedAt":1768031074988,"integrity":"sha512-IxpK9QG8hUbTVHsnzr+EHOZY4vhgQtapq95ktDN3CC9AYqkCEqfhx9qUGoxT/T76kN3OY5XchyVoAzZw0eW4HA==","mode":420,"size":2839},"src/index.js":{"checkedAt":1768031074989,"integrity":"sha512-Mrk9rvolcvr/eRc4CQXsfnAunRUzvd9kd0xZOEYh7DDTjGSVJgG2IIjS9xik2zfzsgHAUMejLTJd88G8riZBkw==","mode":420,"size":3943},"src/languages/ts/index.js":{"checkedAt":1768031074990,"integrity":"sha512-cgcYwV4VsI6pnpxxN/SDG+wbuFbhTR9Ak8eSPRaVHs/Jf16yf952QyQE9T5h05XxrsXE2hsh/iUhGR6O6MODIQ==","mode":420,"size":54159},"src/languages/tsx/index.js":{"checkedAt":1768031074991,"integrity":"sha512-d+RIj/iPZn1Q8Em5T7X1gqDGieIwuWbGgCZyd5TbA6uziHTFZdMugNgUXSz2Nt9Lw8AppVABR+opV0ecpvNlUw==","mode":420,"size":2454},"package.json":{"checkedAt":1768031074991,"integrity":"sha512-BUsZc5e9SSzUAgzqI1KPv3dZEJUjGNhXBmAjp3GbcTLb/To8aKmIutfcfr6CFyI6xoYjvYxnd5sN+pqYPvO2UQ==","mode":420,"size":1471},"types/index.d.ts.map":{"checkedAt":1768031074992,"integrity":"sha512-7/6+oUrVxZ+H9MCB1Tp3e1aTc0AeTU6LUOpMA+LnW3HqmU/xA2V3/8eUJf0NohOB0SaTWRCwtkm2CLU/f/Gy5Q==","mode":420,"size":1126},"README.md":{"checkedAt":1768031074992,"integrity":"sha512-nwinpemLVdEOcSMpRahYh12RmwIm7XJ24YvQVXcs05NF3GnfmER36nsVfbLCvhCE3uq6zYLmqsqo+05E8ytSNg==","mode":420,"size":5106},"types/index.d.ts":{"checkedAt":1768031074993,"integrity":"sha512-hYLvzzW2uaYLR61y9sdNNUJeuFPfR4Q/MVUbx7filjxQ/KK2FR4pb19ei/XAOMJAYYo1m0D5cRn9D5YGQlZLJA==","mode":420,"size":4554},"src/languages/ts/public.d.ts":{"checkedAt":1768031074994,"integrity":"sha512-je4h9WMHLrkcv/Re8E9lVz21ijU3SUbDm99Ax4/+Xcf7moCOuR9fldUb25/HxaRzanMfy5PtxttPK3BPEVQdeQ==","mode":420,"size":74},"src/languages/tsx/public.d.ts":{"checkedAt":1768031074994,"integrity":"sha512-je4h9WMHLrkcv/Re8E9lVz21ijU3SUbDm99Ax4/+Xcf7moCOuR9fldUb25/HxaRzanMfy5PtxttPK3BPEVQdeQ==","mode":420,"size":74},"src/public.d.ts":{"checkedAt":1768031074994,"integrity":"sha512-xc5qR916M0bbGuxlgGmradAvnJbVTaMZ5C4brAfITaRN1Ny9dKAL7c9jWZrF5NWz6th2TytXUhb4rC9H+u3DOw==","mode":420,"size":75},"src/languages/types.d.ts":{"checkedAt":1768031074994,"integrity":"sha512-Sz1J+KBucKYJoKqEob/qCf3cYifnDA57F0eAIh04oLS6Imj4Kk9uJb1cV5cug0pSLoIPUndAZlnLVCQTT+MVvw==","mode":420,"size":677},"src/types.d.ts":{"checkedAt":1768031074995,"integrity":"sha512-zo3Zbi3o/+1/CvtlwyiAMUzU4YiSgRBMe7ChnUwLgIMbCHuQAUhUmEk0C3KG6+PWH8TXOBSZXYYtzwrUF/F6WA==","mode":420,"size":1536}}}