{"name":"@eslint/object-schema","version":"2.1.7","requiresBuild":false,"files":{"LICENSE":{"checkedAt":1768031075498,"integrity":"sha512-3Gto0TuM+VlkS5NfEZKwLHGqelz2U71DtEgPqJ7sjU0/FqInjsjDtAqx/bIzsxc6eP2DWQ1vc54Mno/1bCglVw==","mode":420,"size":11357},"dist/cjs/index.cjs":{"checkedAt":1768031075499,"integrity":"sha512-Plwr8Ll/OI/TJJ3QwfxCvVzgXZaPwgs9Gwp+okqfJrREP99ZvnaNSzrcjS0ngcVhGvNf3vg4+j3ser5uT0jYxQ==","mode":420,"size":12024},"dist/cjs/index.d.cts":{"checkedAt":1768031075499,"integrity":"sha512-S0LNBrDoc/ZJ7lzuqjFfeT9IyA5oTFQ+Ovg6Lj0gLBuDgQx3Oe9k3yJ/u9IkCDfCHuHkdqxAmWmQQm6/mL3yzw==","mode":420,"size":4287},"dist/cjs/types.cts":{"checkedAt":1768031075499,"integrity":"sha512-MsQGeZ4ygoypfIhkqyb+NJuitXL8mCaEcKiQ0paYt5Y/w3LnAODKiUxbUOkimnzEwSf6p1tPlppZ04P433rgIQ==","mode":420,"size":1283},"dist/esm/index.js":{"checkedAt":1768031075500,"integrity":"sha512-67IGkzFHNk+HvlBlExeEj+o7iVFYj7XSFZwhZ/Mkgu++f7uwW42oLE9KVYgivdaeQ2RSaC9dEk+a9NjCt6QQdA==","mode":420,"size":11977},"package.json":{"checkedAt":1768031075500,"integrity":"sha512-lHGoMAwTaSrLtPGdbiqP6lKdAQy9eAadXIgbLhwPHHKGh/NbeC35I4aLm634KND1NbZOIlh5hBEtqHV8HsdnVw==","mode":420,"size":1617},"README.md":{"checkedAt":1768031075502,"integrity":"sha512-q6gd2j7BCNcSp79VmdsAKcprdqJCriSu1MCdFmoNmnNHIhMdjvIgeZ+iXrnr+VczFoDg+bJhGgZ+naLoWHamrg==","mode":420,"size":8345},"dist/esm/index.d.ts":{"checkedAt":1768031075502,"integrity":"sha512-oG0EahLiA8SDkbVPcFqBzHQiVHrC1WgX3PsTvbCA0WU15pxnTDVpMG22twH/RKDxK2tT4Cpk39S9CppizGrFZg==","mode":420,"size":4286},"dist/esm/types.d.ts":{"checkedAt":1768031075502,"integrity":"sha512-zT9egi2J5J0TW2b5FH+WL/WKPtuzRAOz7gkZAhyW+OAIGkDkc0kTmv+TALL0qibHaN1P/QjTWhmyX/Jd//73UA==","mode":420,"size":1062},"dist/esm/types.ts":{"checkedAt":1768031075503,"integrity":"sha512-MsQGeZ4ygoypfIhkqyb+NJuitXL8mCaEcKiQ0paYt5Y/w3LnAODKiUxbUOkimnzEwSf6p1tPlppZ04P433rgIQ==","mode":420,"size":1283}}}