{"name":"character-entities-html4","version":"2.1.0","requiresBuild":false,"files":{"license":{"checkedAt":1768031008995,"integrity":"sha512-00mBaAegOXNJDyksTMrytYh98gH+v/fruetGXfLv5IVYnw8WD5PgOTOdM0A7q244DNs0Ynq8gFk4JA6SWxIdbA==","mode":420,"size":1099},"index.js":{"checkedAt":1768031009361,"integrity":"sha512-1NXcqBrZdyNW49WtDgkKDKSNCdPuCrOz8yDHurb9eUbrTlVz0QsZsEg10tsyt31GNCa3djxA5vvdBxPS6bkiHA==","mode":420,"size":3908},"package.json":{"checkedAt":1768031009362,"integrity":"sha512-lceQ3Czp1uFgZyiR+mVVpzMOQm6PFzB9rbguIsxOU3Vru0j8OmM+8Ufm3DFi4dpO187TzMkj49vOVWMxqE74pg==","mode":420,"size":2057},"readme.md":{"checkedAt":1768031009363,"integrity":"sha512-ymCGY9nSFy4+2RAP1rNTEToa5OsKRtUxOIDjcZCBxqo/iMhlFAyGDwvV5p6Pi+Lnr+pVM+ck1ZzWHgckwnDW1w==","mode":420,"size":4145},"index.d.ts":{"checkedAt":1768031009363,"integrity":"sha512-LnkFXTvfYaxYZli25pW+hm8maSSDRDvwj9S4vugZRtfnxldmYG1Yup/YoBQundqSCbwBo6hR8ke/gHy2damtgQ==","mode":420,"size":155}}}