{"name":"devlop","version":"1.1.0","requiresBuild":false,"files":{"license":{"checkedAt":1768031009163,"integrity":"sha512-DO1V78IzxXXGCOy3e1AHfwpv5w9SIDZ5hX223udAYGhnOymNZxx6uBB0aESIKyiTk0KrGKEqyYPzDbprq9IDoQ==","mode":420,"size":1099},"lib/default.js":{"checkedAt":1768031009163,"integrity":"sha512-HP+bS47xddQI9mqoRM2bdMP9g0hIftpEitdh+VA128r7LpWf5eEUrV88m2/DL9FEn5I3tjc6wnCt2E1XI9fk8w==","mode":420,"size":133},"lib/development.js":{"checkedAt":1768031009164,"integrity":"sha512-wG6PEPR896mqTCkWap5jVrmr3P1uDlTwzmudDWgUPkMEbAgGuqLJ978kaEzPckpzXLwLk0N2CNlTG/U3lgkNCQ==","mode":420,"size":5868},"package.json":{"checkedAt":1768031009164,"integrity":"sha512-4wUfhlUPnJZdamWo+hg7yDPQ8j04Z5M0khs6EXVO7wKvWP/diNwKhlx8S+VyUucAPmmPa7SaPv6l7IcO7kZhhQ==","mode":420,"size":2114},"readme.md":{"checkedAt":1768031009165,"integrity":"sha512-+DZcBiiLIDC+pSdffcD+hNmmtShCRyEUEltSpDVcB2RmVN0g2KBWlizK4PjEUpuTqAJzsAQ540Z0mxIoPOJZgg==","mode":420,"size":10114},"lib/development.d.ts":{"checkedAt":1768031009165,"integrity":"sha512-WMV82BnFEDSsBb8lZ0i+AyfPZ7wHMhupy0Bd55d55oG96wlFIPQM+FaE6IGeatZxl/RJ/vP8dEC5Ni7Q87kxYw==","mode":420,"size":2682}}}