{"name":"estree-walker","version":"2.0.2","requiresBuild":false,"files":{"LICENSE":{"checkedAt":1768031008110,"integrity":"sha512-mdTnqiX0mA8qk+1MfrgiJaV7fgPQ7GTIcOq7CJ9RnW8+TxiHNtaGXQYIUXKcuT3BxaQnhNfxwL3ISzgthmupVw==","mode":420,"size":1126},"src/async.js":{"checkedAt":1768031008110,"integrity":"sha512-yMtHsSd6APUGq3bxvh6COcHCKyxwqP0VKOAJsXIMtW9DJ1zJ/tnFV9FjnIMr5lrvhMs4bz8K9+ZlLZKWVAUneA==","mode":420,"size":2712},"dist/esm/estree-walker.js":{"checkedAt":1768031008111,"integrity":"sha512-REQNGwtqv/DMHY7cMRztzWv7I8U8w1hEZGO3GGUggaS5BHaLMNuTWdEZyHRaZ2rMq1ClDCkFSNFrbZsARW8D5A==","mode":420,"size":7158},"dist/umd/estree-walker.js":{"checkedAt":1768031008111,"integrity":"sha512-sBtB2Th74vz0rzmhCM8g+a/Q1K0pFg9oMEgoSemO+9uUhPiQnVRloYBpZfnzp9XEuNLhOhrQI4sBJqXV6oCu2A==","mode":420,"size":7828},"src/index.js":{"checkedAt":1768031008111,"integrity":"sha512-301T+FvPLA+6PSI6b+p23a1kNSPTd7VME415m4h56Xk0QV28OaRkxarxUmCWD1Q8xSWEd6+xR1adYzU9Mh5FUA==","mode":420,"size":842},"src/sync.js":{"checkedAt":1768031008112,"integrity":"sha512-pvKp7roteQP9/jVKSAF0nGWsIr5YDjMJee5lXO6Zk40I52W6fnWFzzZ+I2NvFQgtpkH2yhsJKVtwpPIf9ZOLZA==","mode":420,"size":2659},"src/walker.js":{"checkedAt":1768031008112,"integrity":"sha512-g4GT0ZHZqIlSMnn+Y98vm0fT9W7Ut+ZRYLEn0dTnVbO1A8TqnFgdVPZIexdxxLiam/ICz/1XA/WPCY6M/AOV9A==","mode":420,"size":1114},"dist/esm/package.json":{"checkedAt":1768031007895,"integrity":"sha512-Cj8csVIsbnWVGGqaVO0HP/pZCybH0xsId/Gckl+EcDfp+XIGa/7WJgmxkOsrwh/3sxUU4Iw95keA/vWYLLsh8g==","mode":420,"size":17},"package.json":{"checkedAt":1768031008112,"integrity":"sha512-LEgtsyAIztrnW4/IJHsm43IOtLCWTmveeHPtQ0LyWXO3+ca9rWc/jVHnCNFL7oYndE7pOKmuhkXW6H61HbnSTQ==","mode":420,"size":848},"src/package.json":{"checkedAt":1768031008112,"integrity":"sha512-aqu2kVW6iAEbHTO6di6B3me/YDII2DbYIa6swF3adefoxrSF6iMcnN3fdQd3OPur5nwSVARMdWhwY8esddlfqQ==","mode":420,"size":18},"CHANGELOG.md":{"checkedAt":1768031008113,"integrity":"sha512-kJvfwY6V344jV0i7RdM4q7VpilIiKoQpNI0ElhdzujRxWkcsa5wYzx2MkYPYSX9HVURSo/Grt/sPdwyeo3efog==","mode":420,"size":1548},"README.md":{"checkedAt":1768031008113,"integrity":"sha512-/3yVqe4+BhbNMr3TnfEIGn8lb1747h2cJiSpkjJBZX/QhO+1yiT8jcHCVtQ+oqEupQy+jO9sjXRvDv8Iv9LzHA==","mode":420,"size":1623},"types/async.d.ts":{"checkedAt":1768031008113,"integrity":"sha512-k2lQLa9tGgXXALpGsNpICkU68HybU00kWwEgdOA2tnLfrn0eyNt3uvboIzCufl2nVJGY3jP9sP6duLZw00+5Aw==","mode":420,"size":1939},"types/index.d.ts":{"checkedAt":1768031008113,"integrity":"sha512-7aNZTHHQ+tu14rQd1AB271ax7JshTH0NGYSS+cQ8hUwWTNmxV5ykreIGEKHTlP7nKpF6AuU1dj9n+CkRod8bDg==","mode":420,"size":2242},"types/sync.d.ts":{"checkedAt":1768031008114,"integrity":"sha512-YTwhGPQrKLPQ8ZKfNwhoc/vX8byyuHl/2KXg9KRN+iyzJYZmAP38B/nlyBwiEv99NXZw7axOqTmxQZ3zHs/MAw==","mode":420,"size":1879},"types/walker.d.ts":{"checkedAt":1768031008114,"integrity":"sha512-QLvBLewQHzuJ9EYsrtIvvt1RdfVa4AVDRioWxVad6XdQmyyZu7s1VFz9b+V+Dmht3vKkkVjIife7fFg0bEDNxA==","mode":420,"size":1024},"types/tsconfig.tsbuildinfo":{"checkedAt":1768031008115,"integrity":"sha512-2yY/kH1pv4+AflNN5KRBSQ1kiczj+ejrpOARy4+vz1JkWQ0or5x0oxHkgj8drLkLU7tCrZZ23ObyrTAE2d7mpQ==","mode":420,"size":15666}}}