{"name":"resolve","version":"1.22.11","requiresBuild":false,"files":{".editorconfig":{"checkedAt":1768031076679,"integrity":"sha512-Twe8ElQMYaJV1r6jGzg2JGoLxwTwJf5uadr/WGK1QLltD1QuSmE+zS/COBffYC+QjS5l993ltYZzDc6CegGMlQ==","mode":420,"size":605},".eslintrc":{"checkedAt":1768031076679,"integrity":"sha512-Co3cSx72zwD89OCbqLHqyMEq8lFN63ayTS5MQg+VkkN71QoZdmlvpf0XgM9EoYkdg9kq9ztPYiUYnVU1gT09eA==","mode":420,"size":1687},"test/resolver/symlinked/_/symlink_target/.gitkeep":{"checkedAt":1768031076680,"integrity":"sha512-z4PhNX7vuL3xVChQ1m2AB9Yg5AULVxXcg/SpIdNs6c5H0NE8XYXysP+DGNKHfuwvY7kxvUdBeoGlODJ6+SfaPg==","mode":420,"size":0},"LICENSE":{"checkedAt":1768031076681,"integrity":"sha512-YrbssiTkpuDiu5DTuaL/ciAr2ZCq20oVT4cnJxodMzQcj94s3Zx5JC7HxLinnJ2s15e3CHMokUpU4oW67e6s3A==","mode":420,"size":1071},"bin/resolve":{"checkedAt":1768031076681,"integrity":"sha512-i1ZBAAEerQL7wAdIxsX1IGbTQnIegq7AxIOGxLJ7+Js/ngDN9zwVYVk2498IjMcYFPjwJ9C83EiyJTtDx/JFXw==","mode":493,"size":1535},"test/resolver/cup.coffee":{"checkedAt":1768031076681,"integrity":"sha512-vmiIOMqGhuXJBom/KrWFzvETfJmbSMcLkvZ6XDTcFWl7XRHJgu1tcb4eHn97TgcziEqpfD96M5qO0DV3z3S+CQ==","mode":420,"size":1},"test/resolver/mug.coffee":{"checkedAt":1768031076682,"integrity":"sha512-z4PhNX7vuL3xVChQ1m2AB9Yg5AULVxXcg/SpIdNs6c5H0NE8XYXysP+DGNKHfuwvY7kxvUdBeoGlODJ6+SfaPg==","mode":420,"size":0},"test/resolver/browser_field/a.js":{"checkedAt":1768031076682,"integrity":"sha512-z4PhNX7vuL3xVChQ1m2AB9Yg5AULVxXcg/SpIdNs6c5H0NE8XYXysP+DGNKHfuwvY7kxvUdBeoGlODJ6+SfaPg==","mode":420,"size":0},"test/precedence/aaa.js":{"checkedAt":1768031076683,"integrity":"sha512-vszCuBMH+hkP/sH8IT96LNX/qui2PsJlw5rPFevTnLIAbmi4MluVa0NlAWLssd7nDwkbN8DRCQoaBhWBgiXrtQ==","mode":420,"size":24},"async.js":{"checkedAt":1768031076683,"integrity":"sha512-kvb85iEK8PNbE94X8V6lXuiM4OHma0UfXzeuYN2YoUFmf1RPNUAGGfZqOmifSy3QFh7ZPUYT2D2fgdRowcAeEA==","mode":420,"size":56},"example/async.js":{"checkedAt":1768031076684,"integrity":"sha512-K7cO62xEXm/OPzuQLGjg8Dkyv3OnSUvfOCLe4ykFQ9Cv58LI4k0HfNX8mBzh+6VSRGHZdiJyXEMxLZBMrU4OzA==","mode":420,"size":155},"lib/async.js":{"checkedAt":1768031076684,"integrity":"sha512-xNxA8iXo/VUXVWIvAS4o2q+B4PAXuN3m4+S0Q6Zj0lPNblTDCgsdxx/ZNqXVlEii4LSrLirGNBhXzvHD87cKWA==","mode":420,"size":11517},"test/resolver/nested_symlinks/mylib/async.js":{"checkedAt":1768031076685,"integrity":"sha512-4KD/nOlG5Wg3BbEmEZy7qyysjqwJsRE3U7VVxGjKuizgle9E67rZMdKAu/Dy3xFDJXWNxilcL7rgxihJK6w7fw==","mode":420,"size":858},"test/resolver/browser_field/b.js":{"checkedAt":1768031076685,"integrity":"sha512-z4PhNX7vuL3xVChQ1m2AB9Yg5AULVxXcg/SpIdNs6c5H0NE8XYXysP+DGNKHfuwvY7kxvUdBeoGlODJ6+SfaPg==","mode":420,"size":0},"test/resolver/symlinked/package/bar.js":{"checkedAt":1768031076686,"integrity":"sha512-kYRQOCFbVNTOOncC4UV1CFwM37bJrtpobdwKkZgY9HY5XJGYIg2Xx2B9lCqYPRYZNQ6Ks79LOLDBufyD4tXs/w==","mode":420,"size":24},"test/precedence/bbb.js":{"checkedAt":1768031076686,"integrity":"sha512-nEHQcv+gtSowCSz8dy16wmrCXp2/POuyr/YWWHr06qstaGSep1DxIoZyTPfusJSmLyrA88iRDP/brjPRZVD1WQ==","mode":420,"size":24},"lib/caller.js":{"checkedAt":1768031076687,"integrity":"sha512-OVawdngNDgqo3iNgU0KXOaxM5gs3hfvVcD2ws/fA6VzniV0XcSslWAc8AWdllOoAhXBalixdFiqpYasXTDDJow==","mode":420,"size":354},"lib/core.js":{"checkedAt":1768031076688,"integrity":"sha512-RWlRQxzh0cWjmIxnKEi/biyTFmiK/MCX0wanrGRk00X3t7JGWllTVaJXtbR0RY6EJVLgBaLTBeOyuel6m6hPRA==","mode":420,"size":309},"test/core.js":{"checkedAt":1768031076689,"integrity":"sha512-16ehe35ceGGUkKTI7mX2+ZZ8WfVH/tmpZzrcU2g95kbLKgjO+I6JgpVFnKqf4K83lsJ2cH96gOym25FNVlMbNw==","mode":420,"size":3058},"test/resolver/baz/doom.js":{"checkedAt":1768031076689,"integrity":"sha512-z4PhNX7vuL3xVChQ1m2AB9Yg5AULVxXcg/SpIdNs6c5H0NE8XYXysP+DGNKHfuwvY7kxvUdBeoGlODJ6+SfaPg==","mode":420,"size":0},"test/dotdot.js":{"checkedAt":1768031076690,"integrity":"sha512-wM4tpEn2qphDYcYAIoLQKhMOfElOBmaAD2YMOJJNSjQxMmFNYN9fN9TAvYDFJq/MiJCpRMc+wn+xZN9t0HNZtA==","mode":420,"size":799},"test/faulty_basedir.js":{"checkedAt":1768031076690,"integrity":"sha512-gLP4WpNo+ZDaK6L0+g/w/yEd9h0FWA2F3N2exMgYCKSLuAF6l9A5Tt7ytqImix5qwb4NgXO46iwFQ+gIga1TBQ==","mode":420,"size":807},"test/filter_sync.js":{"checkedAt":1768031076690,"integrity":"sha512-S/G7oxp0DdxHY3aE3mpzgWffkk7ynIDq6a+UhcDNQoqnHSLY0GEHiNbEGHwgaLQSD+yCxmI1H256k3pamSCjRA==","mode":420,"size":1427},"test/filter.js":{"checkedAt":1768031076690,"integrity":"sha512-fIUxHoSBpft7SUEah4bCfIiYBZQMq0Ie4s0QjIitNLjJ3wo3aZbziQwTfXyNT+3oyxo+iRQ/oViX4D6jkh/H/Q==","mode":420,"size":1045},"test/resolver/foo.js":{"checkedAt":1768031076691,"integrity":"sha512-ReGWJs44q/r+VA3RsQjvFxqSe5e/p1/TlD9fJnDi225Yr3oz/TyvCnX7Do+sCWGShie5q8dDI03pfDILfdCZGA==","mode":420,"size":20},"test/resolver/same_names/foo.js":{"checkedAt":1768031076691,"integrity":"sha512-PtMc48Xp/Bw4w05h9+xckawBf2BhF4PlsSDoyQsT6MAAmaRswtTvJ+Hs/SnwjUUnSic8KJo3+FRwPU8c7+A08w==","mode":420,"size":21},"test/resolver/symlinked/_/node_modules/foo.js":{"checkedAt":1768031076692,"integrity":"sha512-z4PhNX7vuL3xVChQ1m2AB9Yg5AULVxXcg/SpIdNs6c5H0NE8XYXysP+DGNKHfuwvY7kxvUdBeoGlODJ6+SfaPg==","mode":420,"size":0},"test/home_paths_sync.js":{"checkedAt":1768031076693,"integrity":"sha512-heGoN04xUd2Fz4ApFrNN1d62dmE9tBVWsn6sBG9kJyH9xlH2HfROkbVaQjERJNnF/Y+olIPrh86Nm9QvSY79Yw==","mode":420,"size":3797},"test/home_paths.js":{"checkedAt":1768031076694,"integrity":"sha512-6toCzOq4IxckjHd2xhYFVy72+oOyNZLQ+zaTc8IOPt9sxn+OWTwy5t2k+oE+DYRZCHWVCj0fxzau1QPyG4tB8w==","mode":420,"size":4472},"lib/homedir.js":{"checkedAt":1768031076695,"integrity":"sha512-TlV69bA6ZAXdOsaa3tqHAdsSAH11AiUovMItgxVh4a9YRchEskQu2CwQD0xtXNHNdWEzv1A8UJrAdmWbZ3ouFQ==","mode":420,"size":805},"index.js":{"checkedAt":1768031076695,"integrity":"sha512-aYK83/p6YyZP5JCDqFpCaaXSqvp8CVijB6juvQZqc1Gkyg0fQNE/vd8/bGRSm7C4IIgzCD8dO5pbxwpsnoyDAw==","mode":420,"size":174},"test/dotdot/abc/index.js":{"checkedAt":1768031076696,"integrity":"sha512-0tpzyQvXWtg+AAIdO4z2o4Kd7RUxmIS8P0wDF/DV4QIUF/JYAAHRSvFfQ2sjx7kB3Eb9aSCHoQuWLqA/wqT/6w==","mode":420,"size":39},"test/dotdot/index.js":{"checkedAt":1768031076696,"integrity":"sha512-mszH7EtYW0ZJl1a05w2vkj9Az2uCTVk+HQlzQUDB9OV4smmMolw6F3WlnEt2axYK5IyUq3l+b/enwEtq6wZx6Q==","mode":420,"size":29},"test/module_dir/xmodules/aaa/index.js":{"checkedAt":1768031076697,"integrity":"sha512-19L+HyJl6CTWoJca//bgtBNNaCxKOWv42XjDQwt1Hmj4/HIH7yokXRswts7Dg4I56S2iEc2XcFmNfYZVtfPNfQ==","mode":420,"size":51},"test/module_dir/ymodules/aaa/index.js":{"checkedAt":1768031076697,"integrity":"sha512-GXtjKJrEdf2kWfiqb8XyqIv9nPlbL4CA4V+3kwh+XVT2vf1NXNtbvFG2Lfx2GWUZQ5xXPNiWeUwhVrf/jLJ3Ng==","mode":420,"size":51},"test/node_path/x/aaa/index.js":{"checkedAt":1768031076697,"integrity":"sha512-gFRAsSwg132sSaNYtlXi8v0WwyKA9RvqSmPH7jRlH/Nrb7muKxuwy7WmFjNNzjKZS7KQSdDdP8ccVN9A95IJ9g==","mode":420,"size":22},"test/node_path/x/ccc/index.js":{"checkedAt":1768031076698,"integrity":"sha512-071oz32PocTM+qRwvifSUcOS7XCTIVYANWYfiClQuljGR8EQHEUdr5f+0CYjZCy7TVkCPAEA5zNwbmPOay/WZg==","mode":420,"size":22},"test/node_path/y/bbb/index.js":{"checkedAt":1768031076698,"integrity":"sha512-6L4IzRwZbc/TgFN6Ey1CnNDBHzjX4ENVkKNfKOXwhRC/hHAxMywVuzmayRzGkqLhZ6L3Q1Cd9MOQGMulDiJEjQ==","mode":420,"size":22},"test/node_path/y/ccc/index.js":{"checkedAt":1768031076699,"integrity":"sha512-9rcq4q9IrQmSHus9tXI82TCrzzX5Bx6fqENnb7FYiPwr7/B9N68QgQeo2w4sGlq1K1pD/gf2tvn22P9f5K9cjg==","mode":420,"size":23},"test/precedence/aaa/index.js":{"checkedAt":1768031076699,"integrity":"sha512-cEumW/x6/PoyME5bZkE03csBwFDICdN/H0rv5b98+O2j31Hsrb8onZl1gUJh/XKj8LX/GaNrnOHSx52o+GFpvQ==","mode":420,"size":25},"test/resolver/dot_main/index.js":{"checkedAt":1768031076700,"integrity":"sha512-ReGWJs44q/r+VA3RsQjvFxqSe5e/p1/TlD9fJnDi225Yr3oz/TyvCnX7Do+sCWGShie5q8dDI03pfDILfdCZGA==","mode":420,"size":20},"test/resolver/dot_slash_main/index.js":{"checkedAt":1768031076700,"integrity":"sha512-ReGWJs44q/r+VA3RsQjvFxqSe5e/p1/TlD9fJnDi225Yr3oz/TyvCnX7Do+sCWGShie5q8dDI03pfDILfdCZGA==","mode":420,"size":20},"test/resolver/false_main/index.js":{"checkedAt":1768031076700,"integrity":"sha512-z4PhNX7vuL3xVChQ1m2AB9Yg5AULVxXcg/SpIdNs6c5H0NE8XYXysP+DGNKHfuwvY7kxvUdBeoGlODJ6+SfaPg==","mode":420,"size":0},"test/resolver/incorrect_main/index.js":{"checkedAt":1768031076701,"integrity":"sha512-r0Xb3JwAxnOrn+QefgoAcWvWSISSbhA7+BpuB/riMcS3OfRRnGtxXwdnp86h+nbiEXqRGnV9otnbZPC2KoKa8Q==","mode":420,"size":116},"test/resolver/multirepo/packages/package-a/index.js":{"checkedAt":1768031076702,"integrity":"sha512-TEVjTBGK7X1p6s2kloL4pFzGfFgCn8zDHl9NB018c+n6+oEifQGuqldQj5rx6f7P05yGFAr39FNSGKU3B46LSA==","mode":420,"size":1319},"test/resolver/multirepo/packages/package-b/index.js":{"checkedAt":1768031076702,"integrity":"sha512-z4PhNX7vuL3xVChQ1m2AB9Yg5AULVxXcg/SpIdNs6c5H0NE8XYXysP+DGNKHfuwvY7kxvUdBeoGlODJ6+SfaPg==","mode":420,"size":0},"test/resolver/quux/foo/index.js":{"checkedAt":1768031076703,"integrity":"sha512-ReGWJs44q/r+VA3RsQjvFxqSe5e/p1/TlD9fJnDi225Yr3oz/TyvCnX7Do+sCWGShie5q8dDI03pfDILfdCZGA==","mode":420,"size":20},"test/resolver/same_names/foo/index.js":{"checkedAt":1768031076703,"integrity":"sha512-ReGWJs44q/r+VA3RsQjvFxqSe5e/p1/TlD9fJnDi225Yr3oz/TyvCnX7Do+sCWGShie5q8dDI03pfDILfdCZGA==","mode":420,"size":20},"test/shadowed_core/node_modules/util/index.js":{"checkedAt":1768031076703,"integrity":"sha512-z4PhNX7vuL3xVChQ1m2AB9Yg5AULVxXcg/SpIdNs6c5H0NE8XYXysP+DGNKHfuwvY7kxvUdBeoGlODJ6+SfaPg==","mode":420,"size":0},"lib/is-core.js":{"checkedAt":1768031076704,"integrity":"sha512-nNP2cP1m0mGIRD0uI92iER2ngApGiiBzs1b5Lq4jMsWipBy/byBPbkafwkqcaw6+ktCvWCttIlk5XMnwt/m+1g==","mode":420,"size":116},"test/module_dir/zmodules/bbb/main.js":{"checkedAt":1768031076704,"integrity":"sha512-htLjR47iBkloNgVDJAVGbi9yriBIq+1ra8SGvp/wLgXcpT/+mZ5WdECGmX6Qj0kkED2IdX8/n5gBUkvBurrtCA==","mode":420,"size":51},"test/pathfilter/deep_ref/main.js":{"checkedAt":1768031076704,"integrity":"sha512-z4PhNX7vuL3xVChQ1m2AB9Yg5AULVxXcg/SpIdNs6c5H0NE8XYXysP+DGNKHfuwvY7kxvUdBeoGlODJ6+SfaPg==","mode":420,"size":0},"test/precedence/aaa/main.js":{"checkedAt":1768031076705,"integrity":"sha512-CmxP3wRPWEt3jk5CQeY3Iojc1AE32jZIIAsWyadplJe1M2pB/qdH2eMyDcK51eymJRbJceyTSYkojtB5ArHVmQ==","mode":420,"size":28},"test/precedence/bbb/main.js":{"checkedAt":1768031076705,"integrity":"sha512-sqHuqgDPJ2El27/xuio3ievtOqeJbf4poa5jAlhvXQLXfOAyV4dUBqC34S7TqnEv2hW8k4JoZ5VsL0H2eL5N3w==","mode":420,"size":44},"test/resolver/without_basedir/main.js":{"checkedAt":1768031076705,"integrity":"sha512-3cPcNBdH0vijZHERpPmOVpzgLem2oWyW3TQbDWHVFBUZOGnpwc+eoirQIVIG7CU9WFnXDUnrukfDC3txq9xllw==","mode":420,"size":111},"test/mock_sync.js":{"checkedAt":1768031076707,"integrity":"sha512-b0a00A7XIXdpXNMJhHRhAbQ99P6wXIw1oV77sT1fRvP11P38fBVmZMJyIdY80tn2vAWkstnJGqJDcPARDHIlxg==","mode":420,"size":6047},"test/mock.js":{"checkedAt":1768031076709,"integrity":"sha512-HyQgbCZvmO/PNj8QTdmi+SX3EhWFUIvcuHkbzagw8Cf16gHlM0K1De5C6fjOStRK2WO4U4c6g7iBv+w+jUK+5g==","mode":420,"size":10012},"test/module_dir.js":{"checkedAt":1768031076710,"integrity":"sha512-hUA6pNM0AE/MTVK+JGVdobnx32hy1AVlruEYWfcXeDOQgsKLPzcC40DlCbBFAqVN6qpH+1wznY/Np2qPKtRQ3g==","mode":420,"size":1558},"test/resolver/mug.js":{"checkedAt":1768031076710,"integrity":"sha512-z4PhNX7vuL3xVChQ1m2AB9Yg5AULVxXcg/SpIdNs6c5H0NE8XYXysP+DGNKHfuwvY7kxvUdBeoGlODJ6+SfaPg==","mode":420,"size":0},"test/node_path.js":{"checkedAt":1768031076711,"integrity":"sha512-nlkOdCSAMU71FC9LaSnIQS49lxRsr2zGQWh9KtBs5RkRGNC1jV6nGPQJEpCESSbAVJ4aFLx7md8m4/s+Oq5NMg==","mode":420,"size":2128},"lib/node-modules-paths.js":{"checkedAt":1768031076712,"integrity":"sha512-2AAGv/r3ckD7SoeS0nZWpJxSPFtqZmW9lniWZZL7I+p2r3OYLuCmb8bcJ3uMqhKFKBVYigFr2aQOj+HF9HjQ5Q==","mode":420,"size":1365},"test/node-modules-paths.js":{"checkedAt":1768031076715,"integrity":"sha512-hkZMXFCu5iG3an78HnMhS/UCBINnQXV8GeCAgXLTRf+YaIl/Tx99WDWcvzeTWndqn7Nli7ojAA+6nFgcOUyF4g==","mode":420,"size":5101},"test/nonstring.js":{"checkedAt":1768031076715,"integrity":"sha512-i3DaJ98W+Qc7et2bhUFpTVJzNZynfI2z4i4tohsj1nrEmw/5gOAwGF9KXlNsamPuZqzf9SKuhu37PM2bx6/QyA==","mode":420,"size":182},"lib/normalize-options.js":{"checkedAt":1768031076716,"integrity":"sha512-bgXpYJerQWdXsTYHniqGxAuXdDRTbeLwcbwszd6o+EQVo4kmEkVflx2WIyJwgmb5KRNZ+fwplHQVN1mwEE3I1g==","mode":420,"size":348},"test/resolver/other_path/lib/other-lib.js":{"checkedAt":1768031076716,"integrity":"sha512-z4PhNX7vuL3xVChQ1m2AB9Yg5AULVxXcg/SpIdNs6c5H0NE8XYXysP+DGNKHfuwvY7kxvUdBeoGlODJ6+SfaPg==","mode":420,"size":0},"test/pathfilter.js":{"checkedAt":1768031076717,"integrity":"sha512-EkgzPmdG43PJCTG8/lz+rA1/7ipcWc1XxA8Hl4l8tGxsq3wet3F/K5xjTXQDL1CmbzuN4M89SWMsuKCEhGopWA==","mode":420,"size":2248},"test/precedence.js":{"checkedAt":1768031076717,"integrity":"sha512-JpaWjDRGClgmFgVpLgrF9SN16Cggsfk9oD7Rh8bQuzdNZYVIsZGAJtFSQolw/8dAHuFpNROu57VanYW7F1qibQ==","mode":420,"size":646},"test/resolver/baz/quux.js":{"checkedAt":1768031076717,"integrity":"sha512-ReGWJs44q/r+VA3RsQjvFxqSe5e/p1/TlD9fJnDi225Yr3oz/TyvCnX7Do+sCWGShie5q8dDI03pfDILfdCZGA==","mode":420,"size":20},"test/resolver_sync.js":{"checkedAt":1768031076718,"integrity":"sha512-6MruXT19E/2JEqUqW50b2Gwg0wTbjSBXVzA7JZHKuJiQ89WD5dS50/rR9BMvZrK6wiuS2RKZsyulUcs2QX+ulg==","mode":420,"size":20949},"test/resolver.js":{"checkedAt":1768031076719,"integrity":"sha512-XabVGPwpRltvq+9GGMpTiVFOW9lXYTw/jaahLll97w4NJIZw81blXWb2SKGADBxYOoi9vDRZwxpijgRIKTok6w==","mode":420,"size":20062},"test/resolver/other_path/root.js":{"checkedAt":1768031076720,"integrity":"sha512-z4PhNX7vuL3xVChQ1m2AB9Yg5AULVxXcg/SpIdNs6c5H0NE8XYXysP+DGNKHfuwvY7kxvUdBeoGlODJ6+SfaPg==","mode":420,"size":0},"test/shadowed_core.js":{"checkedAt":1768031076720,"integrity":"sha512-Ko7bRKuz1ugHP6RZP7jce0B2Y1Y6q7BBYr34qnBxh0o9i3KQlmswDv9GkUaHiTEbqTXXG0LayRDgaA2I37UwBA==","mode":420,"size":1814},"test/subdirs.js":{"checkedAt":1768031076721,"integrity":"sha512-YlWiKFY4Rwqn/9JfcC52Oczxzcz2tPUm08+6ZsvJCgXqNbzCSQZ3GWQQaA8iD0lHaBnRQcVrDXwl+Fmq1CNXCw==","mode":420,"size":353},"test/symlinks.js":{"checkedAt":1768031076722,"integrity":"sha512-k0y0el2T8OEwiKmiTDJ/UshSvBnfux/MnG8JYtl5IAUFN/GQi9lJhYeOOfpWn8Ig1eaPEn4uWr9nX7VYUU7P/Q==","mode":420,"size":6535},"example/sync.js":{"checkedAt":1768031076723,"integrity":"sha512-hszm04oWl+1JlkAZ73G/0oJziyh5uLgQd/M7jypM8vzbGO2TlK+xFFqD93Bagrk0QrV5ZuOCXDz6poCW4Fe6rw==","mode":420,"size":103},"lib/sync.js":{"checkedAt":1768031076723,"integrity":"sha512-grSf/Sj9XhUGDALS4h+eC4j0iY7t2k/xcCpoKD8+HVnyIh8rWsnVP36fQCpuoSs6InWvAxdzDLxflIWtwyZAgQ==","mode":420,"size":7147},"sync.js":{"checkedAt":1768031076724,"integrity":"sha512-20R7DX9YdUvhpJJCdf8NCoeyQFWpYIq/Lkd6UdK04USfgxNWnNi/2htK39dJFBKRcptfyHZs0f0S+aIRLPDE3A==","mode":420,"size":55},"test/resolver/nested_symlinks/mylib/sync.js":{"checkedAt":1768031076725,"integrity":"sha512-flmMalojC6c33VMuto9lX6j+sxO5i2lBrNS1cj9iZVSHhjJYzEGB6Z3yQPC/lR01aAlN+BQ7+qzTYKbn27krwQ==","mode":420,"size":606},"lib/core.json":{"checkedAt":1768031076726,"integrity":"sha512-qes6xQDgNh0qrin8ngQ16kszqvCYHKmNCBhRKql4LLenpp73CgJaJX3Z5Sz80PFBRHToTYbZa/P6G903vV0IDw==","mode":420,"size":5953},"test/resolver/multirepo/lerna.json":{"checkedAt":1768031076726,"integrity":"sha512-fwthRzcMj0X7iJMQqzijAlhkDJCO30SPsYwSgLEvObOhFouAwPuUnVm0z2oLKnqwRxZaE7s5L/ICc4V/gn3QXg==","mode":420,"size":63},"package.json":{"checkedAt":1768031076758,"integrity":"sha512-nif+beSKG99pv59qazO6hd5/JpAAYtvW7+YyxpPfb8XSTyIBbnKmZGROh+lPonDxiFxMr8XIJJ7ohn8PgPco4A==","mode":420,"size":2065},"test/module_dir/zmodules/bbb/package.json":{"checkedAt":1768031076760,"integrity":"sha512-FvCCBK9rJtiQvy8qDXZZXq2yUYW9HQEEwUu9vVAAsj1lM0UeJ9em+wULgGvo1qvb/GFCkP/J/YvSZO4/Jwg2SA==","mode":420,"size":24},"test/resolver/baz/package.json":{"checkedAt":1768031076761,"integrity":"sha512-d/osOsa+wfYZkEYvtg07SuE7cXoF+tl0Xp0sOuHoy2G9l/TDHa5s2a0PHUOJncQyIHmGKNIQAmzd8HBO2FcXcA==","mode":420,"size":45},"test/resolver/browser_field/package.json":{"checkedAt":1768031076764,"integrity":"sha512-676a7UuqHmhGP9RMAmueflkyAOqw6INKsMqrZrZGM9ya7IphPidx4TZAcsIKActcoYI96FS79tVn9btRX/hoTA==","mode":420,"size":63},"test/resolver/dot_main/package.json":{"checkedAt":1768031076765,"integrity":"sha512-qU3EQ1F2UfmfPOQU32x3fEwuEQgIUuxkPrL0qTWzaR08UDdvbgupS99dUYVB6wnnLMvclIX6OL1buHhBxKv4YA==","mode":420,"size":20},"test/resolver/dot_slash_main/package.json":{"checkedAt":1768031076766,"integrity":"sha512-P2kw2r0sUAPU40xXKBhChcYFfGySNJosEd03eJvqU4QxNjA253m9h3hTH4VY0R3KAdQWVPH8CgoOEqVR0jSw7Q==","mode":420,"size":21},"test/resolver/false_main/package.json":{"checkedAt":1768031076766,"integrity":"sha512-/GjdkIOw/mjqBPL9BuGsWqMu2MPIQS1CuWCRa+oNfsedyBZBMGT9tcHbFcrNuDrRvOnw7/gPxj56ait8nS8eZA==","mode":420,"size":42},"test/resolver/incorrect_main/package.json":{"checkedAt":1768031076767,"integrity":"sha512-5GUkN+G7DweV5ijrBaIm3paNFfMvrHaG5JKr2vKW8L9LdWZOeTXV2OTRc6uvOuCklfLlRfZ4BStRA9vzUef6tw==","mode":420,"size":27},"test/resolver/invalid_main/package.json":{"checkedAt":1768031076767,"integrity":"sha512-0og0awzpO+dN8adl3b1LYl0W0MjMl+STeS0McCwCzmc5/l+Q1gLZHqUjV34f/f9HQw6NADELF9c4fN/cJVJdjw==","mode":420,"size":93},"test/resolver/multirepo/package.json":{"checkedAt":1768031076769,"integrity":"sha512-9TQxSbnBCWhqZLSHXSUkAlWXif4dMDPm6qc3Kmu/S1H8QplAA4Dke5asYVi2kq+3IPNOHzknCtke3dE59oqFbA==","mode":420,"size":387},"test/resolver/multirepo/packages/package-a/package.json":{"checkedAt":1768031076769,"integrity":"sha512-X6P5hwyRMJrqP9D9MpUd2JnvphTj3qiyM2al16ejU1U+s8tI7+9nhQn6WPTDKIaq8EPAQe1JdnfC79YNcTJ+vg==","mode":420,"size":281},"test/resolver/multirepo/packages/package-b/package.json":{"checkedAt":1768031076770,"integrity":"sha512-9dh8QpDQw95bDvTyfHGX8fCHWGXDFJMNgPloRxtGZYQM2v05u0YOxA1/S/Mz+nWdVT68GwIxkPpK33L2+d2Q4A==","mode":420,"size":281},"test/resolver/nested_symlinks/mylib/package.json":{"checkedAt":1768031076771,"integrity":"sha512-1nQLlMaBHqN6vgrBBz14ZTe3yRZuKQaLgyRA1TB9D38fp3IsG9gWdNBfaVpcKZCDCfZpIGPgAZI+cgEgXc9ZGQ==","mode":420,"size":259},"test/resolver/symlinked/package/package.json":{"checkedAt":1768031076775,"integrity":"sha512-3RXsJewxsp9Y1oKGHLNJSOO0MioHEdYsYfcP/5IRL735KZGrTyQYVSoN8sKZpC5ysNgySh69EaTH7SAdcZszsA==","mode":420,"size":24},"readme.markdown":{"checkedAt":1768031076776,"integrity":"sha512-NbiX2+W9RH1hnbvZZZQmPVTl1DTPwpyOGO1tg0h+ARhUbj0VBSe0yHNVP7D2AyfI6IFOVOKELDT9CU/6aRC51g==","mode":420,"size":11504},".github/INCIDENT_RESPONSE_PROCESS.md":{"checkedAt":1768031076777,"integrity":"sha512-LdCtclbm2s8mwd28kyVPyi/rZESei4ITOVuUj8DobXvWU+7J9V7bL1iIpvigJoWmn2Qo3kGhVqYq3F/GzAMFJw==","mode":420,"size":3768},"SECURITY.md":{"checkedAt":1768031076778,"integrity":"sha512-J63pnovm7HcKQb7pdfFjT9LK9I5UcItyI1aqof9EgaeGKXy2liCZShoksGQxlaL6Mmbg/C565KRlqXOd9fe7gg==","mode":420,"size":357},".github/THREAT_MODEL.md":{"checkedAt":1768031076778,"integrity":"sha512-97NxAL5lQjgzFgbk+z5Iveg3L61T/HJy1199fel46NSgWPkGqaw3ir7ongPd9uB/6fdsadhIFtLCX7AyLipGdA==","mode":420,"size":4244},".github/FUNDING.yml":{"checkedAt":1768031076779,"integrity":"sha512-nVbgf3lkOwz8FZ5XYvJl5kL4IIMtK6novZIF9TQzqi1bhOstd3Bq5O8k1xOLO6zYzAcvrDqngs7f0TvTdDxq3Q==","mode":420,"size":578}}}