{"name":"mri","version":"1.2.0","requiresBuild":false,"files":{"package.json":{"checkedAt":1768031008060,"integrity":"sha512-s5ipoVX0JEsdmTtNPx9Zcr5kHJOhlBNfPT/BbJOtClZAWSgDiiHX+KPpPvdxdWEg7Hb8DYeVjGGKDDnhaVM3gg==","mode":420,"size":803},"index.d.ts":{"checkedAt":1768031008061,"integrity":"sha512-LddoGnfTGW4hrIn4Ds91KcFQ1mOizB6n4ts3WwuAQ9JVwnYO5L7OXyK9IrmiYeUhmxabLZPwes4nwx1fI6xUIA==","mode":420,"size":456},"license.md":{"checkedAt":1768031007975,"integrity":"sha512-LbHCVS6fVjLVsjN/qfzzpl8E/Kyt6J7TssYbnq/1iV+QoD7PWt5zm3ZLSVE5kOnDFIX7fVVI4/VgkcyqYOGA1g==","mode":420,"size":1114},"readme.md":{"checkedAt":1768031008062,"integrity":"sha512-9UebNkLKDFhl+8m4ZTdr+yedahRevlIXsEIGHO+FOULntLSmLb/QsopLx2kaceQR/pAvc05uTVxlmyzojNp2Mw==","mode":420,"size":5054},"lib/index.js":{"checkedAt":1768031008062,"integrity":"sha512-wr3U6WIlVnretjWkvYN/mmQdOLTPemPlaFcGRuRNlta39jwkGIABZLQNv8vyEH0J+BGkaSAz2Nj1AC6ZK+Rbfg==","mode":420,"size":2918},"lib/index.mjs":{"checkedAt":1768031008063,"integrity":"sha512-Solpq8wvvY3NWvlqIAIPIlT4klwfBCOlUSyviE+opUIjia3zl25npUvh9+MZkc+epe51kUi1MPu64K/gdrGOhA==","mode":420,"size":2916}}}