{"name":"@typescript-eslint/tsconfig-utils","version":"8.39.1","requiresBuild":false,"files":{"LICENSE":{"checkedAt":1768031010480,"integrity":"sha512-OhByWNBANxCayp40F13QEvy2OtSHh1ynSgwmP3RYUgJ/UkCE5eaJV7pD6XiwflNLYFR8Nf+ZcKm4y4ngL1wbTQ==","mode":420,"size":1097},"dist/compilerOptions.js":{"checkedAt":1768031010480,"integrity":"sha512-5N1cSLEtnW20VVch1dtHdYPxzWnUZhZG3aUTlewGC8AZ7poRKdcfofQXzzP0MAEgyRHYXeBqClDcoOGCLl4TXA==","mode":420,"size":412},"dist/getParsedConfigFile.js":{"checkedAt":1768031010480,"integrity":"sha512-yvkWo4RXIYQ1wT1pPkbRTh+hy5z0ytPIWO+9EwxB3PKkZuwry/oEOsBxKT4c9jUgAY1wisMP77WZ2/XNDIEZMA==","mode":420,"size":3366},"dist/index.js":{"checkedAt":1768031010481,"integrity":"sha512-0iPUGHHESqDilG6pHgdwxg+Kbv7h77JHt7xC0KkLr3RrPPxPoLQT/WhUbycteC/8rs3DTpA8rCrtfSuNRd2y3A==","mode":420,"size":867},"package.json":{"checkedAt":1768031010481,"integrity":"sha512-QYGSOs03BNf86Q6R5LhbUsK+ioql1wqab9klAH3JRdVn+4DG/6HdzG0gFiLzaLgfADXTPokkJ6aSk7YeuP6fmg==","mode":420,"size":1680},"dist/compilerOptions.d.ts.map":{"checkedAt":1768031010481,"integrity":"sha512-40n+ZGULe8jp1jAhhvzsgGsIj2EvrpEIRNfOAnsMqn+4oh72ikDzQbV5D6ouqLeqPJweZTrmdRuS84qHMnq6sQ==","mode":420,"size":169},"dist/getParsedConfigFile.d.ts.map":{"checkedAt":1768031010482,"integrity":"sha512-i9x5FbhPyYOYeuaoW4hbfaJz7brff+bjeEwHbHXGBAZAIbHRfz7Z9myMWyR8qbDe8+ip+VW5vM7dThXTLxraow==","mode":420,"size":312},"dist/index.d.ts.map":{"checkedAt":1768031010482,"integrity":"sha512-VI4h3+ih92FD3QCRCmdiy/J/PgLkMiiTpql2TkLkqpsCiP81Vypt7SJgPaxgB2AEC4k5nN8y5oTsgNt8V0Et/w==","mode":420,"size":148},"README.md":{"checkedAt":1768031010482,"integrity":"sha512-KUB7WaNMv0VJz8zlSs7QzIH3XnUSXVlKp1O6dqkJ9Haf+llXryDvWixLs+TFzkXaiiSTxr+4TfdtJhxhg4v1eA==","mode":420,"size":832},"dist/compilerOptions.d.ts":{"checkedAt":1768031010483,"integrity":"sha512-dKlvGMym+RpKt+dx5jcyh3vGfIgUxksWyFPAiwN1vVunnRmlqKDYCyd8sk8N1//rebjC1qy+NPxtJ6Tbzj6I1g==","mode":420,"size":244},"dist/getParsedConfigFile.d.ts":{"checkedAt":1768031010483,"integrity":"sha512-cQfWzfB5vGvysgOrg5deSHiDXuhhDTfwe4iBx6gU+7RXVblYJjEaoe+5PDetyst7miGU6obQrqmUcjAXr/c+2Q==","mode":420,"size":498},"dist/index.d.ts":{"checkedAt":1768031010483,"integrity":"sha512-4dmbARk85ts+YyAEDJF2Zb0uQUSC1WvY45qQvfuspjcYvKW2NbcvBx+ro5s+PdNcyzuNyMCq5RvWBckepk1sqw==","mode":420,"size":109}}}