{"name":"callsites","version":"3.1.0","requiresBuild":false,"files":{"package.json":{"checkedAt":1768031011309,"integrity":"sha512-8vpKEW7kWn4Jzt279zgy4UiOGf6Qj/vx3vJIo4dr8FIZUbgS3+XnMhfj46lFVZIr6S6d4QD5ujpqe5LlcIj8tA==","mode":420,"size":622},"index.d.ts":{"checkedAt":1768031011309,"integrity":"sha512-5IqKFhAHCudlwOGcnRNWKs+QSXvbh0yG0RP/U2eazgh/yoQn+ii5BLXfr1H7l1gKMifwejLO+QuwkgHnmmD3Jg==","mode":420,"size":2351},"index.js":{"checkedAt":1768031011312,"integrity":"sha512-nG2TU2oh1PYNYmRYi/uuD4KLMXAWD2bFGQvWw1FZPWamK/5dAQ5LjFdNxxnQvnE8eShTAe1mr3uyiKs/NiGBnA==","mode":420,"size":363},"license":{"checkedAt":1768031005949,"integrity":"sha512-nIst73auX/5NY2Fmv5Y116vWnNrEv4GaIUX3lpZG05rpXJY2S8EX+fpUS5hRjClCM0VdT2Za9DDHXXB5jdSrEw==","mode":420,"size":1109},"readme.md":{"checkedAt":1768031011312,"integrity":"sha512-8+VOM4w/6226KA9PfH0FL6ktYwBsl6aM6CcEYI7lfFdwbtXuzEU21LwYHRnMk91mqr+XOE4nFY+7LbFvvwhfbw==","mode":420,"size":1887}}}