{"name":"unist-util-visit","version":"5.0.0","requiresBuild":false,"files":{"license":{"checkedAt":1768031008995,"integrity":"sha512-00mBaAegOXNJDyksTMrytYh98gH+v/fruetGXfLv5IVYnw8WD5PgOTOdM0A7q244DNs0Ynq8gFk4JA6SWxIdbA==","mode":420,"size":1099},"index.js":{"checkedAt":1768031009242,"integrity":"sha512-5bZnWySQUdhjJdm7IF1THZ4KellTWupNWI2rURpyGORKijz6QxIwicajbSR0QVcVvfJ2kfRQiSfa2dAJ9kIglg==","mode":420,"size":101},"lib/index.js":{"checkedAt":1768031009242,"integrity":"sha512-C93ZzbLGCyARsPc1QMFpV3fOJ0UtqOK7Pc8oa/jtpU8FiGCZB8+8oDd93CbkKKYmbNf1Ru8Bm1IrmOUlg1W1IA==","mode":420,"size":9624},"package.json":{"checkedAt":1768031009243,"integrity":"sha512-nLp+XCVa5iJNrHA3nWI27oMw2yePVYZTMZ8q+MjtfHQWd74efgjsQE0fxS/CUC1kPw6dekARrvXs2e0N/2MoJA==","mode":420,"size":2620},"readme.md":{"checkedAt":1768031009243,"integrity":"sha512-2WfsUqqQBj0CWSdA0C0nEnEiwuQ1TgggJGvd49BsEq3JxI5jYlxGWrBSVqPGUQi8wcqubJlZOmfbAwpQxpYhqA==","mode":420,"size":8904},"index.d.ts":{"checkedAt":1768031009243,"integrity":"sha512-Tn4S5xcOwI3wj4fO79OE9DJLbO1WW4LgQQsPfxoTcL4UPm5RgFz+ma/gmlI7wWQoW6FLYE7DNOOP/1/e/VuTKA==","mode":420,"size":255},"lib/index.d.ts":{"checkedAt":1768031009244,"integrity":"sha512-AMMLw4VAJXuVvwjiLp2+L6QW67Mweoo5zLV+VxIwRL5fr3Qsv3LRmJJCLt4/2KhLGTYTqdAD7eFXYjoPHJVhDA==","mode":420,"size":5877}}}