{"name":"prelude-ls","version":"1.2.1","requiresBuild":false,"files":{"LICENSE":{"checkedAt":1768031006062,"integrity":"sha512-FkymZYtx329CmIaO3HdzaHZ6WrL5BZj/NGLWVaM6TuNvsbYcBnTjOd6Yzvi6lJfLVAW0oJGhl8mK9EKILopYDg==","mode":420,"size":1054},"lib/Func.js":{"checkedAt":1768031006076,"integrity":"sha512-oDTNVl4177+mvgGpgdIDeA8RxhKt3I+ynZzFD8VkwH8GpYR/72G8XRsEowB9g/ydub+yUKUL9UWQ3cCHf5epag==","mode":420,"size":1654},"lib/index.js":{"checkedAt":1768031006077,"integrity":"sha512-a1hiTjEfF9NTblVCB9QknHZgGAFFcUx5AvBTbHmdNtOt/o74rHFUZjXns3GXYrusYUIqezbPQUh2KuMCcNA99g==","mode":420,"size":4932},"lib/List.js":{"checkedAt":1768031006077,"integrity":"sha512-JMqyiKNhXKFPypEuWChu3Ezk6d5YwZOMMu8RYf1P2eywSApXf3FR5pLP6tiGwT21q3F4r6sgP+24LHZSOc8N3w==","mode":420,"size":15544},"lib/Num.js":{"checkedAt":1768031006078,"integrity":"sha512-Sn1B5AIxXdUZOUK8tFSoZtCnUPbwFMxKniUG2/PQjJEPakZTZTIyQAsthjLTCvuwwpnKy1tl192OOLspghSO9Q==","mode":420,"size":2469},"lib/Obj.js":{"checkedAt":1768031006079,"integrity":"sha512-4Q1y3qqlIRwq7GDI2/IktQKv19dpMZJxSFu4GesJ9Mbe2d2yUYfqQAb5jX7OP6IEXCtKze6evpd/5Zorfesh+w==","mode":420,"size":3201},"lib/Str.js":{"checkedAt":1768031006083,"integrity":"sha512-v0efqr8drBilumq/8ayoS4ssghYlP9ChihF3HKNObtAozyd708r5MEtAnynd5DB001jYrALVcP9NHPmYIUIm5A==","mode":420,"size":2104},"package.json":{"checkedAt":1768031006083,"integrity":"sha512-024Ai5qwidIktsC8W59LNqKW34fslnVCCFw3jhCV8NjCnddNQaf4k6UPEtRfpZOjdcmNYTMKwlHxvXRHWE/WCw==","mode":420,"size":1047},"CHANGELOG.md":{"checkedAt":1768031006083,"integrity":"sha512-95uU6PkXVq7Mo5z/LW7pyg+k/e+k+T1Y2lHW3VoZDuyOdAscX+Mg4hqF6ELHLgq6E+kmD5ShP7fJVfX3yMYFhA==","mode":420,"size":4123},"README.md":{"checkedAt":1768031006084,"integrity":"sha512-L3Aznq431aUYGYkTwUhq9ryR8gZVnNfeqoDif4U8j4h/p/svccmxftmlMj+TM3TM+lTFnXI7ANAPSokqrZtRew==","mode":420,"size":613}}}