{"name":"@nodelib/fs.scandir","version":"2.1.5","requiresBuild":false,"files":{"LICENSE":{"checkedAt":1768031010456,"integrity":"sha512-klyzttd362E9inpFU2X0jkZ+kaWZ+PhDEXJfMgfuWDKwC4dCmwlGbdsDCsQjWPUstsuss2EizcqjeZNZs2Qp9A==","mode":436,"size":1079},"out/providers/async.js":{"checkedAt":1768031010580,"integrity":"sha512-WoXtp+p3ulXXpPUp4ayKdwDajXX2a1CASRlhjBhbLtwbxPDv2Fj2ZmQfk1Nw6JZftZMgos4bc1I8um65JX9KJA==","mode":436,"size":3686},"out/providers/common.js":{"checkedAt":1768031010581,"integrity":"sha512-c8f1MPG/Zpy1D02SMSnd6zAZIIbhgRxr5ScHe3s5kpHsiK0wV402i0b9HPz1+44fy6SI7Znq7+nZDvvjcvy+ug==","mode":436,"size":419},"out/constants.js":{"checkedAt":1768031010582,"integrity":"sha512-hOasK2QIaKbiVffIWbV3725ImW9LofOqyTBqlFoid/HqQ1bsHHLl4T4K0Z6qrk7H7pvG62nGzSYQ6FJRz0o63g==","mode":436,"size":990},"out/adapters/fs.js":{"checkedAt":1768031010585,"integrity":"sha512-J3OVy+G4zkvhVMkZKL7uE7nvKpN70jw+aoKLDUtvhrx3ztZp9qt6fQBKxUYTLkQi/xQmDg6OXlfSl2FLT26Uaw==","mode":436,"size":640},"out/utils/fs.js":{"checkedAt":1768031010463,"integrity":"sha512-3LkfRe5//+zfyugzjeuBoUSscu4sr16O2nmiOH4ohiqxwkljkZniKmAmY4OGwceZD4V6YBrFgIWERcrgSqWidA==","mode":436,"size":756},"out/index.js":{"checkedAt":1768031010586,"integrity":"sha512-JKsfkFHNMvmQXjHGdwAzlRctClFw80DpjPNMxWPQ+9aWBWeGgUAixpRFdOuiQaUKf74D2G6xyNpFzI716DO80g==","mode":436,"size":1009},"out/types/index.js":{"checkedAt":1768031007730,"integrity":"sha512-f2XGQDoj2T+xSOglmwEtZVKrO/8Xj0p9ap2c7A9gQp/BiZ45tLyozAivx12afHv9sT/DcspjyF6yKwNV601gAA==","mode":436,"size":77},"out/utils/index.js":{"checkedAt":1768031010587,"integrity":"sha512-t+LUPOCYROQRHNicHMHrfxDo9sN8CFWBKBLPIPKgVO88L31zWa6IVlBBcRQkALtYNNpXMMGS7remr2Gd+GZD7w==","mode":436,"size":143},"out/settings.js":{"checkedAt":1768031010589,"integrity":"sha512-qL9hScbtABPUxoRBjcOMG5oBxTUKMdKAPjSa4vDxhPZSyOTQi8BRzAHZRmQ6iiOmRy2NaHAl7e7PzDnTlV3EBg==","mode":436,"size":1076},"out/providers/sync.js":{"checkedAt":1768031010589,"integrity":"sha512-/j3lNK6wREF2QRyrFoFJFwm6ao4PjRzyYpiZXVKBxlnL5gaiQbT91vEy5I4kxGMnV9GPh/Fk9BfI2OEM6vx0Jg==","mode":436,"size":1990},"package.json":{"checkedAt":1768031010594,"integrity":"sha512-9vEv5ALUbpNc/TlA8wsz3I56OZXWd11jVJwpoKOKFLHgQNXqDhdAo/aM8oALESe8kMSpEI+/qPM8CsXImdtsFQ==","mode":436,"size":1163},"README.md":{"checkedAt":1768031010595,"integrity":"sha512-B4CTgoodxUVqnkm1QOfox0KwSNpdK6yQzbHJ3gPn7YFZfCyTcBcmJRp58yq9IqILQeVW+tToX77C1RWvlJ1D2w==","mode":436,"size":4959},"out/providers/async.d.ts":{"checkedAt":1768031010595,"integrity":"sha512-2QYez1e7s+ilgSeWaDkimRcAZL0oav4bZkW++tbMAZ+D3GzUHRVmupqW9AUIXKZ0Wvv5nTpESptTjxciX1DNkg==","mode":436,"size":524},"out/providers/common.d.ts":{"checkedAt":1768031010596,"integrity":"sha512-e1xA23XUkWGB0bRVMXmZAsiUwE1xi6YHG4M8ihHZqrtYOOWlKFAMtqSZsTIYCww+3uSs9apehXLzZXXlAxeIMg==","mode":436,"size":91},"out/constants.d.ts":{"checkedAt":1768031010596,"integrity":"sha512-6nSr8OZ+BQwYRITkY0+LvqDC64UEeBjg98PgqyUZVT/8aojfOs8l49L857V4qIPLLFN54162cBa1HeYG1GT5Eg==","mode":436,"size":118},"out/adapters/fs.d.ts":{"checkedAt":1768031010596,"integrity":"sha512-5dhxcHwYuqsqXlzJ5GeVtrmCaAidi8o7Wr4qcZRSl9ZZJlB32A/ZNEi4bcnym97IGlM/pPfIVDmqwgLFUSyeSg==","mode":436,"size":878},"out/utils/fs.d.ts":{"checkedAt":1768031010597,"integrity":"sha512-RPK/1QV2BVgaBPDDvus1vL1j6m9GBdznugtyFJ6EGkah5a6X+WQ2HNSJAPzsldRX44rR37qJk4gZQlPlXB7oMg==","mode":436,"size":130},"out/index.d.ts":{"checkedAt":1768031010597,"integrity":"sha512-80usDP6yeHPYtvbS7oeptypqMG1TT/M2cbNHRvNkVsJ7do3R8gMcZP0s1zNFv42kst/i04WuubgyPOAnbCxtlQ==","mode":436,"size":855},"out/types/index.d.ts":{"checkedAt":1768031010598,"integrity":"sha512-T2eiVwYcoNhNh2m1wzm+CfljO8cTzQZjBK0xRRCzyJ9tecGyR4e5lhbky5DlUD/fMyhKW3oheTx+d/+tAOPc8A==","mode":436,"size":530},"out/utils/index.d.ts":{"checkedAt":1768031010598,"integrity":"sha512-EmwWEbPFZ0r0VYLkjD2NcHO28/5ZtGXtosQlWEmFl4qytY0bqZQP3dfV6uHe0ZuVvtlS5Gn6+kZSG/CEJUMOvg==","mode":436,"size":43},"out/settings.d.ts":{"checkedAt":1768031010599,"integrity":"sha512-Hb5diIC1qtKxHqhSzcW0/bUN2yG0VJm8YVivdYlh6LII83v5Ds00mVA4aLsPTPrmFkDxm+8GCnkL2YfNHVcuFg==","mode":436,"size":666},"out/providers/sync.d.ts":{"checkedAt":1768031010599,"integrity":"sha512-DHSzT+TkHBHFg/3srj1f4BX/N/LmA6ii+thXWPJG7ipn/TLe58NYCQTanTz5lqyEEjCbRJC+jPrHzKkcAPriwQ==","mode":436,"size":333}}}