{"name":"micromark-util-symbol","version":"2.0.1","requiresBuild":false,"files":{"license":{"checkedAt":1768031009041,"integrity":"sha512-ic4iF2Ap25Sn5T9MMw7nJ9C20WL6V01rybBBQi2Qx8cQC9/ERFEqGnove1HT65tK2TIKM30PZoOV3Qbz2FE//A==","mode":420,"size":1094},"lib/codes.js":{"checkedAt":1768031009198,"integrity":"sha512-AtFvcP2hU27QptbyR9kI6Aux1xXKKKNeTJnKJsVjHN5CiOjGjiCwqJfG5S/5a6omPolC4/NoHztGK5YYVeqIIA==","mode":420,"size":3707},"lib/constants.js":{"checkedAt":1768031009198,"integrity":"sha512-rIu/bjQDbV8O4yEsMBNtsHBBaVSWrD2MXhUaO0m0MVMb3pT+xfOLFjAAErz9V/BmOps9wJUJxWAgPJmbDFV3qA==","mode":420,"size":2514},"lib/default.js":{"checkedAt":1768031009199,"integrity":"sha512-fw0//hdvc1Ubx6SKbj6UqCAoKFKcElrqc1v60Lx5A+DP4xLYovqRi/+xdS5VWMWk2FWe+DIyXTDY7GIM2N+etQ==","mode":420,"size":142},"lib/types.js":{"checkedAt":1768031009199,"integrity":"sha512-0zR4QGiFbNYMfVFWme+lxUge0RWv3aWVYZKBGeZsIKsa+9gyeJzqxMQgjUOZsnRxzjdwzpHnjIOG5Wvke48aKQ==","mode":420,"size":13235},"lib/values.js":{"checkedAt":1768031009199,"integrity":"sha512-9lkXMa9Dq+svo4pS+uq64PGbC45/aBQlEyq4wAX+3Kp3R6Z6w4amCo/4ExjVQH7s6CLUtkKpd7TQ/gdrL9Y7tw==","mode":420,"size":2124},"package.json":{"checkedAt":1768031009199,"integrity":"sha512-tBZDqskADm5f7Hm+2tGr21KEGENeMfGngP+3fPJI0iyEnObYBgOodSDrL6+2P0bZQsgWjVFuJM2j0JNizmZ6Aw==","mode":420,"size":996},"lib/codes.d.ts.map":{"checkedAt":1768031009200,"integrity":"sha512-i9t2YDcHMJMfjJPpoyOBfzk8RhT5AJ42aHy3RjWoTtFUX+JaSmkgNgulU/rfB2M/8IubcnSl1SXvGSlKX80qtw==","mode":420,"size":97},"lib/constants.d.ts.map":{"checkedAt":1768031009200,"integrity":"sha512-JSA0GeY8nlCaGc61vrXrRnjtGHJFBg4fC/5gj0R4uk4QSjWI+j3G5SCC8PB2d5UVi0NfzdPLDp6GGumUtVIDOg==","mode":420,"size":105},"lib/default.d.ts.map":{"checkedAt":1768031009200,"integrity":"sha512-Vt6wre2IM3baDupkaFGYImBGwHcsOFc9cGtThI9Pm6V8+HmmHvZe7KzYq3Mw2QuaClvrh5e7krfnlYcLfuSiPA==","mode":420,"size":101},"lib/types.d.ts.map":{"checkedAt":1768031009201,"integrity":"sha512-uAU1W+eYLjjY1DIl/4XFE8yCv72Ueh4yIrf0MjXMsI+R/RXCr59bLhi62dJ2VrHWnDuCW499IE4ZfRK42nBq5w==","mode":420,"size":97},"lib/values.d.ts.map":{"checkedAt":1768031009201,"integrity":"sha512-dHZjqjn635+A0dhHU2PXIlzoQumc18VH9mh04beN1HUTZXl//iDswS5zwe6MKtYmqf4a5Cv2eoEFuEXATOhunA==","mode":420,"size":99},"readme.md":{"checkedAt":1768031009201,"integrity":"sha512-HKrHusfbKzip6DYk8Nle4ZhMY/J8wmLgAQys5+4NvF5vyG25+BZHNYQQAE836Rj/CKcH9OQpZ4cTpFcmeY0OsA==","mode":420,"size":4600},"lib/codes.d.ts":{"checkedAt":1768031009202,"integrity":"sha512-1yQC/Uh1YkJhRNSqUEiqF2aQwBsxZHS202i6m8KrsVwMMSEk0LEHozvN5dBRM3JOqKbFxP0CIb1UOeDibmu4rA==","mode":420,"size":3086},"lib/constants.d.ts":{"checkedAt":1768031009203,"integrity":"sha512-1mEAtOYLbjwzoM7722YNKnnjwRTh9udkwLwX/MMFKqksvADqmB9jFW1Hu96UZYoT0khtsibjz9DFTREFyYzKww==","mode":420,"size":1227},"lib/default.d.ts":{"checkedAt":1768031009203,"integrity":"sha512-OqJoynZStuZXK704kuXdEbnYFY4RC5ZuypVrh5G2rOF7YpN5ZSBjooxFYMyRq8n9UUVrtcDSY+vR1ARp6qPSTg==","mode":420,"size":191},"lib/types.d.ts":{"checkedAt":1768031009203,"integrity":"sha512-l4Xou47BtBQ30+sZdA0/gv1tuSECZjx9/3a7/QmYUFW53P3egEczmCUWezXoK3TJILwKUHLjVReTYcnlkYkgdQ==","mode":420,"size":4632},"lib/values.d.ts":{"checkedAt":1768031009204,"integrity":"sha512-OF67IMMD1za8jOOr3tnb/vpSw2R/I+24PVf03lvkT3YCoV6hWQsnIE+DNw+XYGawXzMYzE2MteyuTOaB6sno1g==","mode":420,"size":2483}}}