{"name":"@eslint/core","version":"0.15.2","requiresBuild":false,"files":{"LICENSE":{"checkedAt":1768031005294,"integrity":"sha512-3Gto0TuM+VlkS5NfEZKwLHGqelz2U71DtEgPqJ7sjU0/FqInjsjDtAqx/bIzsxc6eP2DWQ1vc54Mno/1bCglVw==","mode":420,"size":11357},"dist/cjs/types.d.cts":{"checkedAt":1768031005446,"integrity":"sha512-Nx9NSjanIw2LJJpYQq+ohfBqUAiM8NeDBKI/caPmzU41/ABHTbC92f9zCQI4l2V6vFtBhU64TzvpwJyaq3U41g==","mode":420,"size":25618},"package.json":{"checkedAt":1768031005447,"integrity":"sha512-xIvVaTJOL7LqapIwcHaaxp12NbqDIMrdkoSZclDijMEsSYBzlqhXbjFZ4a2zkf7yaFxGHRvHRhoJzJLmZG7xyg==","mode":420,"size":1190},"README.md":{"checkedAt":1768031005447,"integrity":"sha512-uCvUeyJMLVlIUUQmAjng1zO8HVegIDId2Pv94iCRKySBPOkvR1WijUncsuDksGdm6WG9UsmYtnsyHSB5rXrWWg==","mode":420,"size":3801},"dist/esm/types.d.ts":{"checkedAt":1768031005446,"integrity":"sha512-Nx9NSjanIw2LJJpYQq+ohfBqUAiM8NeDBKI/caPmzU41/ABHTbC92f9zCQI4l2V6vFtBhU64TzvpwJyaq3U41g==","mode":420,"size":25618}}}