{"name":"find-up","version":"5.0.0","requiresBuild":false,"files":{"license":{"checkedAt":1768031005935,"integrity":"sha512-0fM2/ycrxrltyaBKfQ748Ck23VlPUUBgNAR47ldf4B1V/HoXTfWBSk+vcshGKwEpmOynu4mOP5o+hyBfuRNa8g==","mode":420,"size":1117},"index.js":{"checkedAt":1768031006825,"integrity":"sha512-Id84aEletfhJNr6x3/snlMAnu+unG139xkJIWwKawjkuJ3p8otbZ23TuDYTNAwH24ktLwQW5z4wfNwlbSLotvw==","mode":420,"size":1940},"package.json":{"checkedAt":1768031006826,"integrity":"sha512-N1nXdtWMjXnWBuu9JeQODBg6L1cbwgWCtlDSqZ7s0xIgH3ce+XxPiuI1c+v7KsI+KyI5uTB5/8+Kt3zV3qlVmQ==","mode":420,"size":917},"readme.md":{"checkedAt":1768031006826,"integrity":"sha512-I0gRtkArKEqwHoKCrSnez7BZAtFcVudwhTpEIjX2SLqKevBLMsGsL3Cy5jOArVcngZlvZVtrkxTxS9iERW5cCQ==","mode":420,"size":4025},"index.d.ts":{"checkedAt":1768031006826,"integrity":"sha512-Sf9cadeyVVF5FYJuZFbz1PA881VIFKX3AqNaje1SgJnLRmXI3Foh4nVm8YjdZaxB+i0M77QALXsa0WO3jdLoKg==","mode":420,"size":3762}}}