{"name":"unist-util-visit-parents","version":"6.0.2","requiresBuild":false,"files":{"license":{"checkedAt":1768031079397,"integrity":"sha512-cQvy4TvDNGTww5W7wo7SHRjv/0G8g3u/v8V2BhwwrAM+M5M2Z7W8hy+cQrU+e4exnULY2LrZ0EQqBk6Fj/Sdrw==","mode":420,"size":1099},"lib/color.js":{"checkedAt":1768031079397,"integrity":"sha512-YO2PvDCl8+P1wwMT1jQEsGOPIRh21YsB24mbv1hzFFJ7hu0zzpSkkygm12vQyzcfP7LESUP3Ah8Xd88efCw6Cg==","mode":420,"size":90},"lib/color.node.js":{"checkedAt":1768031079397,"integrity":"sha512-OmxucNOQNXYeGwggus6Kce8nyEKArOFfU/RJePVoplIZ0N8kpeoltOZlLSPojqP8qWcgKkwzj88DoUq3wES+8A==","mode":420,"size":120},"index.js":{"checkedAt":1768031079398,"integrity":"sha512-G8kXnstMue997AwXhFsjyy8/FRk7mx1ny3hRhloO2Qyjfs5U/Zph52/+qOdLDIw70rWNUg40kjeZz2tD7clZ4A==","mode":420,"size":108},"lib/index.js":{"checkedAt":1768031079398,"integrity":"sha512-bmjx9FQQq0M9wc71weXWHtwU2dJaV6svqYBxJbC5ML4ajQkOp/SFjlKDEArU+RPAWIwF9Gzen1HGkPO5qw+EJQ==","mode":420,"size":11752},"package.json":{"checkedAt":1768031079398,"integrity":"sha512-NYp6/utgBP5xHTA64OUwAs7urCQ7JLCIfXKIaJfR+cB1UoveWwpNhAn8O/aes3LiymsOdTH5Nozfiy5KAroIYg==","mode":420,"size":2627},"lib/color.d.ts.map":{"checkedAt":1768031079398,"integrity":"sha512-+QghqAZJP3C6ibQks4MlwbCgq84yXAfnMJXBIdT835HySXVkXd0uWW2DmiW3JZtkP1aIhBslXZ0j5lw/q37mlw==","mode":420,"size":140},"lib/color.node.d.ts.map":{"checkedAt":1768031079399,"integrity":"sha512-Hmb/TDuNAJ6W1YThJYXRJ0Plg+A3WO6YQkevYRenqAcf7Zr/GXuM8M4mj6wz5elJacgjVFCrx0UAnQVPpgXtoA==","mode":420,"size":150},"lib/index.d.ts.map":{"checkedAt":1768031079399,"integrity":"sha512-NLCN1g+0YqWieMyVz9JXXiujkWyL8McENV+vyf2mcS4+1G5LdYzZHP4ibUWzWkj4zLa1n8EWe92E6zRE+IOwIQ==","mode":420,"size":3154},"readme.md":{"checkedAt":1768031079399,"integrity":"sha512-KKEp8KtGpuwz8tXjoSEtHEt3kikRNLDFTB8LxmOXpQh+++Ks9hf41DeIhnok9rpMhf4PeH/pGzIwFlx0RfU4Kg==","mode":420,"size":10283},"lib/color.d.ts":{"checkedAt":1768031079399,"integrity":"sha512-bKGsXBxQWe62x553n4baQx7+uKHD/AKrrj7SkDPyukD7j3ze3ntVYRqTLZInQAYLLAa1yf/BBZbGU8B+44O9wA==","mode":420,"size":127},"lib/color.node.d.ts":{"checkedAt":1768031079400,"integrity":"sha512-Yd9Y1pwadbZ/98/qJ9HkbMKie1nuuJzbpE9+Z4SEZ3xgJw7m+XM7gVKidso8Jslra8Qj6sF/QXJU0EKCdOd57w==","mode":420,"size":132},"index.d.ts":{"checkedAt":1768031079400,"integrity":"sha512-wdUT4p8pMb9uFS8rE0ydatbrW6qqpy5DpD0W2QQG7XZWuqmwN94FBqGFNKKEy+zoFDZLkFDsSi+kNryOOzFMGg==","mode":420,"size":349},"lib/index.d.ts":{"checkedAt":1768031079400,"integrity":"sha512-WpznrAg17Ra/URTlvSJfQsje/914p8F46I6zkHXr5HXsZIcGcLrLnxReuBW2Z066hEDQQOzGIT24puRGxlbynQ==","mode":420,"size":8956}}}