{"name":"@eslint/eslintrc","version":"3.3.1","requiresBuild":false,"files":{"LICENSE":{"checkedAt":1768031005484,"integrity":"sha512-T2C622nmNAYjHKhwFTSb65JUU30ZjZOqvq70hIj012qeopB+QvPXqCYYfR7RUeDUJ8RKUkGyr4D6keNLw4bJ9g==","mode":420,"size":1094},"dist/eslintrc-universal.cjs":{"checkedAt":1768031005855,"integrity":"sha512-6C2It0c0FnUyYZKX49tdWBxVOKfWTFtMuZ2MiZp2cpOIjhZBl2k+VoGF1FBC1kZoJW45bmd4OsnFZxwQdvL7VA==","mode":420,"size":38367},"dist/eslintrc.cjs":{"checkedAt":1768031005856,"integrity":"sha512-/hS7bySl/146ZoI10j9mg6GyDhULnOT3+Ga0k3VuMZZh0VHhrbBcBpc36XPhEIYq7x2A7OJCxG01MCF0BJU8Sw==","mode":420,"size":151806},"dist/eslintrc.d.cts":{"checkedAt":1768031005857,"integrity":"sha512-NDU0PAhfJpfMTXVeXJ2nfq4tQ3F7LoATfIZUwEHpt3c1GKsjs0kl+PIdf7Gb472HzsxhpIEmMuau/Xrkt5aDYg==","mode":420,"size":2884},"lib/shared/ajv.js":{"checkedAt":1768031005857,"integrity":"sha512-XpHYDh+I0WbuB2/1PfqDgdO2T5xqebIp+dMI+w2pXvI7ZYD7y6wJLvvauKul/vOOVWur0oA7xytxVgMG96PAHg==","mode":420,"size":5329},"lib/cascading-config-array-factory.js":{"checkedAt":1768031005858,"integrity":"sha512-gGmJ3KfI5vD/xWuSgyWqTWdSz4Ot/56kw4X1jJyNnHxJQppvZHH31wvy7OdSrY8rOnZIhgmm1fFIFLw080rIHA==","mode":420,"size":18936},"lib/config-array-factory.js":{"checkedAt":1768031005859,"integrity":"sha512-hQDSHuoNq/l8uFjRtV8rXUlrOdxa1kGD1JKyS9mG6Ivre947tCUhg8b+CCLkx5eHIJo/J9p5SvpSQWwIFwaXhQ==","mode":420,"size":41806},"lib/config-array/config-array.js":{"checkedAt":1768031005859,"integrity":"sha512-faBw8QuKRW2PbOcfR8/0Y0N4L+w3/yHiw7WsbNLsSFOu2tDRoUSN5ATRkNRf3eO35dagpIT2BYpSfhQGqjHXDw==","mode":420,"size":16952},"lib/config-array/config-dependency.js":{"checkedAt":1768031005860,"integrity":"sha512-pisH9e6P2EeHojWq2sIEdeoYPwhrfROaeRSOZY+xAuFVz4xxL7TNUpo2KBc2II8F+wnWev6EvQsAsZp5rydx3Q==","mode":420,"size":3754},"lib/shared/config-ops.js":{"checkedAt":1768031005861,"integrity":"sha512-Op77x4naaYltEa6agPnRuUCTnl6kXaSwq/jxCKEVER8CUzYn63ucs56+CAgEA511BCvKRUW1XuDwwK7R0zW2NQ==","mode":420,"size":4710},"conf/config-schema.js":{"checkedAt":1768031005861,"integrity":"sha512-1bENWqnqQC79JM6I9zq5VFnhPbR5AclxkMHDGzH6ELtdjwrKsH6RiUSTjl9vuV+/MwbEhAqGqFFZxF8PlxkOKQ==","mode":420,"size":2228},"lib/shared/config-validator.js":{"checkedAt":1768031005862,"integrity":"sha512-uqmKb4MW91FpmhLK6OTZ9ltxbgylH7bQ3pyrBDIHoMgOcnTBkrH6dVH5ZOim+i2JSu3CN2+hVnVgnA+kIouknw==","mode":420,"size":14114},"lib/shared/deep-merge-arrays.js":{"checkedAt":1768031005863,"integrity":"sha512-l97G+RKaOEBs6lNW1j5a6PJqwvHAvcSIY7ANXDDH7xxJpYZQWmp/x9t+5iKmmlS8UPBqhPBcS8Po7Y429+NclA==","mode":420,"size":1626},"lib/shared/deprecation-warnings.js":{"checkedAt":1768031005863,"integrity":"sha512-wrV3D9eZtJlXC9Y50HJ7WdRTlNVWL5ZYK9koQ4zWuXGyYKEsy9N+96qdm6Z/u6GIAQKpUXPXNBIARpH0yU/QOg==","mode":420,"size":2336},"conf/environments.js":{"checkedAt":1768031005864,"integrity":"sha512-Lrrc/lUySoTE3sOlmkwjHLmvZPXoG462cfrQE7wEKf0bX9Q+ErKaV/aYisqV5MvWjnlR3RvFsvrYr4haGLjOOA==","mode":420,"size":5002},"lib/config-array/extracted-config.js":{"checkedAt":1768031005865,"integrity":"sha512-ezxgCArWtQe/JF6Hn6Z3Wpw07Xv0e44j9ys8aE+erRk7nkzxJINnjB3Yskh3BkTrCG7vsh2tqgVEkOVbIaDxuA==","mode":420,"size":4224},"lib/flat-compat.js":{"checkedAt":1768031005865,"integrity":"sha512-eydEroDfsDVGB2YLVv6cl5O7snLckahT2J9iNYYxmYA6YK5l5gMKD0IJgXwhC/iLhkz6hcHFMGRbv1744lzTfg==","mode":420,"size":11316},"lib/config-array/ignore-pattern.js":{"checkedAt":1768031005866,"integrity":"sha512-9JZIt1B875RpQrbBAoJ+A9qU1o9wQ+f/bfskxAE7e80msauHgckYM5vdfGvELA/PDpGPYkx6QSbWA4PmdW3yOQ==","mode":420,"size":8357},"lib/index-universal.js":{"checkedAt":1768031005866,"integrity":"sha512-ENvOPiTHj4Cf9iZYqG7tluvO9eSpaAVn6IXFGH98biahGKo5NW6Yc6UqXeXVZW5s82zUgEe1CoPA5NjExebbPQ==","mode":420,"size":778},"lib/config-array/index.js":{"checkedAt":1768031005868,"integrity":"sha512-C638Sg/5vvXE5REW8BfBpyg+hYT1P1LNj54v5OJbkqjsGqNaBBRw8pZ6/8UOlCX4slsgGlQKf809tCB2hnEs7w==","mode":420,"size":543},"lib/index.js":{"checkedAt":1768031005868,"integrity":"sha512-Rg06ccJzABT+4b8uw/BpI6fO8UcWK35EOJkLmpvIx6F5rtBSrS680lToMNG2BbgjYHH9bEjP+kU8/6O/dIls/w==","mode":420,"size":1760},"lib/shared/naming.js":{"checkedAt":1768031005869,"integrity":"sha512-BzBSw2bDkoXglqSvnBwzspnAxqCez4+mhAkMlrMxdWbWy0L+OO1De2aYqhyX0i7Zk+n8qb8Q4rTB4IoHSTUmTA==","mode":420,"size":3117},"lib/config-array/override-tester.js":{"checkedAt":1768031005869,"integrity":"sha512-D/0sdZoWq5VOwNTb9KdV2E2IpEOpbzVVQjREXqfOR1D6MSCx7f1zaCsXMVI7U+wpdUB10LSHVOIt2Zqe8XjNBA==","mode":420,"size":7006},"lib/shared/relative-module-resolver.js":{"checkedAt":1768031005870,"integrity":"sha512-ULPdn/rqa60ZmaRiMSIftqfET8Upex+hKkncB/teUvZ6q9XbzOhKUtqnxOz+LeinvFmzRJ/VgZj4Y0n6dIJoOQ==","mode":420,"size":1480},"lib/shared/types.js":{"checkedAt":1768031005870,"integrity":"sha512-TZ6jriXkCSwt8vwGayBaRB9DMK+aSFSPhHt28H94QOkDVWWSvluM9UcTppQLEsmvbNbuZ/wTbrmEkLMRwU7B1g==","mode":420,"size":7123},"universal.js":{"checkedAt":1768031005871,"integrity":"sha512-RQAY4An6ZwFvYMeBaO/iJOF3PGJODdszQMX0fGPUnxaGW3Yfx8GVVZ2/5vPe1mmERMl8ivXg7ZdUlkO3Cw6Bvg==","mode":420,"size":579},"package.json":{"checkedAt":1768031005872,"integrity":"sha512-kAXy5YQhaiDNpqZuVzq9ywpj1yUjUrnr+XutZgy7CkJCjVYVh+ZqGCnEYrXL7/sp73J9yXMeQtyQevsmCEQ/Cw==","mode":420,"size":2391},"dist/eslintrc-universal.cjs.map":{"checkedAt":1768031005873,"integrity":"sha512-AC2wLthX6LL6+ZBt6BDZMRupQOXvdwihN8YnAc6mmExyyj6IXsjmRPwTB1h2e0kr0aY42K5c/XLx2MDs95AnUQ==","mode":420,"size":68892},"dist/eslintrc.cjs.map":{"checkedAt":1768031005874,"integrity":"sha512-/v0+cWHHY8DEgIyG4feC0DLc8Rff0OpYIlVo/JcRT1g1p+tOVdtfEbSvVQ672MSxmfXI5HIDv1pZdT84Ft+BNw==","mode":420,"size":255537},"README.md":{"checkedAt":1768031005874,"integrity":"sha512-S73cE7FII426RttmpRNmo2ICIQDt/fWimddUq7X3Zf+KvTF/2HwYBrOL+PZQbfOY0xcODUzyIGOUKTG06PlQgA==","mode":420,"size":3875},"lib/types/index.d.ts":{"checkedAt":1768031005857,"integrity":"sha512-NDU0PAhfJpfMTXVeXJ2nfq4tQ3F7LoATfIZUwEHpt3c1GKsjs0kl+PIdf7Gb472HzsxhpIEmMuau/Xrkt5aDYg==","mode":420,"size":2884}}}