{"name":"@typescript-eslint/type-utils","version":"8.39.1","requiresBuild":false,"files":{"LICENSE":{"checkedAt":1768031010768,"integrity":"sha512-C59tYrPCcukZUKudOlNlwkk+oggDACbctqCFOGzU7huYdFircnSRFq/oruzaRASlFVQcXWIxVk8cPJoVukEbQQ==","mode":420,"size":1097},"dist/builtinSymbolLikes.js":{"checkedAt":1768031010768,"integrity":"sha512-KQhWwlIO2NmJLlu3O6JEqP79mwCYtSZiFsjLvsc/JxKZaC2PSyssEq7neQgjAd5NagVk4ITZrsQSI/7EY3GhCA==","mode":420,"size":5489},"dist/containsAllTypesByName.js":{"checkedAt":1768031010769,"integrity":"sha512-H/2PgCOyYT2c9uUvDYsSga+yD4xS5OcBSGuOZpIb98DimO/Okvt2rW3F/W0cNNAfY3eoIbNDeM015NxYBKGLjg==","mode":420,"size":2922},"dist/discriminateAnyType.js":{"checkedAt":1768031010769,"integrity":"sha512-XPPzH8jinvupN58EeQazjzeMbteMzMNgf1Y38Sfm8wp5SNVdi1iUvY4TU7jwtadlNTj2SIKkxLO3DNz4TAbG3Q==","mode":420,"size":3105},"dist/getConstrainedTypeAtLocation.js":{"checkedAt":1768031010770,"integrity":"sha512-9iZHJxDW9K0wGTyJEZOkKSxREiRhW4XJHJCG4Be9FkkwlNYAdH1BnTKzRQxBPjFNPBGOJEVILnfLFG3v0JZZTA==","mode":420,"size":821},"dist/getContextualType.js":{"checkedAt":1768031010770,"integrity":"sha512-UaTY6bmGZPqv8DmC3jAbQCs/EiYb5dHwQ9SwcEuz1h5mZIr1djW0DPaZ/bBwoliswUk1n0Kw0UhxqcVVfq6Blg==","mode":420,"size":3069},"dist/getDeclaration.js":{"checkedAt":1768031010770,"integrity":"sha512-0r0shiKpLb5pPAmg4qpf/5HKZfyD6CZHYX0P/Rc9Z2aAnJPSPUXupk+bgse3Cp+5Kg+N5ypvSbJH27/e3FBo4g==","mode":420,"size":407},"dist/getSourceFileOfNode.js":{"checkedAt":1768031010771,"integrity":"sha512-0m6+3/vbyZscMIiS8rT32tIAJ299TvvKYll7E99GeyowSYpo0wJzSkS1FOpailTQgLjYJR+v6kYJ+Tnmdoj74g==","mode":420,"size":1742},"dist/getTypeName.js":{"checkedAt":1768031010771,"integrity":"sha512-bbdgPoKMogiqSO23jMdGVq5wMRbVntxeG53UFfx1nDcLXiFoP9R/rJsmT1HeKTI96aX9rRnnkK/u/POJZvySWQ==","mode":420,"size":3440},"dist/index.js":{"checkedAt":1768031010772,"integrity":"sha512-7VJnHsoxW+xQKlkMaKQVKRKrWaNJCVVcaSTUTY7lky6IVyq6KRtM0RYThJ8Ys41HMyDmkOvK1jRlHqtFkWCJXQ==","mode":420,"size":2238},"dist/isSymbolFromDefaultLibrary.js":{"checkedAt":1768031010772,"integrity":"sha512-1V4AgmFXolntviaXth56U4vV/ETPHwQ8yR7EpYfSIiEY6gq8R9TfV4R17jxmmfqtYOyq7IvNmZc8fTb1ZfzpSA==","mode":420,"size":526},"dist/isTypeReadonly.js":{"checkedAt":1768031010773,"integrity":"sha512-d+2RQ5P2u45mt7+C9cmvmIkdLUPC49Ei40Z3sqy55ia6lgI1JrXefNpHBjR0jjQlk1roO1Tp7SKy6DiHXQnMxA==","mode":420,"size":10604},"dist/isUnsafeAssignment.js":{"checkedAt":1768031010773,"integrity":"sha512-3o2RLDbziPUVPuessu4PkK681cX43mb1P94fAofmb1EBwjeXTMEtnhMMBVC3we2EQRUL6ELUF9LM7D22Lm7gFA==","mode":420,"size":4711},"dist/predicates.js":{"checkedAt":1768031010773,"integrity":"sha512-0d5FLXDvAi4hj90xFFg3cZm1aNhjHRRRD2Pt/CxvwNjrLcpIWgrB12eml+AdN+eYmkg86aC2m5TA/LSTpQYDqw==","mode":420,"size":5668},"dist/propertyTypes.js":{"checkedAt":1768031010774,"integrity":"sha512-ziJ+OTDHZJzECfAeghiBOGH+QXJkl4iwjEsiDibt+I6GfwqDlWcJ1MYvVLi6zTcUdWGA7FpNsD4AaUNhQd8exQ==","mode":420,"size":1675},"dist/requiresQuoting.js":{"checkedAt":1768031010774,"integrity":"sha512-etgPboXVfB/NBXbZbepMWqSgOpKr2afZ/oyCrCK3FUyd8m/ATFxsWRO+xbQDvDKnF+UBGYnjiSCcALCxsjiEJw==","mode":420,"size":2036},"dist/typeOrValueSpecifiers/specifierNameMatches.js":{"checkedAt":1768031010775,"integrity":"sha512-AoqTqMO6LJC72iLhe+zEpRHIeuL8wSzub9f0aafUYnXjI6DrXAhJ1SjIyRYUZ45p3qXZQI1pms/qjhbrvR/65w==","mode":420,"size":525},"dist/typeOrValueSpecifiers/typeDeclaredInFile.js":{"checkedAt":1768031010775,"integrity":"sha512-MPiRsiB/7kkjYg2kpKLBOTqlRYQQCO8MBRNFPTMmkABeIgFnpnaxhTObbf+Qihzm/EtiA+QJuH5uRR6pOA/gZA==","mode":420,"size":1026},"dist/typeOrValueSpecifiers/typeDeclaredInLib.js":{"checkedAt":1768031010776,"integrity":"sha512-GuC7qP12rrialQQrjjGAQEmR4kske1LIQaL7sk8HHXUzuOLdglMYZmfo7/F20EBYx71s3j53enH6IKy0D1fXSQ==","mode":420,"size":487},"dist/typeOrValueSpecifiers/typeDeclaredInPackageDeclarationFile.js":{"checkedAt":1768031010778,"integrity":"sha512-gCNqtmobeO9fdAn3ZTFxiX7iv1Ec7C0XFCVJjab6d4MXEPSL+MZeb8t+XOXldU/ri3LrU5K3PNGtiwmg6H0Abw==","mode":420,"size":3112},"dist/typeFlagUtils.js":{"checkedAt":1768031010780,"integrity":"sha512-oQdLz/z8U5egXk0TEULHVpVB1BG8O4eOKj7qoniNt5oC5ss2Fhw5Kt3JD0yniV0iXqfljA0qYEkJQZNojRpsoA==","mode":420,"size":2806},"dist/TypeOrValueSpecifier.js":{"checkedAt":1768031010781,"integrity":"sha512-RMLeTVEIlGI5YEhljSdYMjVbWe9YkosYFTfoGLwsWCzPjc7ap+9e2Qmu5xaa+ch/KBq+tE5Kp4DHwuWvRNFjMw==","mode":420,"size":8353},"package.json":{"checkedAt":1768031010782,"integrity":"sha512-dzxxDRwxeFiefubyRwPJH07fUnkG4Q/ZHHTqfuu+3zdwqb7eNe5lA0KulBvuqEq45H9GEkZSkj6FZoB5vqAWIQ==","mode":420,"size":1915},"dist/builtinSymbolLikes.d.ts.map":{"checkedAt":1768031010782,"integrity":"sha512-FiV8HyGJjaLxFu562yb/exp5fXI55ApExHb84Mta4cUYEhYFZrQdZq5wgxHcC/1avzyabedICfkoin5x2fN6yw==","mode":420,"size":1413},"dist/containsAllTypesByName.d.ts.map":{"checkedAt":1768031010782,"integrity":"sha512-K979UoVae8nhxSLYkr1FcZ1OJrasCAKQGbRzjjMtc3S1M77CiYQWAdfxlbyn4s93MG8jJNzB54zrNU3jEykXxA==","mode":420,"size":327},"dist/discriminateAnyType.d.ts.map":{"checkedAt":1768031010783,"integrity":"sha512-+wRKJoMe+RZT4epE0hxXzS3I2lYlbNgQEK+fXMBCYkIyTmz7EjiXSDon/Ht+QI5xRYOPbD4OmP8ySU3dYDpfNw==","mode":420,"size":423},"dist/getConstrainedTypeAtLocation.d.ts.map":{"checkedAt":1768031010783,"integrity":"sha512-kWGUUV9o8u5IxKWG8s78ALntTCXtzybKN/wYdA8+K/2ExaNKgBJy3iX3kW4vk1p7UicJTRz2CO/0SD16R64T1A==","mode":420,"size":367},"dist/getContextualType.d.ts.map":{"checkedAt":1768031010783,"integrity":"sha512-QxLRvL2+oWlD1Wa+6eXdk3m70N3GAE/SApGSA2NOiz7cNcvBdSjWIQnPoU9qY9EMTtSfJwHjC/2+Q6fAyVvMiA==","mode":420,"size":295},"dist/getDeclaration.d.ts.map":{"checkedAt":1768031010783,"integrity":"sha512-0dkeXj3r6IMjrUbBHYJw+OzKOPUTBQlz0WpyaM84UAQMg189Evin7YsRSUJeZz6R+pskGLIPHSaN4m3G998lPQ==","mode":420,"size":342},"dist/getSourceFileOfNode.d.ts.map":{"checkedAt":1768031010784,"integrity":"sha512-KoYI31jHOgsx+1RfEomo5xo6Y8eIdRg9MTJaeLDefG9NMqM4u8TRx06b95WCvZFaki8GEogt/MAtWa7kOTmJwQ==","mode":420,"size":254},"dist/getTypeName.d.ts.map":{"checkedAt":1768031010785,"integrity":"sha512-FKAPjalCyNV2qdA2VxLrWdOmbl355M0gjQZNGmY7OTXfEErrDJs+uO+KU0htXA6k3dCvS4lBu7nSatQQbwjHyQ==","mode":420,"size":259},"dist/index.d.ts.map":{"checkedAt":1768031010785,"integrity":"sha512-NUlD/Rh265XKH0/R5CYaYKySrvaELlIOjz22dgdMEBUQcvjobmw73ku5KqMtmo3+z2ubll4i9f7az9eVHq83xA==","mode":420,"size":532},"dist/isSymbolFromDefaultLibrary.d.ts.map":{"checkedAt":1768031010788,"integrity":"sha512-FfpRxu1XluojT91i2sJB+WrjI6S8WuknoufjIRGIsB6Vtf+bsWukaco+m7lEFVB3NlCimo8bgO+mZAeSuTDOAA==","mode":420,"size":293},"dist/isTypeReadonly.d.ts.map":{"checkedAt":1768031010791,"integrity":"sha512-Wr8mlixeherub7Bg6U14yy1ksqCJHzhUxHmjte6WG7Gx/skpvRd5r7BaB5CdQj83Mt79EFFzc1H1JorewI8vfA==","mode":420,"size":615},"dist/isUnsafeAssignment.d.ts.map":{"checkedAt":1768031010792,"integrity":"sha512-9rDLXMASQ8uca8dG7ZWuBz6XQbSBDnys5Q8EpH9CH+rFJd0ZlVss7ZtLRv9QmDRKZj1F6VlmnYD6rehstPa/kQ==","mode":420,"size":485},"dist/predicates.d.ts.map":{"checkedAt":1768031010793,"integrity":"sha512-0g8xfYHcN+2OL3zlPLNKKT5Md0nJ/3RCgMZvb3XKMeu2znIbwXvwWBQQZk6tkP3Pjhch/Aq07WCXmJf+ljgKgQ==","mode":420,"size":1138},"dist/propertyTypes.d.ts.map":{"checkedAt":1768031010794,"integrity":"sha512-MZePvz5AFyQlgMQ01RcdsE1OYqiqWosjAtap2Nx7I+JcJNm+kOFQCQbQEOuW4tG4+E8mvTNvB0Xxfu//VmGrPA==","mode":420,"size":481},"dist/requiresQuoting.d.ts.map":{"checkedAt":1768031010794,"integrity":"sha512-hPx0yNMY51Y+S1gSMKgJGmT0c9qEH2TJRd/SZuhfSEtLHC/QDfFFHZGoYMTJ3MXhX7EGtl5tvdQWfYvgCxYhlQ==","mode":420,"size":258},"dist/typeOrValueSpecifiers/specifierNameMatches.d.ts.map":{"checkedAt":1768031010795,"integrity":"sha512-4Kd/e+3NbBrVR8jjMlOeppj0HGY6AE5r+o1EdN4lCXTvaRW/Psmkp8GsN9UAk+p3MkkF3hxXOmQft7a2Lh7H+Q==","mode":420,"size":300},"dist/typeOrValueSpecifiers/typeDeclaredInFile.d.ts.map":{"checkedAt":1768031010795,"integrity":"sha512-Gf0xvN+QAs3wbNi21pcnkHGNlybnN3BJwGfZ/Uo2ZQaNM1ZagDuFEITGIt3/iAMRp7FzvyYY8VKp7qlGeX0nEw==","mode":420,"size":330},"dist/typeOrValueSpecifiers/typeDeclaredInLib.d.ts.map":{"checkedAt":1768031010795,"integrity":"sha512-cQDarxLcBLh5HHGpFGQ8Kn7ztUUvrD9b2jEBY4q7RW2TVHcYvPxBj5INO1DAPUsMN7Wd4WnSBpby6ccWbc7Rdw==","mode":420,"size":297},"dist/typeOrValueSpecifiers/typeDeclaredInPackageDeclarationFile.d.ts.map":{"checkedAt":1768031010796,"integrity":"sha512-iADLpqCInj1v+gbCku8A9d409ER8aZXlLIE7/yJsBsUzsI8Cv5upoTCqQOFtLhcusgPdGbP+NmD8uIX+jZNDFg==","mode":420,"size":388},"dist/typeFlagUtils.d.ts.map":{"checkedAt":1768031010796,"integrity":"sha512-RoIcvVOVYz1O3/xWGd+H5LdPCm4rvPCdjpzdFBxRioEp1Q4dAVYVCt9/B+h0b+RDeeXiRKlw0bNvL7YcD+ECLA==","mode":420,"size":389},"dist/TypeOrValueSpecifier.d.ts.map":{"checkedAt":1768031010796,"integrity":"sha512-7WT0h2Y1TGVSdcMJWg2y9/yW0IxyhBXBytRsVNG8LqoWZOKssBLa+3AulUjrZyuT3QFZAnOCdx5q8va2UhSnNQ==","mode":420,"size":1377},"README.md":{"checkedAt":1768031010797,"integrity":"sha512-xCF+eu57+48hMcQ5oRXxtV4feMM1OOfHDnNR3AO4Bg4GvFZQ5iLX2VaFrVq1Feu7Dh9m0+PW73k3QMXW2YFiQg==","mode":420,"size":769},"dist/builtinSymbolLikes.d.ts":{"checkedAt":1768031010797,"integrity":"sha512-ba/y2z5Kl2cDYUp6a/rU85QhQhfdS4CZjb8JCXZ/hsXoPWJZ5Z2VBqrf8tCNSTMf0fgV3uLfewW714NBf2ge8Q==","mode":420,"size":1651},"dist/containsAllTypesByName.d.ts":{"checkedAt":1768031010797,"integrity":"sha512-8CkQ2rk5Ih1EsGKUXrR78xjw1LDcz/bOmiEdjxD9PDWt0o1/RebV0wVAYT6pwJYOahcX8wWDo/K07P29GqoMhQ==","mode":420,"size":641},"dist/discriminateAnyType.d.ts":{"checkedAt":1768031010798,"integrity":"sha512-F9/S0aQzD1KbE2VkjhY95iuk292yzHf7NHAeSEwDsEoeYKqglmGYStO9VhTfxcKma2LnyKBIqDN6DmhsSwgv+g==","mode":420,"size":536},"dist/getConstrainedTypeAtLocation.d.ts":{"checkedAt":1768031010798,"integrity":"sha512-z6kVNp9Y+IQ1Ll4t/xVX2siCX/ovtugDaujzn3WgkQTo2wq6H9yiR3dGzpYy01BD8mPomlGiAKT4q/uIL82d8w==","mode":420,"size":746},"dist/getContextualType.d.ts":{"checkedAt":1768031010799,"integrity":"sha512-jnlqTbvS3jqB2SwKpR3+pbf8P4d5s1LWuvYsQEvSVYULktNS7tuBjxNWt1sj5bQnGwh0WNnIsUR5YTBSHO6RKA==","mode":420,"size":413},"dist/getDeclaration.d.ts":{"checkedAt":1768031010801,"integrity":"sha512-qFnyrrTnsiP9+W4+cKbtUOq1IGtXrHNJ5XQ5K60SS/l8LBSLi1QdZUALUSFKhvnlw345DhgonwKe+Kcy08B56Q==","mode":420,"size":372},"dist/getSourceFileOfNode.d.ts":{"checkedAt":1768031010801,"integrity":"sha512-q2kW9mIKyQSfWryFnkyYc5o5Y+nOVor2/Vff11fY4KOPb57dy/tWcD8khzb3aAMcougsG2xpaEdpuoM9hDw6/w==","mode":420,"size":222},"dist/getTypeName.d.ts":{"checkedAt":1768031010802,"integrity":"sha512-nZ0FagI4Wp4ljNgsHJAIfQE1Ds80h+BxCIvNesRdQycFZTyq25kQ7z7KvOihnjU4AQacq4BjG1mfj+UriSIFxg==","mode":420,"size":322},"dist/index.d.ts":{"checkedAt":1768031010802,"integrity":"sha512-g1oRWH++cKlxRGmiJoySvxx7T+vWp37J68NkXmzXxnNUHuRAN4iZdzuALpnoZtdqEx5sSxgNifdyj8ckdfx0Jg==","mode":420,"size":745},"dist/isSymbolFromDefaultLibrary.d.ts":{"checkedAt":1768031010802,"integrity":"sha512-Op0bDo7IjigSldbYJQ4bv6rDcuUhmW5uarWsTMbaSb0/M9CaNGAeXiCC8pwppReaUe+TPEoUDGu4/JC985IMAg==","mode":420,"size":208},"dist/isTypeReadonly.d.ts":{"checkedAt":1768031010803,"integrity":"sha512-VlFVx31Nu9XpKUBBoWrmm7ebMY/xfFkNzDwdZ8hEkY8/dX6Apfru6QvuhR2giEOKnui2s6CZiDYj9hvg8+LZtQ==","mode":420,"size":4108},"dist/isUnsafeAssignment.d.ts":{"checkedAt":1768031010803,"integrity":"sha512-hLnSstJDz7DgtJiOTeg4ehezkVCKlgvkAfVYmtjz5REY0LrVHBSDI6B++LKCTJyhWzY464V2xCsRk83W6KA1Vg==","mode":420,"size":736},"dist/predicates.d.ts":{"checkedAt":1768031010804,"integrity":"sha512-tfxYt4crot8YLA8lFcI6wwMHdM7YjC10jjbAJcp97DyYk/2ype1LyioTCxdiPL5OLrhFmlPWoi8piCi/tin9eg==","mode":420,"size":1520},"dist/propertyTypes.d.ts":{"checkedAt":1768031010804,"integrity":"sha512-CHsnIl8u9LWR3Z5/7MCg3ktBClTyvTiNfZBtCIpfA4dQELgpaECzHzvddFJlPIUutrDmi+dJQUNEK9khojShCg==","mode":420,"size":364},"dist/requiresQuoting.d.ts":{"checkedAt":1768031010805,"integrity":"sha512-aiWS0pDkv8Rt24+/VbubclqrYfwOGlLLnOKLRSdBZU/utk+13mS8neJnv7t742zmE3DTy34vGc+gvFz6EdLZDQ==","mode":420,"size":296},"dist/typeOrValueSpecifiers/specifierNameMatches.d.ts":{"checkedAt":1768031010805,"integrity":"sha512-D1yDMsrh0YcBbJgbZXXYbHIj83qQG75mdBbLzJl+yWJxzaVmWATKbNb5XIFssV/dSmtsr23rPX9LnVjSeGzX8A==","mode":420,"size":185},"dist/typeOrValueSpecifiers/typeDeclaredInFile.d.ts":{"checkedAt":1768031010806,"integrity":"sha512-fK7sMoD6yf8lLSTb3k60MxUTZRALWn4djxZHhUHiGcPUvRoqtC2VgGsrftwnG/93lBcY2IOPwQc5LQb6qXnUUg==","mode":420,"size":230},"dist/typeOrValueSpecifiers/typeDeclaredInLib.d.ts":{"checkedAt":1768031010806,"integrity":"sha512-LcRq0orZOjxcccaJHdf8x49p4iwRDabu7EWYpdEFcZjjinftu8EeHJ0nYgZFVeriiKyZ56TDTaLifl5QQbPDEA==","mode":420,"size":194},"dist/typeOrValueSpecifiers/typeDeclaredInPackageDeclarationFile.d.ts":{"checkedAt":1768031010808,"integrity":"sha512-1XJDZCjSuXCjk5m+F74dwMMBVQwREmWB6P4l1iRlse+OKH3mJmiRxpfENE2tHSBG6rPdSGRERDj3hpTng68nmw==","mode":420,"size":273},"dist/typeFlagUtils.d.ts":{"checkedAt":1768031010808,"integrity":"sha512-7iJsdAhFgKA9AFKWklqqSSzAZn2sTcChLqztZ/BDX8uhjG2UTUqM929NGKMJ5dxV9s+AkwHBoGu0M+TJG1/CcQ==","mode":420,"size":829},"dist/TypeOrValueSpecifier.d.ts":{"checkedAt":1768031010809,"integrity":"sha512-GZ8mq930KNg6C0BhoX76dqmVuJit90a/15JEpmoV9mHAH+hWO8sP/FeZQqDmooGtWduiHm7rj4iO/WaRPblnmA==","mode":420,"size":4966}}}