{"name":"svelte-eslint-parser","version":"1.4.1","requiresBuild":false,"files":{"LICENSE":{"checkedAt":1768031073713,"integrity":"sha512-Ao1i6IQAb7UjXOzQ0HFQLma/F5uWBWgbDABwqMHqmL0J5wHhIJBmCOVq008NbITsDJ954VBAC7l7urXTPhHQRg==","mode":420,"size":1067},"lib/parser/analyze-scope.js":{"checkedAt":1768031073714,"integrity":"sha512-fJeR0vRCUw3sGfo/b1WnmmWvc9Yg41waea8xP690ZwS+A+A8+ys4Y35Mpv6HIqa2qEfrhT75/HJNT900D8r/ow==","mode":420,"size":11985},"lib/parser/converts/attr.js":{"checkedAt":1768031073715,"integrity":"sha512-bEySds2T2vTtny/GJCQoVcjOP/Gya48IJV+k+bUKJSTaIZojMDpHxOfOfJuBw6G2nYHYBN2erFB5EkAJBF79LQ==","mode":420,"size":24563},"lib/ast/base.js":{"checkedAt":1768031073716,"integrity":"sha512-TuHIj4w/TkzTTLbAAzm/nW0Db/St469J6HHMiWa4THKdi3VJKsxkE8mmZKwApXlYIjrBPEIp2oxi6+alPk94Pw==","mode":420,"size":11},"lib/parser/converts/block.js":{"checkedAt":1768031073716,"integrity":"sha512-HoK6eupAe5xXjWrLDbVRWCW+PClhTJZVOyS1VL4JrIB6+JHt3u8aGGqcOlFPEhlAXZwrsLq5mA4uwp0w7LZbVw==","mode":420,"size":19025},"lib/ast/common.js":{"checkedAt":1768031073758,"integrity":"sha512-TuHIj4w/TkzTTLbAAzm/nW0Db/St469J6HHMiWa4THKdi3VJKsxkE8mmZKwApXlYIjrBPEIp2oxi6+alPk94Pw==","mode":420,"size":11},"lib/parser/converts/common.js":{"checkedAt":1768031073758,"integrity":"sha512-/qc6eAjfSzgwdtZOTdEJWohltAINuZmTJLSKSPAeyRnMmk8N8xYqwqxYvXm4qCZcm1WoWW5M881AGYnl+JRtgg==","mode":420,"size":605},"lib/parser/compat.js":{"checkedAt":1768031073759,"integrity":"sha512-86Lw4qpUNMj5o+OZMuCUkrv0CFpAsabQdKzTRUd/s+U+TwoRAbMqfyCyDAhk0us0CTO1kvTnpgcxdW9gKMfHqg==","mode":420,"size":3868},"lib/parser/converts/const.js":{"checkedAt":1768031073760,"integrity":"sha512-UHN+w4B2vkiTOdCWX4RIm88mK/93Ak3GaIq58KL9GG3XdQAe85l2lckRKQNbSFtV28ZcwKZN4DquzayX8iDoEw==","mode":420,"size":1011},"lib/parser/typescript/context.js":{"checkedAt":1768031073760,"integrity":"sha512-T+d5u4Cyv48CgxBDojnDTk+Cb/1wB1gQ+5YX63bJZFbJGLFefs9XNRCcBJqli9LhCG5MwJqmHbTVVP279LQYDw==","mode":420,"size":1511},"lib/parser/converts/element.js":{"checkedAt":1768031073761,"integrity":"sha512-q2DY7c+e+Y7bL92yc8wWraTxEo+i9P1zA3hZClMsP9HAXz7byQFDiLc1GZEX8MvsoxWWOkrStTDiJ3LIZhD3xA==","mode":420,"size":24700},"lib/errors.js":{"checkedAt":1768031073762,"integrity":"sha512-48heeJJ4L6cn3I63Nl8cWEBxXJf8Rzl59ij2qw0OMvTXh6ebv1xp9gPp6Jlm2+6dVXd1Zl1shC845rP9waTnKQ==","mode":420,"size":358},"lib/parser/espree.js":{"checkedAt":1768031073762,"integrity":"sha512-CV5Nqndq+MZ0cv4x7mrPNsY/cUHjdU/PxtAdWrm9Xr+qlP/YV56pZSObHN2+nMXFjcgpa+cokVIMgi6zOkJWDg==","mode":420,"size":1328},"lib/context/fix-locations.js":{"checkedAt":1768031073762,"integrity":"sha512-fuHS2YZIRFjZWAgBbK0+59fv0pdFvOpCnn0fPGcfEKILwLMRkRz4gNZuCNi/ZrGayOEEtYpvDUvnGYbmwhADXw==","mode":420,"size":1903},"lib/parser/globals.js":{"checkedAt":1768031073763,"integrity":"sha512-MHjdo8p9FR1UQwbMm0M18WMR1vH2A5h5mI45l9lNK+6xhzRMmC9comdt6UybMCa/zXFm7FnYU8fKDutWEi7fzQ==","mode":420,"size":671},"lib/ast/html.js":{"checkedAt":1768031073763,"integrity":"sha512-TuHIj4w/TkzTTLbAAzm/nW0Db/St469J6HHMiWa4THKdi3VJKsxkE8mmZKwApXlYIjrBPEIp2oxi6+alPk94Pw==","mode":420,"size":11},"lib/parser/html.js":{"checkedAt":1768031073763,"integrity":"sha512-TY0JxtkA4ZKCesMxZocC0mD90JYKlKDE1EUDGm74qsqDy2Z/G+TrL4FZNvcP7b4LUgGdxRgF9wMd3Q4ku1DIjQ==","mode":420,"size":7125},"lib/ast/index.js":{"checkedAt":1768031073764,"integrity":"sha512-iSmA3zhjJqSngjLKTHbKd90Hl1RkO1Q7Z6nUcE/ZqVdho/r3CR//MgvoA9DdVhiuckZFmDjTvI7bYY7ONb0Vew==","mode":420,"size":85},"lib/context/index.js":{"checkedAt":1768031073765,"integrity":"sha512-mDu49AC1r+ayeBaLKNa4DOFoGpSlmmLVggY7PUuBbFakYnlN6CKZ5WgTHrtket4LoJjUaVguPDoO9OYOgnIosw==","mode":420,"size":12352},"lib/index.js":{"checkedAt":1768031073765,"integrity":"sha512-h5DzdV4Oq72IE5ThpGVDk+xUhsSDhHSlKXQEryP5kpTKBQl5wDTUTKz/SPB7cQyM2NTaopD+O6ZUgEnJKj0rDg==","mode":420,"size":65},"lib/parser/converts/index.js":{"checkedAt":1768031073765,"integrity":"sha512-UsMMEA/SFzXbfMFjVc8zZk0+Zgg2J0+WVn591i4CP3o60qv8JTdCz/F/Anso0Km6VDL16epAI55sgSjpf5vzMA==","mode":420,"size":47},"lib/parser/index.js":{"checkedAt":1768031073766,"integrity":"sha512-KJ2d9rCs/xzZyTCkugG+Zm/dKRyC/Km2OQ+g91RlhTLATG0hx8aBm4kFbBbbAdIbhZIEqChTg3ntU+KN5bxAJA==","mode":420,"size":8216},"lib/parser/typescript/analyze/index.js":{"checkedAt":1768031073767,"integrity":"sha512-BOhE+MUw7m2EA5Z/qrBuAYpiCjFv/2idz+8sb+toE4XEsdDXfvpNC5ezS0nsuXLKIp1QS6lNF9BL9++hUkJF1Q==","mode":420,"size":34918},"lib/parser/typescript/index.js":{"checkedAt":1768031073768,"integrity":"sha512-9933DlXnCEuUQhhrrhVAFoKL6tYzLjj46fwAsLgdjMlhWQXE/7cjU3YrujCh+gQRmqREcdDT9jZi3XRA2Zwd0Q==","mode":420,"size":891},"lib/scope/index.js":{"checkedAt":1768031073768,"integrity":"sha512-BNAR4KLMlpnmdIhVz/dk22LqGUJU7os807vNSdUZj5LDzP/0l39illyr04MzX2/TANQmtlRreDInm13Vu8Z1gg==","mode":420,"size":11398},"lib/svelte-config/index.js":{"checkedAt":1768031073769,"integrity":"sha512-B/NkhIDNW3p482ndydtz+urRchZ+G5vT7xuMMJ8hvCnIflSG2U00NCTRWxYHaN1n6WDMoRlEMlVnxJ3s2smBUw==","mode":420,"size":1984},"lib/utils/index.js":{"checkedAt":1768031073769,"integrity":"sha512-OtgXGt+RpT5D0KlNLGvA3n7R9+ULNy360yIvVt8TYMfO4TtktlwzPOPNHNIsEKjC9jZl8yLja9TrgsjKpSI5uw==","mode":420,"size":5643},"lib/context/let-directive-collection.js":{"checkedAt":1768031073770,"integrity":"sha512-ypMFojY8rf2gTckGmjFrjRNJCf8lSkYxPQRKDOZnGprDRleaDGc52zgr+c5JSzZkhyfXqKUS6WokrgsGoCgtyw==","mode":420,"size":887},"lib/main.js":{"checkedAt":1768031073770,"integrity":"sha512-1kcf6qWyE7+nOLBL+5eRvVyzm2h5y8+H5qN4KENqjUjxLOnlNB7cmhZcH3eFy9zfKeE+1ujTh9cr6e6axkx5GQ==","mode":420,"size":821},"lib/meta.js":{"checkedAt":1768031073771,"integrity":"sha512-+V9a1j8zno38130lEXLotCNM1pO3GNLMJVaKzGkE8FRMa4SmpyynqI/nDNvHmhwusXoQeehAevogkKbzpMXWUQ==","mode":420,"size":201},"lib/parser/converts/mustache.js":{"checkedAt":1768031073771,"integrity":"sha512-Hg34pzKdRRNLIvm5s7mK9MsCrppjfl/BEFzNUdh/+s3hlW+ooGtckfHVy7BOZQHEfrWrQnyyP68DlRIn4u0zPQ==","mode":420,"size":1607},"lib/parser/parser-object.js":{"checkedAt":1768031073771,"integrity":"sha512-Ph+XDnZU30TRtXhIrJEaT4owgKbFnYzsQdMaCPEcT5MuBIIvIWsBDUNxn4h5rEks1gU8hyCxgfwovJyg+IRzmA==","mode":420,"size":1322},"lib/parser/parser-options.js":{"checkedAt":1768031073772,"integrity":"sha512-HVsDcl7erQ3PjGvChM42seXOjZxE3dC61jCe08fd8j/iqZr40FoGSvS3KLIia9BoNlsYmsowVVgbXXgvcHsNPQ==","mode":420,"size":2513},"lib/svelte-config/parser.js":{"checkedAt":1768031073773,"integrity":"sha512-1r+/Q1n5sfGjP/SE0y7/3qgEYfv0x048pKnCZgttQ2tOfehYiwQZyDVBWtAMcG54K5Ofk16XzFdIJKvOopemlA==","mode":420,"size":9653},"lib/parser/converts/render.js":{"checkedAt":1768031073774,"integrity":"sha512-iHpiCm8P++Whgq+hTE7e7IkjGrPvNziQSXrc/jxBt7xTQY9UQc2mM1bPCzceepIzdBG98XP08ROxdEWbVMGIQw==","mode":420,"size":733},"lib/parser/resolve-parser.js":{"checkedAt":1768031073774,"integrity":"sha512-cFqrFfgJF5gYq2M4faVrfuFfj2GWErsTWu3PCGjRkCN3v4sq0sFQk5CAkBKGxAwgi96m04J9tRNr1eX7QkGLUQ==","mode":420,"size":936},"lib/parser/typescript/restore.js":{"checkedAt":1768031073775,"integrity":"sha512-D5XXwxo1oV7ibqxv7GxFk51Dm9HyNJmQgNX2GF5DboHtvO/FXBchX9XKkVBvUa1uC5egmhh69OXQx++0T7w/ZA==","mode":420,"size":5455},"lib/parser/converts/root.js":{"checkedAt":1768031073776,"integrity":"sha512-+MyTZ2FGGvQ4Q4sIxeIg0ikrO8e/uUAYscD8OUlRTqWEfA0fKaqq30bXZupJ1GaHGs5gLNih4h2WYo92wgWvbA==","mode":420,"size":9338},"lib/context/script-let.js":{"checkedAt":1768031073776,"integrity":"sha512-48ONYVfEBZPzpmfLdBASyWvD3a/Z5vbff/eFysQr5KTN/ZuSkJ8Wt4/mXtIVAoaQ3+g7TmDKxeCvPQS2p7FHZQ==","mode":420,"size":34511},"lib/ast/script.js":{"checkedAt":1768031073777,"integrity":"sha512-TuHIj4w/TkzTTLbAAzm/nW0Db/St469J6HHMiWa4THKdi3VJKsxkE8mmZKwApXlYIjrBPEIp2oxi6+alPk94Pw==","mode":420,"size":11},"lib/parser/script.js":{"checkedAt":1768031073777,"integrity":"sha512-OD17L31w07vgrcgLSHAoRlq/w3BYg9+X6By+zAmPVa3ZRQlqDLCt0fMOLQukcEtSBrFjQx3Nqo06+K3iosRxZw==","mode":420,"size":1877},"lib/parser/typescript/set-parent.js":{"checkedAt":1768031073777,"integrity":"sha512-a5sIVJeFRv/snpFR24TUPnHmSE3DA1aMbu1bgE6yt7T55uKh4UU8PYG6N143k7XTjIwq2v9maYyYYi4PCqz5qw==","mode":420,"size":376},"lib/parser/sort.js":{"checkedAt":1768031073778,"integrity":"sha512-bTLGG//5YF56+18TCxp9/cMw9/QcqFyoZu0SwAqNAsqeAgV7Jq83s4MliycYdFQrmT/3GRHzJl5l3n51o6zYjA==","mode":420,"size":283},"lib/parser/style-context.js":{"checkedAt":1768031073779,"integrity":"sha512-yZoDI/f7F/9AJce4TXEgTtWmK5WP8dMkTRTaldiRb283CqHU7Bktx4zT3jl2+/d2tNZDyXZFiuDQVoTvn1Wf4A==","mode":420,"size":5162},"lib/parser/svelte-ast-types-for-v5.js":{"checkedAt":1768031073779,"integrity":"sha512-TuHIj4w/TkzTTLbAAzm/nW0Db/St469J6HHMiWa4THKdi3VJKsxkE8mmZKwApXlYIjrBPEIp2oxi6+alPk94Pw==","mode":420,"size":11},"lib/parser/svelte-ast-types.js":{"checkedAt":1768031073779,"integrity":"sha512-TuHIj4w/TkzTTLbAAzm/nW0Db/St469J6HHMiWa4THKdi3VJKsxkE8mmZKwApXlYIjrBPEIp2oxi6+alPk94Pw==","mode":420,"size":11},"lib/parser/svelte-parse-context.js":{"checkedAt":1768031073780,"integrity":"sha512-KEANdqSMmAE0gjQtTZoR8EJ3PQVW4EqSHJngTZuUPNtX015hew5m8FuEHOYDIZbI7vq5W891GrvF84fSHs9SJA==","mode":420,"size":1776},"lib/parser/svelte-version.js":{"checkedAt":1768031073780,"integrity":"sha512-8cuqPO6k9Fccfqv4kdSEIf+APYI84qedHbo2hrM9KvLdT+JVwnkJt/gUZcxK0Kgy5rmYLy4tUvoqqvsh3TJqEA==","mode":420,"size":234},"lib/parser/template.js":{"checkedAt":1768031073780,"integrity":"sha512-Fik7lpCdnyFLo351NZZwgZ55rkeA12Bm+pAJCBDCB3TWaClsytn5nrXRhB2ldUBZ0TktH4ZhgXXiu7qEVYvtEA==","mode":420,"size":1057},"lib/parser/converts/text.js":{"checkedAt":1768031073781,"integrity":"sha512-TJRswG4X9HsdH2kV9HxaueLd367ISLEUWitcbT6Nf9Xv7QnaxEzEHungPKhQStqK2pniQxCP0b9dco4/kpIQxA==","mode":420,"size":1073},"lib/traverse.js":{"checkedAt":1768031073782,"integrity":"sha512-F3qn64XPKIeH4uBQ7mRPUeOAsL51EbPfc6T0XMchWHctLwS6Ffj47zNLmepOppA9vswJTTOCW9mBoDxBygg1Bg==","mode":420,"size":2398},"lib/parser/typescript/types.js":{"checkedAt":1768031073782,"integrity":"sha512-TuHIj4w/TkzTTLbAAzm/nW0Db/St469J6HHMiWa4THKdi3VJKsxkE8mmZKwApXlYIjrBPEIp2oxi6+alPk94Pw==","mode":420,"size":11},"lib/context/unique.js":{"checkedAt":1768031073782,"integrity":"sha512-X45BGA9+e8ObMzoLjkDpJzTNC8JChmzcVftF2KlPepWqQy2DpTcFlspsuGfMPmxv5U2ZqODMF8ENa7vzwVm9OA==","mode":420,"size":533},"lib/visitor-keys.js":{"checkedAt":1768031073783,"integrity":"sha512-aI9EevZQUFHvSAQCUrKV/OjbMleoe1eRqmRLZBdmG/ukqZsk1p2N+yBcrtP/ZSeorv+aeSPi7fgMT6kewm/rxA==","mode":420,"size":1753},"package.json":{"checkedAt":1768031073783,"integrity":"sha512-HKeG5Ags3fKiiJUeY3xaGlLEzhT0vx767ryz3Vc8eIn8zFU8YaLANcCPWL7JrkZ0HnOu3mRcv5Qcbtc9u7ABgg==","mode":420,"size":4120},"README.md":{"checkedAt":1768031073784,"integrity":"sha512-UZMqCJPPfTyvFbcNGXiz7eG5asL2nrUfO2mWuOLKPSoD6K87eANCrLKWV4zyud/QInqJGKznVN2HX56hgYe0zA==","mode":420,"size":7935},"lib/parser/analyze-scope.d.ts":{"checkedAt":1768031073784,"integrity":"sha512-GLYMw2X1tBcNt2SiHjwMxjX7vFAiovskX/34z87izQAKfdGPJ+fhsi33UbXOALwcQshgQWfZt1KonbF/xUoU2w==","mode":420,"size":1038},"lib/parser/converts/attr.d.ts":{"checkedAt":1768031073784,"integrity":"sha512-/l72NHAenMiCml1hMhruFTQjeE9HAUyIDZ2gewA3cb4jLfzSGG8uugLvpv3oJheuGT4Wep49CjZ8aTcUUaYx7A==","mode":420,"size":743},"lib/ast/base.d.ts":{"checkedAt":1768031073785,"integrity":"sha512-k/1U0NbjjEUbUINzTxBXk2RAvywd+zFZgFRzNStDWlxPy2srRa7P9pQq5pfgmHthy98hZ0v+3Ggwm0hufxIqEA==","mode":420,"size":112},"lib/parser/converts/block.d.ts":{"checkedAt":1768031073785,"integrity":"sha512-AZHgx9xbdPm0PpvnPclOOp8j87iHwF7EmMizl7LCUA7GHfAX4gleeiB7UsFc9C3sCfu1D+BDS/NoM5spqtmPuA==","mode":420,"size":1398},"lib/ast/common.d.ts":{"checkedAt":1768031073785,"integrity":"sha512-sNnSpBJ2XQkNKzO9naO8UCzQpAHoLc4TXSJ0O/zYuiIpvYPrczZOcFJNRZOUpX+lsqMPOTP0b856asJ1IpVTwg==","mode":420,"size":715},"lib/parser/converts/common.d.ts":{"checkedAt":1768031073786,"integrity":"sha512-xrk9qGX+Jvq3tIxA3QScjVBN4kt19q6ML+/3DX+r6LTSDLMtIqQI7m1veOEHEz8FWGEq56dMwuNUQKMsVmXGHw==","mode":420,"size":782},"lib/parser/compat.d.ts":{"checkedAt":1768031073786,"integrity":"sha512-s6RbC8L/RGAkVtgPXQVQfPS3yyUtWnbT+R6iWTqnbr9q110Ps6nhHo2Fr1jzfSGLqoTD9CwPr4VeMiIXXqhkoQ==","mode":420,"size":2973},"lib/parser/converts/const.d.ts":{"checkedAt":1768031073787,"integrity":"sha512-aPMtM+NeiKUfVTQGqRIbmtU4iRzToSbAlWp6YyYnlsn4rQhVY0QBwpQHgRBfBzYjWokF+IdEfhgdlxYwgjD/kg==","mode":420,"size":406},"lib/parser/typescript/context.d.ts":{"checkedAt":1768031073787,"integrity":"sha512-RiC2g+TUHRMc/ug6mlN97H0JbdXjXDyxTGYLwMdz583xgbJmrnmLq88cS4Y72vZ9HoChpTV7T5JHdI0aUe3PEQ==","mode":420,"size":820},"lib/parser/converts/element.d.ts":{"checkedAt":1768031073787,"integrity":"sha512-VGbbe0f/Bvq24e+vjGnNx6QhT41duy/3RV3A/f4jaGQ/cq6vEQnFgdO2o761vxqAbv1PivjXo3h5YGkutUYg9Q==","mode":420,"size":1620},"lib/errors.d.ts":{"checkedAt":1768031073788,"integrity":"sha512-cdLzZFMDtYguEcaH4A1vBs0CHLm5eMbY78ezQ8IxvMu2KA5Cp3Sev2DMIqpu2M1LuqonDvPQh1gkUwntKqx3xA==","mode":420,"size":326},"lib/parser/espree.d.ts":{"checkedAt":1768031073788,"integrity":"sha512-bWjq0VuIfMmzNVV75cvlC73vrOOgfs7uQN+kyQ/W1S0WnlftCRCgtiS8QH3hx0N2qWDOYrkGLHmvdVzjP58VnQ==","mode":420,"size":276},"lib/context/fix-locations.d.ts":{"checkedAt":1768031073788,"integrity":"sha512-bvaB7xbpSwlBgigzZmvGzKbYdNNLk5NpVwNio2PbJfwmZ780VDXajngg21wCA9D3ez6ZlqhcYOwDgI59ux/2Xg==","mode":420,"size":349},"lib/parser/globals.d.ts":{"checkedAt":1768031073788,"integrity":"sha512-/SyaYyAQc5pAsselnxPYttWPaFR7WGj7xBPJSPz6+lXnaNwVCIqzCJNWuUX3Gzqi9G1pgySQ4p9OuNQZ5lYR3A==","mode":420,"size":584},"lib/ast/html.d.ts":{"checkedAt":1768031073789,"integrity":"sha512-olZA84iEFKrfKMoIzwL2r/safkTm5wDxql7YYZxPG789hMqpyH2Da87jfp8zxSh0Zd47fTiMCqbslvWzr8+SqQ==","mode":420,"size":19300},"lib/parser/html.d.ts":{"checkedAt":1768031073790,"integrity":"sha512-SaCu3i0ZBgKCZpLmhQHp19DJNhBonJElrkxbQ3HlWdBT/iRr4sXPPo1bz4fxu/wGnxiFkflJvl7hhtrYjzpO0g==","mode":420,"size":229},"lib/ast/index.d.ts":{"checkedAt":1768031073790,"integrity":"sha512-VM1j2Iy188r1npMv7RCIji181vxyTLi/IKGnQ/GnYxKvxPDQO4UZmW9b/ASt64d7ZDgLfl8Zv0flTlSFUXZNGw==","mode":420,"size":247},"lib/context/index.d.ts":{"checkedAt":1768031073791,"integrity":"sha512-uEDurjPlTajGbhAS5QCKovLhlv7WNPIc04BjTHphLyiPwvVhc4O/hYdhI7FLSJ1fiLdasS9rgwViLTg+PaJIFw==","mode":420,"size":3944},"lib/index.d.ts":{"checkedAt":1768031073791,"integrity":"sha512-h5DzdV4Oq72IE5ThpGVDk+xUhsSDhHSlKXQEryP5kpTKBQl5wDTUTKz/SPB7cQyM2NTaopD+O6ZUgEnJKj0rDg==","mode":420,"size":65},"lib/parser/converts/index.d.ts":{"checkedAt":1768031073791,"integrity":"sha512-UsMMEA/SFzXbfMFjVc8zZk0+Zgg2J0+WVn591i4CP3o60qv8JTdCz/F/Anso0Km6VDL16epAI55sgSjpf5vzMA==","mode":420,"size":47},"lib/parser/index.d.ts":{"checkedAt":1768031073792,"integrity":"sha512-jmkmKQ8i/McMYkN2b1TZUT04o3S8oTUROQ/ICbBMEzhjCvX4m+cvaOTojjaZrUSMuogNwxaoWhBia6ZFgI9Mpw==","mode":420,"size":2085},"lib/parser/typescript/analyze/index.d.ts":{"checkedAt":1768031073792,"integrity":"sha512-sFVcYdaRuwdwDz999tYyGWeiXkn1f95cP7ewjJBPlUETIdOuIeK+h4uo83qEvDQSAMQRHEW19Is8kVSyDctA6A==","mode":420,"size":1366},"lib/parser/typescript/index.d.ts":{"checkedAt":1768031073792,"integrity":"sha512-LFunU4OS+YtFC71pBKrsoBEDXpPU58K+DEbSjH2tn270CNB35XIkhz+ngItcHASkorp2C4pTTFs9YdZTNYHFEA==","mode":420,"size":806},"lib/scope/index.d.ts":{"checkedAt":1768031073793,"integrity":"sha512-MmYRekxzMpSox570oX15cx4CVUyeALcBKJ+X/rrUB2y7o6aOp24HSTJ2xH/Xmw44WkV61Y7mPmPFXepph6H8Ug==","mode":420,"size":2290},"lib/svelte-config/index.d.ts":{"checkedAt":1768031073794,"integrity":"sha512-xnQ4apR8Gx0s9TBPmi1tS49Gch46agHAOcFTl9kiMRRlMO3asn2yESEIrs+qZxBybFuPeOAHrgovjN8Lj4GPdQ==","mode":420,"size":2169},"lib/utils/index.d.ts":{"checkedAt":1768031073794,"integrity":"sha512-4ib2YaGs5cs7LIx8JewB6YakyNGGG4J08TmTYiXbqgOHkJ2Er1WjZ6fmT+e9CtE4M3JynR9QWo+LRRHkIi/1Bw==","mode":420,"size":1056},"lib/context/let-directive-collection.d.ts":{"checkedAt":1768031073795,"integrity":"sha512-7Bvv2rvvIPYpF6UzmIExBFq9NP/KnHMvYFiF/QXg0u2ZJlMFbfU1sPl0GHexJFZy/F409yKVNZNyDbDCm6Mt+w==","mode":420,"size":746},"lib/main.d.ts":{"checkedAt":1768031073795,"integrity":"sha512-PvfuYDjChi9Y1yuWijRhNnXr++LY+Cuae6wLxmT+eKm9A1gh1w0UdN1YstairaAa0Oekxutgj9E6Q6/CYaIQVw==","mode":420,"size":631},"lib/meta.d.ts":{"checkedAt":1768031073796,"integrity":"sha512-1+HjWSYxHOG72fj8i0zJYtLpkcJQyGUdHKUcWuS1BFMvzZIJXt2DhkZEfVw7bflDYi6Q/7xkiIcyzEkcdssFhw==","mode":420,"size":90},"lib/parser/converts/mustache.d.ts":{"checkedAt":1768031073797,"integrity":"sha512-O40Pv+ujJWidI55SJf3j9VoaHVaxPnAJIlR+8lPIwpRjzIOtU5PC7X8LLxhsICGGcB4W8EPBfCQ8dABhgcEsrg==","mode":420,"size":870},"lib/parser/parser-object.d.ts":{"checkedAt":1768031073798,"integrity":"sha512-2+aYXK+xHdGVTJufsiWu3Sudm0aUBZnt9jsZQCTACp/SzEajS0pvx/1kLILdgHId1UXrfhWkNOJqt1YMiWVAjg==","mode":420,"size":1498},"lib/parser/parser-options.d.ts":{"checkedAt":1768031073798,"integrity":"sha512-U+AdkG7PSythiyM83FSMBnS6bOD5u1QxG1zp9jIFD2qvhbOygztZyJfAKetGuO6o6A5Qivakl4SlH75zWSU5tQ==","mode":420,"size":1430},"lib/svelte-config/parser.d.ts":{"checkedAt":1768031073799,"integrity":"sha512-ZUkfLbYxuOxIJVV7vzj2D66QndR44i8p6D526kcVFgbznBs7CxS5q9LZrUYaMshjAQCYgqSojsu/dVzjVEqFjQ==","mode":420,"size":120},"lib/parser/converts/render.d.ts":{"checkedAt":1768031073800,"integrity":"sha512-WIInL9dnaEDG3045K3Jjtb3BtLXMZCcrtABuvwHTB1ujMDyZ8qEeotCeuRobGiVVhqrVPv1Hmmhx1iKP82Ihgg==","mode":420,"size":341},"lib/parser/resolve-parser.d.ts":{"checkedAt":1768031073800,"integrity":"sha512-PvEJVvz7/sIdCrEY3CjJJR9mKPJsQX+U0M/wKeg0i2f2av4v/fgo2InQEmnriaowMTKlQ4ISIkKb1f8tC9+xdw==","mode":420,"size":468},"lib/parser/typescript/restore.d.ts":{"checkedAt":1768031073800,"integrity":"sha512-EWO9sdtBANUvCg+5pujV5ZcwQMm2NRk1y77stYfKMJ8KxvByfwaM5uySSLD3l6NmLI/NbA+J/OMcxj6CzUm+xg==","mode":420,"size":1921},"lib/parser/converts/root.d.ts":{"checkedAt":1768031073801,"integrity":"sha512-2oOenIJb908HMJG4Wroqp1NkGscGT1kbP2ySkGhzIYPx2d5/yDRhQNmzyIWRDQSrb+MuDdBG0t4fIBidZZLSYw==","mode":420,"size":370},"lib/context/script-let.d.ts":{"checkedAt":1768031073802,"integrity":"sha512-5/5lNilpTS5930MGHFIuEmPlBttSvwrwQBVluTACTIT0mInRokf4n/xuC4Kl6Xx81frKj/uc9b45kpVIjmhm7Q==","mode":420,"size":4381},"lib/ast/script.d.ts":{"checkedAt":1768031073802,"integrity":"sha512-Z4u+CNTDb94QeUgATXoz8xcy4LeN8dfFIGue4SME6lgBC96XDAmkGKQefeWmwoqqGskJxHeTq4hAcGqbVKKUXA==","mode":420,"size":792},"lib/parser/script.d.ts":{"checkedAt":1768031073803,"integrity":"sha512-B89k/UN7rHyzkR5lO1M1MpWVQJdbGcyFEzPP78XKRfGnXjgGR2m29MXx8dMK/z/xye3xa8vFU0YDZicl4hYwhw==","mode":420,"size":725},"lib/parser/typescript/set-parent.d.ts":{"checkedAt":1768031073803,"integrity":"sha512-AAPdjwD0Ws96xy++hms3ZBByIGXxLBO8pm9E/GvPFvFIm3dssB5lNEa96M3zgVCj/sBbwbCvcSbGFSbnmxOgtQ==","mode":420,"size":217},"lib/parser/sort.d.ts":{"checkedAt":1768031073807,"integrity":"sha512-44mQEvHwhv3lthVDFzdm5nJlHf97N5lBlikTPeSqqcqrL0jcTz/aD7GIUONEljII5pclnIyFXfTzB9a9ilCSEQ==","mode":420,"size":139},"lib/parser/style-context.d.ts":{"checkedAt":1768031073807,"integrity":"sha512-pQU4Bpr/n/g3PO0UljNaxd4bxx9fe5f2hmrvgXoA692Vk+UCfY00BAbMiaXyXE3EwBKFHGXgtlH+cQgSFmD4wQ==","mode":420,"size":1704},"lib/parser/svelte-ast-types-for-v5.d.ts":{"checkedAt":1768031073809,"integrity":"sha512-QlYGt1b5QQ4SElqqbu6clAAqew8U6tgTxOkJ6hqUQcNJZh3eg4aXK8hoIVqiJvk8YWdeLO7LLk2qk3jwEnwQSw==","mode":420,"size":2363},"lib/parser/svelte-ast-types.d.ts":{"checkedAt":1768031073810,"integrity":"sha512-BWcrPkL3tX18Ql2v9YoabUo4vg3UFxIxaNEemkg06VTnQQcI9zr3oQTZoBjq/wQQzs8aBQruPTa6eRzjcrLmng==","mode":420,"size":6143},"lib/parser/svelte-parse-context.d.ts":{"checkedAt":1768031073810,"integrity":"sha512-1ninTlpppqxHQdiiyp+jB91x5VGQdxx5e76NZal5i0/7QqbTeGTNC5xIg4Jp0J8zcfa8cSBDwkoGc20OcoQEMg==","mode":420,"size":1309},"lib/parser/svelte-version.d.ts":{"checkedAt":1768031073811,"integrity":"sha512-fezxLl6oeQwXa5Q5OUi0tdMOVYJ8JSoIggQo7d+93CmnGjbP5x2Y+0QFep59kZatSVoH3P2T+ZJ72koQ4OPCCA==","mode":420,"size":160},"lib/parser/template.d.ts":{"checkedAt":1768031073811,"integrity":"sha512-rV298oVd7j/eRTEaTDNtyrNs/b2Vy6xZiNkcRC71OrweVfsb4dajUhWPnWmxtR2Zok7kctQUyzXIodDSaYaX5Q==","mode":420,"size":504},"lib/parser/converts/text.d.ts":{"checkedAt":1768031073812,"integrity":"sha512-OCLxiOxN0uKe3NiiFW/FblMRtQMUpkUS+aYHaUJUKYCjdwez3X3yBY3VVTM9+qNgPb9zvhMBZJIG7F6fjCL/CA==","mode":420,"size":474},"lib/traverse.d.ts":{"checkedAt":1768031073812,"integrity":"sha512-PG2TDuMOPccdtcVul3LaxHJYS0PV+/vp8Ph85L64t1qmieVgjgo5ZvJ7lmveL3Ch568sZ4CcrlnyGY7/npf55Q==","mode":420,"size":1493},"lib/parser/typescript/types.d.ts":{"checkedAt":1768031073813,"integrity":"sha512-IUadyyYBxTVgVmh328MWxq/Oo2nqJJSDnANrteKPSseMabNjAmdiKLLFuyyoyRAgI+EVVOPe1nDqvIGKnkvMgg==","mode":420,"size":139},"lib/context/unique.d.ts":{"checkedAt":1768031073813,"integrity":"sha512-fxPnzDaWZH1KOKM1sUDl9Wh3d7t8g7vILjOZ+FVasrIDTr6KBMDwiSKkgER6UsRHwRMHK04IFjOtD2VdogGKpA==","mode":420,"size":160},"lib/visitor-keys.d.ts":{"checkedAt":1768031073813,"integrity":"sha512-HE4syhlVF6gqjT6llSGQW6JxZeic1C5GF+spxVzucmGX6jizXoNH5XVRM21KPS3joqu/83M28/X9UR5Br13bkQ==","mode":420,"size":93}}}