{"name":"@sveltejs/kit","version":"2.28.0","requiresBuild":false,"files":{"src/core/config/default-error.html":{"checkedAt":1768031007041,"integrity":"sha512-Yc2nEFdodz9rtJzShPf5s8iSrWX2lDhWFb0LGTza3xyrzJ33htaZUoBT++MIqHn87ELM4whsMKaeoG39LGoa8g==","mode":420,"size":1364},"src/runtime/server/page/actions.js":{"checkedAt":1768031007041,"integrity":"sha512-kJ1sQPwExNtetkjJnUDgBTZL7AmnCRG5V6kiozFL6olyUPu4tC7ivOvu3FPmpJqVZtzzfW5OqWar26JSlMtHIA==","mode":420,"size":8729},"src/core/postbuild/analyse.js":{"checkedAt":1768031007042,"integrity":"sha512-pRifQYeYtNIVGflmW2D2CSYUOXvSBlng4aCeGsPQMFeTvKS3oDzzk+huupeCcQN84x+G7j7PHepzrr1H0zwJxA==","mode":420,"size":8205},"src/runtime/server/app.js":{"checkedAt":1768031007043,"integrity":"sha512-qgEFHiv6FTLW7stzhfaQJJ2IpB7vIL3PgMidNAY7+wqFhO7YWfSmpT2v22oXZED7G0bbEPVCpbYZL4l5u2581g==","mode":420,"size":205},"src/utils/array.js":{"checkedAt":1768031007043,"integrity":"sha512-Cu3O818LdaJ/vUscecZfjMtOTnFTy63BrrOseEny5gkb/QGEazXDLy2SBiBa7XYH6M9qN+gSiwxKB33D9Qp3cg==","mode":420,"size":207},"src/exports/vite/build/build_remote.js":{"checkedAt":1768031007044,"integrity":"sha512-60R46Re8j+87UnR2x0kMuFGqlPc2TtOrd/7isGtt0GHddFhlVjN9WeekMTiDaIGz0q40b06mbR5LN+cKq/W9CA==","mode":420,"size":4146},"src/exports/vite/build/build_server.js":{"checkedAt":1768031007044,"integrity":"sha512-+Bwe2VwNOcuEmECB1W1yFkEzBvkZUZ4xkLkzRbYescLb6Ol02W1vj/SBwYMpjZ6L2Qr0o+eBXEE+7DIkQq20/A==","mode":420,"size":7770},"src/exports/vite/build/build_service_worker.js":{"checkedAt":1768031007045,"integrity":"sha512-TloqWOkJDgOO9CwuPTtMDqpz+VeVU6gZdCYaFLCTZ15gJBWs/MAxcX56jMLi9fvhr7XQi5zwOWBhZDc5P1BE6g==","mode":420,"size":4126},"src/core/adapt/builder.js":{"checkedAt":1768031007045,"integrity":"sha512-iD2xtIk5fT8M5VuYTWIjbGS5Y8ENzY8wYddzELUYU6n7/PoU9EYAibGL3uOgY3BTX4t4ShDQhWJMGv6JlbSSpg==","mode":420,"size":6985},"src/runtime/client/bundle.js":{"checkedAt":1768031007046,"integrity":"sha512-oqNcdBO5cFAJDhW4VxL5+k6Ld0oXEO5dVtTEhYUYTN2CMV6dqf22b2OZed2dyOy5rs5dAvtvwfmdtmWpB3iEvQ==","mode":420,"size":374},"src/cli.js":{"checkedAt":1768031007046,"integrity":"sha512-X58svUcjd3/cIp4tpo+HUaw+NPnkUC0BBmV8RO1TjT4E1yqnL3YqjDrQhWOf3KTgE9ATYgVRS+S0KQaST37WcQ==","mode":420,"size":1390},"src/runtime/app/state/client.js":{"checkedAt":1768031007046,"integrity":"sha512-dAGc0i6UJPQlGRr+NJo/ukTDi954vQksVvzNazkgR4obUWwGwsYIbL7KiiDq/rs7phD2GW/hZicC1Cx9+/MEGA==","mode":420,"size":1361},"src/runtime/client/client.js":{"checkedAt":1768031007047,"integrity":"sha512-vte+kADVa/6250Jqai3ayr8qXziunDMdyglz2A8nJV9kQDRaP4Lo7mm8856yXMw4TEI/yI56LdnEZSQdaIu6Mg==","mode":420,"size":90221},"src/runtime/app/server/remote/command.js":{"checkedAt":1768031007048,"integrity":"sha512-FsQAuRVncLxx4z/gVqMteKJm+JdYfygCyU4N2f+ORr0ZcvoPFMuZCqf3nketa1ltN3xd1862y4+JYPp3aX228Q==","mode":420,"size":3044},"src/runtime/client/remote-functions/command.svelte.js":{"checkedAt":1768031007048,"integrity":"sha512-/0WjRlb9tU0r9RaJ93kiLc5LlbIMUdhye4ZllghCOYOOqPiKuDTEnfyrifByvBvN277gKqDbsprFWq51DEJiwQ==","mode":420,"size":3070},"src/core/sync/create_manifest_data/conflict.js":{"checkedAt":1768031006991,"integrity":"sha512-z4PhNX7vuL3xVChQ1m2AB9Yg5AULVxXcg/SpIdNs6c5H0NE8XYXysP+DGNKHfuwvY7kxvUdBeoGlODJ6+SfaPg==","mode":420,"size":0},"src/constants.js":{"checkedAt":1768031007049,"integrity":"sha512-xFXlMZgYK0AvpSoTQWS0t0mOomYcCG9ZCsaBWtgL0RDMcF+nhuyzxlH19tdsgIuEAmvG5FRJCiwhqhsKiu2I2g==","mode":420,"size":447},"src/runtime/client/constants.js":{"checkedAt":1768031007050,"integrity":"sha512-6NUwC/KVD+qWD65Z4PAYVNlIw3EDWWAA83LFJg6oah/5WUcXRhWr3fi/Bz9b+lxMVL5S+CB16PufApJvj9Y5Jw==","mode":420,"size":427},"src/runtime/server/cookie.js":{"checkedAt":1768031007050,"integrity":"sha512-O2AglhniQ3tVAtK5ItNDyWO0ug40IgD9LBAHkClOUYV6S8cz+hw53uJZPcWFrJQrUaGublHelUEAxA6Yo2AFgg==","mode":420,"size":8753},"src/core/postbuild/crawl.js":{"checkedAt":1768031007051,"integrity":"sha512-LTQyNojNjSPDLn5+kI7p6tVpid6nksiUj3T/cajkxljumSTE/o2HXJBVrGXBE5jiFuJM6CDEaEpsTRy9d2ZBuQ==","mode":420,"size":4956},"src/runtime/server/page/crypto.js":{"checkedAt":1768031007052,"integrity":"sha512-+/3QFMutiZQulpxfswHt1oVCWIadeaYomlgo9aVZjFkBn7pbBhFpxVxkqGcKcRMA/uKMZl8ONR8q+VIwfqaGRg==","mode":420,"size":4252},"src/runtime/server/page/csp.js":{"checkedAt":1768031007052,"integrity":"sha512-bGk3x4okjPJNHmcp5bFMZdKyfYlTTx/01zamhB+EOAMG5Kp2Q82cjRY/yzmQE5Z00hwXO+GsW9Yv/0YTxy44jQ==","mode":420,"size":10253},"src/runtime/server/endpoint.js":{"checkedAt":1768031007053,"integrity":"sha512-1kXSgpcx1VMXy91gG/iUGd/imruEmYDfZAXmscdfKGrYnl0sOvWyht6JUqkXL9RSEi1MoB/9tbi2TSfe77fDsQ==","mode":420,"size":3551},"src/core/postbuild/entities.js":{"checkedAt":1768031007054,"integrity":"sha512-2a5Dj8efcmjb4PHM3X9+0ol9tpGlbzdJqJC7wDHiqM241k5EFTeNMnGs6w9glta4RITqXx1zQ/h0awcuZK4WMw==","mode":420,"size":43483},"src/runtime/client/entry.js":{"checkedAt":1768031007055,"integrity":"sha512-ov+B10jE2Dcgbs2wAr5uMPMOJM8fg9ZwEtEIL9fVdXhi6vEpfJc8XmnlgBd33wnhabv8RxOocL8X6a4Vi02n8w==","mode":420,"size":213},"src/runtime/server/env_module.js":{"checkedAt":1768031007055,"integrity":"sha512-ai6dzB/K4kT1Z33b0aZm8bLDuVFFnnocmHdF3dvlSTr/uWqZTlI17qgCWjyXBIJOakKkLL7kG9cEfMFUqe+YIA==","mode":420,"size":604},"src/core/env.js":{"checkedAt":1768031007056,"integrity":"sha512-zkPS2SL/pN6y2Oui3mqeesqTfRkn8XTg6VSlLnkdrjceVXX6zbBMRZ+4Bmzw1ZMrDP2iMp3/SU3qkYOBYpykKA==","mode":420,"size":3145},"src/utils/env.js":{"checkedAt":1768031007056,"integrity":"sha512-KWav65IoWgwDhUTqoN4lsaRctZG4+Mun/TJVdw9M5pzbKvgr6gj/FgmbHrzpPMxTljA+8vqycV+HVxIEqHambA==","mode":420,"size":836},"src/utils/error.js":{"checkedAt":1768031007056,"integrity":"sha512-RwW0FRVR5VhT4r2RcToPiQpSkns30CXSUv4zlcLcIQkboe0LiOGTyYxrKqj8kA9KMVUPQHXXhQFOaG88fmJV5w==","mode":420,"size":1035},"src/utils/escape.js":{"checkedAt":1768031007057,"integrity":"sha512-75K+xgWwZ5+b4OGo5UwqpLC+ETad/5Z543Z67bSs2jFqLfIC49zLKPA9XR7g7EIouyWLMC0f2BKmxkj0FAHYbg==","mode":420,"size":1991},"src/runtime/server/event-state.js":{"checkedAt":1768031007057,"integrity":"sha512-aUk/DTEGmYufaCpqPO6ZdroTfqF+o1miWVkTDBlrFzCtmN5b4Vpc18ylZJfb/Dg48GWQYbTl4zNukGsI6XyhTA==","mode":420,"size":1236},"src/runtime/app/server/event.js":{"checkedAt":1768031007058,"integrity":"sha512-/Q+I925i+N8rBOUKMO9/Yj9/s1mjL2NQ/AGBDxXqPGdVoN2J8XwzNiLxWloiuwHQyLCQUQSIwA+eCDaps3zN8Q==","mode":420,"size":1609},"src/utils/exports.js":{"checkedAt":1768031007058,"integrity":"sha512-0q1Gn2yB5bZhuy+8qNxC6Mx6W2h0+d3wW83tEMhf3F4tj0ar8GKEVmZtoQMTmhXAYswb7+srQ3U5iNj8Sg+tdg==","mode":420,"size":2347},"src/core/postbuild/fallback.js":{"checkedAt":1768031007058,"integrity":"sha512-slZb0xojT84M5ARwQ7t9QUQ3NVn9NXIM0LWT+1zajzp9wHghrSZHFFd2wCp5Xk7+2Wuq7+5T7Xk7bzn6SJnGyw==","mode":420,"size":1687},"src/utils/features.js":{"checkedAt":1768031007059,"integrity":"sha512-E81y3t6um1zgb21Q6bNi/rbNLM/1QgQEm8R/jnq+9gnYl64KioJLbAipL5Ttq83mos3VTHZzkOPGl6G3jwP4Lg==","mode":420,"size":614},"src/runtime/server/fetch.js":{"checkedAt":1768031007059,"integrity":"sha512-8orifSPSQIhkmiAiAP1xjQhEXirpK2OKUMoIat6TDIJqjU8RYGTI0rhHRi3z7fh5F/HgVoOHFfQRkRxHm7EB4w==","mode":420,"size":8190},"src/runtime/client/fetcher.js":{"checkedAt":1768031007060,"integrity":"sha512-8IxeFaFFEDSNWnoF3jlcDkHkqLVODkZtdmWAMyO/dwiP3T2nap0Da+puQzoUxuiw3N0uMeLPr7tqnLeQ6Fb54g==","mode":420,"size":5543},"src/utils/filesystem.js":{"checkedAt":1768031007060,"integrity":"sha512-rQLl10Vj4ge0pRVlHuSgstuduBNp1VLC6/uTnzHe2Kpm7xLoxA/nKA2AJ04KqAu3ZRECuPxriYs1+uYVwZ18fA==","mode":420,"size":4870},"src/core/generate_manifest/find_server_assets.js":{"checkedAt":1768031007060,"integrity":"sha512-1EBCenKqdFQt5HJHxLmsBPgFE4g9S9eY+c3HxbmI6/h6o3VO9MAOLH1lZXFFD+4w76cMgG+13EIEw2GH6Cjjsg==","mode":420,"size":1494},"src/utils/fork.js":{"checkedAt":1768031007061,"integrity":"sha512-eBK6URJnE6dLjEkc5sd4+IqQinYBToXsaeE56veMU+W8Rz/I4aC0wVHpaUSBo/aFllKvIlDxNYRMQ/qwIpxREQ==","mode":420,"size":1779},"src/runtime/app/server/remote/form.js":{"checkedAt":1768031007061,"integrity":"sha512-1dL+yjYD9b25frcRTZLIQS8tXAc4tAfrRNTfqSFfYSlqJiyMg4gHPXbJpkIkvBXgTnBHrpXxrQBkxBbJijKsig==","mode":420,"size":3436},"src/runtime/client/remote-functions/form.svelte.js":{"checkedAt":1768031007061,"integrity":"sha512-sRsulXiblshUqNa1+P9FXxpshJ4NSQQPU99MCgAO+J2ddFCyjOxSJLpOySAqWF9q86wcbVEJno05Hz+3wKFbTw==","mode":420,"size":9508},"src/runtime/app/forms.js":{"checkedAt":1768031007061,"integrity":"sha512-A/bsKpZs5db76fzglCLkWgdNxGW1xOKB7IPJB1EjkVfRwsy2Qu4QAYS6coZ1t9FiVk8B4NuWcQ1rNB4NAJi6ag==","mode":420,"size":7861},"src/utils/functions.js":{"checkedAt":1768031007062,"integrity":"sha512-NDd818mEPdT57RuKUzyglDw8/9FxpIUhRlERdfKdsvC6C4q6Cwx4iWT+H5zqGvHjDZoN7DoT0hUPzDA+eUr+WA==","mode":420,"size":213},"src/utils/hash.js":{"checkedAt":1768031007062,"integrity":"sha512-lzws0NcYqPeWt4MvxcaDbNtJyWrFL09FUqKKnCuulzrN0NEEPmWPIhKy+6ssuX02idTi5J2N1HqaU76OqqnPXg==","mode":420,"size":595},"src/utils/http.js":{"checkedAt":1768031007064,"integrity":"sha512-BS3D8CZxURTnMnIWYR6q+Lw7aV3wSjaIYXLfOCn/5IipgzBl65W9anHl+wmrBfXdbPTYdwFjcf3cgRoGLUsM1A==","mode":420,"size":1958},"src/utils/import.js":{"checkedAt":1768031007064,"integrity":"sha512-vJc+xd8fANbzEciBBtslxPbq8UTnI1Er2Zyu4o3kXQrl2lvKhRz5eZ2Pd4yLwyQr6daeYcJzce/DyIuHyxxOpg==","mode":420,"size":1473},"src/core/adapt/index.js":{"checkedAt":1768031007065,"integrity":"sha512-IMQ9tjip1xb1tFsNjeW+NUUMlGpFD+IAnIkZKiKHVAXekCjudZq38Rn+opXdGyI1/cptMtb74YZXrJn7AAZljQ==","mode":420,"size":1063},"src/core/config/index.js":{"checkedAt":1768031007065,"integrity":"sha512-WxA+1BiN0mLHNi4EBIPIMZTIfCrXzTYdJS4GOTjWlLdpFWghELgCetxRCup12yX1iQW9sSUNkOirOcyil/cNkg==","mode":420,"size":4432},"src/core/generate_manifest/index.js":{"checkedAt":1768031007066,"integrity":"sha512-kfnq/f1bmFhdvjy6USZdEUgdHpFWDKMyjDsLzkJYoRHzOjEZ9zHCy9WdcaEQxG4XQsY6ddm7+5jGx+OxTU2OtQ==","mode":420,"size":4966},"src/core/sync/create_manifest_data/index.js":{"checkedAt":1768031007066,"integrity":"sha512-lTy/4Ge5oPlSg96HEe3VkbyN5ggITZFuNsOtrYSnBjGkx876Y9J8i3o7H8BRcBImbIhBLJkwW+RxF2ryNGNXKg==","mode":420,"size":17828},"src/core/sync/write_types/index.js":{"checkedAt":1768031007066,"integrity":"sha512-hX7kQ/hgINwJtjU58sR1HPZalacyh1YLnH78IGCJ2Al1o9cCP1eGNhdyIlVsBLNE3VSwg6bomgkR1ZIQEys5Og==","mode":420,"size":30870},"src/exports/hooks/index.js":{"checkedAt":1768031007067,"integrity":"sha512-KbM8jUpMQ3iJXu0B2sQPIVbo+BqUW4Fc7l4/za0MxaA5mw5g1EXqwM2Kdeg4JL71yjSa1WTCuEyoqinPpm7GYQ==","mode":420,"size":42},"src/exports/index.js":{"checkedAt":1768031007067,"integrity":"sha512-Bz7ZltGHYYIxa2rjr5D6/1XQhhsXfUiqm/vMp90lUJgDfcobPQ/aeV70bGEtTK3vxSCM+Ycw2LSlwPGIvTOt5A==","mode":420,"size":10728},"src/exports/internal/index.js":{"checkedAt":1768031007068,"integrity":"sha512-4A3a0haNRQ4zOCneaduT1gi2+X5DbwQFEV/uyHdDCKHIXEaPYoH/cccILodMHgr2NxYPeiUkPm/mNKWqfRUsqA==","mode":420,"size":1380},"src/exports/node/index.js":{"checkedAt":1768031007068,"integrity":"sha512-F5xyPmA/6IQbkQ8RtcPH2GlTDudbcRx4jfoHHukXeeb/BP+efMKQO//TwTzyJ0xIUQR8pimgN/L4B7nVcyaWhg==","mode":420,"size":5432},"src/exports/vite/dev/index.js":{"checkedAt":1768031007069,"integrity":"sha512-w/ZKGvySE0qcQ2jS0Yeo1Kd3EfLUV8Rev9Rhdf6EZj6afu6bYhvOYjB/tXX8lHUE1Ff9rrVkW/KM60kQLrETyw==","mode":420,"size":20093},"src/exports/vite/graph_analysis/index.js":{"checkedAt":1768031007069,"integrity":"sha512-yD5C5HXdlI38m2C7P1G3glJxbPTQj95tgEEGBG+P/77y8Kd1PSCzwFDaKnP2itb3MHc0aMQ4WCNx3LcTnR8+0g==","mode":420,"size":2518},"src/exports/vite/index.js":{"checkedAt":1768031007070,"integrity":"sha512-Eb0/Of/wNhQlVIfd4LkDTcSgML+9bmV1//PQrGNuIJtobNlgdvHiMYKA8lENVufzwzZzcWpWPx/TDl8hSwfKhg==","mode":420,"size":39291},"src/exports/vite/preview/index.js":{"checkedAt":1768031007070,"integrity":"sha512-zer/HojwkZxn6moMwUpP4O+rGKg1QrzIFyL/znTbXpHjk3KM4jahpD+syKMou410+06QT7h/mXm+zZWaaOM+Xg==","mode":420,"size":7105},"src/exports/vite/static_analysis/index.js":{"checkedAt":1768031007070,"integrity":"sha512-ny3F3DdBgFRYQl/t+tMkmMEowVGBELYDA2dhcEjJOkXAg2H/qbpiM5VhAmdlz99d4Az3dmB81xdw/gzS6OdZ0Q==","mode":420,"size":7280},"src/runtime/app/environment/index.js":{"checkedAt":1768031007070,"integrity":"sha512-ULv2fwOeCKk3mEXgoZ+yGIluTjgEvHxjxlcX89qVgF4TV/iIitgEB4i+KROy0W8gOaiR5z+1aPM+5zZxSjRq5Q==","mode":420,"size":159},"src/runtime/app/paths/index.js":{"checkedAt":1768031007071,"integrity":"sha512-e/ujBN/37/hhwX1okpeYKVviHsmIflhUcu0Ttn4iitbqJdo9k93Jg9MgGxOQWWpApV+fHuVnbrRqeLu87eR/SA==","mode":420,"size":399},"src/runtime/app/server/index.js":{"checkedAt":1768031007071,"integrity":"sha512-0OKGKmRyFMnCY06z2edksldlfS1mZMcSqZtaxocb+T+J8/x6oeNwaoPyhRnVaJKVGX8jKFAyejVHpvesgETkGA==","mode":420,"size":2012},"src/runtime/app/server/remote/index.js":{"checkedAt":1768031007072,"integrity":"sha512-o9ntArNj3TNtMFpxPgmal/a/Z606QUkvOmkJtY65vcAtmBbH1YzSV/5+fa0jj74kVFuCSiMGqb0vmekj++NfQQ==","mode":420,"size":154},"src/runtime/app/state/index.js":{"checkedAt":1768031007072,"integrity":"sha512-a7j4Jjooz7BgEoogWDKGlVRu1VJTqJ3EfZEtF56s8Arv0Iyyl/lF9Llf6i9PlW8Kd8GI6PDeyVeYcwpFbS2xhQ==","mode":420,"size":2949},"src/runtime/client/remote-functions/index.js":{"checkedAt":1768031007072,"integrity":"sha512-O77yetRVxwhVPrWTLlZ6HFKwo/vNcGw0G1dc7TMaZAdUHSjAwQLIis+77DEuXkoPxle6oEp6x8Asjx0NfdvThA==","mode":420,"size":182},"src/runtime/server/data/index.js":{"checkedAt":1768031007073,"integrity":"sha512-To+X5COb5cBF2himyaqvtprzMwcwU4vl/TAqVE3gWhQ8/F+PBkQGfCICsv/t5XjhmwXcAb7kKYQalEE7x7owUQ==","mode":420,"size":7238},"src/runtime/server/index.js":{"checkedAt":1768031007075,"integrity":"sha512-u20W/y4VFxpuWRxp6xFN+nvS1iV3UWUHEoADm0L6y8tG9LWVx1rDObgG3W7sMsIgijtRHWQiQWpeulOBfsSwMA==","mode":420,"size":4762},"src/runtime/server/page/index.js":{"checkedAt":1768031007075,"integrity":"sha512-QR/D157uZTO9FxNQnIB5NFxLtCq1rQiFt5XIjzvAH+OOhFj1FD4jdDFQHv0oHwtMpa6zF356uLLQBSqN0U/aRg==","mode":420,"size":10003},"src/runtime/server/page/load_data.js":{"checkedAt":1768031007076,"integrity":"sha512-ywyiXULedAnA0Xt0moGFPOcuNSp6R0lANHUy25bwwsuseSnJylMcKfevlcBxGXWjAJqE15eMBQsz+6+UE4o9uA==","mode":420,"size":11643},"src/utils/misc.js":{"checkedAt":1768031007077,"integrity":"sha512-beNwEXIv8zVAr/aVQWRDFpHq2clEylGN4bMszQcEni6V1vJrS7qH7ZZT+cnsjb2/CP4z6iwBp+W+fuuOv4fWGA==","mode":420,"size":33},"src/exports/vite/module_ids.js":{"checkedAt":1768031007077,"integrity":"sha512-pVWHmVbvASlp1au4fGTZDYI7ZcbmTK4tGgyZ99ULqprwJu3//DND8SE+ilI2zpbQawmsZzTJg3hE8freMynwVg==","mode":420,"size":739},"src/runtime/app/navigation.js":{"checkedAt":1768031007078,"integrity":"sha512-NbDqZSeYSPuLBydAeebCU3jp1wz0Ds++vIM3BgUfoBNw1dUd9bnEK4SHjwkmf776CDs6nkRgz/Lfu7+Y2plwlA==","mode":420,"size":212},"src/core/config/options.js":{"checkedAt":1768031007078,"integrity":"sha512-HUwJjlrUXrDLQy9Gf7MT3BFj9GlKD3D6mmLHXYetPtLTU9nfwqD5XRgARvSZaaOcLqJorMz21tHiijsoVzacXQ==","mode":420,"size":11472},"src/utils/page_nodes.js":{"checkedAt":1768031007079,"integrity":"sha512-+WbD47p5CEDKUtBzoABuM3AK7fRWPoB9YWi5qsZLoX4IvmInYHfb1Z9G4SnzLllHh7E2LxGkJ2p9p0qtCFoI+Q==","mode":420,"size":2326},"src/runtime/client/parse.js":{"checkedAt":1768031007080,"integrity":"sha512-jobvu4e3KfLuZR1q4eP5rjMzMdvN0EymC0oD6ky78jBfY7BG4MdqND/4ceZm+WcLq1YfTkAQgpqxmFoAB0TRRQ==","mode":420,"size":2761},"src/runtime/pathname.js":{"checkedAt":1768031007080,"integrity":"sha512-JQ1S8WzQXmGqqZLinn9kX+1lyzctm4OutjPBqkrc07qpvB9pPpOGDcaSpBQyJ7r6MAXChY0hYLs7EPwhVr1rXQ==","mode":420,"size":1306},"src/exports/node/polyfills.js":{"checkedAt":1768031007081,"integrity":"sha512-B8+9EMhQ+nV97TzfRCgtXQV6MTuf8pM36YMI3KcBEfN+nu6/RSI4QTG+MAax6CZPRRKaUO7f1qqAKml+Gawwxw==","mode":420,"size":711},"src/core/postbuild/prerender.js":{"checkedAt":1768031007081,"integrity":"sha512-yioCNPbF04GvqdnCRfvB1CJ6sG/KzJDSGPc9kiVvUakCNZKCwenGaY87Qr+HY0J4pUlINVA2ejurPtFTvYv0Hw==","mode":420,"size":17130},"src/runtime/app/server/remote/prerender.js":{"checkedAt":1768031007082,"integrity":"sha512-CBQkFdmM27p74b7zX1xG6eDtNP/G10UjfOyZQFw2NKRFz8v8n87fkBMiUWl47tfE0Mm1o3yiy9+6NvhFWFN5LA==","mode":420,"size":5567},"src/runtime/client/remote-functions/prerender.svelte.js":{"checkedAt":1768031007082,"integrity":"sha512-G703iBLdp/zhY1gbuWJxptjpEP3hsDteynMw6oXvZVugFEpcaR8DLTU9e8frgLD8ZZm71KOtBHPORyQx1fCl0w==","mode":420,"size":3644},"src/runtime/env/dynamic/private.js":{"checkedAt":1768031007082,"integrity":"sha512-EUx8Y1DkrftQ5vtVYkodk2f7gGf8H+HdUsLA194CUqRyZaFRlStP+nfdGsuHyCyzjv1JOwXdSv/7Fgtdd8v5TA==","mode":420,"size":61},"src/runtime/env/dynamic/public.js":{"checkedAt":1768031007083,"integrity":"sha512-+KDafJwR8xxQEzgfzdwypnDMurcLfDbVFAmvEKGDtf9IUpeK4Vtk+PROUirip5BCC4/yiuAnONQdbRmqFKBNTA==","mode":420,"size":60},"src/runtime/app/server/remote/query.js":{"checkedAt":1768031007083,"integrity":"sha512-Jw5uuPaxo/0f6zsiszS8bgpeuIwjzgfva2eztxVJF5Rk7w6HZWFqYHz1nxYlqPXu6M1WQZ/iIuqZ4FtWrm4juQ==","mode":420,"size":3745},"src/runtime/client/remote-functions/query.svelte.js":{"checkedAt":1768031007083,"integrity":"sha512-qMuy9wBmpeUleXxl4zoWzdFwkYC9uuU6gw218E+RlGt/FqMI2AnwlkoOHzDBQrX60S6n879l1YXzEru8/xIyVg==","mode":420,"size":4416},"src/core/postbuild/queue.js":{"checkedAt":1768031007084,"integrity":"sha512-GpaHXPdruaw8W9rI+VwYs/f8gq8hMq+w/6knX9gjANYh2sn5glNTglrS4O6KAi9ht2s+rwJSbYTrxBc+BCFlyg==","mode":420,"size":1503},"src/exports/internal/remote-functions.js":{"checkedAt":1768031007084,"integrity":"sha512-5XfnnW8ZmNslgVNWAVkTUA1KGqN9yReHhIrrXF9e/dYNMWEnb+JWsI6l0g0C69TKKNkHJ+9px95J4+IgNp6Vzg==","mode":420,"size":582},"src/runtime/server/remote.js":{"checkedAt":1768031007084,"integrity":"sha512-huuJI7EGnSnaubKTQHRC+7uLqv95Rx+6AQ6OmoEEfB5tPLi664AEap3PB1Kl7F49xK/rLUQ5xTukEbTgQr4CAw==","mode":420,"size":6443},"src/runtime/server/page/render.js":{"checkedAt":1768031007085,"integrity":"sha512-YlT35IQrL3xK8ErMa4tB0aOjtJiAU2kD9T9fUxBVncZdOOFS9p2pxSXXlaBOtEbCW6YHjWS6YGD6XTgC66rRSg==","mode":420,"size":19916},"src/runtime/server/page/respond_with_error.js":{"checkedAt":1768031007085,"integrity":"sha512-KrImTZOMo3661VjP8MGjj/7+sCCgH/Lb1xBZal81wsi914vTKOtSNa1TgUR8zIQVJE/Oc7shQ/M7hfsmqgEBZw==","mode":420,"size":2699},"src/runtime/server/respond.js":{"checkedAt":1768031007086,"integrity":"sha512-QjiuTJeRDeL/nU0hKS8aLO9IuYKiopR5uxKHof0kdtl3xOaZ+ixVg0yeXAFBqpjaUR3AwjP13Vn6PLtBHLPi2A==","mode":420,"size":20751},"src/utils/routing.js":{"checkedAt":1768031007086,"integrity":"sha512-54mRoM2wvK18Z4Jp9SRWE/tuATDj7gkr8HnzMQIKym5gbFc6m5g1u+ywBQU4pGLHZCW1rYUUdI/KmOvewjjudw==","mode":420,"size":7794},"src/exports/hooks/sequence.js":{"checkedAt":1768031007086,"integrity":"sha512-56C+WHcqG1HOboqSEubwP209I+7cdpTJW8qqhxUyV+llhZb+xIkTe6YAz3Z7pj14DvNe/ZAYaz8K+/u+A6wRxA==","mode":420,"size":3799},"src/runtime/server/page/serialize_data.js":{"checkedAt":1768031007087,"integrity":"sha512-z8xRpBfgSmJClh68Be+4fsSjjo6US1UasFnO+mPUa/i92DSXO2votoa5HrV/IzL8QqcdFyK194l58R/vyc9h2g==","mode":420,"size":3709},"src/runtime/server/page/server_routing.js":{"checkedAt":1768031007087,"integrity":"sha512-D9Q4BlfTH6+A+ssDo/EdT5HONw4hVkFPr6wL2jZKblYNdwpLqQ/vA1bqBZ+Qw1zCsuH9UEx3gcKkykPwRWhfIA==","mode":420,"size":4387},"src/runtime/app/state/server.js":{"checkedAt":1768031007087,"integrity":"sha512-ZeH+GDCrih7oYGNVRVeS1Jvm/7guAG1TYDnfNboO3WZSeDZ5+yOkUS3ugIzgbhAuk7XgnFDuURLoqNkrNYdqqQ==","mode":420,"size":1723},"src/runtime/client/session-storage.js":{"checkedAt":1768031007088,"integrity":"sha512-RhyVMpOWs0OkwdjFsju9tMG4/hZO76QnSHP1bN90WPvR9EFxTXfcys5Zgo0g2C98aVmSdaeszJhDL3H++HjM4w==","mode":420,"size":557},"src/runtime/shared-server.js":{"checkedAt":1768031007088,"integrity":"sha512-mye57asMjsLyZzw4mCCkk8rd+uO8PCMQh+A8qZuHG/bI4kII/g4nHQaBc6DLqz0cuSW0bDhxsZLS4BBrZ/GyEQ==","mode":420,"size":1043},"src/runtime/app/server/remote/shared.js":{"checkedAt":1768031007088,"integrity":"sha512-pNw+qd55yvhuNWbJjhOK4gSQNRS/idAArFA0snXETaoGzaJUG9JDjzp6PK1CTqrNrXgrkJJy1vilFVMbTIhaIQ==","mode":420,"size":4743},"src/runtime/shared.js":{"checkedAt":1768031007089,"integrity":"sha512-YMh56JJ0Jl5WrM5IjE5ZiTl6i2sGE4CpKXj70dmiGgisxnTXzheoSEfoH95xjMEizrRj72ClS8WVGeMH+QGtyQ==","mode":420,"size":2278},"src/runtime/client/remote-functions/shared.svelte.js":{"checkedAt":1768031007089,"integrity":"sha512-Rzidu8EjECVJBzS0hJXagOcTzQggY7pCJ0LW1HwFo/FddxlCj3tqO0cXIyVGmI6pnbLOyHUULy7rr0R6oG9rVg==","mode":420,"size":3673},"src/core/sync/create_manifest_data/sort.js":{"checkedAt":1768031007089,"integrity":"sha512-wKQMAT3yI7v6Mw10XqzPWKqkFJ0XD7fapeu1TD6kW8Uo0b2TzrUjtocpDQu+FtZM3kPSA8hEDN5vTG3M9vwr0A==","mode":420,"size":4257},"src/runtime/client/state.svelte.js":{"checkedAt":1768031007089,"integrity":"sha512-aiPd/6JLXlCJ+gfFz2F4P19XRtkF7iIsoDuI5w2a2IQCcRjiWkv/jfGh9vnAM+IlibIwL8QlKoeDSNuBe/Q1Gg==","mode":420,"size":1331},"src/runtime/app/stores.js":{"checkedAt":1768031007090,"integrity":"sha512-SRUnoPqIcxX4XwLa3gtzWUCl0b4+Q6F4WBB5vy8y5vcPJoNlKSmyIs+b1KrP29UjIIakasv+Ng11naGiHjXpPA==","mode":420,"size":4044},"src/utils/streaming.js":{"checkedAt":1768031007090,"integrity":"sha512-9AluVh4EpeuUDciQh+tt3NW9So4ARpx1fC6jahl31NbhUDlVna5gK4vFlrtYE0VVljAN4rvtxWuFXHCmqtnnrg==","mode":420,"size":949},"svelte-kit.js":{"checkedAt":1768031007090,"integrity":"sha512-7XdERvdgUZiFiwxODoubPtsp3ZIdGvGPMsuYGVqaTNa2i4lag0Q1GW2+vegyyGCPZGBfyKzmSedf7zTvgMPr4w==","mode":493,"size":43},"src/core/sync/sync.js":{"checkedAt":1768031007091,"integrity":"sha512-6wzKJqmDTaqSdNnFZvEXMjRpFHTrlrY+wm3xADI9xJcg6taKabw38qHmURDi2LvaJsLhv7IdJBgloPrSaHNxbA==","mode":420,"size":2451},"src/core/sync/ts.js":{"checkedAt":1768031007091,"integrity":"sha512-4sY0mW3oT+33C1J+9/gLOpvTtgdywJG8LFHvGTgsKrsUzK38jB+p2q3g+unlFGzzq0880nluY3ogSJmf0JD4JQ==","mode":420,"size":138},"src/utils/url.js":{"checkedAt":1768031007092,"integrity":"sha512-VbmARtcf//chii4Mvs+T2dm8/lBbmooPd9y3bO+6DefFRoSJiPqqnAhcLPvq3u0mhJTdV0D3iy/XK4E+O+aSBA==","mode":420,"size":4888},"src/core/sync/utils.js":{"checkedAt":1768031007092,"integrity":"sha512-juwPw06c5zGjAjroT69okVeX0nPI249mL7SjoMKi2Fx31YnxXhMest8lFce2e1n4IFes7aVpSjaykKHFH5GaFA==","mode":420,"size":1961},"src/core/utils.js":{"checkedAt":1768031007092,"integrity":"sha512-XOKf3hLfnO+/81sSMEsqJ78wOrTygz/O8vclO9jWSZacyD8He3QKlR3J/7K4zfELjHKb7FdRd1g5q79JRqoFZQ==","mode":420,"size":2553},"src/exports/vite/build/utils.js":{"checkedAt":1768031007093,"integrity":"sha512-mWPCwpNZV6ovQfqPRX0J45QMZlOYRmmbkbk6khOMdVTwPcoQ7+kgO0IpetVzZjr8da4RjEJykFdFmKq0epHZGA==","mode":420,"size":3710},"src/exports/vite/graph_analysis/utils.js":{"checkedAt":1768031007093,"integrity":"sha512-mWUAvtzc2JTA+95ezLUZNXZN1F8UGDEuFVRHQHR5l2b9ox4QO+FL0ZWSrZtUsnRaVMLN6YUSWcVgdGuCQ/50cQ==","mode":420,"size":149},"src/exports/vite/utils.js":{"checkedAt":1768031007093,"integrity":"sha512-sxKDAO2oGW/isI3vHDrSzj1guqy0IAg9+eiTUR4B2WC1wycZD8jD7JtlH6q5daOx5qEN978YuhBzlev1AweVWQ==","mode":420,"size":4148},"src/runtime/client/utils.js":{"checkedAt":1768031007093,"integrity":"sha512-dPc8JMYCyly0rJSk7Nvb1fa49aVySJvXrRu0LiAPAJbf6KWbtC58GxbfAVbAS6eAA7ptlsAWGqDEzptm0zvywA==","mode":420,"size":8983},"src/runtime/server/utils.js":{"checkedAt":1768031007094,"integrity":"sha512-YqP/NdRV9Rx0O4wc6cVlo3jRuqMldgaIyu3gHSXK8kObIoaKo8quCCepfwtqJKAitwBnVsjc0ki7hoTu3BaYOw==","mode":420,"size":5189},"src/runtime/utils.js":{"checkedAt":1768031007094,"integrity":"sha512-pWmIMiRrtHJswm1bYlOMiQdSw3ETQD6pzZcqf0b1D7Fl82srX38Hy0wJ4a141fyOVYXKaIhr1Udp7URwEYPQ3g==","mode":420,"size":1430},"src/runtime/server/validate-headers.js":{"checkedAt":1768031007095,"integrity":"sha512-MrWtEBqq6ibDseWGeKrlmhx1+UJPLm6bHEM3Y8QJqLAYMFXfPMl/eLI2CpqJOoUcG5LoZRYrZStYKtuGkZ5FQA==","mode":420,"size":1797},"src/version.js":{"checkedAt":1768031007095,"integrity":"sha512-BrYkiD+vj/NBiXzvIAl4FOGJSdXi5uS0iQ4CUIdSXIlQd5kIlnrMX9YvPD4cH6CxYobOhUZLrh1TX/rq4ynQsw==","mode":420,"size":99},"src/core/sync/write_ambient.js":{"checkedAt":1768031007096,"integrity":"sha512-lEqsigMOgVU6/BEm2t/FQSeqB4kq3QTbvKnVZXAHiWJCFVT3MBlK7Hr4tk7OsIZCxn2tGBF3XrmTQP+Xv6s5qw==","mode":420,"size":1975},"src/core/sync/write_client_manifest.js":{"checkedAt":1768031007096,"integrity":"sha512-6x0kybM5IcPRZKqEvG6V9uG7wHcEktf/DXNoxyDYSABDFjpD7vLMP/R6sG73+153uGCfIXCgvDOSODhF1PEAlg==","mode":420,"size":6359},"src/core/sync/write_non_ambient.js":{"checkedAt":1768031007096,"integrity":"sha512-bFZNbrDGCKKcnlhuWDSnADvaX6G4E6zR5hH08y1jA5HHjOsqnUvS06bNErClW0V4w60991wSWrRj6X6RzWX9+w==","mode":420,"size":1503},"src/core/sync/write_root.js":{"checkedAt":1768031007097,"integrity":"sha512-6V6YhpDKsHGmyt5MDtS2ScjafzQnaQvraPhVqMqwWugoBMtw/pdwkRRv41jZC9uPEfvJIhCqbU6fjZssuOTrBA==","mode":420,"size":4294},"src/core/sync/write_server.js":{"checkedAt":1768031007097,"integrity":"sha512-uVyodrl4YCcRBbZ63a1eLHnA3zPaovcWwPRucSwGoUcfvzq+1dwviVFLWf6+fLiLg5c36I6Xy1JqYzvC3h27+Q==","mode":420,"size":4484},"src/core/sync/write_tsconfig.js":{"checkedAt":1768031007097,"integrity":"sha512-yMTpWU2pRnOskniJZXHNOLWMrKicK/cZbX2omD8hyyti1G4TNR63bWfj/r9PCMXHeO62zqxTzmfX6t9gUvw1Lg==","mode":420,"size":7625},"package.json":{"checkedAt":1768031007098,"integrity":"sha512-ASgw0QntdkBtBRJhCOlz1cWxN/hFS6UqO9pMzCM8gq2SAJuhZE8psScJE4UNCM9Ln7JtvYpo8ja3BZlYSnQGZQ==","mode":420,"size":3532},"types/index.d.ts.map":{"checkedAt":1768031007098,"integrity":"sha512-ONiRyQRsgLFpQyv5mJ64DP3gat7ehlGJVpQseyi60T1yXFpoOPgGdRry98AYIZf8gSp0C3s6lCzCiCyBXYbK8A==","mode":420,"size":8143},"src/types/synthetic/$env+dynamic+private.md":{"checkedAt":1768031007099,"integrity":"sha512-Ne3E1CkQT5fNJAJVvYCofYbDN3W52djDl0Q+tWpEjuuquEBeh6pWeT/qyrUNh6Vr4IkLAqpfnjWf4RfTwdPg/w==","mode":420,"size":933},"src/types/synthetic/$env+dynamic+public.md":{"checkedAt":1768031007099,"integrity":"sha512-3O4WhwFmIsIOe1gOTElpgUdoQMlWOdphMeEpIgJQ37njUkFUfsqO6nNQCx6ekLjJB8u+XEacZ/0B56P7rE6lCw==","mode":420,"size":654},"src/types/synthetic/$env+static+private.md":{"checkedAt":1768031007100,"integrity":"sha512-8fXeW4Dg4IybOjR0aSiC3RdByxPxNd3wbPXdNrUR9R1cQfsd/qw5+Ka6daPzdD+B6bzYv62uRVdeoCMr2d8SqQ==","mode":420,"size":1122},"src/types/synthetic/$env+static+public.md":{"checkedAt":1768031007100,"integrity":"sha512-aNl38FIS+MKxPtXKxjk0rb/9PjewoIrEnRzrVl2oUAsPfKPKKRCeVethgOVr9FGyukOzQY2gbGJ+ArF2xFgP9w==","mode":420,"size":431},"src/types/synthetic/$lib.md":{"checkedAt":1768031007100,"integrity":"sha512-LnieIMO+JR3jDAnlwqflFIQcBRyO0GHaELxK6lVStUeIjcGEKmDvTrZu41DXB8ikk0/mpU/MzcTe2TshCfam/w==","mode":420,"size":461},"README.md":{"checkedAt":1768031007101,"integrity":"sha512-7lZN4l+vuahI5RbEWVVT0dRKMh9QfilgdjNFLuPByzN31AQad6DCm20DfOaYHGamrqH4sY+/+7kvVQtiVKjEBg==","mode":420,"size":476},"src/runtime/components/svelte-4/error.svelte":{"checkedAt":1768031007101,"integrity":"sha512-mG1GMtabZxrpg7Rf9l1gRitDSmyaAws2fyj7jMklQ8MENTVbjqvbZRdJXKwrQIbK5WxNd6aKXCQ0+9kPvEKxqA==","mode":420,"size":111},"src/runtime/components/svelte-5/error.svelte":{"checkedAt":1768031007101,"integrity":"sha512-OfIyGluDl/Q6LHjrWaEEzqfkHzvWJ06wXEnmRrGvZsRa2Ckfg33ThR4LzWKfeae8OvPpgLyHXv6qNHE/8GWosA==","mode":420,"size":108},"src/runtime/components/svelte-4/layout.svelte":{"checkedAt":1768031007102,"integrity":"sha512-Z4lLiazQ2EJYuyHGBNhn+T77ITGE2CUCgxNQ4zQVHp8lM7lgNVQI2oJBBoeoGXVrgU+o5G38i4vvFe6/vqBQhQ==","mode":420,"size":9},"src/runtime/components/svelte-5/layout.svelte":{"checkedAt":1768031007102,"integrity":"sha512-t1Kh1bXJQm3evOH2wWCvgzfmZ2mbfTMbol4LpTvh6DZuV/NFYEjorXryNcPXRlECkLSEfDz+EuY+emmEDMNgLg==","mode":420,"size":72},"src/types/ambient-private.d.ts":{"checkedAt":1768031007102,"integrity":"sha512-a74yB7Lob57gtytQYzZ7UJem0lBQ/Msn/ziyMwKHdCUQoqKTuAwtzcwlJH/YgJQqukDTqpg2RmHIK/2wtihOYw==","mode":420,"size":1069},"src/runtime/server/ambient.d.ts":{"checkedAt":1768031007103,"integrity":"sha512-A57bmi1K4HqAeIkGVzy1BFgfbpL7vIPuIv+FF/786SO9LUpR5jf3/QZd3ntSteZykfYNDcHYfYCnLXpSmzilQw==","mode":420,"size":173},"src/types/ambient.d.ts":{"checkedAt":1768031007103,"integrity":"sha512-qjL4a8zu26JlrzDnSIs7VtUU5ysyYnumEXNtfa3jR4HBAQR1oo1wZLybm78b1PTl82NV5IjoGpzd4zBXzdCYCg==","mode":420,"size":3899},"src/types/global-private.d.ts":{"checkedAt":1768031007103,"integrity":"sha512-qOyOYcgTepvyaUwsd4BBRIf70aaZMwpbYhL7iWzRBe4azz+gH3cfktXhhR7j6q4AW4sO777ay0QvvUiE1glw2g==","mode":420,"size":2005},"types/index.d.ts":{"checkedAt":1768031007104,"integrity":"sha512-VVofqA0xX/uW3khb5AryEcES5AqlJmG+67zAc99a+Ib86EPHZJvbgqJOnfajmRWc4LCQV26O4TrFMSB8nCfrKA==","mode":420,"size":122626},"src/types/internal.d.ts":{"checkedAt":1768031007105,"integrity":"sha512-oxJOcv9NYxhrFDklwaJO32kk1gSV7UeQzyxJ+vR7K6fnFAQcjnT5l4OSwuCeQcxiSdjHK/BldHOFR1GU9Zboig==","mode":420,"size":14904},"src/types/private.d.ts":{"checkedAt":1768031007105,"integrity":"sha512-5Ov1lEWn22JG4ErizmQwJEiZDNPKxrtckLuNaIrTv0YS0Ped3u6MFboajwhrYNwh8YhEE4UqSzw4CyZQrxab7w==","mode":420,"size":7597},"src/exports/public.d.ts":{"checkedAt":1768031007106,"integrity":"sha512-4ZeM6mCvEDyT399fk08bPQsaCGvRnI/vTtfGgZtaVEcYq6OVQtLsBxEc4gyyYy0H0CzoCAF0aWN9GcnElMDJ3g==","mode":420,"size":70939},"src/core/config/types.d.ts":{"checkedAt":1768031007106,"integrity":"sha512-rXH9eve6rbF0mUQXSgkW/AAi6bQroASQOHSD1ppJ7ICd5EGPnlQCBEay8WU4hZ6s5tD4JlAfsJZtuL+3XP9BpQ==","mode":420,"size":67},"src/core/sync/create_manifest_data/types.d.ts":{"checkedAt":1768031007106,"integrity":"sha512-C5S0IsPtezH8xfr1+S3wSl9N5wfeo9v/o8RltyQbSGdLwvGXLXut3YepwKC08ZJKiKH08hL2jUZTebhkJGm//g==","mode":420,"size":682},"src/exports/vite/graph_analysis/types.d.ts":{"checkedAt":1768031007107,"integrity":"sha512-JDl3ehx3DTVz8EJpoI0BWzJCDiZhHz4XgiANz3Jzq71zeaW7QHPK6bhAwdbTfyEL1AjQc29cOvZOBoLE1T7Ajw==","mode":420,"size":127},"src/exports/vite/types.d.ts":{"checkedAt":1768031007107,"integrity":"sha512-zkzsYnMClxWSXaCK2I1n9vurGZKz83yxrSuMJdDAkLuRDqF3zxCBBcBysBFvXrm+vNliVSBPIYE67qr5hAlfMQ==","mode":420,"size":75},"src/runtime/app/environment/types.d.ts":{"checkedAt":1768031007107,"integrity":"sha512-dnlPNun+wWtUznjqnSc+0k8WSBgN7gL7Wg37YM0HFclpPN6LRItjdEWxiAOXZIQ4zglk4sEs7iaPzzEZbTh2Cg==","mode":420,"size":498},"src/runtime/app/paths/types.d.ts":{"checkedAt":1768031007108,"integrity":"sha512-vDvDlSfYvx9+ETrJ0idcrBHaU2pARIywOKPFQrban9lquhhe/NOV1ITKuMWHUi8fbpULhbD6V7cbXH5lapsKGg==","mode":420,"size":2488},"src/runtime/client/types.d.ts":{"checkedAt":1768031007108,"integrity":"sha512-LjperEQJ0Epe7RP/luKbD28YbxumGoJz9Gh7WRnX2x+CU8DvxrtMCwIcaNUtwQSWwpuhIQgIGPE3T3cnkDlTag==","mode":420,"size":3718},"src/runtime/server/page/types.d.ts":{"checkedAt":1768031007108,"integrity":"sha512-UQuI89+o1pVWyAAxlPze2YnOB2c1z191u9BmZpy5A7sWu+l0oLg9pvbHno8cje+KyNe3IGCfWh+oTX3Frhue+g==","mode":420,"size":757},"LICENSE":{"checkedAt":1768031007024,"integrity":"sha512-210J9JZYxIbSu5A9LA9wPZRHe0jrYUb1WkiBcb+YcNZN0iLmnA9pX36av2pZQ8/OHUSDfCYYZN3qjo4U8SrYxg==","mode":420,"size":1110}}}