{"name":"queue-microtask","version":"1.2.3","requiresBuild":false,"files":{"LICENSE":{"checkedAt":1768031010609,"integrity":"sha512-UOL/xGxwuTxsayJ0nO2SgwXC182o0nLZBOeagglDRd22rd1cJjlutgtlpdE8Sd463UDlKjR2VFYYD1GyHr7Xog==","mode":493,"size":1081},"index.js":{"checkedAt":1768031010610,"integrity":"sha512-9DiVFQgpk9swj8TGtI2Be2LNBn+AO+dTh9Sy6CfLn11n+xPFG0DHaIHR8DRJ1H7J+rjpvvOUAZUeBFsVWlm8Uw==","mode":420,"size":402},"package.json":{"checkedAt":1768031010610,"integrity":"sha512-xOV0tj571uMuJRKOcjLG1tlPPRdE27VcBQjre1UzfnWdgPseQxq5lObjYskr0oHJ2R/lbLvB6B2Ym69A2fPhIA==","mode":420,"size":1177},"README.md":{"checkedAt":1768031010611,"integrity":"sha512-+uAP1mE5X9mtbLeOXLjDE5lRsqShPjVq90iy3EaRFxfzecBHot9cyGQAkNTZlKbsisG5qMpdDtAwvXfOJNtsAw==","mode":420,"size":5628},"index.d.ts":{"checkedAt":1768031010611,"integrity":"sha512-3MlEtabaGqiUand6XgJk6vLftmR7VkJAFFb5qN63tD0sLurbyEOcHysFj6o1uq2eQ6oVy/RzAA6VehzIxKlX9A==","mode":420,"size":79}}}