{"name":"trim-lines","version":"3.0.1","requiresBuild":false,"files":{"license":{"checkedAt":1768031009221,"integrity":"sha512-/K09pNWImuBVTJ2A+gUfekgh9tJOuoTRLfingHc68N+KlN6BuDnrqk0Jf4wtnKQF3dYLYjZOWI4xcGjGHKIu7w==","mode":420,"size":1106},"index.js":{"checkedAt":1768031009222,"integrity":"sha512-PDzv0NnHBxGFu4BeYbzFzw4hp06wweNU86mJr3zyDzVV8aJ0ORI7HwPQEOq74/WZFPqutJKgfN4t1loiOY0ieg==","mode":420,"size":1530},"package.json":{"checkedAt":1768031009223,"integrity":"sha512-OkFvrE52Jg1Ta8hSnezfiWYKE/op313BqlN5Di1ibpI/vuKXAhzR2zEKw+4u/AUi/TWhr4yrpP4FThpFN00Luw==","mode":420,"size":1679},"readme.md":{"checkedAt":1768031009228,"integrity":"sha512-eFvu5EjVBDi+mCn32QIwZUMYabEin71LiTT08XVN4JR/ej7vD5h7j58sjQ3yOJndv4UKjTfnzEjxjKOsBFs8gA==","mode":420,"size":2885},"index.d.ts":{"checkedAt":1768031009229,"integrity":"sha512-w5f16bUu4XUudrhQ9D1n0j2PYtOCyR2r8KNXgPGmUeQW35YLrhdMoCw1DWmUVrlkJD8/YQKtmDRjTPzZtYqWNA==","mode":420,"size":293}}}