{"name":"@shikijs/engine-javascript","version":"3.9.2","requiresBuild":false,"files":{"package.json":{"checkedAt":1768031009523,"integrity":"sha512-zYD0gBe+3jVXNEGHcQXHeNWch8OkjIdrnDwR5ZGkZj2VZfBHX5y1ykLAeX2PkNsqvvLfPzFs2rFsLhB9X4hh+Q==","mode":420,"size":970},"README.md":{"checkedAt":1768031009523,"integrity":"sha512-CNrJ0+xRkDWohBje7VPrnT5QLfGNZhlBiTlmq1BF5Qy1JetpWpRyin7xBaGGFwCWDMnqeUQCeSNhhBytSrSsYA==","mode":420,"size":265},"dist/engine-compile.mjs":{"checkedAt":1768031009523,"integrity":"sha512-LhnXkV+/rcvdtt1+uvf+wPcBCc2NOWURel5hP1miuVbihc+fmJ88jvSrlGo8NKPHa/0UoXmxzmsJkyiLvmVwUg==","mode":420,"size":1802},"dist/shared/engine-javascript.hzpS1_41.mjs":{"checkedAt":1768031009524,"integrity":"sha512-a+XlUX02u6xY0B8fKw/awGAdJZA7YpMd4PuInLHtBlocUnb+AQKV6qijr2F1m6NEhJ+eq4D0usv2qexTNNdG3Q==","mode":420,"size":2324},"dist/engine-raw.mjs":{"checkedAt":1768031009524,"integrity":"sha512-ssitQpuwFM1k0EECSYQoN+pc0roFLh947xln77gkdTxif1y0Eo5amQ0+FcLR4nfxSPUyWjnm3zRzp64eMnMeHA==","mode":420,"size":521},"dist/index.mjs":{"checkedAt":1768031009524,"integrity":"sha512-8gq8bTp/7u6bK4xn+vpzVprKERcgOsg9Iy1BJqw2XWNGLoN7Rbr7BnYBG5z8bzfoFPiUTcPe2Adf6bMp86z5rw==","mode":420,"size":273},"dist/engine-compile.d.mts":{"checkedAt":1768031009524,"integrity":"sha512-8k7wI1YdGg+cSoN3w0XunJU6jNUsgjZvjqTig7yswlmY98hr54jdtPxr0uOrccA1Z7L88PbLVOlQhiE2/vI80w==","mode":420,"size":253},"dist/shared/engine-javascript.CDEDnU-m.d.mts":{"checkedAt":1768031009525,"integrity":"sha512-xB6KYpd6CuyvN25KVxioROJ8pZgNFFpdKNZJs2D9We5vV5Me+5np2q7Nwb+DiiN0JhM1vzkuQ6DiiYRIOrLUTA==","mode":420,"size":2716},"dist/engine-raw.d.mts":{"checkedAt":1768031009525,"integrity":"sha512-/VRQdEkjInPeVmteJ8HOTvQArZbzwOJsozomneRgcj10rdu5JWO2J3vwVVXQ4kY3kIK4OEMGHYn9G7PGOrb1kw==","mode":420,"size":332},"dist/index.d.mts":{"checkedAt":1768031009525,"integrity":"sha512-SyuPUbcev7YjX9IVdhiNJ497GCSnXtlrUs2Q+JTNjtJtlIjgd9nsvROYQRltmKmQhceNqDvVJLQtr8Sr/8REdg==","mode":420,"size":375},"LICENSE":{"checkedAt":1768031009025,"integrity":"sha512-5Oyi8HU/tGbhNDzTBpEbXlDP/g0HnJ+Apx3ZgV/SLjr25kzEDWWBkjuJ9jA1oOpl9+t7JW3RLaiSrWU9mz8XIg==","mode":420,"size":1121}}}