{"name":"esutils","version":"2.0.3","requiresBuild":false,"files":{"package.json":{"checkedAt":1768031006292,"integrity":"sha512-1mlz5NybrieBNHlJSVPRr4eAK76hZf9vSvplZuFpl5f4BVfOg3IBdMuFYJdXCxZna3JWv7JpJC+jieH5oyVdsg==","mode":436,"size":1042},"LICENSE.BSD":{"checkedAt":1768031006278,"integrity":"sha512-YKl79smr20vdIKCy+fyP+zscyQHwyqDMNEZOwVLEOjQxIxgts1z0klBrcDsCIR2JPrcB00nhm8bCz47uCx24SA==","mode":436,"size":1231},"README.md":{"checkedAt":1768031006292,"integrity":"sha512-T+jGkavhsLU5RAU5ZpRiBiC51xRRDgCyk9uoUA7wqZ0EkMnUNjkjhFA+i8TmkoeZ/gJXjufdaiSQ9Rcg7zgl2Q==","mode":436,"size":6828},"lib/ast.js":{"checkedAt":1768031006293,"integrity":"sha512-2lZL9pJc4VOCmPRzXzhLB0glv39caZ0dJjiWRhBnu6IqehAQxJx7Phze6Lw9jpw0z27K7MCADVOV+qoOr/JpLQ==","mode":436,"size":4728},"lib/code.js":{"checkedAt":1768031006294,"integrity":"sha512-uje1C/JI4uJYDzfiI9IK1I5Hq8SJ1BLAnTR/m27S727u+6Q9I2+mbkfHI3sQEy0OZINSL4+WKszDxDANi/nUxA==","mode":436,"size":29610},"lib/keyword.js":{"checkedAt":1768031006294,"integrity":"sha512-DbpOV9su9XbrdRFfKUj95zQzLSKEA9ozRnxLYlUswbebfZKSu86+hKfBBz4sdYKUyelI+skBfvCzwPgP932QFQ==","mode":436,"size":5616},"lib/utils.js":{"checkedAt":1768031006294,"integrity":"sha512-GIGvC8jeExPreTDGAI8R4H58i5ujMEFvILYm3vjKwH8k8CyA+i2oJAq+qcCgbN1Win70R3qtJJJHmHSORV1qVA==","mode":436,"size":1527}}}