{"name":"property-information","version":"7.1.0","requiresBuild":false,"files":{"license":{"checkedAt":1768031009314,"integrity":"sha512-mClk23sYU0Y+Xr6kflRteMQd48As+pppD3+Du6bKsUNMRMu8gDXceY+IpLE+LAY4316y1jZ1kP0iSsLWYk7S3g==","mode":420,"size":1101},"lib/aria.js":{"checkedAt":1768031009314,"integrity":"sha512-G9S9MrA7YroApYlYDr380ItbzhT8nCCd/0oQuKcEJOyVvdb5Ic2wDX1qR29URGAAhTFiIm+6LnzeLkzce86geg==","mode":420,"size":1644},"lib/util/case-insensitive-transform.js":{"checkedAt":1768031009315,"integrity":"sha512-9P3LgkucgyoZ3JLRQYU8kJgxMA2syHwrPQM3BzvFussUAh8EFuRFOAfBr8Ji2xul+fvqQ4Hx2MnpkMQRFR8b0g==","mode":420,"size":367},"lib/util/case-sensitive-transform.js":{"checkedAt":1768031009315,"integrity":"sha512-RqzwnPf1AHuJuo00baVpKOKkDcPfjvKU65GwM/3Yo+NN8xqR1edslm6AEbovh7Xuf1EvKq3KSrb/culnCITNRw==","mode":420,"size":300},"lib/util/create.js":{"checkedAt":1768031009315,"integrity":"sha512-iZVQKE7V3uG/mtIcisBKVuW6zZGXqCuCBJZg8Newm0oNCEvGLkVC3L4fUS2ePw80Ho3t5njZ8lpY3oeBmmBEGw==","mode":420,"size":1710},"lib/util/defined-info.js":{"checkedAt":1768031009316,"integrity":"sha512-L0g92PJXtlR9hBQaQI0MIrbCFRSfpaOi1+z8p0ezXY+YTqBPeEghLFVzGBnMP0eRdYKKgeDP665aKJxG2VFAkw==","mode":420,"size":1198},"lib/find.js":{"checkedAt":1768031009316,"integrity":"sha512-YliKybrVcjEnPKDaeQkjxkm2DgvEBytwZNXoA/Lw0PAGn5nnwCr52CrxdU3I+AUNxL01bPY1B7VfUqbNUztG5g==","mode":420,"size":2344},"lib/hast-to-react.js":{"checkedAt":1768031009316,"integrity":"sha512-C2Adr9h7rFDpeOdNiwqT3iwuTp37TEyJXAEbNgMZWArUos64L9GsuM6F6nQqYV4cICI3UeNShd90iUAL3KsWnA==","mode":420,"size":859},"lib/html.js":{"checkedAt":1768031009316,"integrity":"sha512-NK0P/dUNmNG+d79ahs+bsG3Dn8Ms8rF5H0XOSqgxpzRlPdiYU1IebZrXYGxOvkE/LZ8yPwqMygU1ONt4R5noLA==","mode":420,"size":8649},"index.js":{"checkedAt":1768031009317,"integrity":"sha512-00osyOBkpRM6YrdM2fgOlWEGxj1mElGbzOLmAjh1pwtXnL8+rW1Y71qKUigwrTA5rtBpsgNIR7aFDVIARnYDwQ==","mode":420,"size":591},"lib/util/info.js":{"checkedAt":1768031009317,"integrity":"sha512-jr0O/VbHyEM/DRTaa58NNwPK5awMKTdf4pvR9QU8W/U6RU7XgMMwzVD2YldaZcH3JH2aARjC4b77JLdYX9E7Bg==","mode":420,"size":769},"lib/util/merge.js":{"checkedAt":1768031009317,"integrity":"sha512-xDu/cKikuZKo9JcM30HdqCumvfZ1xcmA+WbXLNDCcsYtvsO++Ime9L+0u4ObTfBA6uZVFwBIS5iG5RDhKyf5wg==","mode":420,"size":607},"lib/normalize.js":{"checkedAt":1768031009317,"integrity":"sha512-/a+w+U8MZihG0xmSuM9FxRIwXv/2ROzvRUJ8Vdpp5JoW7ZA/QdVpB+rLP+fUF1NLrSWePYAFm0KIT3/pgz/Dyg==","mode":420,"size":326},"lib/util/schema.js":{"checkedAt":1768031009318,"integrity":"sha512-ZjgPXJ54f/hcDcnaMJ8jPmld2HF/iJ1DMgNt9EAgMpVgyvqZwU6K5W/2zE18KIyNyATvcjW825+myZD0thPA6Q==","mode":420,"size":587},"lib/svg.js":{"checkedAt":1768031009318,"integrity":"sha512-QLYlVBPZOwhrM2amUerBV3SgmJZHHhNYFaEEeFttQjVSSFvFek17/Ynl5CaXEJTTA0TmwGn2IMLqdZqiqdAzhQ==","mode":420,"size":14350},"lib/util/types.js":{"checkedAt":1768031009318,"integrity":"sha512-+gRZKyg78Q1V5HNGgh8idhERoQVauOlV33qTWEuinQRKTvBX/TD6jHYfH0+0A/2jZkMFv7JyoH3tzRstiJuB4w==","mode":420,"size":350},"lib/xlink.js":{"checkedAt":1768031009319,"integrity":"sha512-uLyk4zTdE3GadNJ7VW2xJYDozxnA5c2BVBuQ6Y+nUCL2WllGln1atcnT9ZJOnOrBytyqqlx6lr3Gu9h/a0qC3w==","mode":420,"size":351},"lib/xml.js":{"checkedAt":1768031009319,"integrity":"sha512-LfXK3M+zXnENLiJHOR4pN3ZgoiKwUNOOaQcRbs3FsdNFczOKIRTPRdDZq1BlkHIUZ+7vM+DLF24jpJM/lYmuBw==","mode":420,"size":233},"lib/xmlns.js":{"checkedAt":1768031009319,"integrity":"sha512-rcaHrBCguV6lsW2gl6GrJoT6XVw/YdiV6GHjjLLtJ6pyC2e8seUYTrIGtWPFQCiauyKz4FBDklWYsS+tllNoIw==","mode":420,"size":298},"package.json":{"checkedAt":1768031009319,"integrity":"sha512-tAsyDRxC1tt3LFQqUtSdgjQdpHiVYcl32rdtJb79fouzNbWkbGwN5BMEVoFX6B2P7dly+WPzCXg7Qi4TpMWY8w==","mode":420,"size":3166},"lib/aria.d.ts.map":{"checkedAt":1768031009320,"integrity":"sha512-GdXwkDcLOJbAKTDQ926E64ReUR0VKpO+acSwBp6hNvZFqhCVxKqt8RuS1JwwskH9rRFj5KoUeOX9pfo328nfOA==","mode":420,"size":106},"lib/util/case-insensitive-transform.d.ts.map":{"checkedAt":1768031009320,"integrity":"sha512-n4pXL9qJqgEb7tqZd8pu+MhFWLU7Z4L3XvnptyOlpACEDYKhXaJh9IG7OP4X/KGC+ldSsUX6w7+AK1pWk2wGFw==","mode":420,"size":222},"lib/util/case-sensitive-transform.d.ts.map":{"checkedAt":1768031009320,"integrity":"sha512-+Bo3Rfd+kiXTw52xdFqoRQsVgeVL6r/vMgAX7Fkyc7LS9QAY0mdCta/ULt9UIYp+bzvWA2gvF1pSdYD8G1yJ7Q==","mode":420,"size":218},"lib/util/create.d.ts.map":{"checkedAt":1768031009320,"integrity":"sha512-ZRVXC1BN8gM3gTkg+7sj8woCaSPysk7N4apJGRGPLOig0lwrQSXvJ57JMnNjQW431hY/zS9IiXmebUXB8ojl4g==","mode":420,"size":414},"lib/util/defined-info.d.ts.map":{"checkedAt":1768031009321,"integrity":"sha512-Wqj97gD+QSxs61q091bLkbJqrfaZSIcUMt7divMzyXrEb5XP3as0EDH29KzsEz7FIx+IduMY3yXSGfXQjyNXrw==","mode":420,"size":251},"lib/find.d.ts.map":{"checkedAt":1768031009321,"integrity":"sha512-h7c2wlNDPSaKk+gAt6GM9d4lCCHnMB3ofquPb0Dmf+4iWCrp6p1TmQxSYSRhZ5Fs1GR6oGZlha7n9yNQeo+FsQ==","mode":420,"size":205},"lib/hast-to-react.d.ts.map":{"checkedAt":1768031009321,"integrity":"sha512-b9pm8gAQSJKcYLzHMOJvSbx2YtV9cH8R+c3zekvX2foqluCNZ4pvzUgcpJIMAh56PBXaV09hVT5GeKvfaEkHSA==","mode":420,"size":179},"lib/html.d.ts.map":{"checkedAt":1768031009321,"integrity":"sha512-Kis0muDt2CmiD4vGbpB4TO3DDucTVRZLu9jIJjdM8UnqDOR+TOc+PxRS1Z+KrIp3TLFmpxn7n8KYL9YJZNXi+A==","mode":420,"size":106},"lib/util/info.d.ts.map":{"checkedAt":1768031009322,"integrity":"sha512-HIPqv3s7f/oqITlDKcE0kWY1R7J5loCptE+Qn6ufDM+4MoVmMb/Ik++AgVFNBNB7zFkbFslo3UKq012Cr9WE5w==","mode":420,"size":332},"lib/util/merge.d.ts.map":{"checkedAt":1768031009322,"integrity":"sha512-nh/Nt97SZQSrBXEyt0jcnPMHCUlCnqWbu5S0VOhbF6np+OOiUmPl4FNY9Zf5uINqo3Me6f8vbLT3ZmeqWiFQAg==","mode":420,"size":206},"lib/normalize.d.ts.map":{"checkedAt":1768031009322,"integrity":"sha512-URIn9Z/H+WjfdAe6loxV22LFtGjb2C3K7tgTwXxFrdnV5/hsamQp0oZYUqozHtEzNB6ANt9bUYXU0ZE7AeDgKA==","mode":420,"size":153},"lib/util/schema.d.ts.map":{"checkedAt":1768031009322,"integrity":"sha512-iD+i84/thfm5Nrf66Drh5z77HUd2+ElK2Hf3+fjJZAtwle0I/6CgWv8yNIAXtWxggMcl7Kqy8DHBIfff8XS1MQ==","mode":420,"size":302},"lib/svg.d.ts.map":{"checkedAt":1768031009323,"integrity":"sha512-EpIlNL0Q4FhYlZtO+JxMCSI43oVINtePT4p85GFjIoyYDnocwWdb6A4obTrHYn+QP6N+WRJ9KNLek75CzoBxOA==","mode":420,"size":105},"lib/util/types.d.ts.map":{"checkedAt":1768031009323,"integrity":"sha512-dPR1kvSa+gfCVqy5SS0irW6+b4qXmKLbQU6x96lRPEpSklHb03BfX03AVPJIfbWLcoVX/coBKfu25p3qCUTB/g==","mode":420,"size":186},"lib/xlink.d.ts.map":{"checkedAt":1768031009323,"integrity":"sha512-UT+9vH/IKt8rN9VpUMNNmwrcjItgSfUKC+Kn0uS95WI1ZYCgFjgtHbqKfi7e14VA6eSr3trpLHPjd2LnJoyDBw==","mode":420,"size":107},"lib/xml.d.ts.map":{"checkedAt":1768031009323,"integrity":"sha512-9gMRRLqiZST674Ut8J189Y25B5nBJ4nl9dLa34zb2slmOlTfHeitXlI8ZigZVxom6NhSFhEVcgM4A8mubBIwNg==","mode":420,"size":103},"lib/xmlns.d.ts.map":{"checkedAt":1768031009324,"integrity":"sha512-zsAj53atLSntRnEBVqC76FvzdnU6BQ+CdihLOYeOlZ84C44/119T9PwyRgAjJpBFb+3bi8WDcpxVbsKTNgpa0A==","mode":420,"size":107},"readme.md":{"checkedAt":1768031009324,"integrity":"sha512-AtQbU5wlfmjYNjkhvXwIfM1TssjwSdahBGS1XZjlSYWVLI6vTEt/CEzXUzjOBzOXVT91wwF/Q1mnrsXfCkmGgQ==","mode":420,"size":63852},"lib/aria.d.ts":{"checkedAt":1768031009324,"integrity":"sha512-HXCK0P32Nm0QnW/wDOc8CcB3MUzJofSznh2VjOJYhzUKAuF1xGONFeYWgT6SE+glMo2VM2eLX/9GvE7q+YhCTw==","mode":420,"size":88},"lib/util/case-insensitive-transform.d.ts":{"checkedAt":1768031009325,"integrity":"sha512-wIYEcX19jxZMBSxrjcTAstdUQ3OXJCg+aNKZomcHIFBDiAaYDMF1wYwUxwQkn0Vsq6qUdW4zvXosNynMgewKeA==","mode":420,"size":322},"lib/util/case-sensitive-transform.d.ts":{"checkedAt":1768031009325,"integrity":"sha512-QsYgsk83jfqoFUuGKz/zOmAa4+PcNcTVrArGQY5CBslPzfOgUxBgvTnJXHFXgyAtEAFVswf/EPvrd3xYmmoZuQ==","mode":420,"size":322},"lib/util/create.d.ts":{"checkedAt":1768031009325,"integrity":"sha512-qOnqCkV7WYH9aAf3dUj9pcURgCDrjDHLxQgQ7hb3j05ygcYmJQpTU0BCTeK26C7KsbL+b+milOL103sWst8mYw==","mode":420,"size":941},"lib/util/defined-info.d.ts":{"checkedAt":1768031009326,"integrity":"sha512-5TbitDyaLG7sMQjZigtPo4zlBhWDciQ16wuyezwrBggG32uULR21DS/f2uedOb9z0wTEyUSy7M5bQnqSk+wDMg==","mode":420,"size":577},"lib/find.d.ts":{"checkedAt":1768031009326,"integrity":"sha512-Y5hdi6CoJT3JUTilgJcN39ExNSNyIzrGQvId8CMbRbHmRoR3YMVrpjiSn1M2kv1clpPeo5UwCBXZTiAomClxpA==","mode":420,"size":1127},"lib/hast-to-react.d.ts":{"checkedAt":1768031009326,"integrity":"sha512-xf6Hkq2tU5MJxN1CjE0UyngIAjlhuulp7sYzDeWSSUeGuZIelhTsPZN+MJ1eTSXEWNz0AU3Y5ijiPnh1jkOK8w==","mode":420,"size":424},"lib/html.d.ts":{"checkedAt":1768031009326,"integrity":"sha512-ZkBRAqG8WaNWLdArcHPOeIV2aL85qcCyWOKvi3WcOOx2CCDyR66HJ8sir55hXmWo+jigmT1BhKUNyI5eVLvLhw==","mode":420,"size":88},"index.d.ts":{"checkedAt":1768031009327,"integrity":"sha512-Jw5c5BOt+00iyG1FEuHsg22fQQbpI1MpeGl709387NS+EIIqKKZR7MiSLv5+xkJ1Av4sSQfRsYHh8E1sVuadeQ==","mode":420,"size":2957},"lib/util/info.d.ts":{"checkedAt":1768031009327,"integrity":"sha512-5LDyYJbfQf7voS1vcz+seaMc+J9ppr0s4/58ARvvAI0bcAT7AEA+brBqRBKu658biTvl5LCeV5IYHzXZgesgAg==","mode":420,"size":703},"lib/util/merge.d.ts":{"checkedAt":1768031009327,"integrity":"sha512-5b41ywrX/cTF99hpCG+Yk46ZliJl7d28URPmlAIJQngD/RPFNE7coO7PEnWl1oXpnuwfk7uH3mS09kmEbFs7yA==","mode":420,"size":374},"lib/normalize.d.ts":{"checkedAt":1768031009328,"integrity":"sha512-eNTfCsqMCgBgPfzmRFiU9BB+bH5tu1nkLtLU6ZJLvxXAbZVKjnz8ZfDEPO3LYABgTm8/GzqkAC3PNXfgkAnrnA==","mode":420,"size":349},"lib/util/schema.d.ts":{"checkedAt":1768031009328,"integrity":"sha512-u6y/OJQPLeeHlPMK9Yw1KI1uW4yuAaNjEHnaOhl7Z5nfu+cO6Lxzvz+Plf+rGWUIQOso6t91z5EhECIOh/GBHQ==","mode":420,"size":756},"lib/svg.d.ts":{"checkedAt":1768031009329,"integrity":"sha512-snzofeRKVLV/xcmNPO7JOfs6GVMusRCcKcw+IsfB00uzGZpFnvNorlpglGNKCddFFrTcaG5q7rrWxe+B2Vvg9w==","mode":420,"size":86},"lib/util/types.d.ts":{"checkedAt":1768031009329,"integrity":"sha512-9+ZrctJrNzgAQ+94dz96VamWi3DwWS7GtMxk6YifrWSB61VtK3E2nLZ/81pIG2KccCUgW7uxDhIWGVKd1pLcZA==","mode":420,"size":285},"lib/xlink.d.ts":{"checkedAt":1768031009329,"integrity":"sha512-m1qIkyCOYnPWC/r/CE60+FU2L86hwhxLKxXiVgDt02VzSvtbOt4OV6cOkdbZ1UPxBgxLUOISCtWmJ5NbezEniw==","mode":420,"size":90},"lib/xml.d.ts":{"checkedAt":1768031009330,"integrity":"sha512-BXeTpGleYKApM8g/X6NAv4y+JzMq6y5tHA7QJQZjWPkNkkTy5Y0EIh8DVLKbgzbTpkGRPHbGz6v0xduZg4iJuQ==","mode":420,"size":86},"lib/xmlns.d.ts":{"checkedAt":1768031009330,"integrity":"sha512-fPu5Z7IRNDYGGqh/edgRnQKhkahIS1NIrn4qxKVLVzmX9yhxOhV1rBx9J26Kbf87SffkiO5jcaM0SvBaISl2iA==","mode":420,"size":90}}}