{"name":"postcss-load-config","version":"3.1.4","requiresBuild":false,"files":{"LICENSE":{"checkedAt":1768031008437,"integrity":"sha512-NN6Es6hamJKMLu08deOXnxeZihWZFLePY4E6L0H/eMo2FWp9+Txp3/fb4rSJvKoo6p59PYfPdnyl8s/y3WvJZA==","mode":420,"size":1105},"src/index.js":{"checkedAt":1768031008437,"integrity":"sha512-HdUYiILq1LqQR45HjjC10ElwRb07rctnvCOaiSf3j4upMwW4cirQuyL7pzASdcgzPy7VQj/7mPjT7cM4c9cuSw==","mode":420,"size":4282},"src/options.js":{"checkedAt":1768031008437,"integrity":"sha512-8izlTo04gqF92/GyS/DA1iaSHYui8W2Xo0P41Y2JF1PyHpUzVan8V+LlIaJYeEffOWuphTcMCh4Ygw5hQie0Vw==","mode":420,"size":1057},"src/plugins.js":{"checkedAt":1768031008438,"integrity":"sha512-UJUFNPHB9r96BCYbs8TSjYKDUIhAzIDJlrZK8sj3OuDxsxxq5YkKsXx3V8SFpmFci0CBP3YQm46M8iV9o5eKbw==","mode":420,"size":1859},"src/req.js":{"checkedAt":1768031008438,"integrity":"sha512-grcLnZXu9DxFl7pD2M0vFc9HbYdDuhZQFMSSVFQfU520eo6VVt3bRsA3h4v2r17pdKJzRvbJdJmqeyMdvDfwXw==","mode":420,"size":289},"package.json":{"checkedAt":1768031008439,"integrity":"sha512-sNzx8HHQ5noJMvyGylLZWoXE4kMMns8J9tyYIn4taqM7/0UQOy4Lqnj7XmcSKb+16umJszoy5y3bEfSc5ZuMQA==","mode":420,"size":945},"README.md":{"checkedAt":1768031008440,"integrity":"sha512-kKxgk4333ZN7a6FMIEA6MefReudqUxKt/1uphenr52uZfUaV94l+NhsOskMEUCMC1BVFGjUBPQVs4d4uPxd77A==","mode":420,"size":10985},"src/index.d.ts":{"checkedAt":1768031008440,"integrity":"sha512-lPX2AA5xOnd458xxfG+m03HUzRpuaYrGRZNUtuO9peaF1XasBCV51GxFDnHiAlo5y+eIGucTe45jRKpjS6AGOA==","mode":420,"size":2221}}}