{"name":"optionator","version":"0.9.4","requiresBuild":false,"files":{"LICENSE":{"checkedAt":1768031006062,"integrity":"sha512-FkymZYtx329CmIaO3HdzaHZ6WrL5BZj/NGLWVaM6TuNvsbYcBnTjOd6Yzvi6lJfLVAW0oJGhl8mK9EKILopYDg==","mode":420,"size":1054},"lib/help.js":{"checkedAt":1768031006944,"integrity":"sha512-mFytVcjWuDpvfKGCCv6C4O9Rk2cg3ZLVN2j3rMCPB+NaIjtWeBYAZ6FJar/whYnBObKG6z4g/QBtq3eLMgAdqw==","mode":420,"size":11144},"lib/index.js":{"checkedAt":1768031006944,"integrity":"sha512-WEetV9XF+nlwW1Pf65VVPaKYRl5l50z1kkxer6fdB9cnKnXGVTNjpPRS11mzIVYZ2gt6SV56usI+0cDVlmKaIw==","mode":420,"size":18530},"lib/util.js":{"checkedAt":1768031006945,"integrity":"sha512-OAKEnGU3ZohE5QL9AhG3lnc5R6rWdZvib1TmeVwp6p3ibqBKnWZO0z3TUHp0KNDmAsPOSRS+sAmEWvVB1Kj/fg==","mode":420,"size":1498},"package.json":{"checkedAt":1768031006945,"integrity":"sha512-sCgMYs8I9gCLPv893hi1CnRYZIPuzd1omzarQKUjY+uV3+1q2031yII2rZV7CkH5jPJd0r3QBqvWcLFoHECGbw==","mode":420,"size":889},"CHANGELOG.md":{"checkedAt":1768031006946,"integrity":"sha512-CDxFr8nXMvuH9zPcFMwKyOhgctJ4nbNuKYfGRn7Vuyj8CnFZeT2UGMdUdYQCCoK1bbH6a7UBAoEwV2zhOFsAsg==","mode":420,"size":1995},"README.md":{"checkedAt":1768031006946,"integrity":"sha512-/K6HkRnR6VmhrQd2BSVLv9IsJL6rf6FykWVTmdY8FhwTdnRuWg1K+UEV3SwOpGXb19jgVQ+eu5iAkXbyDWaKVw==","mode":420,"size":15047}}}