{"name":"unplugin","version":"2.3.10","requiresBuild":false,"files":{"LICENSE":{"checkedAt":1768031011241,"integrity":"sha512-4DG7hTF5RilkJ3lr21B3rdm+v4KjlLKeyrkIAP0si7EA/HPcclmxc1CnPGp7Tl2CXdgEjFjSq2Kj06hPeOIrhA==","mode":420,"size":1077},"dist/context-C4aYoZcz.cjs":{"checkedAt":1768031011242,"integrity":"sha512-8m9KUNxT/pdGeCYnW88Kaiy0JYpgzR/2BMLG7trWpajs6hL8Gm7H7MnI/AEkXSoZMrZyhVuhleitNrSHydQXUg==","mode":420,"size":2699},"dist/context-DwbtaXxf.cjs":{"checkedAt":1768031011245,"integrity":"sha512-0RohACad9K+qKjB4uqHe6UTMsBJ9f4nEUjDq2inggBLOlf9VPv/w5DozD2qA5IC8KMJIJrwcfB9IjjDUtfOuAg==","mode":420,"size":5228},"dist/context-PvRDlMNZ.cjs":{"checkedAt":1768031011245,"integrity":"sha512-gSD17j5X/Px1FZyANG8ipPaA2wJbulugc8cNyUZG1KhW1vCqvrmTVHlWP9j+u9lA1dOGYIV/Iep7y61pvW9C4A==","mode":420,"size":1840},"dist/index.cjs":{"checkedAt":1768031011246,"integrity":"sha512-85rQESj7pOl6v+/Ngfk+oxALPvDFv0RIvS/rPe3xeqaN8MC2JXJCyTkjfa+KKaBY3g854mzMJa+GCaDcR6Gb9w==","mode":420,"size":37933},"dist/rspack/loaders/load.cjs":{"checkedAt":1768031011258,"integrity":"sha512-CJrQ9cKVmWndmyGtLLUmE2bhUvXqsHnHiQeOchmchvvmRoAIUFtzWaVKJpAaDo6V6oZtF7tCFHBgQiAyJ6h7Yw==","mode":420,"size":1250},"dist/webpack/loaders/load.cjs":{"checkedAt":1768031011260,"integrity":"sha512-VzOuffVr2uuOK6CsIrLUYzA9+cKXBwZrxQqEu1pfagPjq+ryz3qoK0O7egQlVKZXFd6ge7RFRkpB4001AH/evw==","mode":420,"size":1197},"dist/rspack/loaders/transform.cjs":{"checkedAt":1768031011260,"integrity":"sha512-YCXRmtK+uuTCkd3gB5MR8B9LTfA4F3e0l0QfmWqN6Lwk+J1EtF6IzlbAkr9OvJvRmM1zFKJoEy8gUlRrDEBhgQ==","mode":420,"size":1104},"dist/webpack/loaders/transform.cjs":{"checkedAt":1768031011261,"integrity":"sha512-xW0A4HowXCr/7BX2ZOeOB5Do5M9LUPJ63ZbfmxnFa2aCEIjXvAsoVrXg7sG6PeyRds2JTn5eS0LNrnm0ab/aRw==","mode":420,"size":1206},"dist/utils-BeoYHuOg.cjs":{"checkedAt":1768031011263,"integrity":"sha512-l9oFREULeeCBJ0QJxEPGmBw0hWAMec4NHlT7XJK7YhuJRI3AG9F5sudPPCQmAE8k1mKjMncOgsRU5VFpUwOc/A==","mode":420,"size":2409},"dist/webpack-like-BAQNtVsj.cjs":{"checkedAt":1768031011264,"integrity":"sha512-kAgdCJRLIfwsQa0Ibwp+ATIuR71vGzY3KGydB2PE0DgQE+9HPut+SrpgX+iHuyc6idk0h8CXHyTQkW5OcDTD/w==","mode":420,"size":1470},"dist/index.d.cts":{"checkedAt":1768031011265,"integrity":"sha512-NzLtjo7ebfn3eJbw75n5VdQozhlpt8xh2lHEuNnM7jLaU2CHQogh+giAHfK8OZXOMCSqq0IM3+BXNgY0wzOIXQ==","mode":420,"size":9668},"dist/rspack/loaders/load.d.cts":{"checkedAt":1768031011266,"integrity":"sha512-at35Ct00Yl7S/MvVW0YgsXwG3hZbgvwmTHSdn30qm62DIqOW0icV6wPgf0dvRM9P8ThX7TQm6dflOyIudcL7Mw==","mode":420,"size":185},"dist/webpack/loaders/load.d.cts":{"checkedAt":1768031011267,"integrity":"sha512-V0sj60vqcOOrut4ITWy6FZ/KfJvIVcaK9PJoO/VPnQwl6T+kRE6DV5b0Txn4vjKA4cn/CaaUclFNUX5ByiVqLw==","mode":420,"size":186},"dist/rspack/loaders/transform.d.cts":{"checkedAt":1768031011267,"integrity":"sha512-fQWJKZmMQK6EDE4CSSqX39+9slERUGWTW1RPsp4sqEQHt4d1yQWlHsCZxRxpczYMPQtMN0dFJAryAcGgwQhoZw==","mode":420,"size":200},"dist/webpack/loaders/transform.d.cts":{"checkedAt":1768031011268,"integrity":"sha512-sa58hz5ZkJWD4RfSa3m6V3XAXZ4Privfgdk+Vn0wlOyB1JQC+Cw0pGEErkfvIMccSusIT3dT6aEJ5kkSUGgFBg==","mode":420,"size":201},"dist/context-BZKy5Nsn.js":{"checkedAt":1768031011268,"integrity":"sha512-Kv1n9QTlBy04aLoGHmULI4tbIQEzYPM0Aa8NwTmutjlASQMxtOKj9Vk9q5AaO0xJc2Mctb1ZqUr4xnGCHHfOUw==","mode":420,"size":2002},"dist/context-D_KPTgTH.js":{"checkedAt":1768031011269,"integrity":"sha512-wnLJyizWMwirwoPRjWu9PXyzq8fNXBhiiAhw6igKjAPVjLCToPqUwfnXINQPcUJpSjCU7h7RG0oukjzEVTJd+Q==","mode":420,"size":1392},"dist/context-D49cMElb.js":{"checkedAt":1768031011270,"integrity":"sha512-PoPkDVM6iWDUb6r+kCq1DRIMZwcQl3jUQORq5buXYc+0mQCl7gGjr8dAui099HQKUI910zSR4NF9yNjjVuBaSQ==","mode":420,"size":3780},"dist/index.js":{"checkedAt":1768031011271,"integrity":"sha512-XzrXNzoxRMZk/qDdX5qVCIa6G+d7nbX5Poj54sbvRFcl9Zxd/lcV16yY2hHxPFvpP3bOwFtlqAhiC+ejIpg4CA==","mode":420,"size":36883},"dist/rspack/loaders/load.js":{"checkedAt":1768031011276,"integrity":"sha512-ineu5fFJ+PaFYK5KU1Hm+hndjwvyiLpGFCp/1y9/B/97UZqExAZgqPZl7fRaxmSo1P0ekc7+UfTtRTGWT1FNvw==","mode":420,"size":1194},"dist/webpack/loaders/load.js":{"checkedAt":1768031011280,"integrity":"sha512-X8QgtocAh5YCL2lS1furqT9Rwb15PRpvCWAzlgNJb6nX+lDYnpWjMQM8zk2etRknPx0i3JcRYu2AG67XIeUyUQ==","mode":420,"size":1144},"dist/rspack/loaders/transform.js":{"checkedAt":1768031011283,"integrity":"sha512-9zo1YYWXoJgsHJgmO1nzrGIi02ieyTYq8zwLaMsUVp48MXuwgbzx652yE08ScZk/J8gO2iTEN7c+Y4kl/Xb8fg==","mode":420,"size":1073},"dist/webpack/loaders/transform.js":{"checkedAt":1768031011286,"integrity":"sha512-1fDDTIR7tthTLz4mcELlszRnLBwjkwU5/OARAGYjNgDqK6OwCVXIpgRh0gyOqh79Hfzqk6ET6+4+661g/6LGlw==","mode":420,"size":1175},"dist/utils-C8vphsat.js":{"checkedAt":1768031011287,"integrity":"sha512-AmGw8qnyTgFguM3sBEvHKBsDeSo0rxpQOVwnzVWsBhNp9gwpaofmOTmZBJb2kRgE5jRXDgocbrXoKBfBnuH21g==","mode":420,"size":1736},"dist/webpack-like-CSbnjTNU.js":{"checkedAt":1768031011288,"integrity":"sha512-sKMB0ESHBNMTElakk6Ov8QaVu9pOVZdXVaI8QSzA76WHWE/Ka1mMJjOF07xu3AhpGOEAGAz05vhhecVCraOoOQ==","mode":420,"size":1204},"package.json":{"checkedAt":1768031011288,"integrity":"sha512-q6ZuyceGF7MNi9pmYsXXxAov9poLT+MElBMWA4Qf+g7QcsulUt0RdCmkTLD9Sp8UyjZwB0ExDHjTZlcuykhmlA==","mode":420,"size":2468},"README.md":{"checkedAt":1768031011289,"integrity":"sha512-6mXzKhc6W2bC2jG5qItseAPusf4QVbS/XhnASYfe4u/Vrr2ZXuOKsZ8g9FPKCbBe5ZEpnM7yfJhB97P8rrmBrA==","mode":420,"size":1162},"dist/index.d.ts":{"checkedAt":1768031011290,"integrity":"sha512-P7woAdbEj+Reg1290LCh2jJl8ezYKJnAXk0C/+NP76+YKXHZbu2yeV/3YI92eeC5uHuwHy9pu6bYs5hHF6Vw7A==","mode":420,"size":9668},"dist/rspack/loaders/load.d.ts":{"checkedAt":1768031011293,"integrity":"sha512-XdI++wA9o/O8D8+iasdJbYNGoz0ajqMNt4GogEuw/ijXBfVZYZmjTPS+HemLOY1rgHz+CWJv4iLETIeoCfG/LA==","mode":420,"size":211},"dist/webpack/loaders/load.d.ts":{"checkedAt":1768031011295,"integrity":"sha512-KRJyb9vYQyAZbKR93w5nf71arTd0qrA596C9G1eiDG/mzwmwzq4NpbwvQ4Au9A1tkUNUGZMJRQfSjv01HHmENw==","mode":420,"size":212},"dist/rspack/loaders/transform.d.ts":{"checkedAt":1768031011298,"integrity":"sha512-RW1YmhWr2tgUbCFkVeLd7dOmYOewFdQ/X9DGo76OvsnKh74UwdJ3vj4M3+a00cPeomHELf7coT8tx0xP6qHJQQ==","mode":420,"size":226},"dist/webpack/loaders/transform.d.ts":{"checkedAt":1768031011299,"integrity":"sha512-+hwemikzckXY0jo+V2FWjvHel2PsJ2h3r1DZNII+Lkl0npPGzAegdRPPkJlYD5EoaMXbf3EIFP9xbPQWBe9w6w==","mode":420,"size":227}}}