{"name":"micromark-util-encode","version":"2.0.1","requiresBuild":false,"files":{"license":{"checkedAt":1768031009041,"integrity":"sha512-ic4iF2Ap25Sn5T9MMw7nJ9C20WL6V01rybBBQi2Qx8cQC9/ERFEqGnove1HT65tK2TIKM30PZoOV3Qbz2FE//A==","mode":420,"size":1094},"index.js":{"checkedAt":1768031009216,"integrity":"sha512-vb47PKht5gBcPvVaBiqlUuVVRiCs7Lb7CMxKzPN4lVpGyVX5DdGNTk+n/WKwsPUQl36HadszPQQ+4wweCilz4g==","mode":420,"size":757},"package.json":{"checkedAt":1768031009216,"integrity":"sha512-JR/ThHiCRppsqxBEcq9dhd49uJLxJ6gHxC04Py5DRxfBkk7LABf8fT6LF4l05kL3hznGFgt/GucZ5XPGcOBWrg==","mode":420,"size":1119},"index.d.ts.map":{"checkedAt":1768031009216,"integrity":"sha512-l/SL1IiD4DHyNPyCEZ1mtC6zxuuRs1LCfi4xrUgkjL38ZtZX/3/PevRyj/5ROCSYl65r1cxVBbx0jHphSKHAAQ==","mode":420,"size":149},"readme.md":{"checkedAt":1768031009217,"integrity":"sha512-yUwvt+HpcqyR3w9VLwbsxujmA2RddyTarBAGSxJOp2ZpvJ3b9GKIP+sWYhJaKhkGE/xg4H3SLK/MT6uxuut1hQ==","mode":420,"size":4451},"index.d.ts":{"checkedAt":1768031009218,"integrity":"sha512-sW8uZonv+Jhxq76KmjEt9XIX7q8bPx12gUhNCHeRTZLxT62tNzqQEtrC98lWre9aSbjZm/dDqDHHthME3d0mYA==","mode":420,"size":401}}}