{"name":"globals","version":"16.5.0","requiresBuild":false,"files":{"license":{"checkedAt":1768031068995,"integrity":"sha512-0fM2/ycrxrltyaBKfQ748Ck23VlPUUBgNAR47ldf4B1V/HoXTfWBSk+vcshGKwEpmOynu4mOP5o+hyBfuRNa8g==","mode":420,"size":1117},"index.js":{"checkedAt":1768031068995,"integrity":"sha512-VhySceycwo/hJ/Ks8R38KJ5djKl0pXcuuD1p2k4/5mPZQlRB7dH8s5iBGqOLJw/hKJNqlz4jNu4Rxg1783OSLw==","mode":420,"size":58},"globals.json":{"checkedAt":1768031068996,"integrity":"sha512-AqGaMDLl39WTDq9hc/9LFaMRTH88thTn6c5Ih9Wsnnw+C9evzjBRsi2rIfn//wcEaPZGdz0Fi9G349oF3JHypg==","mode":420,"size":82379},"package.json":{"checkedAt":1768031069000,"integrity":"sha512-GKQREZ47dOY6YMez+ceb7ygUs7VctiuBgZdPO2bjEuDeHhhixKd3cxrKFC9Dyug5871GXyHR9hny7qEJh0Q1Rw==","mode":420,"size":2688},"readme.md":{"checkedAt":1768031069003,"integrity":"sha512-fIfGHPdm/IsX7A8sWtpnfLICQf8XC5lTa01NHeIQbpdMIuDrPq6rwusiFDCHiZmHIT5lu4DnQtEMENwpcRuTPw==","mode":420,"size":1623},"index.d.ts":{"checkedAt":1768031069004,"integrity":"sha512-RtV1HJGRi02YojxYjkXLdk50DLpVBYSaRsqcGoZxImSgB9cT68DQomUoFlc1ycgCV5zE+2Bi2+ye4Drig5kFow==","mode":420,"size":110811}}}