{"name":"ccount","version":"2.0.1","requiresBuild":false,"files":{"license":{"checkedAt":1768031008995,"integrity":"sha512-00mBaAegOXNJDyksTMrytYh98gH+v/fruetGXfLv5IVYnw8WD5PgOTOdM0A7q244DNs0Ynq8gFk4JA6SWxIdbA==","mode":420,"size":1099},"index.js":{"checkedAt":1768031009101,"integrity":"sha512-1BeNAKrfF3q256jMkFvw+TR3pKRmWiec41HHzcRnjkNSEwe9j0/ornrXgQjU1sH+34VUDTHWEu4uRtdXcNRIpw==","mode":420,"size":619},"package.json":{"checkedAt":1768031009102,"integrity":"sha512-Ah4U2QBQ2sJbluvC9zxSk9PUI/fcFjOphJnr9SRQoRJ8R8PMWJXuq0I2SlpCUd06m9jiR+qw/jRaxgrUH5pylw==","mode":420,"size":1839},"readme.md":{"checkedAt":1768031009102,"integrity":"sha512-3puFl6D2mMfCCMSucGqSKK92RXGgHKkUXubHzDRrE6L76v7d2yuM+V+yKUZEQjj8jCmutf1a9FxZ4rGwFaFjlQ==","mode":420,"size":3448},"index.d.ts":{"checkedAt":1768031009103,"integrity":"sha512-CDiudVG39TAzpibKcs3AW4DCXKMBGSr5kMuoZ/rgYl3vmJX/PcKhlmPaSAuF5w82Ub/TK8Sq/mVdLbAM7qI7Ug==","mode":420,"size":339}}}