{"name":"svelte-check","version":"4.3.5","requiresBuild":false,"files":{"bin/svelte-check":{"checkedAt":1768031070776,"integrity":"sha512-bNlK//kdG4wJa8uw40diRaOXZZA/PtKe7edW3J5tqiQIFij3iMJ/sMbn8xfz/hlOArgw2hv5p5U31rsjFxxwVw==","mode":493,"size":53},"dist/src/index.js":{"checkedAt":1768031070794,"integrity":"sha512-jGf6r42056mrbIPwaLyxo8Q/+6HWEgOSoXns1Qga8XM/vtdYE4ljZR4k6nqa/2+fj2noZbOrioTC2gMFJd/bUw==","mode":420,"size":5395790},"package.json":{"checkedAt":1768031070795,"integrity":"sha512-aQgm6ZWbSfTM2+oWM/QkT2S5q7oWEwX02UXvxNbz5RLCQ7mO4T/ylQyP9kxJzDAZahHVBydUTDzmFJ5hWkkImA==","mode":420,"size":1763},"README.md":{"checkedAt":1768031070796,"integrity":"sha512-9H/MaLMLU92lExr2+FaL8r7s4p2SDsVGSo7vGlPb6x+qCWahVR7c8/5UkcCiNhvs/tUYfGJCBZp8Kwo/UglqGg==","mode":420,"size":9667},"dist/src/svelte-jsx-v4.d.ts":{"checkedAt":1768031070798,"integrity":"sha512-0vTsDWYzeRusY9OFV45FMg2CY0tSRwgtrC0FVjWp6P9RBg+XqxDIbGIPvB2bNdlkp3++yJ/v7FRGYRNBw3u7ow==","mode":420,"size":10684},"dist/src/svelte-jsx.d.ts":{"checkedAt":1768031070801,"integrity":"sha512-vK+qYr3iec2pCq6ftvCa/e4wCPoXSnv54OzgtpE6UI+DqxiHowcea5Kycd5wfV+thbohUXo8Yhyeiu5Asw+6+Q==","mode":420,"size":64575},"dist/src/svelte-native-jsx.d.ts":{"checkedAt":1768031070801,"integrity":"sha512-HoYMmeNHMeLdt5qXiBDwiGmX5SHH+MAt3EcUINHjHnyaDYqLh19o21V6vTvCE7b3Zmdy7a3Pk/Hdr1G4vxN2Rw==","mode":420,"size":964},"dist/src/svelte-shims-v4.d.ts":{"checkedAt":1768031070802,"integrity":"sha512-/Z90AQvXdr+6al+lV/RrCjHpMNUuqDHOxNB3sYC+LmWmGFFQCyLIn3m3z/aV3EjRbO+jWPE8cmshVEhhljIV5g==","mode":420,"size":16116},"dist/src/svelte-shims.d.ts":{"checkedAt":1768031070803,"integrity":"sha512-jhsF3Ti7X1sciSuvjbF8G/alqSJI40HtznTTql0C9+gpuVFsDdUL5iSweMvUIrwfHlTaGKDV8fdkPpiYd/DNqQ==","mode":420,"size":14526},"LICENSE":{"checkedAt":1768031070804,"integrity":"sha512-F28a5GYhOX7Yu9LBTuuNM2vKckvaGSIEihKTiHnBKSSVH7HYQ328Dcvx10Y/cPoV1mUmGGMEcP7ZgqgfG3wSWw==","mode":420,"size":1131}}}