{"name":"@shikijs/themes","version":"3.21.0","requiresBuild":false,"files":{"package.json":{"checkedAt":1768031075020,"integrity":"sha512-7aRbEaxadNeAuRDMgojfrmyYVcDal3EPvhijHqv4a3Zq+Rw2Jhj7luVvcWXZBtT2LgavQj0yrUrEgXzw7FZqzw==","mode":420,"size":3968},"README.md":{"checkedAt":1768031075021,"integrity":"sha512-NdEbec3g5jJZ++HPoCPWyqFctEJJ5vIHVV8NKq1s2SYrPU0zqwhKKEpSVS0oeprNmg0Heu55f6Wrc88vhDJYsQ==","mode":420,"size":63},"dist/andromeeda.mjs":{"checkedAt":1768031075021,"integrity":"sha512-UF8ZKtvh3v10Eytc98CriTfHbXSXMKlLO/gvSKX45mhdXcJxQh7jIu5/jdkt7iLYwrUv1g+qsk0+X4qIs9XohA==","mode":420,"size":9865},"dist/aurora-x.mjs":{"checkedAt":1768031075022,"integrity":"sha512-AhHo0pP13nQQSa+4mNLZNN8c5D+t71B5EpOPGmOMRS0NFu2WfIaUDy11DSCzkqfr8wncc7uGjwHDoAaDNjAkOQ==","mode":420,"size":14878},"dist/ayu-dark.mjs":{"checkedAt":1768031075023,"integrity":"sha512-c9czwjN53jGKHdWP9LX0Qrt7TxiMwlZdF/0Qlsb1MPalC4MK/35kLi0UHNLRUdJXbm8Wf6YUJSMPOCmvCWBTgQ==","mode":420,"size":22040},"dist/catppuccin-frappe.mjs":{"checkedAt":1768031075023,"integrity":"sha512-CzpdtUi0oWeX6HQBwEoXibTQ47Pcv/GXk2hMmarUqsQrDaKfA+vK2WLO4BZx8AiPBZF9qLKVcEYCE+pz2LNsxA==","mode":420,"size":52090},"dist/catppuccin-latte.mjs":{"checkedAt":1768031075024,"integrity":"sha512-RGYXPiB20LdeivP8dCZ0bu1mPN+DHti6/qHnQV26XK4GrtS+kteJTxr4VHkiUOM3HhF6qS512aq/RIt4Ic9HuQ==","mode":420,"size":52087},"dist/catppuccin-macchiato.mjs":{"checkedAt":1768031075025,"integrity":"sha512-5mPqxGwXf4qlSc5xRQBQodn82mMDoVHF4qOUfg0rDLe5Cusl7zejx2sHB7oCGm3c8mDlaW8uUHDvD5larDmItw==","mode":420,"size":52098},"dist/catppuccin-mocha.mjs":{"checkedAt":1768031075025,"integrity":"sha512-reA0Cxyv7lICfkOpu3Yu6KUyq24wZ92zCQXtnOSeVmDjPGUbS3heJjjk4Xd7M3O3J1Yq17XdiPu7D//WcIkQGg==","mode":420,"size":52086},"dist/dark-plus.mjs":{"checkedAt":1768031075026,"integrity":"sha512-pEdgQhSlKNtT+GVGvQhwtvFbs27d9Mx1kR8qSkVceUv4P4Ba1236orzNqRqiAlGkdWLEZgyXCPONuLivA3Wdxw==","mode":420,"size":10119},"dist/dracula-soft.mjs":{"checkedAt":1768031075027,"integrity":"sha512-kAaDcMdTyLhQZhGFbwZqGuX2Lyvq8Ke9jJKt9OOKc6ryqfeVZN42blqYXk7uONPk9DmmQvN6Y7usoTf5V5uTDw==","mode":420,"size":23137},"dist/dracula.mjs":{"checkedAt":1768031075028,"integrity":"sha512-MpSXueYmvxULTHcKHuM+6ItgzLwtSgmLC4MfdgrLBZylxO6k73r4iDp3PTenvaTcCMw3rK64E2UW9ENTusTJfw==","mode":420,"size":23122},"dist/everforest-dark.mjs":{"checkedAt":1768031075029,"integrity":"sha512-lU2uj49sZBQvy7U1J9QbW+Gmlnu8ZxGK9DxwrV9ycHDkyanJNQKNQbZzyZHCm515g+iMOfqTnby218UViWs0nw==","mode":420,"size":58495},"dist/everforest-light.mjs":{"checkedAt":1768031075030,"integrity":"sha512-zRNoOI20nxgSwjbn/YS2IOFgB+ecEC01Lg1GafyMyR0pGD69qKnvLKqXe3CZKnC2keHk3b5/kOFERBDcRVRxBA==","mode":420,"size":58499},"dist/github-dark-default.mjs":{"checkedAt":1768031075030,"integrity":"sha512-Pn8glOIH2Nj61XTkzOdqTqUnAjpFQ5wB5m2M5lOLoBa3tXFUwlPfRZgl7trHwBKzvB1Gn97Pj3FbHaF3drmjiw==","mode":420,"size":16087},"dist/github-dark-dimmed.mjs":{"checkedAt":1768031075031,"integrity":"sha512-9bL2YEe875dfuqN2cXnawhypn4tx9Qs8C7dl27ZS+j9fwHTprBz5GsqLlpA04tSEseg4kz5qGTdOk1xV3qU6ug==","mode":420,"size":16084},"dist/github-dark-high-contrast.mjs":{"checkedAt":1768031075032,"integrity":"sha512-ZxGgDyruH7F41YE9il6HOR5Rw15eAeTBxq6CBtEgsSEwwirZ8k44Uyxe+JRmoa5/jD0RySOv3Qeiu94m5mEP6A==","mode":420,"size":16269},"dist/github-dark.mjs":{"checkedAt":1768031075033,"integrity":"sha512-ejREE9utZU3xmtmv95xVr3MbqUdNrNxN0zit9UZG9+ySkzF+pOQvsmlroCsSZNetUgkYk/knAXLIRUBz1p+6wA==","mode":420,"size":12745},"dist/github-light-default.mjs":{"checkedAt":1768031075034,"integrity":"sha512-jGt+YQkQr2DjNQSwiF8kt4GJZ8y8etPTKzYycxTUmy564go8gCqfkJ444TcwJL7sn49z35yNO0t5X/hqXvCggA==","mode":420,"size":15775},"dist/github-light-high-contrast.mjs":{"checkedAt":1768031075035,"integrity":"sha512-MQMl49jjGGxOaGYewUDkGT6J2apblDHWHLJG96IZ3mbewvUUTINwkPHf0JdWQ7jWkuw5dzaouQDwxbm0f+CW4A==","mode":420,"size":15912},"dist/github-light.mjs":{"checkedAt":1768031075035,"integrity":"sha512-QqFJxYlohpWN2dY4NERbDJKdUGD0UQpRYLMqSwma6M8juZCgWCrl+0eUmgFo2g8oJ6t8bw6ttvNH5Q6ZcI+FAQ==","mode":420,"size":12509},"dist/gruvbox-dark-hard.mjs":{"checkedAt":1768031075036,"integrity":"sha512-zczDkwW7WR+gcbLkKK4+mMiWrHCXt7fAWqmN1oDkGDN8UaMn/wf6mHeyjvrLdrHmJx6N8ErratkdmXizUZtc9g==","mode":420,"size":25189},"dist/gruvbox-dark-medium.mjs":{"checkedAt":1768031075037,"integrity":"sha512-kgyAN5A5Ub76pMkxoQn+G99WSkXfU/NqiNC6cXtzX1pEZ5ipA+RG1UjQIP0idPXyiHMv78UaoVg8+Nknlzgh3w==","mode":420,"size":25195},"dist/gruvbox-dark-soft.mjs":{"checkedAt":1768031075038,"integrity":"sha512-vubW9Ik6s/fpiI6ZsKTUh53iE/NMGxy4jr68i2iSWUKeU6/gzAJ/jLcP0NTWz8zlGSW2VGzlI1OM+y0QdNnrTQ==","mode":420,"size":25189},"dist/gruvbox-light-hard.mjs":{"checkedAt":1768031075038,"integrity":"sha512-KU0ysojW4yNzUlf2NGj6oXyI43kXfKKd3OG11ar3ba1JGjd8nreuSpQSq5bxvP0U8DRwLmUjPPM63pkNok0A2Q==","mode":420,"size":25193},"dist/gruvbox-light-medium.mjs":{"checkedAt":1768031075039,"integrity":"sha512-7tfQB70ibWimlaUlPhFmkuHyAos9vSi2fCb1ksCXsOBydr1TVMhBIEXGnAchnKkfA1I46S/WHAWiZY6LefITEw==","mode":420,"size":25199},"dist/gruvbox-light-soft.mjs":{"checkedAt":1768031075040,"integrity":"sha512-vwZHMtsBjg7rB0rAPAarUpHUtzvbG64T9iZ+WWQV0t2yxm2Fjj6NdU5n5UAwLa4/cleAml2qIw106nBkDPw+uA==","mode":420,"size":25193},"dist/houston.mjs":{"checkedAt":1768031075041,"integrity":"sha512-5yM7JPh4vRMWW4LJBPONvcR+mTvhypFgUDk8h8nktoOl2maHvJbVkNqIMDfgFCrjIn5Um1z3bq11p0HNnQR5gw==","mode":420,"size":38990},"dist/index.mjs":{"checkedAt":1768031075042,"integrity":"sha512-8eps/aE3yf8eSQTtTRDVSOiPDYVv/LsdIrfinVIFoAxNh/WC1gjN6YG9dZUicgx/r7IBBSJ0UkH+k/ZB7kxesg==","mode":420,"size":1197},"dist/kanagawa-dragon.mjs":{"checkedAt":1768031075043,"integrity":"sha512-fjiyp48bqFaTvHmdQcaXL8SMk1cJc91InGlw6P5jJJD0F3egtF9nl0hMPUOnPBLFH2wnRVPubFFicwMgqYPQPA==","mode":420,"size":18759},"dist/kanagawa-lotus.mjs":{"checkedAt":1768031075044,"integrity":"sha512-EkzXKHm6YC4JBhFofJ2IJH5ZgXMvKv/80O3GByVeuSkQStrtg/eaa5dZrKlU2cAGYkmmytH0TmxTeUabUdufqA==","mode":420,"size":18757},"dist/kanagawa-wave.mjs":{"checkedAt":1768031075045,"integrity":"sha512-MRU8o9QcysL5R5+4MvgET93G3FDZSqvHSn5Q+jA2FbFuKs5/bb7V1eHeHZUQaArjPxatfd439ygkeIB9VMnXUQ==","mode":420,"size":18753},"dist/laserwave.mjs":{"checkedAt":1768031075045,"integrity":"sha512-4r3moUEMo+u5Wr9/zDHfk0+hma0KVbC/SDMKEQNWwGgbrfwKGd8t/iqNVaaBepMjAiO76inIONjT54E8XYXfbA==","mode":420,"size":12481},"dist/light-plus.mjs":{"checkedAt":1768031075046,"integrity":"sha512-DouDZJMN6we1jjHG3G32xM2AhJRr5xYs/D52nmlE8nG447IYA+bQXB4YxHBAaCeET9q9H70K/vzQkyNCdM1d4g==","mode":420,"size":11014},"dist/material-theme-darker.mjs":{"checkedAt":1768031075047,"integrity":"sha512-YqFrYcG7wJzGbAIeYK4ABrETKW/6uCN91A9rLqa7p6U9qcrxbbaqV8TH3OXvZq/N3PSTUlJZguUOlEKNZG1D/A==","mode":420,"size":20383},"dist/material-theme-lighter.mjs":{"checkedAt":1768031075048,"integrity":"sha512-6Pee8EtamOYSVOnDz6EDhmwboS0rZaU5tmG4K0Net8BMv1C2NYqhRLABvlniEAqO9ZU3HYm/D2I2Lw5dUh6ylQ==","mode":420,"size":20389},"dist/material-theme-ocean.mjs":{"checkedAt":1768031075049,"integrity":"sha512-qeOfBsHPxAk1W9gwBCPAN6z2d/VxAsIVdGrOKdgJEOnRiJ9sRTthgWBNrvl5ACcai4KIAN3j5xxWIXPP3FF/zQ==","mode":420,"size":20382},"dist/material-theme-palenight.mjs":{"checkedAt":1768031075050,"integrity":"sha512-igBJ22y6anlHdiaxW4qilA6VbGrkMA+2MyJ3VrPBogGCrH0TEy/Wc3MCXh0wBSJHyKIrvgIuYtffbnTEf6LPqg==","mode":420,"size":20392},"dist/material-theme.mjs":{"checkedAt":1768031075051,"integrity":"sha512-jmosC4dOKvGWj23xwmIRbOwDr4U44S4KwmHfOSSkSf5cCt9Alz6kFyEi8cMRzbuEH80FFaG0L2zMzcRqRHtQgA==","mode":420,"size":20362},"dist/min-dark.mjs":{"checkedAt":1768031075058,"integrity":"sha512-x7IoVb/WHAEzl1dcXej4q6HkN1t+0PphJwCoH9wd7BF11VP0Ffsgzrmny35cyaRB1lOFGxcwu0jd/YFPVGMKRg==","mode":420,"size":6980},"dist/min-light.mjs":{"checkedAt":1768031075059,"integrity":"sha512-KLG139Hdqqw/CtzkIHuFKm/I0QfSHIGGlSkYFBCfFb4RUSl/gmYO30E9TliS7nQZrIB+YketBUuMmcEW65AIlg==","mode":420,"size":7739},"dist/monokai.mjs":{"checkedAt":1768031075060,"integrity":"sha512-JaweFKAQhpJ3k8BcJDeoIy9wilLNEveWhaR8hCA6KG7WGZ7+NKMdU+n5c1mCBNQO7LMl14I+6oMDS5HFySvXNw==","mode":420,"size":8870},"dist/night-owl.mjs":{"checkedAt":1768031075061,"integrity":"sha512-6UAdNsCorsf3z1c/8bp5zuUhYaoYkQy6GHcsEpTUodYqbmdU2Nvjd/hU4FWDoj/44Ha1fyHsZDLm58GOPjwJWw==","mode":420,"size":32203},"dist/nord.mjs":{"checkedAt":1768031075064,"integrity":"sha512-limh3WEYeb02L9fdTVOdPsJH++XR0TKxonq2nTM6VacImTlmRxK3Liz/7c/JZIrZBR0WnvLspQSFsMwuPZ3sOQ==","mode":420,"size":29510},"dist/one-dark-pro.mjs":{"checkedAt":1768031075065,"integrity":"sha512-dNisZIkRUDIYLZ2yrg/T2Mnw4qYodpRPv3vA1nwLC3sYzFM2ib1ri6t5zgqtFy5cq3tyXJvdM7bdACQsCo7pXQ==","mode":420,"size":37268},"dist/one-light.mjs":{"checkedAt":1768031075066,"integrity":"sha512-MxD3UEjxgrrTKiDkM99PbVjcqppRGT2bJDz9jMp6J/36/LEyJ6UI8ayMJnzQTszJTdrXLKNNfmTZg6n7r5jg8A==","mode":420,"size":28042},"dist/plastic.mjs":{"checkedAt":1768031075067,"integrity":"sha512-sy2O56WMX+Q8whvh4XRHDQNM82mTKeMPn6OjYY3bfMeKNhv11OJ7WrVdyRup3Jmx+fJ+YpPIZM14b5bqJFgmFQ==","mode":420,"size":10273},"dist/poimandres.mjs":{"checkedAt":1768031075068,"integrity":"sha512-kZZUwKyrP4OPy2D9LXKfLtewBbyyy6yn2dluzySpeqzcJtDo7i3L98hG1EHqvgoxq7ZNKgpNooe2ajMj/LyyHA==","mode":420,"size":36593},"dist/red.mjs":{"checkedAt":1768031075069,"integrity":"sha512-IejR/7ytnfgsENuKvqsVwdefeRZkrRo0RLSE7IzAqXFsUfrJlwntns/uDiIryEAJXy8Jmfh55RW1gnLJB6GplQ==","mode":420,"size":7048},"dist/rose-pine-dawn.mjs":{"checkedAt":1768031075069,"integrity":"sha512-q4sFa0SAwyG7PJq+aRSTnjBlwI3uNQ1MhmWh/JNUDkr8cJLh+hhHPSMt5IWRbuDqUfrAbbTAiVkDOu1nHWYcIw==","mode":420,"size":24013},"dist/rose-pine-moon.mjs":{"checkedAt":1768031075070,"integrity":"sha512-wzM99luQ9E+/VKSH3/ylZLa1r+TUri7z+thzrU5bxHMvMaIRj7pZokOTJniiSouF5hhWdtT31U/B6fdsftEa9w==","mode":420,"size":24012},"dist/rose-pine.mjs":{"checkedAt":1768031075071,"integrity":"sha512-/Pm103gTj2uKP4kUpv1mLQX0vdtMyQYaPgrCW9JOy8o5xiVxDQ7oytBhCbffDTVS6GC89SpEj5MFUi9rUUhS6w==","mode":420,"size":23997},"dist/slack-dark.mjs":{"checkedAt":1768031075072,"integrity":"sha512-L/F0c4B3qITidn8Rpvh1ilgOExccK9pJN0RXJLNOPTdD41x7/Nb8yEtbaSOkBx2Vx9yODxOaap938iU9QRqoVw==","mode":420,"size":10164},"dist/slack-ochin.mjs":{"checkedAt":1768031075072,"integrity":"sha512-y7a0QpagBdLKyrrI6tF0cv8vlq6Cuo7gPe10UDUfqAsYp0aZTobVDyj0KfEWPKoUs9OKJRqzxgMdFtfiBLo/3w==","mode":420,"size":10571},"dist/snazzy-light.mjs":{"checkedAt":1768031075073,"integrity":"sha512-Fppa8CfXOuvvsLYHm74XWssHSikgAmk48vpqLBTMHQPXYrqnsnauYgJAGANDlzQTMBb5nDIgOkafAThX50fkpg==","mode":420,"size":23098},"dist/solarized-dark.mjs":{"checkedAt":1768031075074,"integrity":"sha512-huhJ+xOO4myC86y9TB3pcQXh4CsL74YAPHJcK1cJLedVABsIXJuSS6ym8Nic1KX+oo522AbiumlpF2/OnS4GKw==","mode":420,"size":7707},"dist/solarized-light.mjs":{"checkedAt":1768031075074,"integrity":"sha512-RzHEKQzbWNYrMTy3BOngl4RaewsbVA9M+1pxVnW7Ir4cUQLxCT1nEZJkrEfQxI8RJPpxJ7M7paLU7zDPiLXlnQ==","mode":420,"size":7310},"dist/synthwave-84.mjs":{"checkedAt":1768031075075,"integrity":"sha512-aNZ+vgSE2lDLiRdoM2ejwzDFIGBFNTZJn3Avl7k2SBzxxTl/OPP6/GXEg8QCNYzp/pRNoceMLi7qpxCWNWTHnQ==","mode":420,"size":15637},"dist/tokyo-night.mjs":{"checkedAt":1768031075076,"integrity":"sha512-P63Wo73E9971HHpxJbFg8Y1Vwo3TWfhvEoJisSSF45YtNwINhIp5Iwuoe7vB3k1sIuEH8IsKIvV+DsDcfOv0hQ==","mode":420,"size":38801},"dist/vesper.mjs":{"checkedAt":1768031075077,"integrity":"sha512-kL/nTEQbDB1bCWxeLy2+YpOv//qiJbOcC+hiJi1NzxOdsRzurYBGxfAQlBKnhZXbOcDHX0IBqX1xG3XbaooZAA==","mode":420,"size":13765},"dist/vitesse-black.mjs":{"checkedAt":1768031075078,"integrity":"sha512-P4OdrzSYJXDkQNGbjLbpjXjxpQaK6empXPjH+baAUzuoFRW9bKomb23bVrnxfwmjVd8i78j2MsuhOkTOiFFUwA==","mode":420,"size":15243},"dist/vitesse-dark.mjs":{"checkedAt":1768031075079,"integrity":"sha512-2hrU/RS4KV2JTW04z2BGScIFdXFiUs5LODeMUD82ZFstCH+DUmemBIwyD7SrAnv2MvXgWwjqJKWR/IvfY6c5pA==","mode":420,"size":15324},"dist/vitesse-light.mjs":{"checkedAt":1768031075079,"integrity":"sha512-W/9iWbXRG7zVKvGeOZomMkRFc2ia7VpU/7rtcgZFmkMKQP4I7K0QF2qzAyuyVSGmgnEdNtbf9aLsw59jA3kTgg==","mode":420,"size":15174},"dist/andromeeda.d.mts":{"checkedAt":1768031075080,"integrity":"sha512-29QhjUxsjuSOABnaKXSKgQE4A5rG7p1kmU+JHiJjAZ9vrULl59SH2u/dqkwxHYgeYkSHDAZGvx0S5/twwdpCDw==","mode":420,"size":107},"dist/aurora-x.d.mts":{"checkedAt":1768031075080,"integrity":"sha512-29QhjUxsjuSOABnaKXSKgQE4A5rG7p1kmU+JHiJjAZ9vrULl59SH2u/dqkwxHYgeYkSHDAZGvx0S5/twwdpCDw==","mode":420,"size":107},"dist/ayu-dark.d.mts":{"checkedAt":1768031075080,"integrity":"sha512-29QhjUxsjuSOABnaKXSKgQE4A5rG7p1kmU+JHiJjAZ9vrULl59SH2u/dqkwxHYgeYkSHDAZGvx0S5/twwdpCDw==","mode":420,"size":107},"dist/catppuccin-frappe.d.mts":{"checkedAt":1768031075080,"integrity":"sha512-29QhjUxsjuSOABnaKXSKgQE4A5rG7p1kmU+JHiJjAZ9vrULl59SH2u/dqkwxHYgeYkSHDAZGvx0S5/twwdpCDw==","mode":420,"size":107},"dist/catppuccin-latte.d.mts":{"checkedAt":1768031075081,"integrity":"sha512-29QhjUxsjuSOABnaKXSKgQE4A5rG7p1kmU+JHiJjAZ9vrULl59SH2u/dqkwxHYgeYkSHDAZGvx0S5/twwdpCDw==","mode":420,"size":107},"dist/catppuccin-macchiato.d.mts":{"checkedAt":1768031075081,"integrity":"sha512-29QhjUxsjuSOABnaKXSKgQE4A5rG7p1kmU+JHiJjAZ9vrULl59SH2u/dqkwxHYgeYkSHDAZGvx0S5/twwdpCDw==","mode":420,"size":107},"dist/catppuccin-mocha.d.mts":{"checkedAt":1768031075081,"integrity":"sha512-29QhjUxsjuSOABnaKXSKgQE4A5rG7p1kmU+JHiJjAZ9vrULl59SH2u/dqkwxHYgeYkSHDAZGvx0S5/twwdpCDw==","mode":420,"size":107},"dist/dark-plus.d.mts":{"checkedAt":1768031075082,"integrity":"sha512-29QhjUxsjuSOABnaKXSKgQE4A5rG7p1kmU+JHiJjAZ9vrULl59SH2u/dqkwxHYgeYkSHDAZGvx0S5/twwdpCDw==","mode":420,"size":107},"dist/dracula-soft.d.mts":{"checkedAt":1768031075082,"integrity":"sha512-29QhjUxsjuSOABnaKXSKgQE4A5rG7p1kmU+JHiJjAZ9vrULl59SH2u/dqkwxHYgeYkSHDAZGvx0S5/twwdpCDw==","mode":420,"size":107},"dist/dracula.d.mts":{"checkedAt":1768031075082,"integrity":"sha512-29QhjUxsjuSOABnaKXSKgQE4A5rG7p1kmU+JHiJjAZ9vrULl59SH2u/dqkwxHYgeYkSHDAZGvx0S5/twwdpCDw==","mode":420,"size":107},"dist/everforest-dark.d.mts":{"checkedAt":1768031075082,"integrity":"sha512-29QhjUxsjuSOABnaKXSKgQE4A5rG7p1kmU+JHiJjAZ9vrULl59SH2u/dqkwxHYgeYkSHDAZGvx0S5/twwdpCDw==","mode":420,"size":107},"dist/everforest-light.d.mts":{"checkedAt":1768031075083,"integrity":"sha512-29QhjUxsjuSOABnaKXSKgQE4A5rG7p1kmU+JHiJjAZ9vrULl59SH2u/dqkwxHYgeYkSHDAZGvx0S5/twwdpCDw==","mode":420,"size":107},"dist/github-dark-default.d.mts":{"checkedAt":1768031075083,"integrity":"sha512-29QhjUxsjuSOABnaKXSKgQE4A5rG7p1kmU+JHiJjAZ9vrULl59SH2u/dqkwxHYgeYkSHDAZGvx0S5/twwdpCDw==","mode":420,"size":107},"dist/github-dark-dimmed.d.mts":{"checkedAt":1768031075083,"integrity":"sha512-29QhjUxsjuSOABnaKXSKgQE4A5rG7p1kmU+JHiJjAZ9vrULl59SH2u/dqkwxHYgeYkSHDAZGvx0S5/twwdpCDw==","mode":420,"size":107},"dist/github-dark-high-contrast.d.mts":{"checkedAt":1768031075083,"integrity":"sha512-29QhjUxsjuSOABnaKXSKgQE4A5rG7p1kmU+JHiJjAZ9vrULl59SH2u/dqkwxHYgeYkSHDAZGvx0S5/twwdpCDw==","mode":420,"size":107},"dist/github-dark.d.mts":{"checkedAt":1768031075084,"integrity":"sha512-29QhjUxsjuSOABnaKXSKgQE4A5rG7p1kmU+JHiJjAZ9vrULl59SH2u/dqkwxHYgeYkSHDAZGvx0S5/twwdpCDw==","mode":420,"size":107},"dist/github-light-default.d.mts":{"checkedAt":1768031075084,"integrity":"sha512-29QhjUxsjuSOABnaKXSKgQE4A5rG7p1kmU+JHiJjAZ9vrULl59SH2u/dqkwxHYgeYkSHDAZGvx0S5/twwdpCDw==","mode":420,"size":107},"dist/github-light-high-contrast.d.mts":{"checkedAt":1768031075084,"integrity":"sha512-29QhjUxsjuSOABnaKXSKgQE4A5rG7p1kmU+JHiJjAZ9vrULl59SH2u/dqkwxHYgeYkSHDAZGvx0S5/twwdpCDw==","mode":420,"size":107},"dist/github-light.d.mts":{"checkedAt":1768031075084,"integrity":"sha512-29QhjUxsjuSOABnaKXSKgQE4A5rG7p1kmU+JHiJjAZ9vrULl59SH2u/dqkwxHYgeYkSHDAZGvx0S5/twwdpCDw==","mode":420,"size":107},"dist/gruvbox-dark-hard.d.mts":{"checkedAt":1768031075085,"integrity":"sha512-29QhjUxsjuSOABnaKXSKgQE4A5rG7p1kmU+JHiJjAZ9vrULl59SH2u/dqkwxHYgeYkSHDAZGvx0S5/twwdpCDw==","mode":420,"size":107},"dist/gruvbox-dark-medium.d.mts":{"checkedAt":1768031075085,"integrity":"sha512-29QhjUxsjuSOABnaKXSKgQE4A5rG7p1kmU+JHiJjAZ9vrULl59SH2u/dqkwxHYgeYkSHDAZGvx0S5/twwdpCDw==","mode":420,"size":107},"dist/gruvbox-dark-soft.d.mts":{"checkedAt":1768031075085,"integrity":"sha512-29QhjUxsjuSOABnaKXSKgQE4A5rG7p1kmU+JHiJjAZ9vrULl59SH2u/dqkwxHYgeYkSHDAZGvx0S5/twwdpCDw==","mode":420,"size":107},"dist/gruvbox-light-hard.d.mts":{"checkedAt":1768031075085,"integrity":"sha512-29QhjUxsjuSOABnaKXSKgQE4A5rG7p1kmU+JHiJjAZ9vrULl59SH2u/dqkwxHYgeYkSHDAZGvx0S5/twwdpCDw==","mode":420,"size":107},"dist/gruvbox-light-medium.d.mts":{"checkedAt":1768031075085,"integrity":"sha512-29QhjUxsjuSOABnaKXSKgQE4A5rG7p1kmU+JHiJjAZ9vrULl59SH2u/dqkwxHYgeYkSHDAZGvx0S5/twwdpCDw==","mode":420,"size":107},"dist/gruvbox-light-soft.d.mts":{"checkedAt":1768031075086,"integrity":"sha512-29QhjUxsjuSOABnaKXSKgQE4A5rG7p1kmU+JHiJjAZ9vrULl59SH2u/dqkwxHYgeYkSHDAZGvx0S5/twwdpCDw==","mode":420,"size":107},"dist/houston.d.mts":{"checkedAt":1768031075086,"integrity":"sha512-29QhjUxsjuSOABnaKXSKgQE4A5rG7p1kmU+JHiJjAZ9vrULl59SH2u/dqkwxHYgeYkSHDAZGvx0S5/twwdpCDw==","mode":420,"size":107},"dist/index.d.mts":{"checkedAt":1768031075086,"integrity":"sha512-3y2p0pqfCpOslHImPqx6UzbS2aVRYzzp4ISTPRZ65vHPmekOuD9dfmNyZSHbS1TKRT/pQsJjLAoTnJgkDMopzw==","mode":420,"size":43},"dist/kanagawa-dragon.d.mts":{"checkedAt":1768031075087,"integrity":"sha512-29QhjUxsjuSOABnaKXSKgQE4A5rG7p1kmU+JHiJjAZ9vrULl59SH2u/dqkwxHYgeYkSHDAZGvx0S5/twwdpCDw==","mode":420,"size":107},"dist/kanagawa-lotus.d.mts":{"checkedAt":1768031075087,"integrity":"sha512-29QhjUxsjuSOABnaKXSKgQE4A5rG7p1kmU+JHiJjAZ9vrULl59SH2u/dqkwxHYgeYkSHDAZGvx0S5/twwdpCDw==","mode":420,"size":107},"dist/kanagawa-wave.d.mts":{"checkedAt":1768031075087,"integrity":"sha512-29QhjUxsjuSOABnaKXSKgQE4A5rG7p1kmU+JHiJjAZ9vrULl59SH2u/dqkwxHYgeYkSHDAZGvx0S5/twwdpCDw==","mode":420,"size":107},"dist/laserwave.d.mts":{"checkedAt":1768031075087,"integrity":"sha512-29QhjUxsjuSOABnaKXSKgQE4A5rG7p1kmU+JHiJjAZ9vrULl59SH2u/dqkwxHYgeYkSHDAZGvx0S5/twwdpCDw==","mode":420,"size":107},"dist/light-plus.d.mts":{"checkedAt":1768031075087,"integrity":"sha512-29QhjUxsjuSOABnaKXSKgQE4A5rG7p1kmU+JHiJjAZ9vrULl59SH2u/dqkwxHYgeYkSHDAZGvx0S5/twwdpCDw==","mode":420,"size":107},"dist/material-theme-darker.d.mts":{"checkedAt":1768031075088,"integrity":"sha512-29QhjUxsjuSOABnaKXSKgQE4A5rG7p1kmU+JHiJjAZ9vrULl59SH2u/dqkwxHYgeYkSHDAZGvx0S5/twwdpCDw==","mode":420,"size":107},"dist/material-theme-lighter.d.mts":{"checkedAt":1768031075088,"integrity":"sha512-29QhjUxsjuSOABnaKXSKgQE4A5rG7p1kmU+JHiJjAZ9vrULl59SH2u/dqkwxHYgeYkSHDAZGvx0S5/twwdpCDw==","mode":420,"size":107},"dist/material-theme-ocean.d.mts":{"checkedAt":1768031075088,"integrity":"sha512-29QhjUxsjuSOABnaKXSKgQE4A5rG7p1kmU+JHiJjAZ9vrULl59SH2u/dqkwxHYgeYkSHDAZGvx0S5/twwdpCDw==","mode":420,"size":107},"dist/material-theme-palenight.d.mts":{"checkedAt":1768031075088,"integrity":"sha512-29QhjUxsjuSOABnaKXSKgQE4A5rG7p1kmU+JHiJjAZ9vrULl59SH2u/dqkwxHYgeYkSHDAZGvx0S5/twwdpCDw==","mode":420,"size":107},"dist/material-theme.d.mts":{"checkedAt":1768031075089,"integrity":"sha512-29QhjUxsjuSOABnaKXSKgQE4A5rG7p1kmU+JHiJjAZ9vrULl59SH2u/dqkwxHYgeYkSHDAZGvx0S5/twwdpCDw==","mode":420,"size":107},"dist/min-dark.d.mts":{"checkedAt":1768031075089,"integrity":"sha512-29QhjUxsjuSOABnaKXSKgQE4A5rG7p1kmU+JHiJjAZ9vrULl59SH2u/dqkwxHYgeYkSHDAZGvx0S5/twwdpCDw==","mode":420,"size":107},"dist/min-light.d.mts":{"checkedAt":1768031075089,"integrity":"sha512-29QhjUxsjuSOABnaKXSKgQE4A5rG7p1kmU+JHiJjAZ9vrULl59SH2u/dqkwxHYgeYkSHDAZGvx0S5/twwdpCDw==","mode":420,"size":107},"dist/monokai.d.mts":{"checkedAt":1768031075090,"integrity":"sha512-29QhjUxsjuSOABnaKXSKgQE4A5rG7p1kmU+JHiJjAZ9vrULl59SH2u/dqkwxHYgeYkSHDAZGvx0S5/twwdpCDw==","mode":420,"size":107},"dist/night-owl.d.mts":{"checkedAt":1768031075090,"integrity":"sha512-29QhjUxsjuSOABnaKXSKgQE4A5rG7p1kmU+JHiJjAZ9vrULl59SH2u/dqkwxHYgeYkSHDAZGvx0S5/twwdpCDw==","mode":420,"size":107},"dist/nord.d.mts":{"checkedAt":1768031075090,"integrity":"sha512-29QhjUxsjuSOABnaKXSKgQE4A5rG7p1kmU+JHiJjAZ9vrULl59SH2u/dqkwxHYgeYkSHDAZGvx0S5/twwdpCDw==","mode":420,"size":107},"dist/one-dark-pro.d.mts":{"checkedAt":1768031075091,"integrity":"sha512-29QhjUxsjuSOABnaKXSKgQE4A5rG7p1kmU+JHiJjAZ9vrULl59SH2u/dqkwxHYgeYkSHDAZGvx0S5/twwdpCDw==","mode":420,"size":107},"dist/one-light.d.mts":{"checkedAt":1768031075091,"integrity":"sha512-29QhjUxsjuSOABnaKXSKgQE4A5rG7p1kmU+JHiJjAZ9vrULl59SH2u/dqkwxHYgeYkSHDAZGvx0S5/twwdpCDw==","mode":420,"size":107},"dist/plastic.d.mts":{"checkedAt":1768031075091,"integrity":"sha512-29QhjUxsjuSOABnaKXSKgQE4A5rG7p1kmU+JHiJjAZ9vrULl59SH2u/dqkwxHYgeYkSHDAZGvx0S5/twwdpCDw==","mode":420,"size":107},"dist/poimandres.d.mts":{"checkedAt":1768031075091,"integrity":"sha512-29QhjUxsjuSOABnaKXSKgQE4A5rG7p1kmU+JHiJjAZ9vrULl59SH2u/dqkwxHYgeYkSHDAZGvx0S5/twwdpCDw==","mode":420,"size":107},"dist/red.d.mts":{"checkedAt":1768031075091,"integrity":"sha512-29QhjUxsjuSOABnaKXSKgQE4A5rG7p1kmU+JHiJjAZ9vrULl59SH2u/dqkwxHYgeYkSHDAZGvx0S5/twwdpCDw==","mode":420,"size":107},"dist/rose-pine-dawn.d.mts":{"checkedAt":1768031075092,"integrity":"sha512-29QhjUxsjuSOABnaKXSKgQE4A5rG7p1kmU+JHiJjAZ9vrULl59SH2u/dqkwxHYgeYkSHDAZGvx0S5/twwdpCDw==","mode":420,"size":107},"dist/rose-pine-moon.d.mts":{"checkedAt":1768031075092,"integrity":"sha512-29QhjUxsjuSOABnaKXSKgQE4A5rG7p1kmU+JHiJjAZ9vrULl59SH2u/dqkwxHYgeYkSHDAZGvx0S5/twwdpCDw==","mode":420,"size":107},"dist/rose-pine.d.mts":{"checkedAt":1768031075092,"integrity":"sha512-29QhjUxsjuSOABnaKXSKgQE4A5rG7p1kmU+JHiJjAZ9vrULl59SH2u/dqkwxHYgeYkSHDAZGvx0S5/twwdpCDw==","mode":420,"size":107},"dist/slack-dark.d.mts":{"checkedAt":1768031075093,"integrity":"sha512-29QhjUxsjuSOABnaKXSKgQE4A5rG7p1kmU+JHiJjAZ9vrULl59SH2u/dqkwxHYgeYkSHDAZGvx0S5/twwdpCDw==","mode":420,"size":107},"dist/slack-ochin.d.mts":{"checkedAt":1768031075093,"integrity":"sha512-29QhjUxsjuSOABnaKXSKgQE4A5rG7p1kmU+JHiJjAZ9vrULl59SH2u/dqkwxHYgeYkSHDAZGvx0S5/twwdpCDw==","mode":420,"size":107},"dist/snazzy-light.d.mts":{"checkedAt":1768031075093,"integrity":"sha512-29QhjUxsjuSOABnaKXSKgQE4A5rG7p1kmU+JHiJjAZ9vrULl59SH2u/dqkwxHYgeYkSHDAZGvx0S5/twwdpCDw==","mode":420,"size":107},"dist/solarized-dark.d.mts":{"checkedAt":1768031075094,"integrity":"sha512-29QhjUxsjuSOABnaKXSKgQE4A5rG7p1kmU+JHiJjAZ9vrULl59SH2u/dqkwxHYgeYkSHDAZGvx0S5/twwdpCDw==","mode":420,"size":107},"dist/solarized-light.d.mts":{"checkedAt":1768031075094,"integrity":"sha512-29QhjUxsjuSOABnaKXSKgQE4A5rG7p1kmU+JHiJjAZ9vrULl59SH2u/dqkwxHYgeYkSHDAZGvx0S5/twwdpCDw==","mode":420,"size":107},"dist/synthwave-84.d.mts":{"checkedAt":1768031075094,"integrity":"sha512-29QhjUxsjuSOABnaKXSKgQE4A5rG7p1kmU+JHiJjAZ9vrULl59SH2u/dqkwxHYgeYkSHDAZGvx0S5/twwdpCDw==","mode":420,"size":107},"dist/tokyo-night.d.mts":{"checkedAt":1768031075094,"integrity":"sha512-29QhjUxsjuSOABnaKXSKgQE4A5rG7p1kmU+JHiJjAZ9vrULl59SH2u/dqkwxHYgeYkSHDAZGvx0S5/twwdpCDw==","mode":420,"size":107},"dist/vesper.d.mts":{"checkedAt":1768031075095,"integrity":"sha512-29QhjUxsjuSOABnaKXSKgQE4A5rG7p1kmU+JHiJjAZ9vrULl59SH2u/dqkwxHYgeYkSHDAZGvx0S5/twwdpCDw==","mode":420,"size":107},"dist/vitesse-black.d.mts":{"checkedAt":1768031075095,"integrity":"sha512-29QhjUxsjuSOABnaKXSKgQE4A5rG7p1kmU+JHiJjAZ9vrULl59SH2u/dqkwxHYgeYkSHDAZGvx0S5/twwdpCDw==","mode":420,"size":107},"dist/vitesse-dark.d.mts":{"checkedAt":1768031075095,"integrity":"sha512-29QhjUxsjuSOABnaKXSKgQE4A5rG7p1kmU+JHiJjAZ9vrULl59SH2u/dqkwxHYgeYkSHDAZGvx0S5/twwdpCDw==","mode":420,"size":107},"dist/vitesse-light.d.mts":{"checkedAt":1768031075096,"integrity":"sha512-29QhjUxsjuSOABnaKXSKgQE4A5rG7p1kmU+JHiJjAZ9vrULl59SH2u/dqkwxHYgeYkSHDAZGvx0S5/twwdpCDw==","mode":420,"size":107},"LICENSE":{"checkedAt":1768031075096,"integrity":"sha512-5Oyi8HU/tGbhNDzTBpEbXlDP/g0HnJ+Apx3ZgV/SLjr25kzEDWWBkjuJ9jA1oOpl9+t7JW3RLaiSrWU9mz8XIg==","mode":420,"size":1121}}}