{"name":"which","version":"2.0.2","requiresBuild":false,"files":{"LICENSE":{"checkedAt":1768031005238,"integrity":"sha512-P6dI5Z+zrwxSk1MIRPqpYG2ScYNkidLIATQXd50QzBgBh/XmcEd/nsd9NB4O9k6rfc+4dsY5DwJ7xvhpoS0PRg==","mode":420,"size":765},"bin/node-which":{"checkedAt":1768031006244,"integrity":"sha512-Mio/3L3AqyJArNpUer5jbVH38hFCAEkff8ZsQ1PUPTekBS3w0y8p7egMinaNMS766O0oY59VwuWmePMGpFmG+Q==","mode":493,"size":985},"which.js":{"checkedAt":1768031006244,"integrity":"sha512-blYX/43NrNtESmH7Varn0Z3Wrd0XXcKZvSDopuG/E+4QX1PaxJAz0HdVYXFLAJOojs2ehlvbjd17t7vp75kCFA==","mode":420,"size":3163},"package.json":{"checkedAt":1768031006245,"integrity":"sha512-RUgBHR5O2fXX+15AhHaieyoZ877sWsSpu93rxwCnf/D7Fo7MSRdXahjyLSYvgmSensDBJCr3UqfPoDIepDdarQ==","mode":420,"size":1043},"CHANGELOG.md":{"checkedAt":1768031006245,"integrity":"sha512-+dlguwUAjkDGifDQwCt8RpE3hHZr16NF1VxqD1zdb4A4/PepPgGIa+XNv6dv7PrWgfoTgeTKJX3NU51RF9Ac0A==","mode":420,"size":2667},"README.md":{"checkedAt":1768031006246,"integrity":"sha512-bstLJ1NUjcBIMeqhjkYDhRT/1dcLl43xoTvZmXlHRoxS6Vg6rVxJZjjj4ycGZWjHv45AzBdvqBVUsSUvJpdDgg==","mode":420,"size":1352}}}