{"name":"word-wrap","version":"1.2.5","requiresBuild":false,"files":{"LICENSE":{"checkedAt":1768031006914,"integrity":"sha512-lq7/KIS38aMUNN18NX4BP1tRi9ozEmtIXAwCCZTt5964lyrKnjs3PwB73ws2p7415zW1Y4DxV6wKHIE+Ggn+cg==","mode":420,"size":1087},"index.js":{"checkedAt":1768031006955,"integrity":"sha512-6lc8bZ7KAX5KQyPabSpxThmXF0bmlkwUmKysfVfxdUQ4ZPPVkCJl2cTKOPTzKlZivqj3yO3tM1QVo0hItRJKnw==","mode":420,"size":1455},"package.json":{"checkedAt":1768031006955,"integrity":"sha512-85Xa6mHzGCH+V9GRNtzmP92zFRpvUKTGQl+WohpfFm3dYiG/rI0H57326cvnTZ4/7DAEuubc+EhE24hL57binQ==","mode":420,"size":1724},"README.md":{"checkedAt":1768031006955,"integrity":"sha512-JumbSGeuyYqec3+kugnmyaDOiqJuWstXArta8Fv+fYRxfMvm+jq3eiBjsTz+1B1yowELXBebY32X+kCTo930jQ==","mode":420,"size":6336},"index.d.ts":{"checkedAt":1768031006956,"integrity":"sha512-hpDYMymbUdWQwHoTGKdbBFAogABoj/4p7O+svE1PLRceUUOaGTeFbX4mr0Eg3ScjYY019K95sXk48Gnh2rxeYg==","mode":420,"size":1243}}}