{"name":"clsx","version":"2.1.1","requiresBuild":false,"files":{"license":{"checkedAt":1768031007297,"integrity":"sha512-i6YIwLi6LAoHlfXiVTw43Q0ZiRcQCv1FNCkjUPIILCoCba1PT0oTfRnGgTrRQOWMjj2ip9gQjPNEajOmCbYNyQ==","mode":420,"size":1104},"dist/clsx.js":{"checkedAt":1768031007298,"integrity":"sha512-MCcel7voL0j9CF48Fv88SOKX1XaUfSmcwu1u7b66uEBCLP7NOkSgAQ++jcMVKGIukQOx+1qa/xve/XoC8a47tA==","mode":420,"size":397},"dist/clsx.min.js":{"checkedAt":1768031007298,"integrity":"sha512-eoSOQgTpbUQTkG7JnJMeUjYRvit8udLVhyqZgD2LLlrc3B9tSVVuj9ZnnDpIuuCfhr8el4v9u8xuxqnOZjSmcA==","mode":420,"size":543},"dist/lite.js":{"checkedAt":1768031007299,"integrity":"sha512-rddzE1jSOoYTvZQa9OhiA17AGnHVG61p3C7r/WjA+bP8efFDpedqFlCTpifehjzySIzkzAfnDa/EDz9S4+7VYA==","mode":420,"size":161},"package.json":{"checkedAt":1768031007299,"integrity":"sha512-3g/XooMVasY9FJVvt1hJQDN8fAv54oLbB9Bf2dYH59zx8+F/6dlhd4SoKgiGsYYhMs2bzceRSUL+WcMm/5QvrA==","mode":420,"size":1192},"readme.md":{"checkedAt":1768031007300,"integrity":"sha512-CI8zXOtnMMD9ywgWwSuHxg5KefOVZn6oQ+y8CDupj06G7/zcR7HdSLmWdfhvCaniOFXXNO1RhEJjdEtK5mpDJg==","mode":420,"size":4003},"dist/clsx.mjs":{"checkedAt":1768031007300,"integrity":"sha512-YCjhl3gRHUilTKKZiwIOjtvKsNQQwXk6isEb/qHyJXQAJnjGj4GEWuJRBq6w/byDKsRm0k/Xr80PPRAO1glYPg==","mode":420,"size":388},"dist/lite.mjs":{"checkedAt":1768031007300,"integrity":"sha512-SyfgtQBHwTPnfcxzRRlyQP/K7oGI1+JajCvGpSeY0dLck1Lj9D8axB2Cg/MRvuO8QPHFmUjMYL3LbZVsyGdw+g==","mode":420,"size":152},"clsx.d.mts":{"checkedAt":1768031007301,"integrity":"sha512-zHFmFwvJdXzWKkGiB9nQKLxk0fOTSy3aPiQGkfKJZmawtBUoNkvWTglfZgcBwxhDZ20FB3RyWhLX+TbIBe6Ycg==","mode":420,"size":278},"clsx.d.ts":{"checkedAt":1768031007301,"integrity":"sha512-k64AmsaziPujXM4o7lR6XR1lDwlabfMsG9TaZg2wpAv1pxBSY66agA/LJ7DSqwCsorWDhxbw1woG2doJxRyKqA==","mode":420,"size":337}}}