{"name":"regex","version":"6.0.1","requiresBuild":false,"files":{"LICENSE":{"checkedAt":1768031009427,"integrity":"sha512-0gb3vifzK7dQRFChF9tu/MTAzxQSWfEZNYv9R24M/ZbpItoa6eA34lhF7ZMdImRoPS3XQtee50kCr/rcesW+mQ==","mode":420,"size":1072},"src/atomic.js":{"checkedAt":1768031009493,"integrity":"sha512-bLgPgYH08dgIjyzXHcgy775Fozw5ZSUKLWQtqqY7Az+0e7pGqx71/pIj8NIFIrPfcQAXOkd2mEzeivfv9r+XZQ==","mode":420,"size":7636},"src/backcompat.js":{"checkedAt":1768031009493,"integrity":"sha512-tBOyzZTA/kkNY3EtKZ0zFgAGEPr6AKhTggdzAanCVeHLLJj/F6Qq0Da7/xnMwAPN6rljv2JkeRdiWEa05srhSw==","mode":420,"size":1943},"src/flag-n.js":{"checkedAt":1768031009494,"integrity":"sha512-7QWUYJcSYvmVTO2B5Yd9QtIGpSe0oMnudjJ7InpSSVMdFQNxac4hqAPyJPAYvqDhQ0ClktS+rDKtT2VaqZ/qog==","mode":420,"size":1263},"src/flag-x.js":{"checkedAt":1768031009494,"integrity":"sha512-NigwC5jYvpaEsV+gNURY3ADCQUPYjSH2o2Bm8wYBtVCzWKSHH91JnIuD6MK5bNRqxv8fDgDfyXcY8FKS3w0eUA==","mode":420,"size":7519},"src/internals.js":{"checkedAt":1768031009494,"integrity":"sha512-MxA2Iyzx0WOx/EzQWmUouhPmmCYOwitPoGQPP8IChA316TbfgDJWgXL7SGkOhlnTzGSXoYiuEne81TGjOjZK3Q==","mode":420,"size":94},"src/pattern.js":{"checkedAt":1768031009494,"integrity":"sha512-XrlMsSUce0IJWsfzMYDfyPPGR0QFp01kk2oA4c04VWxiQDVLH45jrI5fc0LV+FRglJoTE28QF04QQ1sevPE8+A==","mode":420,"size":1141},"dist/cjs/regex.js":{"checkedAt":1768031009495,"integrity":"sha512-93eYHppbC43cKwQWli+OiMbV7VYBVOsH47nX/WNPv5Ai0qd+oxuRj8oGrLcrRdNDbqgjEzE8GDsJAemSLMVMWg==","mode":420,"size":45357},"dist/esm/regex.js":{"checkedAt":1768031009495,"integrity":"sha512-r071E6DgVUS/JVgRrlhczxM02FRxJpud80BnR+8e1wzR8WFtc/GujFDG/yOyGdI/+tN+UIJR4jzahZhJfN4k5Q==","mode":420,"size":44423},"src/regex.js":{"checkedAt":1768031009496,"integrity":"sha512-0XI05BN19pBl2Iwc7Gl8URV21l9wC659/PoojzbiYT5qO81XbYNxmlMNEm3fgk8HaXxFEaRUfCw27GC63QkwHQ==","mode":420,"size":13675},"dist/regex.min.js":{"checkedAt":1768031009496,"integrity":"sha512-/PqiyjPyVQ4nuvfiXWGlcCZ3GRPEO9hAEgxJKTn1GBJrCHVyJAORhn6wqBKyAeqg/1ENzyx0E7gGjYd4qyrcLw==","mode":420,"size":18878},"src/subclass.js":{"checkedAt":1768031009496,"integrity":"sha512-OdyC5gCnsZNG4Jif76RaaiLWjVGXQx/0mzhTL4RFphDHi0EotFMzye7dlUXE5OVM5jYY/emg9Q79dUmD+pR95Q==","mode":420,"size":2594},"src/subroutines.js":{"checkedAt":1768031009497,"integrity":"sha512-CpHbSUAyYygDfMriNLaDy+WmiNt8NTknKD5GmACRJ4N79gm8P9kuz85yEMCCV9GqAB6f5EU+I+a0cmkmVQvWqg==","mode":420,"size":14531},"src/utils-internals.js":{"checkedAt":1768031009497,"integrity":"sha512-UGStDjwigvawSOMr3s10dvIaLcgPKh0j1ktbn2tQwQ6T1EI+d39ceZGlmkQSHaqi7hae1KXfecR2mCw+0cXngQ==","mode":420,"size":772},"src/utils.js":{"checkedAt":1768031009500,"integrity":"sha512-E+IwQ8ecJxM9H2RCVKFtezLVppCR5ABtjeaN/Wk+9wYqAob7b1VfIr0HUSQVIqhrVTxi65xk44AHn5yiJi4sGw==","mode":420,"size":13058},"dist/cjs/package.json":{"checkedAt":1768031006724,"integrity":"sha512-ZcZkWKviEBAyzdG1DKbmQ+DDaNCd+mzHAGsz7YFeEGuyD5r/EYGBgH59+fXU2Nl5Zwmx7Jp+BFRCMWNv34/fQg==","mode":420,"size":19},"dist/esm/package.json":{"checkedAt":1768031007895,"integrity":"sha512-Cj8csVIsbnWVGGqaVO0HP/pZCybH0xsId/Gckl+EcDfp+XIGa/7WJgmxkOsrwh/3sxUU4Iw95keA/vWYLLsh8g==","mode":420,"size":17},"package.json":{"checkedAt":1768031009500,"integrity":"sha512-319f0ir6lLTbwejOQGFiUBBYN+Awl9cmZ6aB7a2+e557qdHbIbJ7ydV9hgofFhNTr8wsJ2zmygPCxPFZcYg62w==","mode":420,"size":1922},"dist/cjs/regex.js.map":{"checkedAt":1768031009502,"integrity":"sha512-gKBVtRFoDOknHJs5i+RBpMPTebjxDubyBfs/g9TVL7KcQlpkR7jtSE/lG2xtRLadnCmFuoQD+iBKKv4HcNkLdA==","mode":420,"size":100204},"dist/esm/regex.js.map":{"checkedAt":1768031009506,"integrity":"sha512-JVc0Kj2pSASYExcUy6pj48dMMupz5HJuhTCurkj2ck6mi4eDWfhKHlpsS+uozOPj84Hh0nEI6iGisNRe1GSZow==","mode":420,"size":100149},"dist/regex.min.js.map":{"checkedAt":1768031009507,"integrity":"sha512-dgoi77evtLYDH+gwOSsPJMSZDniXjthp45cICLSz9mpads6ZdRKdr3NlOxrKjYq6E6GV3I1EM+fUYaodSsW5lg==","mode":420,"size":103338},"README.md":{"checkedAt":1768031009508,"integrity":"sha512-kR6oQYmoGZq1fudlpDR0JXp1ghW1W+kjMigOgk1in3UZqJP4vA+VdTfjKG+eC8EkT06K67MSP+NPka+7IQMsiQ==","mode":420,"size":50884},"dist/cjs/atomic.d.ts":{"checkedAt":1768031009508,"integrity":"sha512-1RCuz1GgG9kDin/o173WlBPMvDr6vFzcwRSBEB/ijkOtxUyzie+bRDqsbXcn1d/xIhEemdS57hds+I6ROMMhHg==","mode":420,"size":729},"dist/esm/atomic.d.ts":{"checkedAt":1768031009508,"integrity":"sha512-1RCuz1GgG9kDin/o173WlBPMvDr6vFzcwRSBEB/ijkOtxUyzie+bRDqsbXcn1d/xIhEemdS57hds+I6ROMMhHg==","mode":420,"size":729},"dist/cjs/backcompat.d.ts":{"checkedAt":1768031009508,"integrity":"sha512-qGPiFLmNvJWjSx+A+F1DVtv7hgjf2pZ+SSvLG8wvl+3NssOoS4sGd0aZl0k5ijte/zbkhYkbDANeRcCetYPnpQ==","mode":420,"size":311},"dist/esm/backcompat.d.ts":{"checkedAt":1768031009508,"integrity":"sha512-qGPiFLmNvJWjSx+A+F1DVtv7hgjf2pZ+SSvLG8wvl+3NssOoS4sGd0aZl0k5ijte/zbkhYkbDANeRcCetYPnpQ==","mode":420,"size":311},"dist/cjs/flag-n.d.ts":{"checkedAt":1768031009508,"integrity":"sha512-uizdazwNMKJunLFJaueHqK2usd6U6ehFpEVLvlgKFx/rkFwscjXoa05UReKS3TG79aaU9b4knCDIake6von0zQ==","mode":420,"size":279},"dist/esm/flag-n.d.ts":{"checkedAt":1768031009508,"integrity":"sha512-uizdazwNMKJunLFJaueHqK2usd6U6ehFpEVLvlgKFx/rkFwscjXoa05UReKS3TG79aaU9b4knCDIake6von0zQ==","mode":420,"size":279},"dist/cjs/flag-x.d.ts":{"checkedAt":1768031009509,"integrity":"sha512-Z7fz/DqaMFljcfM1j1JSVtzd0ftUlo0smBDnVPckvZhdYc4Z6mU3WntfGaZzGldCJEAGfHDV929lhtxg6nDBZA==","mode":420,"size":532},"dist/esm/flag-x.d.ts":{"checkedAt":1768031009509,"integrity":"sha512-Z7fz/DqaMFljcfM1j1JSVtzd0ftUlo0smBDnVPckvZhdYc4Z6mU3WntfGaZzGldCJEAGfHDV929lhtxg6nDBZA==","mode":420,"size":532},"dist/cjs/internals.d.ts":{"checkedAt":1768031009510,"integrity":"sha512-PONMZkGFeMwpWXriNxH72cUWBNAHk+9DYgQ4Xt80bNvwEipyJNPQY5RPV2we0g2dtfbThInWbBiGycbJJBkIRQ==","mode":420,"size":98},"dist/esm/internals.d.ts":{"checkedAt":1768031009510,"integrity":"sha512-PONMZkGFeMwpWXriNxH72cUWBNAHk+9DYgQ4Xt80bNvwEipyJNPQY5RPV2we0g2dtfbThInWbBiGycbJJBkIRQ==","mode":420,"size":98},"dist/cjs/pattern.d.ts":{"checkedAt":1768031009511,"integrity":"sha512-jTa7g6q+e+DLQXjcYk+rbOpeLxilc4Q9r7o16QcQMggv6Udo4n0c8cA1Qz0r7AB24gjdYn/OPv5Ra4okXK+eAA==","mode":420,"size":1213},"dist/esm/pattern.d.ts":{"checkedAt":1768031009511,"integrity":"sha512-jTa7g6q+e+DLQXjcYk+rbOpeLxilc4Q9r7o16QcQMggv6Udo4n0c8cA1Qz0r7AB24gjdYn/OPv5Ra4okXK+eAA==","mode":420,"size":1213},"dist/cjs/regex.d.ts":{"checkedAt":1768031009511,"integrity":"sha512-mEZkC9pRBILQtgT4m8EJqb7Gxs/Kysvo0js6pmdrLuT+n7EqDvb5azJOu3NaYQgOZgtK1Odd3+UeW0KDN6dB0w==","mode":420,"size":3229},"dist/esm/regex.d.ts":{"checkedAt":1768031009511,"integrity":"sha512-mEZkC9pRBILQtgT4m8EJqb7Gxs/Kysvo0js6pmdrLuT+n7EqDvb5azJOu3NaYQgOZgtK1Odd3+UeW0KDN6dB0w==","mode":420,"size":3229},"dist/cjs/subclass.d.ts":{"checkedAt":1768031009511,"integrity":"sha512-WMEEfR/cYS0yNcQUh/MjkgmzpYmzSpBQ7XDTyYgIjwKeWZAOLAIBpQuGwuND+UX1GDHvrrb88j3Af1wcnLY0kg==","mode":420,"size":812},"dist/esm/subclass.d.ts":{"checkedAt":1768031009511,"integrity":"sha512-WMEEfR/cYS0yNcQUh/MjkgmzpYmzSpBQ7XDTyYgIjwKeWZAOLAIBpQuGwuND+UX1GDHvrrb88j3Af1wcnLY0kg==","mode":420,"size":812},"dist/cjs/subroutines.d.ts":{"checkedAt":1768031009512,"integrity":"sha512-iTHRvqjhVHVzi+h6TfD40dTEiqRCGOmfiTKAFwLtzvu4i4SJkQ3QTaR8UGyEukH9HJhIBS83RwEjmcwI0Da+WQ==","mode":420,"size":402},"dist/esm/subroutines.d.ts":{"checkedAt":1768031009512,"integrity":"sha512-iTHRvqjhVHVzi+h6TfD40dTEiqRCGOmfiTKAFwLtzvu4i4SJkQ3QTaR8UGyEukH9HJhIBS83RwEjmcwI0Da+WQ==","mode":420,"size":402},"dist/cjs/utils-internals.d.ts":{"checkedAt":1768031009512,"integrity":"sha512-V6pxE+khoT926U5A+BLCydKaqmgJ+JkddfIx6JPsUHckOqR7pYF8ZO/QUFURMztgVGqjhK0B/aLi8zOEDD626A==","mode":420,"size":484},"dist/esm/utils-internals.d.ts":{"checkedAt":1768031009512,"integrity":"sha512-V6pxE+khoT926U5A+BLCydKaqmgJ+JkddfIx6JPsUHckOqR7pYF8ZO/QUFURMztgVGqjhK0B/aLi8zOEDD626A==","mode":420,"size":484},"dist/cjs/utils.d.ts":{"checkedAt":1768031009512,"integrity":"sha512-+uD9Cql8z4ixaTl0X1jwVw/9a2XFm8+Mxl1MAHmoTLDCH5cur/4cOE9Ef7WIsOpIXb2pxFkYhMmukb9UHfjOFw==","mode":420,"size":4317},"dist/esm/utils.d.ts":{"checkedAt":1768031009512,"integrity":"sha512-+uD9Cql8z4ixaTl0X1jwVw/9a2XFm8+Mxl1MAHmoTLDCH5cur/4cOE9Ef7WIsOpIXb2pxFkYhMmukb9UHfjOFw==","mode":420,"size":4317}}}