{"name":"lilconfig","version":"2.1.0","requiresBuild":false,"files":{"LICENSE":{"checkedAt":1768031008461,"integrity":"sha512-txMJJrZgavEhj/NNGDrQdf6TTioNOY9MLDz5oQSN9g27QsPlawzM72tkT23oYk3CwOG9FRa9Lh8s/3mATJ6N+A==","mode":420,"size":1074},"dist/index.js":{"checkedAt":1768031008462,"integrity":"sha512-OfdR2XSTjLnz1KaGXrnoBI7GUs+5Axf6FUjlaNuvRBSBnGAiE/CJI2msHGCYK9hJqjGMcX1SSV8ZE85U9z0QuQ==","mode":420,"size":9653},"package.json":{"checkedAt":1768031008463,"integrity":"sha512-DlvI2vg9bYhrdPFbWWRkj+/b1RVuLQJY/UgKpJi1ViSGDEwptHVqHxk5jfGeDN1gi0rZnnwmBgc11GtHIl86YA==","mode":420,"size":1301},"readme.md":{"checkedAt":1768031008463,"integrity":"sha512-SAbbxn0SjjGdaBv7LROR71x83VMmy+eEiNFIsGRHansfPpZ5m1hsGIoJxO2IlqXUfaqfooDiF67aYYurqCst/A==","mode":420,"size":3038},"dist/index.d.ts":{"checkedAt":1768031008464,"integrity":"sha512-SFoYAlA39JjHqb4ilhQ839D5DXcxyzQ1mQFLOBBdrWGioO8TPS50Y0D4TdGJouXYzFJBVlFBi5NO2i2YfXwPcQ==","mode":420,"size":1521}}}