{"name":"@typescript-eslint/tsconfig-utils","version":"8.52.0","requiresBuild":false,"files":{"LICENSE":{"checkedAt":1768031077504,"integrity":"sha512-OhByWNBANxCayp40F13QEvy2OtSHh1ynSgwmP3RYUgJ/UkCE5eaJV7pD6XiwflNLYFR8Nf+ZcKm4y4ngL1wbTQ==","mode":420,"size":1097},"dist/compilerOptions.js":{"checkedAt":1768031077504,"integrity":"sha512-5N1cSLEtnW20VVch1dtHdYPxzWnUZhZG3aUTlewGC8AZ7poRKdcfofQXzzP0MAEgyRHYXeBqClDcoOGCLl4TXA==","mode":420,"size":412},"dist/getParsedConfigFile.js":{"checkedAt":1768031077505,"integrity":"sha512-+x2nVVEFCrC5Sk9BvFTxEltkGs1qRvEZKAHxw8YRyvOWfQo+tlDb2uwO36pUKPIqlMV00nKl72NX9fyJbsDVOA==","mode":420,"size":3508},"dist/index.js":{"checkedAt":1768031077506,"integrity":"sha512-0iPUGHHESqDilG6pHgdwxg+Kbv7h77JHt7xC0KkLr3RrPPxPoLQT/WhUbycteC/8rs3DTpA8rCrtfSuNRd2y3A==","mode":420,"size":867},"package.json":{"checkedAt":1768031077507,"integrity":"sha512-ktDG96EoP0FvoCXn3u+cd/6m6z2me1BABEAY6lY+Eu5FFMygrotMgyaIA47DPjRZd5QmVqvDO3upmC+p+oHEbg==","mode":420,"size":1680},"README.md":{"checkedAt":1768031077508,"integrity":"sha512-KUB7WaNMv0VJz8zlSs7QzIH3XnUSXVlKp1O6dqkJ9Haf+llXryDvWixLs+TFzkXaiiSTxr+4TfdtJhxhg4v1eA==","mode":420,"size":832},"dist/compilerOptions.d.ts":{"checkedAt":1768031077508,"integrity":"sha512-YoijuxVAMTX9iEwI+V2inUU6Dr8jI/uBB8mADY0DKPcsSVkNyCKU6asI7mpjSrwa6kDOT9cRjsINkfzQkqrQ5w==","mode":420,"size":199},"dist/getParsedConfigFile.d.ts":{"checkedAt":1768031077509,"integrity":"sha512-RmbMu57U66IQlMGqhq5/2VMKB+Njf1CvIfjLABULLpzJN7HpNKcFmH+xTBSrvtNszlCsYVcb57Or1m7rmt9vaw==","mode":420,"size":449},"dist/index.d.ts":{"checkedAt":1768031077510,"integrity":"sha512-09kV4c6NlNUv8OJsw63bLKy7xovvvhJhEtkBZiYcCUK5YGpZUvFxpkw9X/mWkswkDan0o6Y4D4fum5Y6ukrIMg==","mode":420,"size":74}}}