{"name":"@sveltejs/adapter-auto","version":"6.1.0","requiresBuild":false,"files":{"adapters.js":{"checkedAt":1768031007019,"integrity":"sha512-7Y36W6xfLc6rQwUdBCctfsA2z+zt6JfIkXc3DHXZa3U1P+vK+dt4WCbSJcSdF9m66qqS1upW0AdTHcynAzAbjg==","mode":420,"size":1075},"index.js":{"checkedAt":1768031007020,"integrity":"sha512-hxT2ar65EQTVWUOFTPymquyzyx96Ehdh7vrAcvZQwnorbQYg/bIbZLdwCPDFjs8/vjrdU6fvQVvSHagIN/t6HQ==","mode":420,"size":4715},"package.json":{"checkedAt":1768031007022,"integrity":"sha512-Rhi0MvjQfcUaIQDZ+1C1d0b9Id699EvURY49n5SWc8duA/A7lCEAqt0kpen26WzASbav/0ZM0IXf/tl6GsS1MA==","mode":420,"size":1147},"README.md":{"checkedAt":1768031007022,"integrity":"sha512-olVLnT8lUN0Dd5fdb8LGf1fOEGTasekYW2Wc73HP6wFi50Y3O+IbdVr7l1/hUm3eQTBjfi0S499qQ8WMIJCGyw==","mode":420,"size":312},"index.d.ts":{"checkedAt":1768031007023,"integrity":"sha512-A1V8T5JscoSlDe8BLm+EV6QJiCKWg6etpTM8YyZ6088WtBV8LxF9v8FX+0dmBgF9cBkmJznaKzj8eJHmwIjHVA==","mode":420,"size":85},"LICENSE":{"checkedAt":1768031007024,"integrity":"sha512-210J9JZYxIbSu5A9LA9wPZRHe0jrYUb1WkiBcb+YcNZN0iLmnA9pX36av2pZQ8/OHUSDfCYYZN3qjo4U8SrYxg==","mode":420,"size":1110}}}