{"name":"@eslint/config-helpers","version":"0.3.1","requiresBuild":false,"files":{"LICENSE":{"checkedAt":1768031005294,"integrity":"sha512-3Gto0TuM+VlkS5NfEZKwLHGqelz2U71DtEgPqJ7sjU0/FqInjsjDtAqx/bIzsxc6eP2DWQ1vc54Mno/1bCglVw==","mode":420,"size":11357},"dist/cjs/index.cjs":{"checkedAt":1768031005437,"integrity":"sha512-Q+LXdNt/xfZmisNsmwjnJ4vzTG8xy0FgrX5nu5c9Y+avqOKuc1O06rI++1/YYBbFrPuQRavoxls8t1+fKcYgQQ==","mode":420,"size":16891},"dist/cjs/index.d.cts":{"checkedAt":1768031005438,"integrity":"sha512-HdYsJvLBPYZfhneNtJY76ixT5F8QXhc8xtdJ/0OAybIc3it3e55SQWOCJrs2b6a9Z3z3l/PJt8QIiAGQoIxb3Q==","mode":420,"size":1331},"dist/cjs/types.cts":{"checkedAt":1768031005438,"integrity":"sha512-zGvLbQe7gGuFyxSDeLUMBKxMk9Vjmirp89z6dY0/tEevx999m06VMRM89EgqUD/FAgsT2c2TA+aolVVoezHsGw==","mode":420,"size":722},"dist/esm/index.js":{"checkedAt":1768031005439,"integrity":"sha512-g3sxDlArRVR5JobVZayRRK0GISmseN7QwZcjk0oT5xoY7sIFspVpTDD0PSlQuVIy+zkqJqx8CRDAM787+pl8yA==","mode":420,"size":16873},"package.json":{"checkedAt":1768031005439,"integrity":"sha512-orEGBoXEPL4YNsppYMP+W1jGr8SEG08FbphAnbFvE3oAQDg59qP+FEorWlrgxDIX8t95xogZwB4Ay/h2CqXkJw==","mode":420,"size":1603},"README.md":{"checkedAt":1768031005439,"integrity":"sha512-gKPWQL/XBTY6mnjzg3vUAFejLWOKksjgmLVBcRacjcXC/LABTVTz8YVzV4pLBR4VnkMNoz3YeIuk9nkLUGg3/w==","mode":420,"size":5130},"dist/esm/index.d.ts":{"checkedAt":1768031005440,"integrity":"sha512-XY1pR//phUdRRSdm23Y8eDt0WvW64eVuM8vz9I7cciu/CVLMhZXPAhHedmFlw26nhw9ryTkPlOS6IBMe6E5D1g==","mode":420,"size":1326},"dist/esm/types.d.ts":{"checkedAt":1768031005440,"integrity":"sha512-QjYDVZXWhS/wwf68FWvCvoP7eS0PTveCfSj7y4zalsRy5CIs2QpPpL306Jf3Spz828VGe/d0Wxt9grGo7r/5jA==","mode":420,"size":715},"dist/esm/types.ts":{"checkedAt":1768031005438,"integrity":"sha512-zGvLbQe7gGuFyxSDeLUMBKxMk9Vjmirp89z6dY0/tEevx999m06VMRM89EgqUD/FAgsT2c2TA+aolVVoezHsGw==","mode":420,"size":722}}}