{"name":"picocolors","version":"1.1.1","requiresBuild":false,"files":{"LICENSE":{"checkedAt":1768031007820,"integrity":"sha512-siCC877DY+L4WNDjCgZllV/Xo55Q0BQPC4FE7VNRXj6IrShxhiIbUbw19qHfyDM1aaaYJkiWYaNiwtXeLM4MGg==","mode":420,"size":787},"picocolors.browser.js":{"checkedAt":1768031007821,"integrity":"sha512-9zayIH/B9JIa7Wo79fhXioQS3j/titr3ckvRwiNRLDN8brQU1flpVh2COaJj2jzoG0yBdA5/PPC1qpGM8RbZjw==","mode":420,"size":598},"picocolors.js":{"checkedAt":1768031007821,"integrity":"sha512-HJIYuAyIcMWcA1I9jMn9EuRMXIH8a7u2X9uzStLuwNIStE2KJdVTtRIB4wBV7KTiCAtI3tHPML7evv7sIhdLPQ==","mode":420,"size":2663},"package.json":{"checkedAt":1768031007821,"integrity":"sha512-l4xt5cZdDB8O4hMD8ia5St7/BA0+K9njLgL2QuXLalIbmBJaEcFa8i1Jrc1pEhGAYzVbDXjlXXQ0qpHvLvCtBg==","mode":420,"size":552},"README.md":{"checkedAt":1768031007822,"integrity":"sha512-VS5KXHX0TCBfjcv8o7JKnFxmDSxwIXD0j7qgC+UNbtop55QuIk7gtgRya3ljvhFhcgC/Y/iC5DgjSyhI5kjnGg==","mode":420,"size":622},"picocolors.d.ts":{"checkedAt":1768031007822,"integrity":"sha512-xV29Juoidmh2MN6Uk1R8AFQEBuDrfRXXYCqPV4LBeaOyjpo8xoPmVpAtFHrCkQP7rNibMZAzCgPQ8cjCO2sMrQ==","mode":420,"size":138},"types.d.ts":{"checkedAt":1768031007826,"integrity":"sha512-Ko8xkCcJuAVtcZbp0niSNCSHqSIa0MLMg03ft4DJzCSi1pFOR8B5lutyOhQZ8lraBstmsS4tuqA0CTcdLGezJg==","mode":420,"size":1013}}}