{"name":"is-glob","version":"4.0.3","requiresBuild":false,"files":{"LICENSE":{"checkedAt":1768031006916,"integrity":"sha512-UOO2nHn9DAmjyzpwwV0Scu/0jezBkqGLoKZNVJCn7ZV+l7ApYhoDOI/OlCh2TR6tqwtrEPB/7ahRiuplEJnMXQ==","mode":420,"size":1088},"index.js":{"checkedAt":1768031006916,"integrity":"sha512-hW6fYhSjwB/rc3CcLjS7ikVg9UBP31nqCtAtG+LOSgPj3ZWEN+MJKNq86rlyn4MOXWPpBWd5kMOH/+gPnA46Jg==","mode":420,"size":3628},"package.json":{"checkedAt":1768031006917,"integrity":"sha512-IgPpYswwIpDtsuYcKmWZ3s1wWFIV75Idk04UdWrCE2UTfLECJ2l4SfZ6zr//aYTdPtT5AXqPSLCjiQlQOX5bIw==","mode":420,"size":1748},"README.md":{"checkedAt":1768031006917,"integrity":"sha512-hA0MA4Qeyp/Kr17jB3+8yOAt8VhWHG36gyxa8F/14D9jkwX3EZQ17n8Vuzn9Q2KLC91B2jB1dCXkScwFJmFBEg==","mode":420,"size":7145}}}