{"name":"json-buffer","version":"3.0.1","requiresBuild":false,"files":{"package.json":{"checkedAt":1768031006729,"integrity":"sha512-VborShhSQLyokytjc0AYoOxxONy3N4qfrsB7xjrTAtUTxL1XGQORQSHPDHxkDOaN1PO6usyWedntxaTJ6uQ8/w==","mode":420,"size":878},".travis.yml":{"checkedAt":1768031006729,"integrity":"sha512-/Pm6C1Wjtqv7QM5k5N/+D7VYqrQ7aq/ivAZQA1On7+Vx8WvUNdRSyXPkiWy92WGKwOHTAkSJTF36hDn+6w4YKw==","mode":420,"size":38},"index.js":{"checkedAt":1768031006730,"integrity":"sha512-2xshMdV374F7vtH4ti1tHSIfAXQ7KvGqbWNxD/rpiRQip7RtFBQlcOmmpBvBjXi52MEBP49rUUfRL50bYvuKIA==","mode":420,"size":1504},"LICENSE":{"checkedAt":1768031006730,"integrity":"sha512-qm3bFL/jeaPb+QhmG/ii2H51/Dh9d8VKrSpbf6iljULKI36QUs1WT1ZlDjMPs9GTMoQTwSl21123NsNjW2FCdw==","mode":420,"size":1071},"README.md":{"checkedAt":1768031006731,"integrity":"sha512-bV0BbStmSMscBBCmkGhHFCu310lQWVJ4DQewK7O/NIjetm5m5xBP4jhbqtQ3XX7kQn1SS6XbkK9p0/Yc6063Fg==","mode":420,"size":659},"test/index.js":{"checkedAt":1768031006732,"integrity":"sha512-yuiHs7/Nx9DL+b0MaTWxNR37eHF/9JAUzsCxQIBWc64TwOhnWEjpR89y0BQf+nYju9921SgpUZ8kBRC42yCUew==","mode":420,"size":1254}}}