{"name":"zimmerframe","version":"1.1.4","requiresBuild":false,"files":{"LICENSE":{"checkedAt":1768031075113,"integrity":"sha512-0xaNWrwvN6LbwmO2ES+Sg/TkugyxJXj9fFlqdA+ptWJK6eofnYF+8KFby/p2Xtdd3sCtDQHWK95Zo8vpfm0gag==","mode":420,"size":1135},"src/walk.js":{"checkedAt":1768031075114,"integrity":"sha512-ILvy3+KxoZKRdEsThAdNa6+Tjq9xZRvbeCk+TMSG1aHoTuywXv3GzyMUSFuOMu8fUAxPIwIPA4c26DR8/OZyrQ==","mode":420,"size":3693},"package.json":{"checkedAt":1768031075158,"integrity":"sha512-KgFP3XiiBw2LVSgN5qD0rUzUDU30WAwt67F+At+oAgKtaoBUf8Be2KTuZdursyyqjwUD7LmTCUn2zVuRLa4vMw==","mode":420,"size":735},"types/index.d.ts.map":{"checkedAt":1768031075159,"integrity":"sha512-OqYnW4AgnjX2A8B3evrrGO9J256hsNPG7xplOMmno6hIC0e91PUSEvQ/OpOwJEq+xxGcAkRS1qpMcGAqDUY2yA==","mode":420,"size":392},"README.md":{"checkedAt":1768031075160,"integrity":"sha512-ygdhph7ntG7GPwhIMNTAuCX/DhGYw0A/RYRH/0y/xh++RY80fSslJGbTbGn1gvvId2CHue1czFLi37KNGskw/w==","mode":420,"size":5176},"src/index.d.ts":{"checkedAt":1768031075160,"integrity":"sha512-wTUwwSeDRTyNGZY+0+7UmhYI+D37OoF3p+cCQ+e1B6lcmsdaXj1WEzHKI/IUiiZX4qH47zgL8x2AYH+z1ykyCg==","mode":420,"size":57},"types/index.d.ts":{"checkedAt":1768031075160,"integrity":"sha512-MbUpTMDdpu0L7/UakmpgNPy9aW30ZUBw3Je9bhSPY8NdjkW1af0sAHNFCx1AUr36IHgnwh4X+CUuTgp1re2N3Q==","mode":420,"size":808},"src/types.d.ts":{"checkedAt":1768031075161,"integrity":"sha512-lDbucxRzCXfY67+ye2Ws+SWUc3SUHXAZlJ+Z6iVOUxRO3HMzRuP0q+Y9+hWgYavCWGrJRzhgg75mrH1MTfvSpw==","mode":420,"size":569}}}