{"name":"vitefu","version":"1.1.1","requiresBuild":false,"files":{"LICENSE":{"checkedAt":1768031008025,"integrity":"sha512-QwxaIu4x5qLYTH6GhqXAX/WrWRQ28ggeTdiNjWn6t+wHeLfV3/oKvXAQEWsgplwilIOe3OKmmoFA3rXJkEeBtA==","mode":420,"size":1074},"src/index.cjs":{"checkedAt":1768031008025,"integrity":"sha512-fG2AYMzn3vmw9XpQUm+UxHs6LnQ6/WWnI7y5hdDuL+LcgmMJUO5shoyQX+BqOfeioyj4f8HEEXyVWum8IC9ufQ==","mode":420,"size":501},"src/sync.cjs":{"checkedAt":1768031008026,"integrity":"sha512-Fyz0QncwdduQEkrX2M2yHi8Fd0xKo5NsaqW6nbaIN2QPGadOENNhk0vpZKMsCND6D2ZZL7IwTRVB6vabpVekFg==","mode":420,"size":1829},"src/index.d.cts":{"checkedAt":1768031008027,"integrity":"sha512-hL+n2Q/jf11QnXlLpQWeodO+nVpFZ7SEseVeG4XR86Mi+TS/Kr/rUYORvHJxs/rAOj20jrAhoO3fOKaRNZfSCw==","mode":420,"size":1543},"src/index.js":{"checkedAt":1768031008027,"integrity":"sha512-bWopWSnPhykt5c6SliA9TQVQqvoSKEldCFfHfGvjJT9wFLUxLOdWN6YF2JurI4TFQ2y1KjG4zpvC7s1PJJhrFw==","mode":420,"size":11209},"package.json":{"checkedAt":1768031008028,"integrity":"sha512-MfYgfY9iJr69aTPUui3ImMpQ8lzgayAyhy4RyI1Ew7c3VhXq9KehBz7Xq+BGas4VD+/vmbQP091h7AxixGvrkw==","mode":420,"size":952},"README.md":{"checkedAt":1768031008028,"integrity":"sha512-d57FLwy676Ed7qz+xg1GwMf0oUNI95X7a6QqKAlJc4SFIDHOV/BF8NVcRHq91NaaACxdl4NdHd1JaZBUswrWCA==","mode":420,"size":123},"src/index.d.ts":{"checkedAt":1768031008028,"integrity":"sha512-zWn/UVuRjVEOvZtDDki4JsGbxBgMqbvU7q0Fo6Ebmoo63K3LL0wBPyB3GoBKxhMv8WRNtnXR7SNtVaiboo5quA==","mode":420,"size":5817}}}