{"name":"space-separated-tokens","version":"2.0.2","requiresBuild":false,"files":{"license":{"checkedAt":1768031009004,"integrity":"sha512-cQvy4TvDNGTww5W7wo7SHRjv/0G8g3u/v8V2BhwwrAM+M5M2Z7W8hy+cQrU+e4exnULY2LrZ0EQqBk6Fj/Sdrw==","mode":420,"size":1099},"index.js":{"checkedAt":1768031009337,"integrity":"sha512-fUCbHKEqhwS5Fy0K0X9LO+bettPptwuxz7Dg5yjCjyulFAE1u9sW/4dJGcvW5nssfzYSO+dUk02dYE4yP2OeXw==","mode":420,"size":551},"package.json":{"checkedAt":1768031009338,"integrity":"sha512-iilq0gppGyoosA5X8iW5QPx6YqlYCvJy8VBSY2tjxBgMruTWQBwgpU4cKirTO1DTa7tC2mqjftJdb/G/9BUoyA==","mode":420,"size":1717},"readme.md":{"checkedAt":1768031009338,"integrity":"sha512-RAnKNLQ9E1AWN/xUBvbVAuviazlkn0i+bXxC9sneaeV0H8gO7T+lYSEzOD6Gssz7MV7zvgvaCWb6vs0cN0naRA==","mode":420,"size":3916},"index.d.ts":{"checkedAt":1768031009339,"integrity":"sha512-IGzIAA2FC2eqFt5IsQmbURdDQGOMSON7wPjQ4oDHVnZcDZrcK2ZiT6bRSKtey5oZqLO4citbwhGRaHphHCrveg==","mode":420,"size":470}}}