{"name":"@rollup/plugin-commonjs","version":"28.0.9","requiresBuild":false,"files":{"LICENSE":{"checkedAt":1768031073334,"integrity":"sha512-+MNMf6Un82mOjt6EL3mKgq094wsLdm3KbCSStF8EU7VRzI9wDsofMWGddLacEU23NCrQfFAH5RjWjg4Ubw9Ppw==","mode":420,"size":1151},"dist/cjs/index.js":{"checkedAt":1768031073359,"integrity":"sha512-dZphB/9Obi2ZTgU9KJfinj8zUscocZCFob5km3dfu9XHT9Uyg9Bth9UhKmYtYkfZB2i/rT3GBgtwoWEBejbkzQ==","mode":420,"size":78774},"dist/es/index.js":{"checkedAt":1768031073363,"integrity":"sha512-Lo/tvbhNz+Ur2Jf4/dRI/uoLGN5quv7Zb3btqNcBgMwEVNsNT4t6OmZ3a++tIDHWGMBe42gmqU/hXewKQrez1w==","mode":420,"size":78523},"dist/es/package.json":{"checkedAt":1768031073365,"integrity":"sha512-Cj8csVIsbnWVGGqaVO0HP/pZCybH0xsId/Gckl+EcDfp+XIGa/7WJgmxkOsrwh/3sxUU4Iw95keA/vWYLLsh8g==","mode":420,"size":17},"README.md":{"checkedAt":1768031073367,"integrity":"sha512-Wss6WqEAmRsOvsDr1t86M3PdpP5lCmwKhZ67OzVkmq5O097xWbn5xo3wdKiL/KnSGVSjqriIovgup9+aDIpjQg==","mode":420,"size":20783},"types/index.d.ts":{"checkedAt":1768031073368,"integrity":"sha512-h2k4iixxTkOHURsiQmsXPKac505nx79khqRUUmIo3kImFONXpMaiiJNquJZiUS5qb3kFz4uHiaIU2CGqBLcdQw==","mode":420,"size":11113},"package.json":{"checkedAt":1768031073368,"integrity":"sha512-4j8YvoI45VNp/HJJbv7yNAFecbvgI5KRymN5xK5k+OvSyEa7CIfDyPGyPhhi26T4gwtB4iGdvk7FiA+PWnb3Xw==","mode":420,"size":2342}}}