{"name":"globals","version":"16.3.0","requiresBuild":false,"files":{"license":{"checkedAt":1768031005935,"integrity":"sha512-0fM2/ycrxrltyaBKfQ748Ck23VlPUUBgNAR47ldf4B1V/HoXTfWBSk+vcshGKwEpmOynu4mOP5o+hyBfuRNa8g==","mode":420,"size":1117},"index.js":{"checkedAt":1768031005936,"integrity":"sha512-VhySceycwo/hJ/Ks8R38KJ5djKl0pXcuuD1p2k4/5mPZQlRB7dH8s5iBGqOLJw/hKJNqlz4jNu4Rxg1783OSLw==","mode":420,"size":58},"globals.json":{"checkedAt":1768031008421,"integrity":"sha512-K99TXfTZZ3TUrkeHDOId5FxnyM9cAznc+PY0/X0/e/aDpS67LZ1s8IYniWoNV7G+elWNAzbDK+LAZLS9QJXpVA==","mode":420,"size":81168},"package.json":{"checkedAt":1768031008422,"integrity":"sha512-fI5I+0wDbPYyYHaDFCF2TGpLqZGHtID9+kMtQ1cFVE1B65dT+HS3Uldkv33W9fWX+xz9GyLQWHrdmU61ngUNnA==","mode":420,"size":2659},"readme.md":{"checkedAt":1768031008422,"integrity":"sha512-fIfGHPdm/IsX7A8sWtpnfLICQf8XC5lTa01NHeIQbpdMIuDrPq6rwusiFDCHiZmHIT5lu4DnQtEMENwpcRuTPw==","mode":420,"size":1623},"index.d.ts":{"checkedAt":1768031008424,"integrity":"sha512-fLSdNsBX4ZHr0CKV/C+AA8kDuVU7p2NqFWNsnRLIhC1KrXTGJmPZCJwyB6/9F4mee0jf20mvjrFba5svfp+BgQ==","mode":420,"size":109113}}}