{"name":"@jridgewell/gen-mapping","version":"0.3.13","requiresBuild":false,"files":{"LICENSE":{"checkedAt":1768031007126,"integrity":"sha512-saakd7FVlV7sB0lJxPAaywkJ8R69jC/1QO2e2TcVLl8ZDaccoi9woo8schL6tVJhKyT8pyy4mSRgiae248P97g==","mode":420,"size":1080},"types/gen-mapping.d.cts":{"checkedAt":1768031007151,"integrity":"sha512-j/VPNzCQQ61S1VsLHWHQgeQFTB0OjRhlgrDS3wGu0/tkz0gfhieB1p5iQngTGXygh7unS1nU9EOsOcVMyQwtxA==","mode":420,"size":3871},"types/set-array.d.cts":{"checkedAt":1768031007152,"integrity":"sha512-AVx8BsMcVWgC2tvw4KTGGb/t882VX93hYSdC9tHBElUeEcJaScQMnxx8E7Eft3UsRR1fUj4By6PuVWoE1HCCkw==","mode":420,"size":1256},"types/sourcemap-segment.d.cts":{"checkedAt":1768031007153,"integrity":"sha512-cS+Fl6F6FyCTG5kc7IHMmBbL5TWb2i6d1jc0fVcKjSyhkrx+67Aem4R0HUqqL35Fur0wAn1NccKQXVRih/nw/Q==","mode":420,"size":568},"types/types.d.cts":{"checkedAt":1768031007153,"integrity":"sha512-+hjcaFSqUFW5ND5cX9yO3U6IgHtbayKqialmrNkyay6eF7yZJL8JEXwpSz8BO+hB9rVCUaNRDOqD2lS3BALYzw==","mode":420,"size":1036},"dist/gen-mapping.umd.js":{"checkedAt":1768031007153,"integrity":"sha512-tdLo99Lc3TvizqY2JFY+lQZYdIR+jC9mGacszqVS21Zs3zyfOUOcm225OXv5F77YlqFGmk42jUYDDMjAu3INnQ==","mode":420,"size":11170},"package.json":{"checkedAt":1768031007154,"integrity":"sha512-yU58IvuS7Vi7NvWLEs3MvNzfcmXMl9cG+3NqKitNP7WEjZht1+P0yHjxesN9fRuyU2bU8TwutT8G2EkB6sirDA==","mode":420,"size":2201},"types/gen-mapping.d.cts.map":{"checkedAt":1768031007155,"integrity":"sha512-7KXXyxvOLqfdOpzjReDrPcs9n5ZvqJ3eX+Yv1QySfcZDa+3DX+6CrhIn2jMlHHBewmEMYcYoZxhTvXEyFwD7Dw==","mode":420,"size":2603},"types/gen-mapping.d.mts.map":{"checkedAt":1768031007155,"integrity":"sha512-7KXXyxvOLqfdOpzjReDrPcs9n5ZvqJ3eX+Yv1QySfcZDa+3DX+6CrhIn2jMlHHBewmEMYcYoZxhTvXEyFwD7Dw==","mode":420,"size":2603},"dist/gen-mapping.mjs.map":{"checkedAt":1768031007157,"integrity":"sha512-R3H6JKojOnASKza2SseJo/E8aLfSQMIQDzfN+KB+luUy7QYky0NYJL/zT23Iiv8KQKIHHLgo6oO1ZwWZxXwj6w==","mode":420,"size":5917},"dist/gen-mapping.umd.js.map":{"checkedAt":1768031007158,"integrity":"sha512-S9qpBiBp9kRm5M4uLufNyZjnkBLZZCrh4l8lctVsRRrSxo2/4fGtxxClXshpFRbcksfvXyv2/oITonbEmzabBw==","mode":420,"size":6222},"types/set-array.d.cts.map":{"checkedAt":1768031007159,"integrity":"sha512-9p8CMVCkeOsdVyUe4KBTRoDwc1rwmUu7mlfuODP9J2/WqT1zqImqJod6xjCAedEDvjKtxsnuxWE/wE8s7Z8RIw==","mode":420,"size":757},"types/set-array.d.mts.map":{"checkedAt":1768031007159,"integrity":"sha512-9p8CMVCkeOsdVyUe4KBTRoDwc1rwmUu7mlfuODP9J2/WqT1zqImqJod6xjCAedEDvjKtxsnuxWE/wE8s7Z8RIw==","mode":420,"size":757},"types/sourcemap-segment.d.cts.map":{"checkedAt":1768031007159,"integrity":"sha512-UQEBSlFrBX2mCmEm06EcW1PBoXBr8qc9Oo2a6baHvdJ/xnhR95TpSgewJ5LeghYtPoMfXFhzpf9Gnxi0GNYX9A==","mode":420,"size":597},"types/sourcemap-segment.d.mts.map":{"checkedAt":1768031007159,"integrity":"sha512-UQEBSlFrBX2mCmEm06EcW1PBoXBr8qc9Oo2a6baHvdJ/xnhR95TpSgewJ5LeghYtPoMfXFhzpf9Gnxi0GNYX9A==","mode":420,"size":597},"types/types.d.cts.map":{"checkedAt":1768031007159,"integrity":"sha512-TFCeZxdcZ1RvdhGMYcc8GwJeGURf+Adsenx7IZMp1HuEgcQazkBMxOQrNIgB5yXpz9iu+Dfo/eQ2YBIP1QI+SA==","mode":420,"size":1192},"types/types.d.mts.map":{"checkedAt":1768031007159,"integrity":"sha512-TFCeZxdcZ1RvdhGMYcc8GwJeGURf+Adsenx7IZMp1HuEgcQazkBMxOQrNIgB5yXpz9iu+Dfo/eQ2YBIP1QI+SA==","mode":420,"size":1192},"README.md":{"checkedAt":1768031007160,"integrity":"sha512-p4xp2sQx/4LNm4rNNHPnaTB/+RqGsRFCSILPPEOrMiZ6Bdst36Zf6ROmf8aFFddUwBWTecaqNvFzddZ+G1JVSg==","mode":420,"size":7506},"dist/gen-mapping.mjs":{"checkedAt":1768031007160,"integrity":"sha512-TW6sBjTFxTc200ctcrw0OM7grBAPFUb0/HavsCss33KgjP8ugRiyHceG9gpFehbUhtZRMRseobbg5TGuIUU6kQ==","mode":420,"size":7969},"types/gen-mapping.d.mts":{"checkedAt":1768031007160,"integrity":"sha512-IOh8Ci4XeAU8bGB1bwEje3DiahwxlMSbigt9fudacZrbMX0BoSkp0V5mewC7d74FA6oAD/fXQampp262mr4sjA==","mode":420,"size":3871},"types/set-array.d.mts":{"checkedAt":1768031007152,"integrity":"sha512-AVx8BsMcVWgC2tvw4KTGGb/t882VX93hYSdC9tHBElUeEcJaScQMnxx8E7Eft3UsRR1fUj4By6PuVWoE1HCCkw==","mode":420,"size":1256},"types/sourcemap-segment.d.mts":{"checkedAt":1768031007153,"integrity":"sha512-cS+Fl6F6FyCTG5kc7IHMmBbL5TWb2i6d1jc0fVcKjSyhkrx+67Aem4R0HUqqL35Fur0wAn1NccKQXVRih/nw/Q==","mode":420,"size":568},"types/types.d.mts":{"checkedAt":1768031007160,"integrity":"sha512-GdmCm8Nk+CcAKZryMrGaBpG7AsaC3kTAWwm32xQcUmS5mMAcpeGIXDTepsQaPf/PWbV5tH3NDDuNE11p6trnsg==","mode":420,"size":1036},"dist/types/gen-mapping.d.ts":{"checkedAt":1768031007161,"integrity":"sha512-MQhsPG6migZdw9P7/SeYxs7ceCqHY/kLg0YQseWEIMju+vCHC5pgwrRRoeM+Buh1UTv2YTFwuRvLeS8fyeFA5Q==","mode":420,"size":3826},"src/gen-mapping.ts":{"checkedAt":1768031007161,"integrity":"sha512-KCzb37uqMXK4dffY7scWf5IABPmJaql4qUJDBfabFpo50kkBQShbCxyE+AEUqvhEOR23jIzjIwmASGrMRoEj1g==","mode":420,"size":17131},"dist/types/set-array.d.ts":{"checkedAt":1768031007161,"integrity":"sha512-VV1iX+FKObAo/K7Cox6pLE6UR6fsFawTNtv2ZWeVb3V0WqtdZ8s87WN+z5Ne4N0hEzry1CLGP24jgpYgoU5KzQ==","mode":420,"size":1217},"src/set-array.ts":{"checkedAt":1768031007162,"integrity":"sha512-erNwKieXXf6CQwIrUpxpLFeJ7ce+sbu4kDMTU2600DlQqc1/OB9O/v2RsX+tFQxiI4BFKXDERjBMYO2Gj2EEbA==","mode":420,"size":2362},"dist/types/sourcemap-segment.d.ts":{"checkedAt":1768031007162,"integrity":"sha512-kKbx3fNIocoz8+DgaWU0k267gIZQUe/YYf76EZQ9aYYzY2+Yh8Qc7M3sWfovchz5PcbCcIiOZ8UbCTacxjh3ow==","mode":420,"size":521},"src/sourcemap-segment.ts":{"checkedAt":1768031007162,"integrity":"sha512-fQEGolajY8+Crj5ok612e6qa+anST9G4C2lMsVTCu1IwwW6H5YRIUd2j+wCzNX7nrbX1uB5QZ/rrQGla1RAy2A==","mode":420,"size":480},"dist/types/types.d.ts":{"checkedAt":1768031007163,"integrity":"sha512-LVLUCNXnDuM9reyJdpStx6vcNAXPkgtN1WENkUhEXPDBH1anC67n1fEC8ifgFC2aDJXmAlCJWlPYCciOzzY1yg==","mode":420,"size":997},"src/types.ts":{"checkedAt":1768031007163,"integrity":"sha512-FgK4M41Mwx3rQkafuFeRdHX3xhuv5hLpmACe0by0MpoEMJwLf0Wf/7OIc2vS32VrXRpc5n1wmC2j987QreEL0g==","mode":420,"size":1438}}}