{"name":"unist-util-is","version":"6.0.0","requiresBuild":false,"files":{"license":{"checkedAt":1768031008999,"integrity":"sha512-QW0614OQ2pE/wLkcUyNH79AgGJeBHY9/pQURh6XnXkrDpzF790GLKxMWW7FbFDyBAQRjDxU0q5PsGcSePwoZgA==","mode":420,"size":1099},"index.js":{"checkedAt":1768031009249,"integrity":"sha512-mxXTUVCrB0rmOJ537UYQ6NdDDW5yKUXfnGzQYIqcMt1vzs8ch21SGqDvfEdSk6oNBQPpruFAzWqE231CAobW3w==","mode":420,"size":217},"lib/index.js":{"checkedAt":1768031009250,"integrity":"sha512-y+M32huo8z/7IeE22sz5UrpnozyiRIoRWRRJUfc8A4qKT3ocsG1R8yy/F4O83BH59yDUtW/Ym3c4vjWVEHZ4/w==","mode":420,"size":8391},"package.json":{"checkedAt":1768031009251,"integrity":"sha512-E723JU7gIgu5QUuld7Ls53xG7sBkh79HFcpvgtjK7L4vzlBpC1l6RS6c8uy8eP5iu7WqJj4jG9FSzxKRxUYhAQ==","mode":420,"size":2497},"readme.md":{"checkedAt":1768031009252,"integrity":"sha512-pYLFuYyVjQ980+OqXDoljyzXodVnhx+KWF2up+1KRtfFvadnsfQjy7WmtIJPqEH6U1WK5v8YgHBKXOQLI1dXNA==","mode":420,"size":9017},"index.d.ts":{"checkedAt":1768031009253,"integrity":"sha512-u0ZOVOV41i4ZyoOQieDSrFLB8jbmNOFQXe5IEoU0wVCz9dSffiJLWshKM1dWl79AryZP+Vr/i0smIgQm1cQPhA==","mode":420,"size":208},"lib/index.d.ts":{"checkedAt":1768031009253,"integrity":"sha512-QEKGLYPx3HA95LTOd2NgqT84t8T4BBD+rVsGZKCDgMoGMokFrzdU38aRP4FAANc9a2Ms5ZCd3TgKdmPjPdnyYg==","mode":420,"size":5682}}}