{"name":"@jridgewell/trace-mapping","version":"0.3.31","requiresBuild":false,"files":{"LICENSE":{"checkedAt":1768031075167,"integrity":"sha512-saakd7FVlV7sB0lJxPAaywkJ8R69jC/1QO2e2TcVLl8ZDaccoi9woo8schL6tVJhKyT8pyy4mSRgiae248P97g==","mode":420,"size":1080},"types/binary-search.d.cts":{"checkedAt":1768031075168,"integrity":"sha512-WRG2nQiPmOZ3LrfGwOB5ykmVRuRnAxk47wPk3NFa+lnXNtvjCw0GPGbDFZ4Qfxue7dkK4EGL7tFqJpL48Ra3Kw==","mode":420,"size":1585},"types/by-source.d.cts":{"checkedAt":1768031075168,"integrity":"sha512-cbCVnwuAQHGxlKQnLcsxlly2IJGZKvRccrYeMvLZEsCAl1ptH5/iJnNOvAPuAEhmhe3BG+4Qs4HWB0U7QbBmNA==","mode":420,"size":269},"types/flatten-map.d.cts":{"checkedAt":1768031075169,"integrity":"sha512-76HMn2Kv3tE8PLfD+iT3HO/sTXJfEU0rVknwv6NMeUgVFdD7rtOKWhAqQ63rNau742oP8q0NbG/9tJNY303Nww==","mode":420,"size":384},"types/resolve.d.cts":{"checkedAt":1768031075170,"integrity":"sha512-tE/eL1dyVdqFWltqLKPHaYm9mPc/XYP3KZD5ODl8lal0r/A+1uyiovlsepAHqrQHW6q/KGag+yrjG56hQflTTQ==","mode":420,"size":208},"types/sort.d.cts":{"checkedAt":1768031075171,"integrity":"sha512-Dz7z+O8afUNK3Z46ITfcJCuQpo/XXeAm7u5kfGI7+31RbRyqLQWG6WT1vkfo5bH1+ZfmewSPTZzKh3rpU5JhSw==","mode":420,"size":325},"types/sourcemap-segment.d.cts":{"checkedAt":1768031075172,"integrity":"sha512-GuTs8x7y+N5FjUX3iezHU4HVIO2YEJCd1L7o2p5KBbBitaMvO2ePY4w6t7c7ZJAxaVC16b6OsO/5lssz9wFq+w==","mode":420,"size":766},"types/strip-filename.d.cts":{"checkedAt":1768031075173,"integrity":"sha512-emJNOa7qcmdGgu/4re+pYk/1DOs+WVDWJfSdsW1wbT+6F6xQPcSVVJ0t5SuZBeYEdah6851zUclnjBAwpfAWIg==","mode":420,"size":196},"types/trace-mapping.d.cts":{"checkedAt":1768031075175,"integrity":"sha512-2w7fa3ST/AFBAwKY03mKnIX4Sn0sLVix2XoPafW5s3bNz0ObEIqUpyLFq3Fc17llHIc/Vm0piGk2g4zruaAcyA==","mode":420,"size":4193},"types/types.d.cts":{"checkedAt":1768031075176,"integrity":"sha512-ZQIzZ/VQI0xDc00lCwBlayKHvfpuXceQWHP7/KFkY1dF8JBvnajmdZiPDuHxc2uXlnVAhdQN4V0+mulVfrlK+Q==","mode":420,"size":3144},"dist/trace-mapping.umd.js":{"checkedAt":1768031075177,"integrity":"sha512-b1YDHyHMCiaviC4mOBPJvqRZ6VPTiZahuz2sMsZcMQdXsTrOjrNAi5GgrJhgtW1fnY0pC/2KWQ177NMl2pRFug==","mode":420,"size":18670},"package.json":{"checkedAt":1768031075178,"integrity":"sha512-kPKLuCBXtv7iLt2l93WamZQx3CelW4AX5pHQYMvkEtZS9OcrdtRHegOcxMvisFaJfX8TvRVOPoWGWvxc7+jG/A==","mode":420,"size":2252},"types/binary-search.d.cts.map":{"checkedAt":1768031075179,"integrity":"sha512-PKSUWEMqU3Chjf/hYF8LUTX5e+6kXjMxTLMCC406AYIcPy8Y/vpiCDiU+MavcOc5KPayRMl/chNlAWIY0JnMmQ==","mode":420,"size":902},"types/binary-search.d.mts.map":{"checkedAt":1768031075180,"integrity":"sha512-PKSUWEMqU3Chjf/hYF8LUTX5e+6kXjMxTLMCC406AYIcPy8Y/vpiCDiU+MavcOc5KPayRMl/chNlAWIY0JnMmQ==","mode":420,"size":902},"types/by-source.d.cts.map":{"checkedAt":1768031075180,"integrity":"sha512-P4mg7QTxdhQpxx0AxM+vpi3/jEk3/tF8G+W71JA998D/wZH90TA5KPkhcvqw4qZZbUuvq23lpU9uBW5b+IahKw==","mode":420,"size":332},"types/by-source.d.mts.map":{"checkedAt":1768031075180,"integrity":"sha512-P4mg7QTxdhQpxx0AxM+vpi3/jEk3/tF8G+W71JA998D/wZH90TA5KPkhcvqw4qZZbUuvq23lpU9uBW5b+IahKw==","mode":420,"size":332},"types/flatten-map.d.cts.map":{"checkedAt":1768031075181,"integrity":"sha512-061xGOE08NlyZ3rCZnipQuo82nHz2yFXzkQDQi6V1+4a3/FM8N1aQjrDliH81QitTG8noGbvAPwxDjopfSeA2Q==","mode":420,"size":471},"types/flatten-map.d.mts.map":{"checkedAt":1768031075182,"integrity":"sha512-061xGOE08NlyZ3rCZnipQuo82nHz2yFXzkQDQi6V1+4a3/FM8N1aQjrDliH81QitTG8noGbvAPwxDjopfSeA2Q==","mode":420,"size":471},"types/resolve.d.cts.map":{"checkedAt":1768031075182,"integrity":"sha512-1aJteOtHaHv31Jqua+ZViY7PBDvpIbjkmMCB+Yj/YG313Vj8RZxQKZ5fAAqYUai4Xt0IYvs9tw/YEbWW8+oyfA==","mode":420,"size":291},"types/resolve.d.mts.map":{"checkedAt":1768031075182,"integrity":"sha512-1aJteOtHaHv31Jqua+ZViY7PBDvpIbjkmMCB+Yj/YG313Vj8RZxQKZ5fAAqYUai4Xt0IYvs9tw/YEbWW8+oyfA==","mode":420,"size":291},"types/sort.d.cts.map":{"checkedAt":1768031075183,"integrity":"sha512-8h609BYy78CeD64W7ocI0NSjpU95/j5vlPVXGcjR4owXxOf/gVboWsj0AmuP7i82NdYBJJH0VyWAHgvCzQ/SwQ==","mode":420,"size":379},"types/sort.d.mts.map":{"checkedAt":1768031075183,"integrity":"sha512-8h609BYy78CeD64W7ocI0NSjpU95/j5vlPVXGcjR4owXxOf/gVboWsj0AmuP7i82NdYBJJH0VyWAHgvCzQ/SwQ==","mode":420,"size":379},"types/sourcemap-segment.d.cts.map":{"checkedAt":1768031075183,"integrity":"sha512-tHy/AezHuvZHoh485MRBXbkOggHjCRlzThBjBOszPHi1lKqSdShSYW6bSXIstGjigkL2Psi2TuXXabYElmtflw==","mode":420,"size":760},"types/sourcemap-segment.d.mts.map":{"checkedAt":1768031075184,"integrity":"sha512-tHy/AezHuvZHoh485MRBXbkOggHjCRlzThBjBOszPHi1lKqSdShSYW6bSXIstGjigkL2Psi2TuXXabYElmtflw==","mode":420,"size":760},"types/strip-filename.d.cts.map":{"checkedAt":1768031075184,"integrity":"sha512-7icvEe7mvqGlTbHA7y7hGrYlKCkQZTkh32lpNv0PB3On281vXn+bBQiBBZFVqdNmUiyQ8euPsh0WVwShjUAsOw==","mode":420,"size":218},"types/strip-filename.d.mts.map":{"checkedAt":1768031075184,"integrity":"sha512-7icvEe7mvqGlTbHA7y7hGrYlKCkQZTkh32lpNv0PB3On281vXn+bBQiBBZFVqdNmUiyQ8euPsh0WVwShjUAsOw==","mode":420,"size":218},"types/trace-mapping.d.cts.map":{"checkedAt":1768031075185,"integrity":"sha512-GMjHf1TIsG8P4gA/5lb3fZBZU7RVnZ1vCgn2ne2ZXlQsp0ZukM4q9SO3vD2G5MM23V5dZfw4tQetlbViH8MXfw==","mode":420,"size":2559},"types/trace-mapping.d.mts.map":{"checkedAt":1768031075185,"integrity":"sha512-GMjHf1TIsG8P4gA/5lb3fZBZU7RVnZ1vCgn2ne2ZXlQsp0ZukM4q9SO3vD2G5MM23V5dZfw4tQetlbViH8MXfw==","mode":420,"size":2559},"dist/trace-mapping.mjs.map":{"checkedAt":1768031075186,"integrity":"sha512-l88LUYCr2rCAltgbcMoDbqdAkqScAUBN3vCajsEoX4z5wj+SL6b8H+bgkDz6C837X26sXlUEyfiY/5Hq3O3JOg==","mode":420,"size":11208},"dist/trace-mapping.umd.js.map":{"checkedAt":1768031075186,"integrity":"sha512-T245luzECdG52XaQyH1KuiUvUuHhDpyCNhuBjoB4el+vDnkd+WoD1kGS+e14V2UqIhigjy3QAmRfU4ultEv+Lg==","mode":420,"size":11570},"types/types.d.cts.map":{"checkedAt":1768031075187,"integrity":"sha512-OkYRrfLhuiVR8wWoVdrDvC0vl1R/9Uq7wAdvUUCZ0kQYLj876OJtWdMiM0+oR/vpBFV7+v0MuKDMSeL6LpQ83Q==","mode":420,"size":3566},"types/types.d.mts.map":{"checkedAt":1768031075188,"integrity":"sha512-OkYRrfLhuiVR8wWoVdrDvC0vl1R/9Uq7wAdvUUCZ0kQYLj876OJtWdMiM0+oR/vpBFV7+v0MuKDMSeL6LpQ83Q==","mode":420,"size":3566},"README.md":{"checkedAt":1768031075189,"integrity":"sha512-xKM9gB2XIMiLZMDRRXdqexxdk238XFdjUSXo6jDoyjrOlZmKFQat1p5APtIvrbjSZ7Ffxjp6Xy3WiMNbuG/lig==","mode":420,"size":14417},"dist/trace-mapping.mjs":{"checkedAt":1768031075189,"integrity":"sha512-Ur07HrQnAczSmKBxLo7MtUYOH7AQMmQl1v9F3wLkCcGkD/mkHmBcbiKjkxplLuRx7rmf1JKfbIbN+JJ6m0aI+A==","mode":420,"size":15335},"types/binary-search.d.mts":{"checkedAt":1768031075190,"integrity":"sha512-J+Uov9Odk42a7Vpy+pGpWNAb5uOwbyme0m3J2+tH/dKfXgGHKnuoY3dmPXFRHQqd+MVNMChUD3pz5KkS8p7x0A==","mode":420,"size":1585},"types/by-source.d.mts":{"checkedAt":1768031075190,"integrity":"sha512-ATQ62bx9d3vBvOhdSqSX73F/4WWJg8pNXEe0aw6HsiBJQgawYsPcaDaYN8fQaRTnFHhkJ2ZcjvTS7QqfxCEkOw==","mode":420,"size":269},"types/flatten-map.d.mts":{"checkedAt":1768031075190,"integrity":"sha512-M52f3cP4WKx3xg5F3EpGB0bzIdqo2V0WIeSTMVNl04rVXeeN9CcXZ5Y8ZAlUSwoOBpJVXQJSUe+SCKbVD2UdUg==","mode":420,"size":384},"types/resolve.d.mts":{"checkedAt":1768031075191,"integrity":"sha512-v4asFaFH3Hy21q+SR1li0ChWt3/HkhE3UO+YIQAJSbjUwbhEJFDK6BibuVNbmb6JzSe8J0Kdy0FZ+VembZ/yxA==","mode":420,"size":208},"types/sort.d.mts":{"checkedAt":1768031075191,"integrity":"sha512-R49mVWggGZsDqmuUhg4EzhKsLEIWJO3q5lGM19JLDUJFXA2wPUi4Z/2r/sf7LIsTNgUvwNjbHZwVoYdXuc++Ng==","mode":420,"size":325},"types/sourcemap-segment.d.mts":{"checkedAt":1768031075191,"integrity":"sha512-GuTs8x7y+N5FjUX3iezHU4HVIO2YEJCd1L7o2p5KBbBitaMvO2ePY4w6t7c7ZJAxaVC16b6OsO/5lssz9wFq+w==","mode":420,"size":766},"types/strip-filename.d.mts":{"checkedAt":1768031075191,"integrity":"sha512-Rn+Viwom96T0GCspgJohVoAyIsB2D3jhBet8hXEM7hkyJtcDZ9Hy2S7hIW8Qa2Tmp2utSPR9SjcOocdofBbpjg==","mode":420,"size":196},"types/trace-mapping.d.mts":{"checkedAt":1768031075192,"integrity":"sha512-TFgyYm18jqQ6KdvDbOSJbXas0rmRuvPcw/suHgQ4kGsz+3SBFdZsKI8akq6iNxwgP15ktXI6cblnSVFFTvEDcg==","mode":420,"size":4193},"types/types.d.mts":{"checkedAt":1768031075193,"integrity":"sha512-PcaKDYkTqTOngt9x4wf97JuYfGzHPg4GqoYiTJ/NhF6XRTGCtKqUpcn9IvD0stvmi9xrq7v9G9Yu9tRbgD2fxQ==","mode":420,"size":3144},"src/binary-search.ts":{"checkedAt":1768031075193,"integrity":"sha512-Yb9atefW6ioB+XqMPKIIHE44ywDp3rKQbqNNJH38uQg/5V7s7M9gvTQTtHoTVvi30YJAjjwQkEG1oy8XJXA/KQ==","mode":420,"size":2793},"src/by-source.ts":{"checkedAt":1768031075194,"integrity":"sha512-mHsiXTYqPBSlGFf15ZconjL1B+Fuqnn8aBZ9C3uW9z089MODpNVwabgWzZYPJCMWrEJjZ16J+jca/ggH34iJsQ==","mode":420,"size":1244},"src/flatten-map.ts":{"checkedAt":1768031075194,"integrity":"sha512-7s6/Jl0a4wrf3wvd+OekFV5FwBBDcChPIcx54xKhcEuf2ZB9POhPItbdji1U9ys87jhEBOje+2PWqCWo/ePfzw==","mode":420,"size":5417},"src/resolve.ts":{"checkedAt":1768031075195,"integrity":"sha512-JRQ9hFeI4n1kNpBJDqWujy6iNHQ2hdg2BMhU09GFLy/S0KWA//hBds2ZYGy23n4kRcu4K0+539PkrDzB9sbk4w==","mode":420,"size":699},"src/sort.ts":{"checkedAt":1768031075195,"integrity":"sha512-1SU+W0BgdkUQbEL9WUm4U24Uhvd589Y9VLh9XfDV+YeblleaqPLN09I29/4WiEtk6d3ltjMPBhzbB0VhHshcBA==","mode":420,"size":1445},"src/sourcemap-segment.ts":{"checkedAt":1768031075196,"integrity":"sha512-jsicInD1X3FgMo3y5htzBmOXsXk4Uz0b9bWM3fVY7NU7/+Ug4PPOEEPvr8Pi8JF5HdKFuWK/h8XaijbTt1noAg==","mode":420,"size":665},"src/strip-filename.ts":{"checkedAt":1768031075196,"integrity":"sha512-hKRNdKw6ry/xeMzjh71VRF95LRhslgFU0jM3UOh0jy66LzYYN+Yt8gi1JzeEOmqEOPhIPyECYTVQNwYqL1uvZw==","mode":420,"size":253},"src/trace-mapping.ts":{"checkedAt":1768031075197,"integrity":"sha512-F2yGdRld0KAYlbQVcwkLm2PiN99jaeIpnuHNMf61o+kplbkWbdhii3OY+5a//rEai2UnrpmGBDieNLp5cPuowg==","mode":420,"size":15414},"src/types.ts":{"checkedAt":1768031075198,"integrity":"sha512-E1n795CFfBfZPK+hhHejdf8GyXKQzf2Y919gGCS6sj4L2ZfA1SP4Vqx86nouwmBQttvmdumXfSEkncVDVLXNBw==","mode":420,"size":3166}}}