{"name":"function-bind","version":"1.1.2","requiresBuild":false,"files":{".eslintrc":{"checkedAt":1768031008254,"integrity":"sha512-+P8+jyEG1Qij5vVw4QSPHd9VgCrkuSyHc6eLKwhZ68T39NUF0wmKhjDy5DYokRr0aYk3BHYUzPPtZbzMYl9NIA==","mode":420,"size":253},"test/.eslintrc":{"checkedAt":1768031008254,"integrity":"sha512-u0bDlhyxIq20wKmwiKK40D2c/vZOKPkMB43bLgmV3Vonp1q3peE+Aqi+zY+f9UdHqe3/tUtovh7Ul01HmWnVvA==","mode":420,"size":176},".nycrc":{"checkedAt":1768031008254,"integrity":"sha512-42sgwWzusJB1Dzhl78jX/Zg65Oi0HDDMOGXS/Uklv1kCYn4fHtRsD/JFPwdu+d40vome9XdUspzRWEQAcTGEeQ==","mode":420,"size":216},"LICENSE":{"checkedAt":1768031008255,"integrity":"sha512-DP736TUvxRfO5k0dKGb3amZTZVVIPs9+rz0VjoAN54f92zXRiVXm6NWjnKKpE0dmT2Ejf1lX81mVnduJW7cigw==","mode":420,"size":1052},"implementation.js":{"checkedAt":1768031008255,"integrity":"sha512-6EJ4RotKZT5AjgSDaJmQntjlyUIlltJe/zXWJ/UTb64Bn/pojdX8hTQ928oC47enmOP0b5QM6aZCiuyNfBGpBA==","mode":420,"size":2043},"index.js":{"checkedAt":1768031008255,"integrity":"sha512-nQ+tiyupbZSI41R2+fR8oNgaLdcAL47y7yVj+GF4mm8ElZCwvvIybC5RPp4evwBdcf7W+PbNVPkbdt6QMGVPPQ==","mode":420,"size":126},"test/index.js":{"checkedAt":1768031008256,"integrity":"sha512-m5Gb3Fr1E/8jhpUcum2j1d6dZtkHxNUCeIBZu1i1GPZm/WxfBENh1iUZEtVPhCpcMef8jvauBPHYnWjjgHHVIA==","mode":420,"size":8991},"package.json":{"checkedAt":1768031008256,"integrity":"sha512-ZLnCZk3AOCaksD5Q/nOgLHqijoZLU3zYNN/j8FxOMdsy5LN4nXu6pTHAGNmmA1QHtIee3rm0kngZid+TLjsbmw==","mode":420,"size":2262},"CHANGELOG.md":{"checkedAt":1768031008256,"integrity":"sha512-edKiD3Ufd/ABPriNdnU0XYb8ELgsgbyKHPf3rnEyOyx0froeU5kTYMqXpFZO9s0RTr12U+gWZUIPUVH9bdCuQA==","mode":420,"size":13812},"README.md":{"checkedAt":1768031008257,"integrity":"sha512-lJiWwHP/3jcjd+1L7l/cWM1GQvCanR9BV3/qUguC8pGGB0bUbGIkvS7bGRVVYcoP4trbPyTQIPms2oTkGEcUIQ==","mode":420,"size":1755},".github/SECURITY.md":{"checkedAt":1768031008234,"integrity":"sha512-snVKwoCFWKOPLXBcd2Z34hAPkUJmhJz5IhRQTIuPIQiJsTEH+++4CUjoxTGdAXAEUO+Bx31WW/vnb0rjSRQMPA==","mode":420,"size":157},".github/FUNDING.yml":{"checkedAt":1768031008257,"integrity":"sha512-vTRjNcd2E7+H0mx7juJINgA0uAph8c6FO2Oj/4RS62RQZmltVLLU90qb+MUTOGEmlqoJd9R9oPu31j5w8iM4Kw==","mode":420,"size":584}}}