{"name":"@humanwhocodes/module-importer","version":"1.0.1","requiresBuild":false,"files":{"LICENSE":{"checkedAt":1768031005294,"integrity":"sha512-3Gto0TuM+VlkS5NfEZKwLHGqelz2U71DtEgPqJ7sjU0/FqInjsjDtAqx/bIzsxc6eP2DWQ1vc54Mno/1bCglVw==","mode":420,"size":11357},"dist/module-importer.cjs":{"checkedAt":1768031006153,"integrity":"sha512-u5NtJPbFZcUSseISO8Rilzx31u6bpD4f4Z74LwSdr4rYDdlutbXZ2U/gbplP5cu46DAhTBhlbiDhnnc4GAYARw==","mode":420,"size":854},"src/module-importer.cjs":{"checkedAt":1768031006153,"integrity":"sha512-+7MEzMn+tvON0XPezl0kJWdNELqXmlCA0QHpx5Onhf5rHLnjzgy74q+8HVYZaS4DBakedwmmTG8MaUqKHla3AA==","mode":420,"size":2567},"dist/module-importer.d.cts":{"checkedAt":1768031006153,"integrity":"sha512-OMEtvot448e8jk6JZAOCHla0aMGcsxC0GjMsxTc3z0IbOtnbgSBOvkcOe0T/06csoYtqV1shFNuszQdeZV41/Q==","mode":420,"size":910},"dist/module-importer.js":{"checkedAt":1768031006154,"integrity":"sha512-iRHrnBUldieaKRdaUdzVqOgIG8RLdEIIRxNWprEUNGwP+j9uHB+NwI2KUkdEQuBU/MBcFt39zNaQ2teDsLsxGg==","mode":420,"size":561},"src/module-importer.js":{"checkedAt":1768031006154,"integrity":"sha512-YR/GBgpM5ye82JKUeKEuBl9C0mRNsvbNd/PNrz/Xwu0zxIRjMVoF+hpQ3OGoBa1L3FlobRYmOWNiQawGR8uDfg==","mode":420,"size":733},"package.json":{"checkedAt":1768031006154,"integrity":"sha512-syulUbIuHu8BAbGhk+FUNOAcZAgfYZ//96JN1rLbr61fyzga7le+CmCo5HWT1VICfS8YyUb15pjUsPbfbccldw==","mode":420,"size":1490},"CHANGELOG.md":{"checkedAt":1768031006155,"integrity":"sha512-04eC5U/itmVZU2U8qOK21g9h2lcOgEvIAMTsNc5COwe48xOQgzsLPQc2wEtt7z3pn++YaEW2AWkEWcUxXGdt6A==","mode":420,"size":530},"README.md":{"checkedAt":1768031006155,"integrity":"sha512-t6BtN/XdMx7WXkjkbE47VZh5KDgF/2hyDl/1N5KWPOWIF+3PzBH735ZzN+CBJDo6YuD0iBQPjub2E1S2EfhsIw==","mode":420,"size":2092},"dist/module-importer.d.ts":{"checkedAt":1768031006156,"integrity":"sha512-Resc6MtZXs5JGSOHQt8FxhxO3bO5uvlR3J7IAoOsHyIdlDZlUkGrvGTaKEdqNbENCrMNuH5UtTXwzNtoNGSqtA==","mode":420,"size":83}}}