{"name":"@types/mdast","version":"4.0.4","requiresBuild":false,"files":{"LICENSE":{"checkedAt":1768031005443,"integrity":"sha512-HQaIQk9pwOcyKutyDk4o2a87WnotwYuLGYFW43emGm4FvIJFKPyg+OYaw5sTegKAKf+C5SKa1ACjzCLivbaHrQ==","mode":420,"size":1141},"README.md":{"checkedAt":1768031008646,"integrity":"sha512-10hcKBAsG4m4HFKw2dXvX/a9t58+1WnBDsIFwehhzaHRUlwNOF+gaL+yF6qz9y7lQns3lolDYlt6xt4s0Pjhzg==","mode":420,"size":706},"index.d.ts":{"checkedAt":1768031008646,"integrity":"sha512-gpP7OMJg16iN72gHhhQ+a5vph3lp2l3YJzt2xsV22lgJP7vKRIkdgShOJKfPFc8HFWEYIXxl/mkutt3RVZqrEA==","mode":420,"size":26160},"package.json":{"checkedAt":1768031008647,"integrity":"sha512-iGsOiHjRkGTI5peXpzVBChtLo17Eg8YU69qzt7DpEAHqovlXGlrcPcVvlYSxeycTlcTGS7vW+O6CVc9kd2+fGg==","mode":420,"size":1425}}}