{"name":"chokidar","version":"4.0.3","requiresBuild":false,"files":{"LICENSE":{"checkedAt":1768031009826,"integrity":"sha512-/089Tk3EaivANOuvucqyFFY31ajuwL/GC6w5h5mWL4ul4kwgqTYMXVM0cRC7mzytbAaeXTDdV0nORW/mj0kMfw==","mode":420,"size":1124},"esm/handler.js":{"checkedAt":1768031009827,"integrity":"sha512-J7AIwMwmC1tJSC+lzw1n88tXY8mFw6eyR/Zubhdsz5aK72hvFREa6c6YZye9z4ps7VoFf44hY4rJ9wExC8Rrsg==","mode":420,"size":24734},"handler.js":{"checkedAt":1768031009827,"integrity":"sha512-SJTlbCup96GOovThbY9797Qr6xjymobBmVmgy+LZZFl3XD5H15XGi/v6Lc8ZAdaFYe3z+eewvsX5KmdcjJftkg==","mode":420,"size":25231},"esm/index.js":{"checkedAt":1768031009827,"integrity":"sha512-XzNxp6JAOPjqyi/phX2lK/ORBr9rD+ny5/VUDg7+2Xg+aVolVvDxni/DiwFDrUk/OBTnEseKq9J5MnoPPoQ4zg==","mode":420,"size":29229},"index.js":{"checkedAt":1768031009828,"integrity":"sha512-Tcao9j0X+4D/bUhEAetTbYUDDjyOo4Xz1Pr5U2mvuLuy2yhEkTv7qRL+wFHAzMCDlvcrMqXE7vdN36rbvu8qRA==","mode":420,"size":29865},"esm/package.json":{"checkedAt":1768031009829,"integrity":"sha512-z4tRYb3aT3IDiLRivbFCBgdD5zHnvtRYs0kXxiwW40CzOk+yzmkQ60/oUF3nTvG5KNJLIoa3+Sgyq26USoZ6Dg==","mode":420,"size":43},"package.json":{"checkedAt":1768031009829,"integrity":"sha512-jxkL2tb7j0xsjDIT1kkDRP4rhxbo0j3WQ9lA481gKQrLFrsu4KDsaDZ3vCduWoue1F+yRSXAnCr7ksfa+Wa97g==","mode":420,"size":1517},"README.md":{"checkedAt":1768031009829,"integrity":"sha512-p+EhwP25P3U/iIkoF1J8/m2Bs46zn016n1hLUkw7lwZU2mfHhRJYWwa4iYIzH2TMqLDb2bOPeDXarQ7w1Ina2A==","mode":420,"size":13126},"esm/handler.d.ts":{"checkedAt":1768031009830,"integrity":"sha512-MDa/pVfUnZ0MKh7cMCHMpj8b0lLuA3VJEoKvPb5pVotg0QVpPYM1yNBFDyLJIU6XcMfu5QdNNzCA/9iuLz9gbQ==","mode":420,"size":3883},"handler.d.ts":{"checkedAt":1768031009830,"integrity":"sha512-MDa/pVfUnZ0MKh7cMCHMpj8b0lLuA3VJEoKvPb5pVotg0QVpPYM1yNBFDyLJIU6XcMfu5QdNNzCA/9iuLz9gbQ==","mode":420,"size":3883},"esm/index.d.ts":{"checkedAt":1768031009830,"integrity":"sha512-T0zniV8rjxJFcwqLsjoThXY9qrb25ALLXACP7w1pXWpqX9dwuPQIlN7OFy5pwrLV8j8DzktakJY0EMFchFMQFg==","mode":420,"size":8062},"index.d.ts":{"checkedAt":1768031009830,"integrity":"sha512-T0zniV8rjxJFcwqLsjoThXY9qrb25ALLXACP7w1pXWpqX9dwuPQIlN7OFy5pwrLV8j8DzktakJY0EMFchFMQFg==","mode":420,"size":8062}}}