{"name":"@eslint/plugin-kit","version":"0.3.5","requiresBuild":false,"files":{"LICENSE":{"checkedAt":1768031005294,"integrity":"sha512-3Gto0TuM+VlkS5NfEZKwLHGqelz2U71DtEgPqJ7sjU0/FqInjsjDtAqx/bIzsxc6eP2DWQ1vc54Mno/1bCglVw==","mode":420,"size":11357},"dist/cjs/index.cjs":{"checkedAt":1768031006087,"integrity":"sha512-bvemgGvVonjgNeIE7tbC8zLbBdHHid7vlQFHlmueeczfIa5G9E96Nkwgjj+VZ+BClgJYF3d/CjQjb63J75LXmA==","mode":420,"size":17231},"dist/cjs/index.d.cts":{"checkedAt":1768031006090,"integrity":"sha512-piB8MH8rilDtNRzBysfrLS21HWt+ArMKXTg0DWWXPTGsLVTqsuTJgtfjxSnE4Fh4PXVUCCOkcSDQ20bR9gpZZQ==","mode":420,"size":10754},"dist/cjs/types.cts":{"checkedAt":1768031006091,"integrity":"sha512-toleGXw9UqqYJB1xotEezy3w4oROSfBCCN+FfhaP6mdY422yKRuv6Sm3ZFhUHP4cmfj1/fDhu7dMQuKVXNfOiw==","mode":420,"size":200},"dist/esm/index.js":{"checkedAt":1768031006093,"integrity":"sha512-hlwqyFpMDK6jST8FTgfs9PZ8CYUkUoa85tlGPcyYYPgYoXd+0hOyi1iUaRkHhLU39s90w62jCMEViMq8i5jltA==","mode":420,"size":17129},"package.json":{"checkedAt":1768031006094,"integrity":"sha512-dP/nGt1m89YnAYm79SJHxWhokq5zg/oSaS2bxSSxqcObC/0JO5GMux48lhtx5/oQXLU4whJglNvTIoD9C/F6lw==","mode":420,"size":1687},"README.md":{"checkedAt":1768031006095,"integrity":"sha512-zu/owoVNE2LDK5KIjkRKT3oCeUOmNcYZVOTQcq5p6A8fdF2UT2RUmBB37LPyk6tzIcPTowFw1Cjfn0BxEg1c8g==","mode":420,"size":11768},"dist/esm/index.d.ts":{"checkedAt":1768031006096,"integrity":"sha512-SU1Qb3yYU7jZ7Wts0fam7Z2HFX8jH5OfnvDyB5ah6t3NsK5wbYngjJVHM/xyPP8k8x/KD90I50s9l70l0kvEcQ==","mode":420,"size":10752},"dist/esm/types.d.ts":{"checkedAt":1768031006097,"integrity":"sha512-CwO1l1Qh33cIhmRrpq9P7Vfu0uotfbJfLXKK69lllg5YmjTlx4s+JBVDrNrzmNvbjmIvDhXeEVjODm6KMYyTwA==","mode":420,"size":199},"dist/esm/types.ts":{"checkedAt":1768031006091,"integrity":"sha512-toleGXw9UqqYJB1xotEezy3w4oROSfBCCN+FfhaP6mdY422yKRuv6Sm3ZFhUHP4cmfj1/fDhu7dMQuKVXNfOiw==","mode":420,"size":200}}}