{"name":"@shikijs/types","version":"3.21.0","requiresBuild":false,"files":{"package.json":{"checkedAt":1768031075011,"integrity":"sha512-ULg76x5iPhkkYM3w2mLJKwcuJG/FHr2/S+Tfor2U62REKrwiCytjUwP1Q/XvY1lMltCX9H9CDCMjrq2TI/c1qw==","mode":420,"size":831},"README.md":{"checkedAt":1768031075012,"integrity":"sha512-AKUtpWwzmXD6LyGDRThfHyfoUmQ+LQ5ozPATEFbwce2ZXZ2RZRxuOGNf3GwyLxva3i4A8KXb0JLqLm3/GWP1ig==","mode":420,"size":52},"dist/index.mjs":{"checkedAt":1768031075013,"integrity":"sha512-9kDf5J4zHtkVozeLpcLUwEwgYp6QMXxaRgbmkAMVXygx84pix8bnp3zhh3Zwo+TzRBekcX5Sxj3v1x95ImMafQ==","mode":420,"size":138},"dist/index.d.mts":{"checkedAt":1768031075013,"integrity":"sha512-6ucy7WTfiG1zUPSKTWYy5ZCG23UCUTKsgTrc+vHwOkHwJm40X9C18mVpilFxaH+SfT0KoUiPduWLDa8o3Ohayg==","mode":420,"size":30814},"LICENSE":{"checkedAt":1768031075014,"integrity":"sha512-5Oyi8HU/tGbhNDzTBpEbXlDP/g0HnJ+Apx3ZgV/SLjr25kzEDWWBkjuJ9jA1oOpl9+t7JW3RLaiSrWU9mz8XIg==","mode":420,"size":1121}}}